Date_QRVO,Open_QRVO,High_QRVO,Low_QRVO,Close_QRVO,Adj Close_QRVO,Volume_QRVO,Daily Return(%)_QRVO,Vol5_QRVO,Vol10_QRVO,Vol20_QRVO,Vol60_QRVO,SMA5_QRVO,SMA10_QRVO,SMA30_QRVO,SMA60_QRVO,SMA100_QRVO,EMA5_QRVO,EMA10_QRVO,EMA30_QRVO,EMA60_QRVO,EMA100_QRVO,Short12_QRVO,Long26_QRVO,MACD_QRVO,SIGNAL9_QRVO,Ret5/10_QRVO,Ret10/30_QRVO,Ret30/60_QRVO,Ret30/100_QRVO,Emaret5/10_QRVO,Emaret10/30_QRVO,Emaret30/60_QRVO,Emaret30/100_QRVO,RetMACD_QRVO,DayRange_QRVO,average20r_QRVO,PRVHI_QRVO,HitLevel_QRVO,hitlevel_2_QRVO,hitlevel_1.8_QRVO,Hit?_QRVO,Hit?_QRVO.1,Hit?_QRVO.2,HitAt_2.2_QRVO,HitAt_2.0_QRVO,HitAt_1.8_QRVO,ExitPr_2.2_QRVO,ExitPr_2.0_QRVO,ExitPr_1.8_QRVO,ret_2.2_QRVO,Ret2.0_QRVO,Ret_1.8_QRVO
2015-01-02,69.0,71.9990005493164,68.01000213623047,70.4000015258789,70.4000015258789,4218700,,,,,,,,,,,0.3333333333333333,0.18181818181818182,0.06451612903225806,0.03278688524590164,0.019801980198019802,0.15384615384615385,0.07407407407407407,,0.2,,,,,,,,,,4.2400054931640625,,,2.2,2.0,1.8,,,,,,,,,,,,
2015-01-05,71.2300033569336,71.30000305175781,67.05999755859375,67.62999725341797,67.62999725341797,4534700,-3.934665074464081,,,,,,,,,,,,,,,,,,,-0.4845485364895354,-0.020480195961122424,-0.1853333039369776,-0.160375299903534,0.08965805707636146,-0.18992341232273025,-0.10764192959616181,-0.08828301656373365,-0.23892620938562045,4.969997406005859,,,,,,152.0,205.0,278.0,,,,,,,0.5905812622160262,0.49114873786612256,0.4599935771361046
2015-01-06,67.93000030517578,67.98999786376953,63.02000045776367,64.66999816894531,64.66999816894531,3749400,-4.376754701587778,,,,,,,,,,,,,,,,,,,,,,,,,,,,3.2500038146972656,,,,,,,,,,,,,,,,,
2015-01-07,65.01000213623047,66.76000213623047,63.5099983215332,66.6500015258789,66.6500015258789,2122600,3.0617031281816183,,,,,,,,,,,,,,,,,,,,,,,,,,,,2.5600051879882812,,,,,,,,,,,,,,,,,
2015-01-08,67.94999694824219,69.69000244140625,67.12999725341797,67.69000244140625,67.69000244140625,2510300,1.5603914354353488,,,,,67.40800018310547,,,,,67.40800018310547,,,,,,,,,,,,,,,,,,1.839996337890625,,,,,,,,,,,,,,,,,
2015-01-09,68.44999694824219,68.44999694824219,66.61000061035156,67.11000061035156,67.11000061035156,933900,-0.856850066679711,3.280513242850031,,,,66.75,,,,,67.30866699218751,,,,,,,,,,,,,,,,,,3.1899948120117188,,,,,,,,,,,,,,,,,
2015-01-12,67.38999938964844,67.98999786376953,64.80000305175781,65.5199966430664,65.5199966430664,1259200,-2.369250413983608,2.9805780472325463,,,,66.32799987792968,,,,,66.71244354248049,,,,,,,,,,,,,,,,,,3.9799957275390625,,,,,,,,,,,,,,,,,
2015-01-13,65.73999786376953,67.58999633789062,63.61000061035156,65.0199966430664,65.0199966430664,1228400,-0.7631258022247045,2.159782603394272,,,,66.3979995727539,,,,,66.14829457600914,,,,,,,,,,,,,,,,,,2.339996337890625,,,,,,,,,,,,,,,,,
2015-01-14,64.6500015258789,65.44999694824219,63.11000061035156,64.58999633789062,64.58999633789062,980700,-0.6613354773552355,1.4046579716318492,,,,65.98599853515626,,,,,65.62886182996964,,,,,,,,,,,,,,,,,,1.3400039672851634,,,,,,,,,,,,,,,,,
2015-01-15,64.2300033569336,64.94000244140625,63.59999847412109,64.38999938964844,64.38999938964844,1246800,-0.3096407486941793,0.7972485139337576,,,,65.32599792480468,66.36699905395508,,,,65.21590768319591,66.36699905395508,,,,,,,,-2.205308560965131,2.205308560965131,0.0,0.0,-2.205308560965131,-2.205308560965131,2.205308560965131,0.0,0.0,2.6099967956542898,,,,,,,,,,,,,,,,,
2015-01-16,64.0199966430664,66.41999816894531,63.81000137329102,65.80999755859375,65.80999755859375,1392900,2.205308560965131,1.6486223229599015,2.4635148961306306,,,65.06599731445313,65.90799865722656,,,,65.41393764166186,66.26572605479848,,,,,,,,-3.2669831418313886,3.2669831418313886,0.0,0.0,-3.2669831418313886,-3.2669831418313886,3.2669831418313886,0.0,0.0,2.9699935913085938,,,,,,,,,,,,,,,,,
2015-01-20,65.75,68.19999694824219,65.2300033569336,67.95999908447266,67.95999908447266,1096200,3.2669831418313886,1.861273440847494,2.4473833322139114,,,65.55399780273437,65.94099884033203,,,,66.26262478926546,66.57377569655742,,,,66.4533322652181,,,,-1.2948753167641351,1.2948753167641351,0.0,0.0,-1.2948753167641351,-1.2948753167641351,1.2948753167641351,0.0,0.0,3.2300033569335938,,,,,,,,,,,,,,,,,
2015-01-21,67.61000061035156,70.80000305175781,67.56999969482422,68.83999633789062,68.83999633789062,1451600,1.2948753167641351,1.6603721908013038,1.895959937479455,,,66.31799774169922,66.35799865722656,,,,67.12174863880719,66.98581581316346,,,,66.82051135332156,,,,-2.5711858899194904,2.5711858899194904,0.0,0.0,-2.5711858899194904,2.5711858899194904,2.5711858899194904,0.0,0.0,3.6500015258789062,,,,,,,,,,,,,,,,,
2015-01-22,69.54000091552734,70.68000030517578,67.02999877929688,70.61000061035156,70.61000061035156,1332400,2.5711858899194904,1.3799105407008907,1.8316840988066054,,,67.52199859619141,66.75399856567383,,,,68.28449929598865,67.64475850356129,,,,67.40350970055695,,,,3.908797779879706,3.908797779879706,0.0,0.0,-3.908797779879706,3.908797779879706,3.908797779879706,0.0,0.0,3.7699966430664062,,,,,,,,,,,,,,,,,
2015-01-23,70.72000122070312,74.33999633789062,70.56999969482422,73.37000274658203,73.37000274658203,1677100,3.908797779879706,1.0006951922580845,2.100231608705911,,,69.31799926757813,67.3219985961914,,,,69.97966711285312,68.68571200229233,,,,68.32143170763773,,,,-0.2998517275009559,-0.2998517275009559,0.0,0.0,0.2998517275009559,-0.2998517275009559,-0.2998517275009559,0.0,0.0,1.6999969482421875,,,,,,,,,,,,,,,,,
2015-01-26,72.4000015258789,74.0,72.30000305175781,73.1500015258789,73.1500015258789,1571800,-0.2998517275009559,1.6771566268088722,2.0575143127334528,,,70.78600006103515,67.92599868774414,,,,71.03644525052839,69.4974010065808,,,,69.06428860275176,,,,0.8202302961112409,0.8202302961112409,0.0,0.0,-0.8202302961112409,0.8202302961112409,0.8202302961112409,0.0,0.0,2.3799972534179688,,,,,,,,,,,,,,,,,
2015-01-27,73.0,73.87999725341797,71.5,73.75,73.75,1246700,0.8202302961112409,1.6253380131737294,1.7159680925983947,,,71.94400024414062,68.7489990234375,,,,71.94096350035227,70.27060082356611,,,,69.78516727925148,,,,2.3728813559322033,2.3728813559322033,0.0,0.0,-2.3728813559322033,2.3728813559322033,2.3728813559322033,0.0,0.0,3.8300018310546875,,,,,,,,,,,,,,,,,
2015-01-28,75.0,78.05000305175781,74.22000122070312,75.5,75.5,3063000,2.3728813559322033,1.6364147239632447,1.5992458819064614,,,73.2760009765625,69.79699935913087,,,,73.12730900023485,71.22140067382682,,,,70.6643723132128,,,,0.3443736903714818,0.3443736903714818,0.0,0.0,-0.3443736903714818,0.3443736903714818,0.3443736903714818,0.0,0.0,3.6800003051757812,,,,,,,,,,,,,,,,,
2015-01-29,72.69999694824219,75.87999725341797,72.19999694824219,75.76000213623047,75.76000213623047,2636700,0.3443736903714818,1.7011945591986786,1.473739092035436,,,74.30600128173828,70.91399993896485,,,,74.00487337890006,72.04660093971839,,,,71.44831536290782,,,,-2.4947192929718636,-2.4947192929718636,0.0,0.0,2.4947192929718636,-2.4947192929718636,-2.4947192929718636,0.0,0.0,1.9500045776367188,,,,,,,,,,,,,,,,,
2015-01-30,74.63999938964844,75.26000213623047,73.30999755859375,73.87000274658203,73.87000274658203,1623400,-2.4947192929718636,1.776589990534638,1.8934461281639203,,,74.40600128173828,71.8620002746582,,,,73.95991650146073,72.37812854096632,,,,71.82088265270386,,,,-6.9717088593410095,-6.9717088593410095,0.0,0.0,6.9717088593410095,-6.9717088593410095,-6.9717088593410095,0.0,0.0,7.120002746582031,3.2299997329711916,75.26000213623047,,,,,,,,,,,,,,,
2015-02-02,73.08000183105469,74.0,66.87999725341797,68.72000122070312,68.72000122070312,3348300,-6.9717088593410095,3.681705213217827,3.219096352211712,2.849004308527294,,73.52000122070312,72.15300064086914,,,,72.21327807454153,71.71301448273664,,,,71.34382397085758,,,,-0.291042744592478,-0.291042744592478,0.0,0.0,0.291042744592478,-0.291042744592478,-0.291042744592478,0.0,0.0,2.9499969482421875,3.1654993057250977,74.0,68.15400272369385,68.80000267028808,69.44600261688232,1.0,1.0,1.0,68.15400272369385,68.80000267028808,69.44600261688232,68.72000122070312,68.72000122070312,68.72000122070312,0.8304699275021521,-0.11628117220917583,-1.0454185537278267
2015-02-03,68.73999786376953,70.0,67.05000305175781,68.5199966430664,68.5199966430664,2551800,-0.291042744592478,3.5619266546581922,3.0701754151296483,2.7023706961849747,,72.4740005493164,72.20900039672851,,,,70.98218426404983,71.13246578461477,,,,70.90938899735124,,,,-0.27728374389951826,-0.27728374389951826,0.0,0.0,0.27728374389951826,0.27728374389951826,-0.27728374389951826,0.0,0.0,2.6399993896484375,3.0489994049072267,70.0,67.03590152740479,67.6690013885498,68.30210124969483,,1.0,1.0,,67.6690013885498,68.30210124969483,,68.5199966430664,68.5199966430664,0.0,1.2575850641422357,0.3190171157033782
2015-02-04,67.52999877929688,69.4000015258789,66.76000213623047,68.33000183105469,68.33000183105469,1499600,-0.27728374389951826,3.0136289407318557,3.0437810594955796,2.4921874065490437,,71.04000091552734,72.15800094604492,,,,70.09812345305146,70.62292688396747,,,,70.51256020253639,,,,1.3756803983854669,-1.3756803983854669,0.0,0.0,1.3756803983854669,1.3756803983854669,-1.3756803983854669,0.0,0.0,2.2300033569335938,2.997999382019043,69.4000015258789,63.2922013092041,63.902001190185544,64.51180107116699,,,,,,,,,,0.0,0.0,0.0
2015-02-05,67.66000366210938,68.7300033569336,66.5,67.38999938964844,67.38999938964844,1322900,-1.3756803983854669,2.776816159099135,2.9222292256197773,2.4306703567225165,,69.36600036621094,71.83600082397462,,,,69.19541543191713,70.03512188500036,,,,70.03216623132286,,,,2.2258495527311286,-2.2258495527311286,0.0,0.0,2.2258495527311286,2.2258495527311286,-2.2258495527311286,0.0,0.0,2.970001220703125,3.018499183654785,68.7300033569336,62.804402885437014,63.40400276184082,64.00360263824463,,,,,,,,,,0.0,0.0,0.0
2015-02-06,67.5,68.5,65.52999877929688,65.88999938964844,65.88999938964844,1302200,-2.2258495527311286,2.77427125120132,2.528405238810052,2.4569111282499785,,67.76999969482422,71.08800048828125,,,,68.09361008449423,69.28146324948183,,,,69.39490979414218,,,,3.263010670962934,-3.263010670962934,0.0,0.0,3.263010670962934,3.263010670962934,-3.263010670962934,0.0,0.0,2.473999023437507,3.050199317932129,68.5,62.08930515289307,62.69300498962402,63.29670482635498,,,,,,,,,,0.0,0.0,0.0
2015-02-09,65.19999694824219,65.8239974975586,63.34999847412109,63.7400016784668,63.7400016784668,1562800,-3.263010670962934,1.285129457082147,2.6045307281350656,2.5526796045055336,,66.77399978637695,70.14700050354004,,,,66.6424072824851,68.27392478202455,,,,68.52492393019212,68.64923051687387,-0.12430658668175454,,-2.0081501896665754,2.0081501896665754,0.0,0.0,-2.0081501896665754,-2.0081501896665754,2.0081501896665754,0.0,0.0,1.4500045776367188,2.963199806213379,65.8239974975586,61.78956150054931,62.39960136413574,63.00964122772217,,,,,,,,,,0.0,0.0,0.0
2015-02-10,63.86999893188477,65.12000274658203,63.66999816894531,65.0199966430664,65.0199966430664,1306600,2.0081501896665754,2.0206912664911645,2.737507967844981,2.5468884809919854,,66.07399978637696,69.27400016784668,,,,66.10160373601221,67.68230148403215,,,,67.98570434755739,68.38039837807332,-0.3946940305159359,,0.4152517025624887,-0.4152517025624887,0.0,0.0,0.4152517025624887,0.4152517025624887,-0.4152517025624887,0.0,0.0,2.4800033569335938,2.888200187683106,65.12000274658203,59.30495792388916,59.89759788513184,60.49023784637451,,,,,,,,,,0.0,0.0,0.0
2015-02-11,64.93000030517578,65.6500015258789,63.16999816894531,64.75,64.75,1096600,-0.4152517025624887,2.0088056420173284,2.459032403907243,2.5426373198076564,,65.35799942016601,68.19900016784668,,,,65.65106915734148,67.14915575966268,,,,67.48790367870241,68.11147997969752,-0.6235763009951114,,-2.2393775262427607,2.2393775262427607,0.0,0.0,-2.2393775262427607,-2.2393775262427607,2.2393775262427607,0.0,0.0,1.3300018310546875,2.837700462341309,65.6500015258789,58.7659623336792,59.34360237121582,59.92124240875244,,,,,,,,,,0.0,0.0,0.0
2015-02-12,65.62999725341797,66.33000183105469,65.0,66.19999694824219,66.19999694824219,1159000,2.2393775262427607,2.46336677571556,2.679744930060524,2.5846883400666725,,65.11999893188477,67.24299964904785,,,,65.83404508764173,66.9765814303135,,,,67.28976418170853,67.96988864403417,-0.6801244623256366,,-5.785501522075804,5.785501522075804,0.0,0.0,-5.785501522075804,-5.785501522075804,5.785501522075804,0.0,0.0,4.6399993896484375,3.0027002334594726,66.33000183105469,59.40706050872802,59.974600601196286,60.54214069366455,,,,,,,,,,0.0,0.0,0.0
2015-02-13,66.3499984741211,70.2699966430664,65.62999725341797,70.02999877929688,70.02999877929688,1870200,5.785501522075804,3.3638730277097437,3.442561301066663,2.870501780909085,,65.94799880981445,66.85899925231934,68.3626661936442,,,67.23269631819345,67.53174822103774,68.3626661936442,,,67.71133873518366,68.12248939479437,-0.41115065961071195,,0.8424908584534303,0.8424908584534303,-0.8424908584534303,0.0,0.8424908584534303,0.8424908584534303,0.8424908584534303,-0.8424908584534303,0.0,1.94000244140625,2.9692005157470707,70.2699966430664,59.72406131744385,60.324601364135745,60.925141410827635,,,,,,,,,,0.0,0.0,0.0
2015-02-17,70.0,70.0,68.05999755859375,69.44000244140625,69.44000244140625,974000,-0.8424908584534303,2.6457796734469614,2.6007959492688344,2.8538316901211926,,67.08799896240234,66.93099937438964,68.33066622416179,,,67.96846502593105,67.87870353383201,68.43217175801595,,,67.97728699767944,68.22008295380266,-0.24279595612321714,,-2.7361772164137452,2.7361772164137452,-2.7361772164137452,0.0,2.7361772164137452,-2.7361772164137452,2.7361772164137452,-2.7361772164137452,0.0,2.69000244140625,2.9552009582519534,70.0,63.73775550842285,64.33159561157227,64.92543571472167,,,,,,,,,,0.0,0.0,0.0
2015-02-18,69.1500015258789,70.0,67.30999755859375,67.54000091552734,67.54000091552734,1056700,-2.7361772164137452,3.301742101563577,2.7555565483622915,2.8418819453433817,,67.59199981689453,66.83299980163574,68.32766634623209,,,67.82564365579648,67.8171212395948,68.37461234882315,,,67.91001221580989,68.169706506523,-0.2596942907131137,,-3.316549945818196,3.316549945818196,-3.316549945818196,0.0,3.316549945818196,-3.316549945818196,3.316549945818196,-3.316549945818196,0.0,2.9199981689453125,2.9397006988525396,70.0,63.4985578918457,64.0895980834961,64.68063827514648,,,,,,,,,,0.0,0.0,0.0
2015-02-19,67.0,68.16999816894531,65.25,65.30000305175781,65.30000305175781,1225400,-3.316549945818196,3.7890491191332516,2.9376188686376365,2.917996259924672,,67.70200042724609,66.52999992370606,68.34866650899251,,,66.98376345445027,67.3594633872608,68.1762504586899,,,67.50847234441726,67.9571358802441,-0.4486635358268387,,-0.19908863206247646,0.19908863206247646,-0.19908863206247646,0.0,0.19908863206247646,0.19908863206247646,0.19908863206247646,-0.19908863206247646,0.0,1.7299957275390625,2.8437004089355473,68.16999816894531,63.53265846252441,64.12059860229492,64.70853874206543,,,,,,,,,,0.0,0.0,0.0
2015-02-20,65.56999969482422,65.7699966430664,64.04000091552734,65.16999816894531,65.16999816894531,1462900,-0.19908863206247646,3.6181842863738023,2.9183295952055306,2.8431724443259765,,67.49600067138672,66.30799980163575,68.2993330637614,,,66.37917502594863,66.96137880211253,67.98229869806123,,,67.14870708665234,67.7506812349627,-0.6019741483103616,-0.4207755523447424,-0.18412631664715906,0.18412631664715906,-0.18412631664715906,0.0,0.18412631664715906,0.18412631664715906,0.18412631664715906,-0.18412631664715906,0.18412631664715906,1.5799942016601562,2.7342002868652346,65.7699966430664,61.91385726928711,62.48259735107422,63.05133743286133,,,,,,,,,,0.0,0.0,0.0
2015-02-23,65.16000366210938,65.87999725341797,64.30000305175781,65.05000305175781,65.05000305175781,889600,-0.18412631664715906,1.4726151597760753,2.8386883197937935,2.661100156083869,,66.5000015258789,66.22400016784668,68.21133308410644,,,65.93611770121836,66.61385593841167,67.7931183337836,,,66.8258295428224,67.55063099916974,-0.7248014563473362,-0.4815807331452612,6.5949163487654685,-6.5949163487654685,6.5949163487654685,0.0,-6.5949163487654685,-6.5949163487654685,-6.5949163487654685,6.5949163487654685,-6.5949163487654685,4.150001525878906,2.856700515747071,65.87999725341797,59.75475601196289,60.301596069335936,60.84843612670898,,,,,,,,,,0.0,0.0,0.0
2015-02-24,65.36000061035156,69.3499984741211,65.19999694824219,69.33999633789062,69.33999633789062,1700200,6.5949163487654685,3.9385141605744747,3.2909346780846342,3.1067009160804786,,66.48000030517578,66.78399963378907,68.28566627502441,,,67.07074391344246,67.10951782922602,67.89291691469373,,,67.21262443437136,67.68317657981574,-0.4705521454443726,-0.4793750156050835,3.071816218504815,3.071816218504815,-3.071816218504815,0.0,3.071816218504815,3.071816218504815,3.071816218504815,-3.071816218504815,-3.071816218504815,2.6800003051757812,2.8717006683349613,69.3499984741211,59.595256118774415,60.166596221923825,60.73793632507324,,,,,,,,,,0.0,0.0,0.0
2015-02-25,68.94999694824219,69.27999877929688,66.5999984741211,67.20999908447266,67.20999908447266,965200,-3.071816218504815,3.99986802178215,3.4860386685841247,3.159470926961304,,66.41399993896485,67.00299987792968,68.34199968973796,,,67.11716230378586,67.12778714836176,67.84885769984076,,,67.21222053438694,67.6481263949755,-0.4359058605885622,-0.47068118460177927,-6.427614571746449,-6.427614571746449,6.427614571746449,0.0,-6.427614571746449,-6.427614571746449,-6.427614571746449,6.427614571746449,6.427614571746449,3.8300018310546875,2.8717006683349613,69.27999877929688,63.03225700378418,63.606597137451175,64.18093727111817,,,,,,,,,,0.0,0.0,0.0
2015-02-26,68.0,71.72000122070312,67.88999938964844,71.52999877929688,71.52999877929688,2116400,6.427614571746449,4.359166608666149,3.951885896256643,3.4633256632045453,,67.65999908447266,67.68099975585938,68.55899976094564,,,68.58810779562288,67.92818926307723,68.0863506727089,,,67.87649411052693,67.93567249751783,-0.05917838699089373,-0.3883806250796022,2.9777677754336267,2.9777677754336267,-2.9777677754336267,0.0,2.9777677754336267,-2.9777677754336267,2.9777677754336267,-2.9777677754336267,-2.9777677754336267,2.2280044555664062,2.7991008758544926,71.72000122070312,62.96225730895996,63.536597442626956,64.11093757629395,,,,,,,,,,0.0,0.0,0.0
2015-02-27,70.75,71.4280014038086,69.19999694824219,69.4000015258789,69.4000015258789,1400900,-2.9777677754336267,4.845786622947596,4.1210675041612,3.5144640771194404,,68.50599975585938,68.00100021362304,68.71933326721191,,,68.85873903904155,68.19579149267753,68.17110234065537,,,68.11087986673493,68.04414131443346,0.06673855230147296,-0.2973567896033872,-0.07205050527148275,0.07205050527148275,-0.07205050527148275,0.0,0.07205050527148275,-0.07205050527148275,-0.07205050527148275,-0.07205050527148275,-0.07205050527148275,2.0,2.8016006469726564,71.4280014038086,65.56197929382324,66.12179946899414,66.68161964416504,,,,,,,,,,0.0,0.0,0.0
2015-03-02,69.38999938964844,70.80000305175781,68.80000305175781,69.3499984741211,69.3499984741211,1127900,-0.07205050527148275,4.837122686231549,3.6873770165378064,3.479291198856601,,69.36599884033203,67.93300018310546,68.88466657002768,,,69.02249218406807,68.40564730748544,68.24716015571768,,,68.30151349864049,68.14087147441032,0.16064202423017093,-0.20575702683667557,2.1485189568180663,-2.1485189568180663,2.1485189568180663,0.0,-2.1485189568180663,2.1485189568180663,2.1485189568180663,2.1485189568180663,2.1485189568180663,2.6100006103515625,2.576100540161133,70.80000305175781,65.26447998046875,65.82480010986328,66.38512023925782,,,,,,,,,,0.0,0.0,0.0
2015-03-03,69.36000061035156,70.95999908447266,68.3499984741211,70.83999633789062,70.83999633789062,1508900,2.1485189568180663,3.9696913221843637,3.7358371864466595,3.133573295405164,,69.66599884033204,68.0729995727539,69.05233319600423,,,69.62832690200892,68.84825622210457,68.41443990940627,,,68.69204932006359,68.34080664948293,0.3512426705806604,-0.09435708735320839,1.6657260956754558,-1.6657260956754558,1.6657260956754558,0.0,-1.6657260956754558,1.6657260956754558,1.6657260956754558,1.6657260956754558,1.6657260956754558,3.1399993896484375,2.5856006622314456,70.95999908447266,65.13258186340332,65.64780197143554,66.16302207946777,,,,,,,,,,0.0,0.0,0.0
2015-03-04,70.2300033569336,73.25,70.11000061035156,72.0199966430664,72.0199966430664,1396500,1.6657260956754558,3.436284573447241,3.600274162644711,3.1480216335824163,,70.62799835205078,68.52099914550782,69.18766644795735,,,70.42555014902808,69.42493629864308,68.64705647286821,,,69.20404121591018,68.61333924160023,0.5907019743099511,0.042654724979423506,3.457380740386057,-3.457380740386057,3.457380740386057,0.0,-3.457380740386057,3.457380740386057,3.457380740386057,3.457380740386057,3.457380740386057,3.1400070190429688,2.6106010437011724,73.25,65.27167762756348,65.78879776000977,66.30591789245605,,,,,,,,,,0.0,0.0,0.0
2015-03-05,72.19999694824219,75.16000366210938,72.0199966430664,74.51000213623047,74.51000213623047,1621900,3.457380740386057,2.4825299184180785,3.3914728990593037,3.2221420834864802,,71.2239990234375,69.44199905395507,69.37666664123535,,,71.78703414476222,70.34949372365897,69.02531103179481,,,70.02034289595946,69.05012908564692,0.9702138103125435,0.2281665420460475,-2.053413951726239,-2.053413951726239,-2.053413951726239,0.0,2.053413951726239,-2.053413951726239,-2.053413951726239,-2.053413951726239,-2.053413951726239,1.75,2.5866008758544927,75.16000366210938,67.50667770385742,68.02879791259765,68.55091812133789,,,,,,,,,,0.0,0.0,0.0
2015-03-06,73.41000366210938,74.5,72.75,72.9800033569336,72.9800033569336,988100,-2.053413951726239,2.1371338020279644,3.5349962828943826,3.246185375428177,,71.93999938964843,70.2229995727539,69.45566673278809,,,72.18469054881935,70.82776820243616,69.28045247212636,,,70.47567527457088,69.34123088352,1.1344443910508772,0.4094221118470135,2.5349388723278694,2.5349388723278694,2.5349388723278694,0.0,-2.5349388723278694,2.5349388723278694,2.5349388723278694,2.5349388723278694,2.5349388723278694,2.3199996948242188,2.554100799560547,74.5,69.4694817352295,69.98680191040039,70.50412208557128,,,,,,,,,,0.0,0.0,0.0
2015-03-09,73.23999786376953,75.44999694824219,73.12999725341797,74.83000183105469,74.83000183105469,1076500,2.5349388723278694,2.119222349353959,3.5218062084435324,3.2141520172498237,,73.03600006103515,71.2009994506836,69.50433336893717,,,73.06646097623113,71.55544704400316,69.63848791463786,,,71.14557166787607,69.74780650926331,1.3977651586127564,0.6070907212001622,-3.5814516097787568,-3.5814516097787568,-3.5814516097787568,0.0,3.5814516097787568,-3.5814516097787568,-3.5814516097787568,-3.5814516097787568,-3.5814516097787568,2.5699996948242188,2.558900833129883,75.44999694824219,68.8809782409668,69.39179840087891,69.90261856079101,,,,,,,,,,0.0,0.0,0.0
2015-03-10,74.12999725341797,74.30999755859375,71.73999786376953,72.1500015258789,72.1500015258789,1365500,-3.5814516097787568,3.0569058296432243,3.3405104961961167,3.2354647344959226,,73.29800109863281,71.48199996948242,69.47100003560384,,,72.76097449278039,71.66354785888966,69.80052105084695,,,71.30009933833804,69.92574688086447,1.3743524574735773,0.7605430684548453,1.1087947407407015,1.1087947407407015,1.1087947407407015,0.0,-1.1087947407407015,1.1087947407407015,1.1087947407407015,1.1087947407407015,1.1087947407407015,1.5499954223632812,2.563900375366211,74.30999755859375,69.82041511535644,70.33219528198242,70.8439754486084,,,,,,,,,,0.0,0.0,0.0
2015-03-11,72.66999816894531,73.5999984741211,72.05000305175781,72.94999694824219,72.94999694824219,1039500,1.1087947407407015,3.0092420072950943,3.10434868007056,3.2221187507681557,,73.48400115966797,72.05599975585938,69.44433326721192,,,72.82398197793432,71.89744769331739,70.0037130442273,,,71.55392973986176,70.14976540437392,1.4041643354878346,0.8892673218614432,0.6442786022823133,0.6442786022823133,0.6442786022823133,0.0,-0.6442786022823133,0.6442786022823133,0.6442786022823133,0.6442786022823133,0.6442786022823133,1.4300003051757812,2.5114002227783203,73.5999984741211,68.66941673278808,69.18219680786133,69.69497688293457,,,,,,,,,,0.0,0.0,0.0
2015-03-12,73.33999633789062,74.3499984741211,72.91999816894531,73.41999816894531,73.41999816894531,794800,0.6442786022823133,2.487515702664683,2.415315830346119,3.212801041331969,,73.26600036621093,72.24499969482422,69.37499987284342,,,73.02265404160465,72.17427505252246,70.22411853614459,,,71.84101719048999,70.39200486841625,1.4490123220737416,1.001216321903903,-1.1577206419498662,-1.1577206419498662,-1.1577206419498662,0.0,1.1577206419498662,-1.1577206419498662,-1.1577206419498662,-1.1577206419498662,-1.1577206419498662,2.1899948120117188,2.554399871826172,74.3499984741211,68.07491798400879,68.57719802856445,69.07947807312011,,,,,,,,,,0.0,0.0,0.0
2015-03-13,73.3499984741211,73.98999786376953,71.80000305175781,72.56999969482422,72.56999969482422,761900,-1.1577206419498662,2.3556760931413496,2.2009897679783417,3.215740827771298,,73.18399963378906,72.56199951171875,69.26866645812989,,,72.87176925934452,72.24622498748641,70.3754657076723,,,71.95316834500295,70.55333781852055,1.399830526482404,1.0809391628196032,5.181207319887362,5.181207319887362,5.181207319887362,0.0,-5.181207319887362,5.181207319887362,5.181207319887362,5.181207319887362,5.181207319887362,2.75,2.45989990234375,73.98999786376953,68.73031875610351,69.24119873046875,69.75207870483399,,,,,,,,,,0.0,0.0,0.0
2015-03-16,74.20999908447266,76.75,74.0,76.33000183105469,76.33000183105469,1822400,5.181207319887362,3.228499748982604,2.6404216709571897,3.1660059977396044,,73.48399963378907,73.2599998474121,69.35066642761231,,,74.02451344991458,72.9887298681352,70.75962932853568,,,72.62652734285706,70.98123885648604,1.6452884863710153,1.1938090275298858,1.8079355696497834,1.8079355696497834,1.8079355696497834,0.0,-1.8079355696497834,1.8079355696497834,1.8079355696497834,1.8079355696497834,1.8079355696497834,2.220001220703125,2.4738998413085938,76.75,68.57821807861328,69.07019805908203,69.56217803955079,,,,,,,,,,0.0,0.0,0.0
2015-03-17,76.16000366210938,78.12000274658203,75.9000015258789,77.70999908447266,77.70999908447266,1824300,1.8079355696497834,2.3234383692123064,2.6260443292738294,3.163269778470649,,74.59599914550782,73.9470001220703,69.65033302307128,,,75.25300866143394,73.84714245292382,71.20804028053162,,,73.40859991849024,71.47966554004061,1.9289343784496253,1.3408340977138338,2.8953802940522433,2.8953802940522433,2.8953802940522433,0.0,-2.8953802940522433,2.8953802940522433,2.8953802940522433,2.8953802940522433,2.8953802940522433,3.1100006103515625,2.4948997497558594,78.12000274658203,71.30742034912109,71.80220031738281,72.29698028564454,,,,,,,,,,0.0,0.0,0.0
2015-03-18,77.86000061035156,80.80000305175781,77.69000244140625,79.95999908447266,79.95999908447266,2272900,2.8953802940522433,2.3816353102336802,2.6907151938340315,3.0996406165013304,,75.99799957275391,74.74100036621094,70.03166643778484,,,76.82200546911352,74.95857093138724,71.77268278401169,,,74.41650748248753,72.10783839518373,2.308669087303798,1.5344010956318268,0.5252603473664514,0.5252603473664514,0.5252603473664514,0.0,-0.5252603473664514,0.5252603473664514,0.5252603473664514,0.5252603473664514,0.5252603473664514,3.05999755859375,2.5018997192382812,80.80000305175781,72.63122329711913,73.13020324707031,73.62918319702149,,,,,,,,,,0.0,0.0,0.0
2015-03-19,81.5199966430664,82.2699966430664,79.20999908447266,80.37999725341797,80.37999725341797,1886000,0.5252603473664514,2.3975429787458107,2.559893430067849,2.939991187649624,,77.38999938964844,75.32799987792968,70.4333329518636,,,78.00800273054834,75.9442848081201,72.32799339494113,,,75.33396744724605,72.72059090320107,2.613376544044982,1.7501961853144579,0.5225252708278538,0.5225252708278538,0.5225252708278538,0.0,-0.5225252708278538,0.5225252708278538,0.5225252708278538,0.5225252708278538,0.5225252708278538,1.8050003051757812,2.505649948120117,82.2699966430664,75.29582366943359,75.79620361328125,76.29658355712891,,,,,,,,,,0.0,0.0,0.0
2015-03-20,81.44000244140625,81.5,79.69499969482422,80.80000305175781,80.80000305175781,4741000,0.5225252708278538,1.9456761875054591,2.364031373373156,2.927809213614103,,79.03600006103515,76.10999984741211,70.88033307393393,,,78.93866950428483,76.82714267059968,72.87457466312286,,,76.17489600178632,73.31906587716824,2.8558301246180804,1.9713229731751825,4.071773715188292,4.071773715188292,4.071773715188292,0.0,-4.071773715188292,4.071773715188292,4.071773715188292,4.071773715188292,4.071773715188292,3.1200027465820312,2.582650375366211,81.5,76.75756675720214,77.25869674682617,77.7598267364502,,,,,,,,,,0.0,0.0,0.0
2015-03-23,81.1500015258789,84.19000244140625,81.06999969482422,84.08999633789062,84.08999633789062,2000600,4.071773715188292,1.5396716307835248,2.516467542967802,2.982130925922885,,80.58799896240234,77.0359992980957,71.48699963887533,,,80.6557784488201,78.14766151919804,73.59815025504335,,,77.39260374580238,74.11691257796248,3.275691167839895,2.232196612108125,-1.0464945793099594,-1.0464945793099594,-1.0464945793099594,0.0,1.0464945793099594,-1.0464945793099594,-1.0464945793099594,-1.0464945793099594,-1.0464945793099594,2.9679946899414062,2.523550033569336,84.19000244140625,75.81816917419434,76.33469924926757,76.85122932434082,,,,,,,,,,0.0,0.0,0.0
2015-03-24,84.5999984741211,85.62799835205078,82.66000366210938,83.20999908447266,83.20999908447266,1792300,-1.0464945793099594,2.055164528257498,2.068983115822652,2.7533028802329658,,81.68799896240235,78.14199905395508,72.13599955240885,,,81.50718532737096,79.06808653106614,74.21826953436138,,,78.28758764405933,74.79047454140768,3.497113102651653,2.485179910216831,-7.306816365762035,-7.306816365762035,-7.306816365762035,0.0,7.306816365762035,-7.306816365762035,-7.306816365762035,-7.306816365762035,-7.306816365762035,8.270004272460938,2.803050231933594,85.62799835205078,78.63819236755371,79.14290237426758,79.64761238098144,,,,,,,,,,0.0,0.0,0.0
2015-03-25,83.55000305175781,83.79000091552734,75.5199966430664,77.12999725341797,77.12999725341797,3728800,-7.306816365762035,4.168979452130335,3.465680734360219,3.2048407074126923,,81.1219985961914,78.55999908447265,72.53966623942057,,,80.04812263605331,78.71570666240284,74.40612293559084,,,78.1094968147299,74.96377252007511,3.1457242946547836,2.6172887871044215,0.07779747196298799,0.07779747196298799,0.07779747196298799,0.0,-0.07779747196298799,0.07779747196298799,0.07779747196298799,0.07779747196298799,0.07779747196298799,5.650001525878906,2.8940502166748048,83.79000091552734,79.46128784179687,80.02189788818359,80.58250793457032,1.0,1.0,1.0,79.46128784179687,80.02189788818359,80.58250793457032,77.12999725341797,77.12999725341797,77.12999725341797,-2.933869625949656,-3.6138865874020354,-4.284441834393692
2015-03-26,73.5,77.75,72.0999984741211,77.19000244140625,77.19000244140625,3005900,0.07779747196298799,4.142248018301547,3.469753277955345,2.9129460364884148,,80.48399963378907,78.93699951171875,72.95433298746745,,,79.09541590450429,78.43830589494891,74.58572806499829,,,77.96803614191087,75.12867844017372,2.839357701737157,2.6617025700309687,2.7075997820794337,2.7075997820794337,2.7075997820794337,0.0,-2.7075997820794337,2.7075997820794337,2.7075997820794337,2.7075997820794337,2.7075997820794337,3.1800003051757812,2.9416500091552735,77.75,77.42309043884278,78.00190048217773,78.5807105255127,1.0,1.0,1.0,73.5,73.5,73.5,77.19000244140625,77.19000244140625,77.19000244140625,5.020411484906463,5.020411484906463,5.020411484906463
2015-03-27,77.62999725341797,80.69000244140625,77.51000213623047,79.27999877929688,79.27999877929688,2634900,2.7075997820794337,4.414564518621562,3.4727954920207624,2.8401808121555385,,80.17999877929688,79.60799942016601,73.3903330485026,,,79.15694352943515,78.59134096483037,74.88858424011433,,,78.16987654766257,75.43618365047914,2.733692897183431,2.676100635461461,2.674070104975389,2.674070104975389,2.674070104975389,0.0,-2.674070104975389,2.674070104975389,2.674070104975389,2.674070104975389,2.674070104975389,1.69000244140625,2.9261501312255858,80.69000244140625,71.2783699798584,71.86669998168945,72.4550299835205,,,,,,,,,,0.0,0.0,0.0
2015-03-30,80.22000122070312,81.4000015258789,79.70999908447266,81.4000015258789,81.4000015258789,1820400,2.674070104975389,4.10175724904178,3.2137119193261228,2.8668130558519995,,79.64199981689453,80.11499938964843,73.76933314005534,71.06599966684978,,79.90462952824974,79.10200652138464,75.3086756779056,71.06599966684978,,78.66681885200354,75.87794793754578,2.7888709144577604,2.698654691260721,2.0884576729353608,-2.0884576729353608,-2.0884576729353608,-2.0884576729353608,2.0884576729353608,-2.0884576729353608,-2.0884576729353608,-2.0884576729353608,-2.0884576729353608,2.4499969482421875,2.918149948120117,81.4000015258789,74.25247215270996,74.83770217895508,75.4229322052002,,,,,,,,,,0.0,0.0,0.0
2015-03-31,80.93000030517578,81.0,78.55000305175781,79.69999694824219,79.69999694824219,2006900,-2.0884576729353608,4.1575505397869765,3.2985852437184855,2.921359783286912,2.934627807963391,78.93999938964843,80.31399917602539,74.11133295694987,71.22099959055582,,79.83641866824723,79.21073205354055,75.59198672760473,71.34908154492821,,78.82576932834795,76.16106267907885,2.6647066492690925,2.6918650828623956,1.1292270149882668,-1.1292270149882668,-1.1292270149882668,-1.1292270149882668,1.1292270149882668,-1.1292270149882668,-1.1292270149882668,-1.1292270149882668,1.1292270149882668,1.4900054931640625,2.8356502532958983,81.0,74.98007164001464,75.56370162963867,76.1473316192627,,,,,,,,,,0.0,0.0,0.0
2015-04-01,78.52999877929688,79.30000305175781,77.80999755859375,78.80000305175781,78.80000305175781,1430200,-1.1292270149882668,2.186292017722117,3.1909454782130613,2.93612120867649,2.8888251153283866,79.27400054931641,80.1979995727539,74.48666636149089,71.40716635386148,,79.4909467960841,79.13605405321641,75.7989555227114,71.59337405334885,,78.82180528579562,76.35653974372174,2.4652655420738796,2.6465451747046926,1.281728549638601,-1.281728549638601,-1.281728549638601,-1.281728549638601,1.281728549638601,-1.281728549638601,-1.281728549638601,-1.281728549638601,1.281728549638601,2.529998779296875,2.8051498413085936,79.30000305175781,74.76156944274902,75.32869949340821,75.89582954406738,,,,,,,,,,0.0,0.0,0.0
2015-04-02,79.19999694824219,79.19999694824219,76.66999816894531,77.79000091552734,77.79000091552734,1603800,-1.281728549638601,2.3240971002254547,3.2027958409115467,2.8748231992522535,2.831024188847892,79.39400024414063,79.93899993896484,74.90299962361654,71.62583306630452,,78.92396483589852,78.89131711909111,75.92741006418339,71.79654214719076,,78.66306615190818,76.46272205274438,2.2003440991638,2.557304959596514,1.6454541255075106,-1.6454541255075106,-1.6454541255075106,-1.6454541255075106,1.6454541255075106,-1.6454541255075106,-1.6454541255075106,-1.6454541255075106,1.6454541255075106,1.9500045776367188,2.8151500701904295,79.19999694824219,73.12867340087891,73.68970336914063,74.25073333740234,,,,,,,,,,0.0,0.0,0.0
2015-04-06,76.87999725341797,77.1500015258789,75.19999694824219,76.51000213623047,76.51000213623047,1613600,-1.6454541255075106,1.9188877417721895,3.2157937910088474,2.8589833895930026,2.819740612484845,78.84000091552734,79.5099998474121,75.28099975585937,71.79016640981038,,78.11931060267584,78.45835075857099,75.96499664947676,71.95108181896255,,78.33182553411162,76.46622428115076,1.8656012529608574,2.418964218269383,4.287019589225273,-4.287019589225273,-4.287019589225273,-4.287019589225273,4.287019589225273,4.287019589225273,-4.287019589225273,-4.287019589225273,4.287019589225273,4.959999084472656,2.9471500396728514,77.1500015258789,73.00666679382324,73.56969680786133,74.13272682189941,,,,,,,,,,0.0,0.0,0.0
2015-04-07,77.08000183105469,77.69000244140625,72.7300033569336,73.2300033569336,73.2300033569336,2251100,-4.287019589225273,1.2846050305871153,2.973600515608399,2.979662402533836,2.874872488690249,77.20600128173828,78.4240005493164,75.55366643269856,71.8824997584025,,76.48954152076176,77.50774214009145,75.7885454693127,71.9930136726665,,77.54692981454576,76.22650421269023,1.3204256018555327,2.1992564949866127,0.5325781799326409,-0.5325781799326409,-0.5325781799326409,-0.5325781799326409,0.5325781799326409,0.5325781799326409,-0.5325781799326409,-0.5325781799326409,0.5325781799326409,2.6899948120117188,2.9531497955322266,77.69000244140625,70.66627143859863,71.25570144653321,71.84513145446778,,,,,,,,,,0.0,0.0,0.0
2015-04-08,73.80000305175781,75.19999694824219,72.51000213623047,72.83999633789062,72.83999633789062,2108000,-0.5325781799326409,1.4603917109928746,2.9835184325439825,2.866137604036799,2.8732101611732737,75.83400115966796,77.3870002746582,75.67033309936524,71.97799968719482,,75.27302645980473,76.65906108514584,75.59831649309191,72.02078359611647,,76.82278620275267,75.97565177751989,0.847134425232781,1.9288320810358464,-2.45744234695438,2.45744234695438,2.45744234695438,2.45744234695438,-2.45744234695438,-2.45744234695438,2.45744234695438,2.45744234695438,-2.45744234695438,3.6800003051757812,3.0596500396728517,75.19999694824219,71.19307289123535,71.7837028503418,72.37433280944825,,,,,,,,,,0.0,0.0,0.0
2015-04-09,72.70999908447266,74.9000015258789,71.22000122070312,74.62999725341797,74.62999725341797,1385100,2.45744234695438,2.4215763056963397,2.3153448595343704,2.9070150048027945,2.868269302058079,75.0,77.1370002746582,75.91766637166342,72.12983303070068,,75.05868339100914,76.29014038846803,75.5358442840807,72.10633158488045,,76.48543405670118,75.87597366462344,0.609460392077736,1.6649577432442244,1.4069348264851942,-1.4069348264851942,-1.4069348264851942,-1.4069348264851942,1.4069348264851942,1.4069348264851942,-1.4069348264851942,-1.4069348264851942,1.4069348264851942,3.1699981689453125,3.146649932861328,74.9000015258789,68.4687668609619,69.08069686889648,69.69262687683106,,,,,,,,,,0.0,0.0,0.0
2015-04-10,75.61000061035156,75.93000030517578,72.76000213623047,73.58000183105469,73.58000183105469,1315300,-1.4069348264851942,2.4251147443907075,2.3356037937435454,2.9249540167391146,2.8733526509455922,74.15800018310547,76.77600021362305,75.985999806722,72.27249978383382,,74.56578953769099,75.79738792348378,75.40966090001452,72.15464864213206,,76.03844448352478,75.70590167695168,0.33254280657310176,1.39847475591,1.2911179043159062,-1.2911179043159062,-1.2911179043159062,-1.2911179043159062,1.2911179043159062,1.2911179043159062,-1.2911179043159062,-1.2911179043159062,1.2911179043159062,3.0100021362304688,3.1876502990722657,75.93000030517578,67.97737167358399,68.60670166015625,69.23603164672852,,,,,,,,,,0.0,0.0,0.0
2015-04-13,73.79000091552734,75.12000274658203,72.11000061035156,72.62999725341797,72.62999725341797,1242800,-1.2911179043159062,2.409694436190061,2.0604112983307643,2.9280080954411503,2.8778736698013003,73.38199920654297,76.11100006103516,76.0936663309733,72.40649979909261,,73.92052544293333,75.22149871074454,75.23032776152442,72.17023384250209,,75.51406798658527,75.47805690483808,0.03601108174719059,1.125982021077438,2.932668778694923,-2.932668778694923,-2.932668778694923,-2.932668778694923,2.932668778694923,2.932668778694923,2.932668778694923,-2.932668778694923,2.932668778694923,3.8699951171875,3.2436500549316407,75.12000274658203,68.9171696472168,69.55469970703125,70.1922297668457,,,,,,,,,,0.0,0.0,0.0
2015-04-14,72.37999725341797,73.16999816894531,69.30000305175781,70.5,70.5,2457100,-2.932668778694923,1.988905722510804,1.7303747719240963,2.734667522549281,2.906094695049229,72.83599853515625,75.02099990844727,76.13199971516927,72.50833314259847,,72.78035029528888,74.36304439970007,74.92514532529704,72.11547207717415,,74.742672911726,75.10931194892416,-0.36663903719815494,0.8274578094223195,-0.5815654781693262,-0.5815654781693262,0.5815654781693262,0.5815654781693262,-0.5815654781693262,-0.5815654781693262,-0.5815654781693262,0.5815654781693262,-0.5815654781693262,2.6299972534179688,3.264149856567383,73.16999816894531,67.98397262573242,68.63270263671875,69.28143264770507,,,,,,,,,,0.0,0.0,0.0
2015-04-15,71.0,72.0,69.37000274658203,70.91000366210938,70.91000366210938,1714600,0.5815654781693262,2.0785116396116488,1.8184564017961615,2.6969774110329596,2.8945731055458945,72.45,74.14200057983399,76.13433329264323,72.59333324432373,,72.15690141756238,73.73521881104722,74.66610392767204,72.07594852258185,,74.15303148870807,74.79825207582677,-0.6452205871187005,0.5329221301141155,-0.7756245860373158,-0.7756245860373158,0.7756245860373158,0.7756245860373158,-0.7756245860373158,-0.7756245860373158,-0.7756245860373158,0.7756245860373158,-0.7756245860373158,2.8899993896484375,3.2531497955322264,72.0,65.98886848449708,66.64169845581054,67.29452842712402,,,,,,,,,,0.0,0.0,0.0
2015-04-16,70.80000305175781,71.5,68.61000061035156,71.45999908447266,71.45999908447266,1495500,0.7756245860373158,1.5438745832678926,1.9175652516239077,2.5996530407059315,2.867069662924201,71.81600036621094,73.40800018310547,76.11566670735677,72.65166657765707,,71.92460063986582,73.32154249712457,74.45925845391724,72.05575345903728,,73.73871881113338,74.5509740764672,-0.8122552653338175,0.2638866510245289,1.94514330738421,1.94514330738421,-1.94514330738421,-1.94514330738421,1.94514330738421,1.94514330738421,1.94514330738421,-1.94514330738421,1.94514330738421,1.5,3.175149917602539,71.5,64.8430704498291,65.49370040893555,66.14433036804199,,,,,,,,,,0.0,0.0,0.0
2015-04-17,70.69999694824219,71.11000061035156,69.61000061035156,70.06999969482422,70.06999969482422,1177600,-1.94514330738421,1.6093754825278828,1.9414033065785183,2.6056698390789395,2.875147042864037,71.11399993896484,72.63600006103516,75.96766662597656,72.67216663360595,,71.30640032485195,72.73035289670632,74.17608046945963,71.9906467782434,,73.17430048554735,74.21905004819735,-1.0447495626499972,0.0021594082896236877,-2.768663407814386,-2.768663407814386,2.768663407814386,2.768663407814386,-2.768663407814386,-2.768663407814386,-2.768663407814386,2.768663407814386,-2.768663407814386,1.9499969482421875,3.1823997497558594,71.11000061035156,64.51467018127441,65.14970016479492,65.78473014831543,,,,,,,,,,0.0,0.0,0.0
2015-04-20,70.4000015258789,72.3499984741211,70.4000015258789,72.01000213623047,72.01000213623047,1216900,2.768663407814386,2.28453218788752,2.259767927666251,2.705419976999235,2.8781700197415074,70.99000091552735,72.18600006103516,75.93533325195312,72.6954999923706,,71.54093426197812,72.59938003116525,74.03633348021906,71.99128138014463,,72.99517766257551,74.05541686953313,-1.0602392069576183,-0.2103203147598247,-2.8607103145151846,-2.8607103145151846,2.8607103145151846,2.8607103145151846,-2.8607103145151846,-2.8607103145151846,-2.8607103145151846,2.8607103145151846,-2.8607103145151846,2.25,3.1388996124267576,72.3499984741211,64.10872116088868,64.74520111083984,65.38168106079101,,,,,,,,,,0.0,0.0,0.0
2015-04-21,72.5,74.26000213623047,72.01000213623047,74.06999969482422,74.06999969482422,1159700,2.8607103145151846,1.967826902318059,2.08070078181375,2.6086114328071495,2.857605192024835,71.7040008544922,72.26999969482422,75.90999984741211,72.70716660817465,,72.38395607292682,72.86676542455778,74.03850549406457,72.05943607898658,,73.16053489830608,74.05649707881395,-0.8959621805078655,-0.34744868790943284,-0.5535353905746334,-0.5535353905746334,0.5535353905746334,0.5535353905746334,-0.5535353905746334,-0.5535353905746334,-0.5535353905746334,0.5535353905746334,-0.5535353905746334,1.4800033569335938,3.0645000457763674,74.26000213623047,65.44441932678222,66.07219924926758,66.69997917175293,,,,,,,,,,0.0,0.0,0.0
2015-04-22,74.25,74.54000091552734,73.05999755859375,74.4800033569336,74.4800033569336,817900,0.5535353905746334,1.969385776013543,2.070387099705281,2.618697215145438,2.857927792227662,72.41800079345703,72.43400039672852,75.98766657511393,72.72933330535889,,73.08263850092908,73.16008141226247,74.06698922715289,72.1387989405586,,73.36353004578724,74.08786791423023,-0.7243378684429871,-0.42282652401614373,1.6246061484025753,1.6246061484025753,-1.6246061484025753,-1.6246061484025753,1.6246061484025753,1.6246061484025753,1.6246061484025753,-1.6246061484025753,1.6246061484025753,2.399993896484375,2.770999526977539,74.54000091552734,67.51810203552246,68.13100204467773,68.74390205383301,,,,,,,,,,0.0,0.0,0.0
2015-04-23,73.93000030517578,73.94999694824219,71.55000305175781,73.2699966430664,73.2699966430664,1121000,-1.6246061484025753,2.302866091576667,1.9857720382867523,2.100541604115875,2.8644744030847384,72.78000030517578,72.29800033569336,75.99833323160807,72.72133324941,,73.14509121497485,73.18006599968136,74.01557035076021,72.17588738982114,,73.3491402915225,74.02728485710699,-0.6781445655844891,-0.4738901323298128,-4.299159329608706,4.299159329608706,-4.299159329608706,-4.299159329608706,4.299159329608706,4.299159329608706,4.299159329608706,-4.299159329608706,4.299159329608706,3.4000015258789062,2.658499526977539,73.94999694824219,68.44380195617676,68.99800186157226,69.55220176696777,,,,,,,,,,0.0,0.0,0.0
2015-04-24,73.08000183105469,73.0999984741211,69.69999694824219,70.12000274658203,70.12000274658203,1633000,-4.299159329608706,3.052222427676695,2.361637632757367,2.2860148861022362,2.9012303043943626,72.79000091552734,71.95200042724609,75.88833338419596,72.6316666285197,,72.13672839217725,72.62369086275422,73.76424340855517,72.10848133594445,,72.8523498999932,73.73785655262365,-0.885506652630454,-0.556213436389941,-1.0695949381384735,1.0695949381384735,-1.0695949381384735,-1.0695949381384735,1.0695949381384735,1.0695949381384735,1.0695949381384735,-1.0695949381384735,1.0695949381384735,2.7900009155273438,2.6389995574951173,73.0999984741211,68.1012979888916,68.63299789428712,69.16469779968261,,,,,,,,,,0.0,0.0,0.0
2015-04-27,69.93000030517578,71.69000244140625,68.9000015258789,69.37000274658203,69.37000274658203,1512900,-1.0695949381384735,2.6549106350161544,2.3539525235782937,2.163810677221405,2.9034523100480114,72.26200103759766,71.6260009765625,75.78166681925455,72.52516663869223,,71.21448651031218,72.03211120526836,73.48074401100853,72.01869515268666,,72.31660418408379,73.4143118262502,-1.0977076421664123,-0.6645122775452352,-2.1767364515563163,2.1767364515563163,-2.1767364515563163,-2.1767364515563163,2.1767364515563163,2.1767364515563163,2.1767364515563163,-2.1767364515563163,2.1767364515563163,4.865997314453125,2.797799301147461,71.69000244140625,67.29419944763184,67.82199935913086,68.34979927062989,,,,,,,,,,0.0,0.0,0.0
2015-04-28,69.97000122070312,70.30799865722656,65.44200134277344,67.86000061035156,67.86000061035156,2043700,-2.1767364515563163,1.7650570869518618,2.275598189061972,2.040785776743711,2.8993041887492574,71.02000122070312,71.36200103759765,75.49933344523112,72.42499993642171,,70.09632454365865,71.27354564255621,73.11811540451454,71.88234451195436,,71.63097286504807,73.00288136581327,-1.3719085007652012,-0.8059915221892284,-1.1641628476596781,-1.1641628476596781,1.1641628476596781,1.1641628476596781,-1.1641628476596781,-1.1641628476596781,-1.1641628476596781,1.1641628476596781,-1.1641628476596781,2.4899978637695312,2.799799346923828,70.30799865722656,65.53484397888184,66.09440383911132,66.65396369934082,1.0,1.0,1.0,65.53484397888184,66.09440383911132,66.65396369934082,67.86000061035156,67.86000061035156,67.86000061035156,3.5479700420420475,2.671325662514637,1.8094001377785562
2015-04-29,67.58999633789062,69.0,66.51000213623047,68.6500015258789,68.6500015258789,994200,1.1641628476596781,1.9710790331198231,2.309516841528504,2.069290461086424,2.759349042299577,69.85400085449218,71.13600082397461,75.19733352661133,72.42383327484131,,69.61421687106541,70.79653762134215,72.82984999298966,71.7763660533945,,71.17236188979126,72.68044582211442,-1.50808393232316,-0.9464100042160148,3.991256814082717,3.991256814082717,-3.991256814082717,-3.991256814082717,3.991256814082717,3.991256814082717,3.991256814082717,-3.991256814082717,3.991256814082717,3.0499954223632812,2.877798843383789,69.0,64.14844009399414,64.70839996337891,65.26835983276368,,,,,,,,,,0.0,0.0,0.0
2015-04-30,68.47000122070312,68.8499984741211,65.80000305175781,65.91000366210938,65.91000366210938,1632000,-3.991256814082717,2.243450987424625,2.543139221264644,2.1940606783156684,2.807698560565902,68.38200225830079,70.58100128173828,74.72900034586588,72.38033339182536,,68.37947913474673,69.90807690148165,72.3834082942232,71.58402630286056,,70.36276831630174,72.17893158803997,-1.8161632717382332,-1.1203606577204586,-5.598535285976685,-5.598535285976685,5.598535285976685,5.598535285976685,-5.598535285976685,-5.598535285976685,-5.598535285976685,5.598535285976685,-5.598535285976685,2.9300003051757812,2.8977989196777343,68.8499984741211,62.668842544555666,63.24440231323242,63.81996208190918,,,,,,,,,,0.0,0.0,0.0
2015-05-01,66.80000305175781,69.61000061035156,66.68000030517578,69.5999984741211,69.5999984741211,1708100,5.598535285976685,3.690058069856102,3.193469756579713,2.62293734883458,2.8997509266292316,68.27800140380859,70.53400115966797,74.36966705322266,72.40150000254313,,68.78631891453819,69.85206264196154,72.20383346711985,71.518976210115,,70.2454191098124,71.98789950552747,-1.742480395715063,-1.2447846053193796,0.8764376777657186,0.8764376777657186,-0.8764376777657186,-0.8764376777657186,0.8764376777657186,0.8764376777657186,0.8764376777657186,-0.8764376777657186,0.8764376777657186,1.839996337890625,2.8922985076904295,69.61000061035156,62.47484085083008,63.05440063476563,63.63396041870117,,,,,,,,,,0.0,0.0,0.0
2015-05-04,69.8499984741211,70.5,68.66000366210938,68.98999786376953,68.98999786376953,1621600,-0.8764376777657186,3.6782962546361126,3.044136951355365,2.611213371209493,2.89624102628663,68.20200042724609,70.23200073242188,73.97600021362305,72.42816664377848,,68.8542118976153,69.69532359138117,71.99648923464565,71.436058887284,,70.05227737965197,71.7658327172491,-1.7135553375971284,-1.3385387517749294,2.783009462816073,2.783009462816073,-2.783009462816073,-2.783009462816073,2.783009462816073,2.783009462816073,2.783009462816073,-2.783009462816073,2.783009462816073,3.2020034790039062,2.8043987274169924,70.5,63.246943893432615,63.8254035949707,64.40386329650879,,,,,,,,,,0.0,0.0,0.0
2015-05-05,68.51000213623047,69.22200012207031,66.0199966430664,67.06999969482422,67.06999969482422,1532600,-2.783009462816073,3.774406484656033,2.8948103100279807,2.5158299212719375,2.9046409985170154,68.04400024414062,69.53200073242188,73.4086669921875,72.44783331553141,,68.25947449668494,69.21799197382535,71.67865119981847,71.292909405564,,69.59346542814001,71.41799323410652,-1.824527805966511,-1.435736562613246,-2.9670461798482743,-2.9670461798482743,2.9670461798482743,2.9670461798482743,-2.9670461798482743,-2.9670461798482743,-2.9670461798482743,2.9670461798482743,-2.9670461798482743,2.9000015258789062,2.8148990631103517,69.22200012207031,64.33032279968262,64.89120254516601,65.45208229064941,,,,,,,,,,0.0,0.0,0.0
2015-05-06,67.69999694824219,69.4000015258789,66.5,69.05999755859375,69.05999755859375,2131900,2.9670461798482743,4.013196227406708,3.1255519316227325,2.6260316593381243,2.8947799488870274,68.1259994506836,68.9900001525879,72.9370002746582,72.53649991353353,,68.52631551732122,69.1892657165105,71.50970580361044,71.21969918107317,,69.51139344820982,71.24332688777224,-1.7319334395624253,-1.4949759380030818,-9.412105748317027,-9.412105748317027,9.412105748317027,9.412105748317027,-9.412105748317027,-9.412105748317027,-9.412105748317027,9.412105748317027,-9.412105748317027,4.790000915527344,2.8703990936279298,69.4000015258789,63.02922218322754,63.59220199584961,64.15518180847168,,,,,,,,,,0.0,0.0,0.0
2015-05-07,77.62999725341797,78.0,73.20999908447266,75.55999755859375,75.55999755859375,4721300,9.412105748317027,4.905241582009261,4.438988272778403,3.3592178311096625,3.1230671924592937,70.05599822998047,69.21900024414063,72.8846669514974,72.71216659545898,,70.8708761977454,70.34758059688927,71.77101494909324,71.36200404590991,,70.44194792673042,71.56308027079606,-1.1211323440656429,-1.4202072192155941,1.3234516044346616,-1.3234516044346616,1.3234516044346616,1.3234516044346616,-1.3234516044346616,1.3234516044346616,-1.3234516044346616,1.3234516044346616,1.3234516044346616,1.7600021362304688,2.7998992919921877,78.0,63.08512351989746,63.659203338623044,64.23328315734864,,,,,,,,,,0.0,0.0,0.0
2015-05-08,76.37999725341797,77.97000122070312,76.20999908447266,76.55999755859375,76.55999755859375,1991600,1.3234516044346616,4.676614919211315,4.123266676691272,3.349610202044106,3.124401957377171,71.447998046875,69.8629997253418,72.86366678873698,72.90899988810222,,72.76724998469486,71.47711095356281,72.07998156906103,71.53243006271921,,71.38318633163247,71.93322229211442,-0.5500359604819494,-1.2461729674688653,-2.6123302818411633,2.6123302818411633,2.6123302818411633,-2.6123302818411633,2.6123302818411633,-2.6123302818411633,2.6123302818411633,-2.6123302818411633,-2.6123302818411633,2.160003662109375,2.7573993682861326,77.97000122070312,71.84022155761718,72.40020141601562,72.96018127441405,,,,,,,,,,0.0,0.0,0.0
2015-05-11,75.98999786376953,76.0,73.83999633789062,74.55999755859375,74.55999755859375,1697700,-2.6123302818411633,4.997747158550305,4.234861223571954,3.3943495004350734,3.136830287814618,72.56199798583984,70.38199920654297,72.70633341471354,73.04833323160807,,73.36483250932783,72.03763579084116,72.23998260064378,71.63169457078067,,71.87192652039575,72.12779823777956,-0.25587171738381187,-1.0481127174518547,0.25483160894276397,-0.25483160894276397,-0.25483160894276397,0.25483160894276397,-0.25483160894276397,0.25483160894276397,-0.25483160894276397,0.25483160894276397,0.25483160894276397,1.8499984741210938,2.6563995361328123,76.0,71.90372261047364,72.45520248413087,73.00668235778808,,,,,,,,,,0.0,0.0,0.0
2015-05-12,74.12999725341797,75.8499984741211,74.0,74.75,74.75,1381600,0.25483160894276397,4.480221802404185,4.112839334643318,3.3141589281379633,3.0513943612138776,74.097998046875,71.07099914550781,72.48466669718424,73.12699991861979,,73.82655500621856,72.53079291977913,72.40191920705388,71.73393409305015,,72.31470705571948,72.32203540535144,-0.007328349631961828,-0.8399558438878763,0.2809352300637542,-0.2809352300637542,-0.2809352300637542,0.2809352300637542,-0.2809352300637542,0.2809352300637542,0.2809352300637542,0.2809352300637542,0.2809352300637542,1.7699966430664062,2.6133995056152344,75.8499984741211,70.15592102050782,70.68720092773438,71.21848083496094,,,,,,,,,,0.0,0.0,0.0
2015-05-13,75.3499984741211,76.0999984741211,74.33000183105469,74.95999908447266,74.95999908447266,804100,0.2809352300637542,4.5362913518153425,4.1194911583383895,3.313706927010947,3.0486211956347464,75.27799835205079,71.70199890136719,72.32666676839193,73.2189998626709,,74.20436969896993,72.97246676790522,72.56695661850026,71.83970671571974,,72.72167506014304,72.51744012232338,0.2042349378196633,-0.6311176875463683,2.694776276857459,-2.694776276857459,-2.694776276857459,2.694776276857459,-2.694776276857459,2.694776276857459,2.694776276857459,2.694776276857459,2.694776276857459,2.1749954223632812,2.5776493072509767,76.0999984741211,70.10051956176758,70.62319946289062,71.14587936401367,,,,,,,,,,0.0,0.0,0.0
2015-05-14,75.16999816894531,77.21499633789062,75.04000091552734,76.9800033569336,76.9800033569336,1556400,2.694776276857459,1.9511191933805592,3.75338375904174,3.354850614380827,3.0414038865695616,75.56199951171875,72.8089988708496,72.26600011189778,73.37633323669434,,75.12958091829115,73.7011097840922,72.8516693113024,72.00824103182511,,73.37680249041851,72.84800036192414,0.5288021284943767,-0.39913372433821936,-0.5715801795514197,-0.5715801795514197,0.5715801795514197,-0.5715801795514197,0.5715801795514197,-0.5715801795514197,-0.5715801795514197,-0.5715801795514197,-0.5715801795514197,1.30999755859375,2.568149185180664,77.21499633789062,70.42916999816894,70.94469985961913,71.46022972106934,,,,,,,,,,0.0,0.0,0.0
2015-05-15,76.69999694824219,77.13999938964844,75.83000183105469,76.54000091552734,76.54000091552734,1710700,-0.5715801795514197,1.9076308223100213,3.528175142270227,3.317629332463114,3.0070938867270747,75.55800018310546,73.50299911499023,72.22433344523112,73.56366653442383,,75.5997209173699,74.21727180798949,73.08962618899434,72.15682332309403,,73.86344840197371,73.12148188441326,0.7419665175604564,-0.17091367595848422,4.912466803312636,4.912466803312636,-4.912466803312636,4.912466803312636,-4.912466803312636,4.912466803312636,4.912466803312636,4.912466803312636,4.912466803312636,4.8899993896484375,2.7151493072509765,77.13999938964844,71.56506813049316,72.0786979675293,72.59232780456543,,,,,,,,,,0.0,0.0,0.0
2015-05-18,75.76000213623047,80.38999938964844,75.5,80.30000305175781,80.30000305175781,2668800,4.912466803312636,2.2582851497103738,3.657009389704266,3.427803202720188,3.06431601475279,76.70600128173828,74.63399963378906,72.35066680908203,73.8158332824707,,77.16648162883254,75.32322294322009,73.55481179304361,72.42381282239448,,74.85368757886357,73.65322419310544,1.2004633857581268,0.103361736384838,-0.24907169369321777,-0.24907169369321777,0.24907169369321777,-0.24907169369321777,0.24907169369321777,-0.24907169369321777,-0.24907169369321777,-0.24907169369321777,-0.24907169369321777,2.4899978637695312,2.7271492004394533,80.38999938964844,71.1666709136963,71.70970077514649,72.25273063659668,,,,,,,,,,0.0,0.0,0.0
2015-05-19,80.75,81.88999938964844,79.4000015258789,80.0999984741211,80.0999984741211,1644100,-0.24907169369321777,2.3383663369006333,3.399201635243798,3.3902257746739757,3.064535242010558,77.7760009765625,75.93699951171875,72.57966664632161,74.0666665395101,,78.14432057726206,76.19172758520209,73.97708190150023,72.67549104048388,,75.66081233198011,74.13076302873624,1.530049303243871,0.3886992497566446,1.310865258127377,1.310865258127377,-1.310865258127377,1.310865258127377,-1.310865258127377,1.310865258127377,1.310865258127377,1.310865258127377,1.310865258127377,2.589996337890625,2.7826488494873045,81.88999938964844,74.39027114868163,74.93570098876953,75.48113082885742,,,,,,,,,,0.0,0.0,0.0
2015-05-20,79.80000305175781,81.98999786376953,79.4000015258789,81.1500015258789,81.1500015258789,1213500,1.310865258127377,2.2576258198878874,3.378539900195464,3.39572207528615,2.9573416379334865,79.01400146484374,77.14599990844727,72.85666681925456,74.2634999593099,,79.14621422680102,77.09323193805241,74.43985090952467,72.9533438432837,,76.5053029771953,74.65070662111717,1.8545963560781331,0.6818786710209424,0.13555219751472594,0.13555219751472594,-0.13555219751472594,0.13555219751472594,-0.13555219751472594,0.13555219751472594,0.13555219751472594,0.13555219751472594,0.13555219751472594,2.05999755859375,2.7656490325927736,81.98999786376953,75.76817192077637,76.32470169067383,76.88123146057129,,,,,,,,,,0.0,0.0,0.0
2015-05-21,81.1500015258789,81.8499984741211,79.79000091552734,81.26000213623047,81.26000213623047,1937800,0.13555219751472594,2.2429561540238976,2.0178207100876375,3.360846532315927,2.9240674226759067,79.87000122070313,77.71600036621093,73.07766698201497,74.49766667683919,,79.85081019661084,77.85082651953932,74.87986066608634,73.22569329551146,,77.2367951555084,75.14028406668112,2.0965110888272847,0.9648051545822108,3.408807002518376,3.408807002518376,-3.408807002518376,3.408807002518376,-3.408807002518376,3.408807002518376,3.408807002518376,3.408807002518376,3.408807002518376,2.6429977416992188,2.727798843383789,81.8499984741211,75.90556999206542,76.45869979858398,77.01182960510253,,,,,,,,,,0.0,0.0,0.0
2015-05-22,82.0,84.64299774169922,82.0,84.02999877929688,84.02999877929688,3054900,3.408807002518376,2.2039878862336195,2.1847533660997,3.2115767456796025,2.8427091048167705,81.36800079345703,78.46300048828125,73.42600021362304,74.70600001017253,,81.24387305750619,78.97431238494978,75.47019215726122,73.57993281957,,78.28190340532201,75.7987814528008,2.4831219525212163,1.268468514170012,-1.8683800043217802,-1.8683800043217802,1.8683800043217802,-1.8683800043217802,1.8683800043217802,-1.8683800043217802,-1.8683800043217802,-1.8683800043217802,-1.8683800043217802,2.3400039672851562,2.7052989959716798,84.64299774169922,75.84884101867675,76.39440078735352,76.93996055603027,,,,,,,,,,0.0,0.0,0.0
2015-05-26,83.44000244140625,83.7300033569336,81.38999938964844,82.45999908447266,82.45999908447266,2157300,-1.8683800043217802,1.962810989088384,2.0587574236439425,3.2429157055424915,2.8245234247457485,81.8,79.25300064086915,73.75366694132487,74.9236666361491,,81.64924839982835,79.60807360304484,75.92114744288776,73.87108253317336,,78.92468735596057,76.29220498107279,2.632482374887786,1.5412712863135671,4.778077231567855,4.778077231567855,-4.778077231567855,4.778077231567855,-4.778077231567855,4.778077231567855,4.778077231567855,4.778077231567855,4.778077231567855,4.0500030517578125,2.664499282836914,83.7300033569336,78.69133995056153,79.23239974975586,79.7734595489502,,,,,,,,,,0.0,0.0,0.0
2015-05-27,82.95999908447266,86.75,82.69999694824219,86.4000015258789,86.4000015258789,2806100,4.778077231567855,2.627678225112045,2.346137154614505,3.2665404719905196,2.881740946219264,83.06000061035157,80.41800079345703,74.2836669921875,75.20783335367838,72.42679988861084,83.23283277517854,80.84296958901467,76.59720254501622,74.2818667624424,72.42679988861084,80.07473568979415,77.04093065105843,3.0338050387357214,1.8397780367979981,-4.745368520500598,-4.745368520500598,4.745368520500598,-4.745368520500598,4.745368520500598,-4.745368520500598,-4.745368520500598,-4.745368520500598,-4.745368520500598,4.2700042724609375,2.7534996032714845,86.75,77.86810493469238,78.40100479125977,78.93390464782715,,,,,,,,,,0.0,0.0,0.0
2015-05-28,86.20999908447266,86.33000183105469,82.05999755859375,82.30000305175781,82.30000305175781,2310500,-4.745368520500598,3.86955439853382,3.061643326212374,3.5325367572215316,2.9478263825520648,83.29000091552734,81.15200119018554,74.66333363850912,75.39883346557617,72.54579990386964,82.9218895340383,81.10788476405888,76.96512515835438,74.54475647684619,72.62230886213851,80.41708451471163,77.43049156962876,2.986592945082876,2.0691410184549737,-0.18226187158774648,-0.18226187158774648,0.18226187158774648,-0.18226187158774648,0.18226187158774648,-0.18226187158774648,-0.18226187158774648,-0.18226187158774648,-0.18226187158774648,2.3000030517578125,2.715999984741211,86.33000183105469,80.69230087280273,81.24300079345703,81.79370071411132,,,,,,,,,,0.0,0.0,0.0
2015-05-29,82.87000274658203,84.33000183105469,82.02999877929688,82.1500015258789,82.1500015258789,2769600,-0.18226187158774648,3.8763922283007317,3.0175253724167757,3.348945874823993,2.942887126708876,83.46800079345704,81.66900100708008,75.01966705322266,75.5676668802897,72.69099994659423,82.6645935313185,81.29736053893525,77.2996333110979,74.7941087735358,72.81097604359871,80.6836871318143,77.78008489972136,2.903602232092936,2.236033261182566,-1.4729142568445142,-1.4729142568445142,1.4729142568445142,-1.4729142568445142,1.4729142568445142,-1.4729142568445142,-1.4729142568445142,-1.4729142568445142,-1.4729142568445142,3.2730026245117188,2.733150100708008,84.33000183105469,80.35480186462402,80.89800186157227,81.44120185852051,,,,,,,,,,0.0,0.0,0.0
2015-06-01,82.5,83.36299896240234,80.08999633789062,80.94000244140625,80.94000244140625,2210400,-1.4729142568445142,3.4858600416642402,3.0724538594482524,3.226672818226094,2.920899359363425,82.85000152587891,82.10900115966797,75.38200047810872,75.67483355204264,72.85369998931884,82.0897298346811,81.23238633938452,77.53449583563393,74.99561348395778,72.97194686335727,80.72312025636691,78.01415286577209,2.7089673905948217,2.330620087065017,-0.09884090516627064,-0.09884090516627064,0.09884090516627064,-0.09884090516627064,0.09884090516627064,-0.09884090516627064,-0.09884090516627064,-0.09884090516627064,-0.09884090516627064,1.9599990844726562,2.7391502380371096,83.36299896240234,78.31707160949708,78.86370162963867,79.41033164978028,,,,,,,,,,0.0,0.0,0.0
2015-06-02,80.58999633789062,80.95999908447266,79.0,80.86000061035156,80.86000061035156,1703800,-0.09884090516627064,3.4266758411150695,2.6743073372383055,3.2099764662987105,2.9064354652169975,82.53000183105469,82.16500091552734,75.6770004272461,75.80616683959961,72.99579998016357,81.67982009323792,81.1646798431967,77.74904453077701,75.18788847170839,73.12814594745618,80.74417877236455,78.2249564024076,2.5192223699569496,2.368340543643404,0.8533297504302975,0.8533297504302975,-0.8533297504302975,0.8533297504302975,-0.8533297504302975,0.8533297504302975,0.8533297504302975,0.8533297504302975,0.8533297504302975,1.0069961547851562,2.629399871826172,80.95999908447266,77.3368684387207,77.88469848632812,78.43252853393554,,,,,,,,,,0.0,0.0,0.0
2015-06-03,81.3499984741211,81.90699768066406,80.9000015258789,81.55000305175781,81.55000305175781,2263400,0.8533297504302975,2.184237289827021,2.6809569869574594,3.094590004954463,2.891729015230329,81.56000213623047,82.31000137329102,75.92633387247722,75.91816685994466,73.13439998626708,81.6365477460779,81.23473860838962,77.99426766116288,75.39648239236575,73.2949153950661,80.86815173842504,78.47125615421132,2.3968955842137234,2.374051551757468,0.2820396668625704,-0.2820396668625704,-0.2820396668625704,-0.2820396668625704,0.2820396668625704,-0.2820396668625704,-0.2820396668625704,-0.2820396668625704,-0.2820396668625704,2.0199966430664062,2.585399627685547,81.90699768066406,75.17531936645508,75.70119934082031,76.22707931518555,,,,,,,,,,0.0,0.0,0.0
2015-06-04,80.68000030517578,82.0999984741211,80.08000183105469,81.31999969482422,81.31999969482422,1203800,-0.2820396668625704,0.8277099056088632,2.6556072273093667,3.0725651358288277,2.8499753647448185,81.36400146484375,82.32700119018554,76.1543337504069,76.07100016276041,73.27649997711181,81.53103172899334,81.250240624105,78.20883101817329,75.59069607441357,73.45382795545734,80.9376668086403,78.6822741942567,2.255392614383595,2.3503197642826934,-2.926705930090465,2.926705930090465,2.926705930090465,2.926705930090465,-2.926705930090465,2.926705930090465,2.926705930090465,2.926705930090465,-2.926705930090465,3.7299957275390625,2.532399368286133,82.0999984741211,76.21911849975587,76.73619842529297,77.25327835083007,,,,,,,,,,0.0,0.0,0.0
2015-06-05,81.05999755859375,83.8499984741211,80.12000274658203,83.69999694824219,83.69999694824219,1801100,2.926705930090465,1.6439655415122703,2.8076249239289823,2.389182429407942,2.868976364791535,81.6740005493164,82.57100067138671,76.50200042724609,76.25016682942709,73.45829998016357,82.25402013540963,81.69565086485721,78.56309978785515,75.85657479158827,73.65672239095804,81.36264067627135,79.05395736121861,2.308683315052747,2.341992474436704,4.133810287486899,-4.133810287486899,-4.133810287486899,-4.133810287486899,4.133810287486899,-4.133810287486899,-4.133810287486899,-4.133810287486899,4.133810287486899,4.0189971923828125,2.64534912109375,83.8499984741211,76.5287198638916,77.03519973754882,77.54167961120605,,,,,,,,,,0.0,0.0,0.0
2015-06-08,83.41999816894531,83.76899719238281,79.75,80.23999786376953,80.23999786376953,2180100,-4.133810287486899,2.567271850084339,2.9007294005530357,2.597525653209661,2.9241803352455293,81.53399963378907,82.19200057983399,76.839333597819,76.36383349100748,73.6104999923706,81.58267937819627,81.43098668284127,78.6712867604948,76.00029358084012,73.78708428150877,81.18992639742491,79.14181221325943,2.0481141841654846,2.28321681638246,0.23678317182197536,-0.23678317182197536,-0.23678317182197536,-0.23678317182197536,0.23678317182197536,-0.23678317182197536,-0.23678317182197536,-0.23678317182197536,0.23678317182197536,3.4000015258789062,2.7073490142822267,83.76899719238281,78.03023040771484,78.55930023193359,79.08837005615234,,,,,,,,,,0.0,0.0,0.0
2015-06-09,80.51000213623047,81.0,77.5999984741211,80.05000305175781,80.05000305175781,2807700,-0.23678317182197536,2.567367043336395,2.8559091651525237,2.5118330877104835,2.9193998967082813,81.37200012207032,81.9510009765625,77.19533360799154,76.48850021362304,73.76510005950928,81.07178726938346,81.179898749917,78.7602361986408,76.13307094054234,73.91110247497905,81.01455357501459,79.20908560870375,1.805467966310843,2.187667046368137,-3.0605832040482204,3.0605832040482204,3.0605832040482204,3.0605832040482204,-3.0605832040482204,-3.0605832040482204,3.0605832040482204,3.0605832040482204,-3.0605832040482204,2.4499969482421875,2.737348937988281,81.0,77.81282936096191,78.35429916381835,78.89576896667481,1.0,1.0,1.0,77.81282936096191,78.35429916381835,78.89576896667481,80.05000305175781,80.05000305175781,80.05000305175781,2.8750704853797173,2.1641491354471634,1.462986038669003
2015-06-10,81.375,82.73999786376953,80.29000091552734,82.5,82.5,6108700,3.0605832040482204,2.9495981063223975,2.5551064306616746,2.581520374528439,2.8705656134495716,81.56199951171875,81.56100082397461,77.68333358764649,76.59133351643881,73.9462000656128,81.54785817958899,81.419917159023,79.00151128259947,76.34182271298357,74.08117965369233,81.24308379424312,79.45285704509607,1.7902267491470525,2.10817898692392,-0.6060606060606061,-0.6060606060606061,-0.6060606060606061,-0.6060606060606061,0.6060606060606061,-0.6060606060606061,-0.6060606060606061,-0.6060606060606061,0.6060606060606061,1.3489990234375,2.716299057006836,82.73999786376953,74.97783233642578,75.52530212402344,76.07277191162109,,,,,,,,,,0.0,0.0,0.0
2015-06-11,82.48999786376953,83.0,81.6510009765625,82.0,82.0,28866300,-0.6060606060606061,2.9681755222397426,2.0672515884412612,2.593544220172467,2.8641280050622075,81.6979995727539,81.53100051879883,78.12833353678386,76.66283353169759,74.10810009002685,81.698572119726,81.52538676647336,79.19496216759306,76.52733672239394,74.2379879773816,81.35953244128264,79.64153430101489,1.7179981402677527,2.0301428175926866,1.8414660197932544,1.8414660197932544,1.8414660197932544,1.8414660197932544,-1.8414660197932544,1.8414660197932544,1.8414660197932544,1.8414660197932544,-1.8414660197932544,1.9499969482421875,2.7050491333007813,83.0,76.76413993835449,77.30739974975586,77.85065956115723,,,,,,,,,,0.0,0.0,0.0
2015-06-12,81.98999786376953,83.69999694824219,81.75,83.51000213623047,83.51000213623047,2641000,1.8414660197932544,2.750855171400729,2.146823127103481,2.562049091506937,2.850076144944176,81.66000061035156,81.66700057983398,78.71500015258789,76.7220002492269,74.26360012054444,82.3023821252275,81.88622592461101,79.47335184298903,76.75627657202791,74.42159221815088,81.69037393281307,79.92808747399381,1.7622864588192613,1.9765715458380015,1.592625789764735,-1.592625789764735,-1.592625789764735,-1.592625789764735,1.592625789764735,-1.592625789764735,-1.592625789764735,-1.592625789764735,1.592625789764735,0.9399948120117188,2.6865489959716795,83.69999694824219,77.04889190673828,77.58990173339843,78.13091156005859,,,,,,,,,,0.0,0.0,0.0
2015-06-15,82.51000213623047,82.98999786376953,82.05000305175781,82.18000030517578,82.18000030517578,2640800,-1.592625789764735,1.904021812229673,2.157403936363491,2.5932300071267895,2.857976545448854,82.04800109863281,81.79100036621094,79.13433354695638,76.75200030008952,74.39700016021729,82.26158818521026,81.93963944835005,79.64797432442045,76.9341035796721,74.5752240614583,81.76570106702272,80.09489583185913,1.6708052351635843,1.9154182837031182,3.1272811940624408,3.1272811940624408,3.1272811940624408,3.1272811940624408,-3.1272811940624408,3.1272811940624408,3.1272811940624408,3.1272811940624408,-3.1272811940624408,2.8799972534179688,2.586048889160156,82.98999786376953,77.78958915710449,78.32689895629883,78.86420875549317,,,,,,,,,,0.0,0.0,0.0
2015-06-16,82.22000122070312,84.98999786376953,82.11000061035156,84.75,84.75,2476500,3.1272811940624408,2.1588503155437886,2.3452405111914554,2.456414359353385,2.8845215454974995,82.98800048828124,82.18000030517578,79.6596669514974,76.81783358256023,74.53840015411377,83.09105879014018,82.45061409410458,79.97713727123204,77.19036247869924,74.7767047731126,82.22482397978845,80.43971836283252,1.7851056169559314,1.889355750353681,-0.22419167127581122,-0.22419167127581122,-0.22419167127581122,-0.22419167127581122,0.22419167127581122,-0.22419167127581122,-0.22419167127581122,-0.22419167127581122,0.22419167127581122,1.9800033569335938,2.5605491638183593,84.98999786376953,77.30069030761719,77.81790008544922,78.33510986328125,,,,,,,,,,0.0,0.0,0.0
2015-06-17,84.80999755859375,85.06999969482422,83.08999633789062,84.55999755859375,84.55999755859375,1893600,-0.22419167127581122,1.9253975625972815,2.3517332326572817,2.45612862085213,2.8377111504330164,83.4,82.48099975585937,80.24266688028972,76.8256669362386,74.65030010223389,83.58070504629137,82.83413836037533,80.27280567686829,77.43198985836791,74.97043334312212,82.5840814534508,80.7449242291852,1.8391572242656054,1.879316045136066,0.10643799655125372,0.10643799655125372,0.10643799655125372,0.10643799655125372,-0.10643799655125372,0.10643799655125372,0.10643799655125372,0.10643799655125372,-0.10643799655125372,1.8369979858398438,2.5228992462158204,85.06999969482422,79.35678970336915,79.86889953613282,80.38100936889649,,,,,,,,,,0.0,0.0,0.0
2015-06-18,84.62999725341797,85.45999908447266,83.62300109863281,84.6500015258789,84.6500015258789,2013000,0.10643799655125372,1.84699354015997,2.3426251773314717,2.444777466179591,2.8340710946726317,83.93000030517578,82.81399993896484,80.76233367919922,76.84966697692872,74.76530010223388,83.93713720615389,83.1642952995578,80.55520540906252,77.66864597861418,75.16210796060246,82.90191531074744,81.03418921412548,1.8677260966219649,1.876998055433246,0.7087991297172798,0.7087991297172798,0.7087991297172798,0.7087991297172798,-0.7087991297172798,0.7087991297172798,0.7087991297172798,0.7087991297172798,-0.7087991297172798,1.9499969482421875,2.517399215698242,85.45999908447266,79.51962135314942,80.02420120239258,80.52878105163575,,,,,,,,,,0.0,0.0,0.0
2015-06-19,84.88999938964844,86.27999877929688,84.33000183105469,85.25,85.25,2833100,0.7087991297172798,1.7303620216005375,2.178928434829682,2.4468510558634984,2.664391890036095,84.27799987792969,82.96900024414063,81.08533376057943,76.98500035603841,74.88030010223389,84.37475813743593,83.54351433600183,80.8580953826714,77.91721496292192,75.36186819900637,83.26315910909399,81.34647149456062,1.916687614533373,1.8849359672532715,3.0029296875,3.0029296875,3.0029296875,3.0029296875,-3.0029296875,3.0029296875,3.0029296875,3.0029296875,3.0029296875,2.4899978637695312,2.5097492218017576,86.27999877929688,79.92172080993652,80.42520065307617,80.92868049621582,,,,,,,,,,0.0,0.0,0.0
2015-06-22,86.2699966430664,88.3499984741211,85.86000061035156,87.80999755859375,87.80999755859375,2663900,3.0029296875,1.6067361470801704,1.7203949093340418,2.4209805528117245,2.6887416559440696,85.40399932861328,83.72600021362305,81.46033376057943,77.1620002746582,75.00340007781982,85.51983794448854,84.31923855829127,81.30660520047284,78.24156849064886,75.6083658100873,83.96267271670933,81.82525120300751,2.137421513701824,1.9354330765429821,-2.8470562231046674,-2.8470562231046674,-2.8470562231046674,-2.8470562231046674,2.8470562231046674,-2.8470562231046674,-2.8470562231046674,-2.8470562231046674,-2.8470562231046674,3.1100006103515625,2.548249053955078,88.3499984741211,80.75855049133301,81.26050033569337,81.7624501800537,,,,,,,,,,0.0,0.0,0.0
2015-06-23,87.9000015258789,87.95999908447266,84.8499984741211,85.30999755859375,85.30999755859375,2469400,-2.8470562231046674,2.09617064131401,2.076393514986282,2.475293035419364,2.6983055714479356,85.51599884033203,84.25199966430664,81.81866709391277,77.26250025431315,75.09890003204346,85.44989114919028,84.49937655834627,81.56488857841615,78.47332026336836,75.8004773298597,84.16995346161463,82.08338056268056,2.0865728989340653,1.9656610410211988,-0.8439822310493025,-0.8439822310493025,-0.8439822310493025,-0.8439822310493025,0.8439822310493025,-0.8439822310493025,-0.8439822310493025,-0.8439822310493025,-0.8439822310493025,1.3199996948242188,2.4117488861083984,87.95999908447266,82.74385055541993,83.25350036621094,83.76315017700195,,,,,,,,,,0.0,0.0,0.0
2015-06-24,85.12999725341797,85.87999725341797,84.55999755859375,84.58999633789062,84.58999633789062,1488600,-0.8439822310493025,2.1416182422031347,1.9367719012461213,2.235549840629641,2.680863217948571,85.52199859619141,84.4609992980957,82.14666697184245,77.31566683451335,75.20609996795655,85.16325954542373,84.51585288189979,81.76005682096289,78.67386701991008,75.97452721120685,84.23457544258017,82.2690558052887,1.9655196372914645,1.965632760275252,0.46105572281278356,0.46105572281278356,0.46105572281278356,0.46105572281278356,-0.46105572281278356,0.46105572281278356,0.46105572281278356,0.46105572281278356,-0.46105572281278356,1.1100006103515625,2.2537487030029295,85.87999725341797,82.65415153503417,83.13650131225586,83.61885108947754,,,,,,,,,,0.0,0.0,0.0
2015-06-25,84.75,85.86000061035156,84.75,84.9800033569336,84.9800033569336,1391300,0.46105572281278356,2.150823945578172,1.9125514638036345,1.9486528107887828,2.665767150524558,85.58799896240234,84.75899963378906,82.48066711425781,77.40366694132487,75.36869998931884,85.10217414926035,84.60024387736048,81.96779530715455,78.88062558833708,76.15285347151827,84.349256660173,82.46986673504017,1.879389925132827,1.9483841932467671,-5.377735366318208,-5.377735366318208,-5.377735366318208,-5.377735366318208,5.377735366318208,-5.377735366318208,-5.377735366318208,-5.377735366318208,5.377735366318208,5.339996337890625,2.4057483673095703,85.86000061035156,80.92175010681153,81.37249984741212,81.8232495880127,,,,,,,,,,0.0,0.0,0.0
2015-06-26,84.8499984741211,85.0,79.66000366210938,80.41000366210938,80.41000366210938,20596300,-5.377735366318208,3.189259368453413,2.552518551783041,2.31173932183848,2.755021983544394,84.61999969482422,84.44899978637696,82.59500045776367,77.43050028483073,75.48760005950928,83.53811732021003,83.83838202004209,81.86729262037744,78.93076913173944,76.23715347529235,83.74321773739398,82.31728428519344,1.425933452200539,1.8438940450375214,-1.678903173774847,-1.678903173774847,-1.678903173774847,-1.678903173774847,1.678903173774847,1.678903173774847,-1.678903173774847,-1.678903173774847,1.678903173774847,3.8600006103515625,2.4350982666015626,85.0,80.56735420227051,81.04850387573242,81.52965354919434,1.0,1.0,1.0,80.56735420227051,81.04850387573242,81.52965354919434,80.41000366210938,80.41000366210938,80.41000366210938,-0.1953030997717664,-0.7878001234939845,-1.3733038696274764
2015-06-29,78.75,81.69000244140625,77.83000183105469,79.05999755859375,79.05999755859375,2892500,-1.678903173774847,2.2139583117157264,2.5573345473196514,2.3187136785604965,2.7588010310322724,82.86999969482422,84.13699951171876,82.67900034586589,77.4516668955485,75.59490001678466,82.04541073300462,82.9695848452333,81.6861768099398,78.93500612934122,76.29305137793197,83.02272232527086,82.07600378692679,0.9467185383440722,1.6644589436988317,-1.5304820665797383,1.5304820665797383,1.5304820665797383,1.5304820665797383,-1.5304820665797383,-1.5304820665797383,1.5304820665797383,1.5304820665797383,-1.5304820665797383,2.4229965209960938,2.4582481384277344,81.69000244140625,79.64278381347657,80.12980346679687,80.61682312011719,1.0,1.0,1.0,78.75,78.75,78.75,79.05999755859375,79.05999755859375,79.05999755859375,0.39364769345238093,0.39364769345238093,0.39364769345238093
2015-06-30,80.0,81.0,78.5770034790039,80.2699966430664,80.2699966430664,1955200,1.5304820665797383,2.6468167173988144,2.3576946485645585,2.346899714959977,2.7559120120656915,81.86199951171875,83.68899917602539,82.67800013224284,77.51433347066244,75.72369998931885,81.45360603635855,82.4787506266575,81.59481034756087,78.97877631011909,76.37180276932077,82.59922606647018,81.94222547997418,0.6570005864959967,1.462967272258265,-0.11212653674993103,0.11212653674993103,0.11212653674993103,0.11212653674993103,-0.11212653674993103,-0.11212653674993103,0.11212653674993103,0.11212653674993103,-0.11212653674993103,2.2399978637695312,2.519898223876953,81.0,76.28185653686523,76.77350616455078,77.26515579223633,,,,,,,,,,0.0,0.0,0.0
2015-07-01,81.25,82.25,80.01000213623047,80.36000061035156,80.36000061035156,1639100,0.11212653674993103,2.711082944145803,2.3647114439256507,2.3383825888277943,2.6945972098507385,81.01600036621093,83.26899948120118,82.6866668701172,77.6331667582194,75.86840000152588,81.08907089435623,82.09352335096551,81.51514520322478,79.02406235274967,76.45077698399464,82.25472984245192,81.82502363777992,0.4297062046720015,1.2563150587410123,-1.2444001896525436,1.2444001896525436,1.2444001896525436,1.2444001896525436,-1.2444001896525436,-1.2444001896525436,1.2444001896525436,1.2444001896525436,-1.2444001896525436,1.350006103515625,2.486398696899414,82.25,75.4562239074707,75.9602035522461,76.46418319702148,,,,,,,,,,0.0,0.0,0.0
2015-07-02,80.72000122070312,81.55000305175781,80.19999694824219,81.36000061035156,81.36000061035156,1151400,1.2444001896525436,2.835712901539733,2.4228719169451884,2.355166901547811,2.696282403336447,80.29199981689453,82.93999938964843,82.69366683959962,77.77516682942708,76.04459999084473,81.179380799688,81.96015557994478,81.50513587465232,79.10065049234316,76.54798933303141,82.11707919135957,81.79057748760005,0.3265017037595186,1.0703523877447136,1.6838775028324222,-1.6838775028324222,-1.6838775028324222,-1.6838775028324222,1.6838775028324222,1.6838775028324222,-1.6838775028324222,-1.6838775028324222,1.6838775028324222,3.345001220703125,2.4671489715576174,81.55000305175781,76.7799228668213,77.27720260620117,77.77448234558105,,,,,,,,,,0.0,0.0,0.0
2015-07-06,80.33000183105469,81.93499755859375,78.58999633789062,79.98999786376953,79.98999786376953,2121600,-1.6838775028324222,1.542106277367078,2.4227750253880704,2.281092804224804,2.6910345209160833,80.20799865722657,82.41399917602538,82.65133336385091,77.86450017293295,76.19430000305175,80.78291982104852,81.60194508609473,81.40738503524054,79.12980942255386,76.6161479177985,81.78983591019187,81.65720121916816,0.13263469102371062,0.8828088484005131,0.05000739666910488,0.05000739666910488,-0.05000739666910488,-0.05000739666910488,0.05000739666910488,0.05000739666910488,-0.05000739666910488,-0.05000739666910488,0.05000739666910488,6.069999694824219,2.5696990966796873,81.93499755859375,76.12227531433105,76.61570510864257,77.1091349029541,,,,,,,,,,0.0,0.0,0.0
2015-07-07,80.29000091552734,80.43000030517578,74.36000061035156,79.94999694824219,79.94999694824219,3085800,-0.05000739666910488,1.2723486933518433,2.086163607032898,2.084909413384422,2.6834117562350555,80.38599853515625,81.62799911499023,82.51533330281576,77.9706667582194,76.34629997253418,80.50527886344642,81.30159087921244,81.31335999736969,79.15670081683872,76.68216473028254,81.5067837621996,81.530741643544,-0.023957881344401244,0.7014555024515302,6.591615815167676,6.591615815167676,-6.591615815167676,-6.591615815167676,6.591615815167676,6.591615815167676,6.591615815167676,-6.591615815167676,6.591615815167676,2.968994140625,2.5481487274169923,80.43000030517578,76.28165954589844,76.79559936523438,77.30953918457031,1.0,1.0,1.0,76.28165954589844,76.79559936523438,77.30953918457031,79.94999694824219,79.94999694824219,79.94999694824219,4.808937592838453,4.107523880379809,3.4154359106552103
2015-07-08,77.43000030517578,77.44999694824219,74.48100280761719,74.68000030517578,74.68000030517578,3271800,-6.591615815167676,3.087682291843615,2.7135466660204326,2.554652794893995,2.816400544505269,79.26799926757812,80.56499938964843,82.25600001017253,78.0048334757487,76.43110000610352,78.56351934402288,80.09766532029668,80.88540130755074,79.00992375088256,76.6425179099834,80.45650938419594,81.02327932218338,-0.5667699379874449,0.4478104143637352,0.06695641611338743,0.06695641611338743,-0.06695641611338743,-0.06695641611338743,0.06695641611338743,0.06695641611338743,0.06695641611338743,-0.06695641611338743,0.06695641611338743,2.9399948120117188,2.572648620605469,77.44999694824219,74.8240731048584,75.3337028503418,75.84333259582519,1.0,1.0,1.0,74.8240731048584,75.3337028503418,75.84333259582519,74.68000030517578,74.68000030517578,74.68000030517578,-0.19254872623776417,-0.8677424850131961,-1.5338623064586208
2015-07-09,76.30000305175781,77.2699966430664,74.33000183105469,74.62999725341797,74.62999725341797,2010600,-0.06695641611338743,3.066814904178843,2.738676411132518,2.4298202346937736,2.788516460930042,78.1219985961914,79.56899948120117,81.86366653442383,78.07366676330567,76.47709999084472,77.25234531382125,79.10354385359146,80.4818268524454,78.8663196034247,76.60266601579399,79.56012290253778,80.5497028726452,-0.9895799701074139,0.16033233746950537,-2.05012255795217,-2.05012255795217,2.05012255795217,2.05012255795217,-2.05012255795217,-2.05012255795217,-2.05012255795217,2.05012255795217,-2.05012255795217,2.7900009155273438,2.644698715209961,77.2699966430664,71.79016998291016,72.30469970703125,72.81922943115234,,,,,,,,,,0.0,0.0,0.0
2015-07-10,75.22000122070312,76.5,73.70999908447266,76.16000366210938,76.16000366210938,2365800,2.05012255795217,3.2576750657706213,2.8884236878035234,2.493820648435804,2.7989467413598628,77.08199920654297,78.68699951171875,81.65899988810222,78.16116676330566,76.54430000305176,76.8882314299173,78.56835472786744,80.20299954984307,78.77758793321763,76.59390042463191,79.03702763477958,80.22453996816107,-1.1875123333814912,-0.10923659670069397,-0.5908573090918416,-0.5908573090918416,0.5908573090918416,0.5908573090918416,-0.5908573090918416,-0.5908573090918416,-0.5908573090918416,0.5908573090918416,-0.5908573090918416,2.970001220703125,2.695698928833008,76.5,71.4516594696045,71.98059921264648,72.50953895568847,,,,,,,,,,0.0,0.0,0.0
2015-07-13,77.16999816894531,78.20999908447266,75.23999786376953,76.61000061035156,76.61000061035156,1397400,0.5908573090918416,3.3428814014071686,2.48332022565393,2.4516021371066015,2.7983566016164825,76.40599975585937,78.30699920654297,81.47433319091797,78.24700012207032,76.635,76.79548782339539,78.21229034286455,79.97119316665008,78.70651949640234,76.59421924019071,78.66363886179066,79.95679631202704,-1.2931574502363787,-0.34602076740783094,-1.7621700344154307,-1.7621700344154307,1.7621700344154307,1.7621700344154307,-1.7621700344154307,-1.7621700344154307,-1.7621700344154307,1.7621700344154307,-1.7621700344154307,1.589996337890625,2.728199005126953,78.20999908447266,70.56946235656739,71.10860214233398,71.64774192810059,,,,,,,,,,0.0,0.0,0.0
2015-07-14,77.13999938964844,78.5199966430664,76.93000030517578,77.95999908447266,77.95999908447266,1047500,1.7621700344154307,3.5388506019532335,2.532700751225293,2.4803876242949667,2.792136660119952,76.00800018310547,78.19699935913086,81.37499974568685,78.3785001118978,76.76159996032715,77.18365824375448,78.16641920497511,79.84143870973541,78.68204341732267,76.62126438562203,78.55538658835711,79.80888540628227,-1.2534988179251627,-0.5275163775112973,0.10261907644201283,0.10261907644201283,-0.10261907644201283,-0.10261907644201283,0.10261907644201283,0.10261907644201283,0.10261907644201283,-0.10261907644201283,0.10261907644201283,1.6729965209960938,2.6678489685058593,78.5199966430664,72.20796127319336,72.75360107421875,73.29924087524414,,,,,,,,,,0.0,0.0,0.0
2015-07-15,78.5999984741211,79.0999984741211,77.427001953125,77.87999725341797,77.87999725341797,1050700,-0.10261907644201283,1.0109081899320036,2.466949944869852,2.3518811515585067,2.772180825946249,76.6479995727539,77.95799942016602,81.27566630045573,78.47633336385091,76.88869995117187,77.41577124697565,78.11434248651017,79.71489409965042,78.65574682178482,76.64618978894471,78.45148053682802,79.6660048023664,-1.2145242655383868,-0.6649179551167153,-3.030303920880002,-3.030303920880002,3.030303920880002,3.030303920880002,-3.030303920880002,-3.030303920880002,-3.030303920880002,3.030303920880002,-3.030303920880002,2.8199996948242188,2.7098487854003905,79.0999984741211,72.65072891235351,73.18429870605469,73.71786849975587,,,,,,,,,,0.0,0.0,0.0
2015-07-16,78.06999969482422,80.5199966430664,77.69999694824219,80.23999786376953,80.23999786376953,1501000,3.030303920880002,1.2351521167393098,2.6809543922595855,2.4737432273847517,2.7750576029300538,77.76999969482422,77.94599914550781,81.23199946085612,78.57916666666667,77.04059989929199,78.35718011924028,78.5008252823755,79.74877176185166,78.70768947889907,76.71735430527788,78.72663704866517,79.70852280691479,-0.9818857582496179,-0.7283115157432958,1.7198371013928875,1.7198371013928875,-1.7198371013928875,-1.7198371013928875,1.7198371013928875,1.7198371013928875,1.7198371013928875,-1.7198371013928875,1.7198371013928875,2.69000244140625,2.752499008178711,80.5199966430664,73.13833114624023,73.68030090332032,74.2222706604004,,,,,,,,,,0.0,0.0,0.0
2015-07-17,80.13999938964844,80.79000091552734,78.0999984741211,78.86000061035156,78.86000061035156,1327600,-1.7198371013928875,1.8075882756155417,2.6941633413509702,2.494209084232146,2.785248259921821,78.30999908447265,77.69599914550781,81.14999949137369,78.6521666208903,77.1357999420166,78.52478694961071,78.56612988746205,79.69143168756133,78.71268328648767,76.75978294498232,78.74715451969384,79.64566931087306,-0.898514791179224,-0.7623521708304815,-2.739035817133689,2.739035817133689,-2.739035817133689,-2.739035817133689,2.739035817133689,2.739035817133689,2.739035817133689,-2.739035817133689,2.739035817133689,3.0800018310546875,2.808999252319336,80.79000091552734,74.46449882507324,75.01499862670899,75.56549842834472,,,,,,,,,,0.0,0.0,0.0
2015-07-20,78.5,79.58000183105469,76.5,76.69999694824219,76.69999694824219,2117600,-2.739035817133689,2.384743282180056,2.77479142007946,2.5378764448063698,2.8008412313612068,78.32799835205078,77.36699905395508,80.91666615804037,78.70933329264322,77.2306999206543,77.9165236158212,78.22683298942206,79.49843589792783,78.64669357047963,76.75859906385874,78.43220720100896,79.4274713580856,-0.9952641570766332,-0.8089345680797118,0.977835762504797,-0.977835762504797,0.977835762504797,0.977835762504797,-0.977835762504797,-0.977835762504797,-0.977835762504797,0.977835762504797,-0.977835762504797,2.5399932861328125,2.8114990234375,79.58000183105469,74.61020256042481,75.17200241088867,75.73380226135254,,,,,,,,,,0.0,0.0,0.0
2015-07-21,76.22000122070312,77.94999694824219,75.41000366210938,77.44999694824219,77.44999694824219,1692300,0.977835762504797,2.2665145274686385,2.807369488000051,2.4289994065335896,2.7421310375511134,78.22599792480469,77.11699905395508,80.82366612752278,78.8314998626709,77.28989990234375,77.7610147266282,78.0855900728439,79.36627854633522,78.60745761565218,76.77229011107426,78.28109793135253,79.28099177217126,-0.9998938408187286,-0.8471264226275151,-4.234988907086482,4.234988907086482,-4.234988907086482,-4.234988907086482,4.234988907086482,4.234988907086482,4.234988907086482,-4.234988907086482,4.234988907086482,3.8699951171875,2.849498748779297,77.94999694824219,73.39470397949219,73.95700378417969,74.51930358886719,,,,,,,,,,0.0,0.0,0.0
2015-07-22,72.55000305175781,74.87999725341797,71.01000213623047,74.16999816894531,74.16999816894531,3345600,-4.234988907086482,2.9216003379361575,2.265345710901665,2.514968884447745,2.796923672264,77.48399810791015,77.06599884033203,80.62766596476237,78.91149978637695,77.33759986877442,76.56400920740057,77.37366427213506,79.03103465101975,78.46196714198965,76.72075957756675,77.64862104482835,78.90239965341378,-1.253778608585435,-0.9284568598190992,1.4426314159897382,-1.4426314159897382,1.4426314159897382,1.4426314159897382,1.4426314159897382,-1.4426314159897382,-1.4426314159897382,1.4426314159897382,-1.4426314159897382,2.779998779296875,2.9224987030029297,74.87999725341797,71.68109970092773,72.2509994506836,72.82089920043946,1.0,1.0,1.0,71.68109970092773,72.2509994506836,72.55000305175781,74.16999816894531,74.16999816894531,74.16999816894531,3.4721823164012764,2.6560168480043944,2.2329359738714016
2015-07-23,74.70999908447266,77.22000122070312,74.44000244140625,75.23999786376953,75.23999786376953,1777400,1.4426314159897382,2.4270115372175862,2.3135218163097724,2.5580816558491537,2.7849000470750522,76.48399810791015,77.12699890136719,80.38566589355469,79.03449974060058,77.3964998626709,76.1226720928569,76.9857249251595,78.78645163248748,78.35632880499881,76.69143756343216,77.27806363235776,78.63111063195865,-1.3530469996008918,-1.0133748877754578,3.9340765131759667,3.9340765131759667,-3.9340765131759667,-3.9340765131759667,-3.9340765131759667,3.9340765131759667,3.9340765131759667,-3.9340765131759667,3.9340765131759667,4.970001220703125,3.115498733520508,77.22000122070312,68.45050010681152,69.03499984741211,69.6194995880127,,,,,,,,,,0.0,0.0,0.0
2015-07-24,76.51000213623047,77.16999816894531,72.19999694824219,72.27999877929688,72.27999877929688,1951500,-3.9340765131759667,2.7177089643428594,2.519478050418336,2.6534642238717328,2.8326649560153863,75.16799774169922,76.73899841308594,80.06166585286458,79.09499969482422,77.41089988708497,74.8417809883369,76.13013835318448,78.36668048066873,78.15710486972989,76.60408233998393,76.5091305780407,78.16065790213185,-1.6515273240911483,-1.141005375038596,3.2374050600577333,3.2374050600577333,-3.2374050600577333,-3.2374050600577333,-3.2374050600577333,3.2374050600577333,3.2374050600577333,-3.2374050600577333,3.2374050600577333,2.4399948120117188,2.9704986572265626,77.16999816894531,70.365904006958,70.9890037536621,71.6121035003662,,,,,,,,,,0.0,0.0,0.0
2015-07-27,71.44999694824219,71.44999694824219,69.01000213623047,69.94000244140625,69.94000244140625,1926400,-3.2374050600577333,2.774012332808983,2.625174311888442,2.4964466880260234,2.81571843034251,73.81599884033203,76.0719985961914,79.60933252970378,79.16216634114583,77.39009994506836,73.20785480602669,75.00465909649752,77.82302383297439,77.88769167535861,76.47212036179427,75.49849548009693,77.55172046059663,-2.0532249804996923,-1.3234492961308153,-1.1581320136102984,-1.1581320136102984,1.1581320136102984,1.1581320136102984,1.1581320136102984,-1.1581320136102984,-1.1581320136102984,-1.1581320136102984,-1.1581320136102984,2.5839996337890625,2.9066986083984374,71.44999694824219,70.63490112304687,71.22900085449218,71.8231005859375,1.0,1.0,1.0,70.63490112304687,71.22900085449218,71.44999694824219,69.94000244140625,69.94000244140625,69.94000244140625,-0.9837894165521676,-1.8096539297513419,-2.1133583923450208
2015-07-28,70.5,71.08399963378906,68.5,70.75,70.75,1371700,1.1581320136102984,2.8198954062289636,2.5639754006283337,2.5163213710116072,2.726704283906669,72.47599945068359,75.35099868774414,79.22833251953125,79.18133303324382,77.35249992370605,72.38856987068446,74.23108471531614,77.36669971471798,77.653668997478,76.35881104769933,74.76795771392817,77.04788931536726,-2.2799316014390882,-1.5147457571924698,0.395757991939046,0.395757991939046,-0.395757991939046,-0.395757991939046,-0.395757991939046,0.395757991939046,0.395757991939046,0.395757991939046,0.395757991939046,1.9099960327148438,2.881048583984375,71.08399963378906,65.05526000976562,65.63659973144532,66.217939453125,,,,,,,,,,0.0,0.0,0.0
2015-07-29,70.33000183105469,70.8499984741211,68.94000244140625,70.47000122070312,70.47000122070312,2562700,-0.395757991939046,2.480103427525794,2.5550500856994156,2.4700225009636685,2.724600541540759,71.73600006103516,74.60999908447266,78.75233256022135,79.20599975585938,77.32739990234376,71.74904698735736,73.54725135265923,76.92175142478153,77.4181389064362,76.24220095211525,74.10673363804739,76.56063834539215,-2.453904707344762,-1.7025775472229283,14.169150613577832,14.169150613577832,14.169150613577832,-14.169150613577832,-14.169150613577832,14.169150613577832,14.169150613577832,14.169150613577832,14.169150613577832,5.248001098632827,3.03144874572754,70.8499984741211,64.74569274902343,65.32190246582032,65.89811218261718,,,,,,,,,,0.0,0.0,0.0
2015-07-30,60.65000152587891,62.34799957275391,57.09999847412109,60.48500061035156,60.48500061035156,10331400,-14.169150613577832,5.99014880807571,4.564987319023831,3.8986006465570053,3.2689492151941137,68.78500061035156,72.63449935913086,77.94983266194662,79.09624977111817,77.18394989013672,67.99436486168877,71.17229667223965,75.86131588836669,76.86295404426949,75.93017718297142,72.01108240301726,75.36985036501878,-3.3587679620015223,-2.033815630178647,4.191121471160675,4.191121471160675,4.191121471160675,-4.191121471160675,-4.191121471160675,4.191121471160675,4.191121471160675,4.191121471160675,4.191121471160675,3.150001525878899,3.1214485168457036,62.34799957275391,64.1808112335205,64.78710098266602,65.39339073181152,1.0,1.0,1.0,60.65000152587891,60.65000152587891,60.65000152587891,60.48500061035156,60.48500061035156,60.48500061035156,-0.2720542644289072,-0.2720542644289072,-0.2720542644289072
2015-07-31,60.61000061035156,60.79000091552734,57.63999938964844,57.95000076293945,57.95000076293945,4389300,-4.191121471160675,5.989303856079536,4.573805902615856,3.898896273075534,3.2850299501268285,65.91900100708008,70.54349937438965,77.0598326365153,78.91108315785726,77.04194988250732,64.646243495439,68.7682428705487,74.7057471705972,76.24285721537342,75.57413408554505,69.84783907377451,74.07949113523512,-4.231652061460608,-2.4733829164350394,0.7420194987310125,0.7420194987310125,0.7420194987310125,-0.7420194987310125,-0.7420194987310125,0.7420194987310125,0.7420194987310125,0.7420194987310125,0.7420194987310125,2.0600013732910156,3.057198524475098,60.79000091552734,55.480812835693364,56.10510253906251,56.72939224243164,,,,,,,,,,0.0,0.0,0.0
2015-08-03,57.52000045776367,58.61000061035156,56.54999923706055,57.52000045776367,57.52000045776367,3662900,-0.7420194987310125,6.186846938206801,4.626475128549605,3.9035815118918262,3.03124460459475,63.435000610351565,68.6254997253418,76.13549931844075,78.6104165395101,76.88764991760254,62.270829149547225,66.72310788640597,73.59698931815633,75.62899305938622,75.21662648895533,67.95124851746515,72.85286219616316,-4.901613678698013,-2.9590290688876344,4.276771670540929,4.276771670540929,4.276771670540929,-4.276771670540929,-4.276771670540929,4.276771670540929,4.276771670540929,4.276771670540929,4.276771670540929,3.7700004577636648,2.94219856262207,58.61000061035156,54.06416416168212,54.67560386657714,55.28704357147216,,,,,,,,,,0.0,0.0,0.0
2015-08-04,56.68000030517578,58.13999938964844,54.36999893188477,55.06000137329102,55.06000137329102,5794800,-4.276771670540929,5.574044682443999,4.453395394712212,3.931949775069183,3.06312352339418,60.297000885009766,66.38650016784668,75.04383277893066,78.25208326975505,76.70404994964599,59.86721989079516,64.60254306583961,72.40105461203599,74.9545998893503,74.81748539755604,65.96797972605374,71.53487250558004,-5.566892779526299,-3.480601811015368,0.4177252751539257,0.4177252751539257,0.4177252751539257,-0.4177252751539257,-0.4177252751539257,0.4177252751539257,0.4177252751539257,0.4177252751539257,0.4177252751539257,2.5800018310546875,2.9227489471435546,58.13999938964844,52.13716377258301,52.72560348510742,53.31404319763183,,,,,,,,,,0.0,0.0,0.0
2015-08-05,55.15999984741211,56.83000183105469,54.25,54.83000183105469,54.83000183105469,4186000,-0.4177252751539257,5.569756787775032,4.523401881435772,3.7725641777743704,3.0505487858194273,57.16900100708008,64.45250053405762,74.02783292134603,77.92325000762939,76.5266499710083,58.18814720421501,62.82571738678781,71.26743830358558,74.29477700219307,74.42169364376393,64.25444466528465,70.29747467783743,-6.0430300125527765,-3.99308745132285,5.471457048722651,5.471457048722651,5.471457048722651,-5.471457048722651,-5.471457048722651,5.471457048722651,5.471457048722651,5.471457048722651,5.471457048722651,4.030002593994141,2.977249336242676,56.83000183105469,51.70995170593262,52.29450149536133,52.87905128479004,,,,,,,,,,0.0,0.0,0.0
2015-08-06,54.72999954223633,54.83000183105469,50.79999923706055,51.83000183105469,51.83000183105469,3198800,-5.471457048722651,2.2870106546393836,4.313432827902386,3.8600178979291897,3.116560319582092,55.438001251220705,62.111500930786136,72.9358331044515,77.54125003814697,76.2816499710083,56.06876541316157,60.82649637665451,70.01341014406746,73.55822699658198,73.9743334098489,62.342991921556965,68.92951372622389,-6.586521804666923,-4.511774321991664,-0.7138701887196838,-0.7138701887196838,-0.7138701887196838,0.7138701887196838,0.7138701887196838,-0.7138701887196838,-0.7138701887196838,-0.7138701887196838,-0.7138701887196838,2.0699996948242188,2.9412492752075194,54.83000183105469,50.2800532913208,50.87550315856934,51.47095302581787,,1.0,1.0,,50.87550315856934,51.47095302581787,,51.83000183105469,51.83000183105469,0.0,1.8761459115408805,0.6975755919202004
2015-08-07,51.54000091552734,53.06999969482422,51.0,52.20000076293945,52.20000076293945,1874100,0.7138701887196838,2.677609367982332,4.515269449200686,3.8022587526319453,3.1190376060427965,54.288001251220706,60.10350112915039,71.84316635131836,77.16191673278809,76.02654998779298,54.77917719642087,59.25804262870632,68.86415792593019,72.85795728400353,73.54315850594969,60.78253174330812,67.69029054375838,-6.90775880045026,-4.990971217683384,-4.4635976672468995,-4.4635976672468995,-4.4635976672468995,4.4635976672468995,4.4635976672468995,-4.4635976672468995,-4.4635976672468995,-4.4635976672468995,-4.4635976672468995,1.9300003051757741,2.889249229431152,53.06999969482422,48.35925342559814,48.94750328063965,49.535753135681155,,,,,,,,,,0.0,0.0,0.0
2015-08-10,53.18000030517578,55.09999847412109,53.16999816894531,54.52999877929688,54.52999877929688,2160600,4.4635976672468995,3.9955734430164056,5.107650044639816,4.022540673867761,3.158352721342633,53.69000091552734,58.56250076293945,70.98049952189128,76.78774998982747,75.77224998474121,54.69611772404621,58.398398292450054,67.93937346485707,72.25704061171807,73.16666029354072,59.8206035949987,66.71545411676124,-6.894850521762535,-5.371747078499214,1.2286781293670124,1.2286781293670124,1.2286781293670124,-1.2286781293670124,-1.2286781293670124,1.2286781293670124,1.2286781293670124,1.2286781293670124,1.2286781293670124,1.779998779296882,2.898749351501465,55.09999847412109,46.71365139007568,47.29150123596192,47.869351081848144,,,,,,,,,,0.0,0.0,0.0
2015-08-11,53.5,54.90999984741211,53.13000106811523,53.86000061035156,53.86000061035156,2311300,-1.2286781293670124,3.5812454775603273,4.980577840317003,3.9456659685796636,3.159666228067759,53.45000076293945,56.87350082397461,70.14049962361653,76.40974998474121,75.50705001831055,54.41741201948133,57.57323507752305,67.03102682908253,71.653858972329,72.7843502008043,58.90358775120683,65.76319830147163,-6.859610550264804,-5.669319772852333,-5.755659931287301,-5.755659931287301,-5.755659931287301,5.755659931287301,5.755659931287301,-5.755659931287301,-5.755659931287301,-5.755659931287301,-5.755659931287301,5.889999389648423,3.1095994949340815,54.90999984741211,48.72274990081786,49.30249977111816,49.88224964141845,,,,,,,,,,0.0,0.0,0.0
2015-08-12,52.7400016784668,57.59999847412109,51.70999908447266,56.95999908447266,56.95999908447266,3350700,5.755659931287301,4.511756390857517,5.618218467014244,4.278132435284514,3.1860615347769166,53.876000213623044,55.522500610351564,69.36349970499674,76.02074991861979,75.2686499786377,55.26494104114511,57.46173762424117,66.38128310362384,71.1720930743665,72.47099671335218,58.6045741101708,65.11110947058282,-6.506535360412016,-5.8367628903642705,-2.387641559359316,-2.387641559359316,-2.387641559359316,2.387641559359316,2.387641559359316,-2.387641559359316,-2.387641559359316,-2.387641559359316,-2.387641559359316,3.8400001525878906,3.160599517822265,57.59999847412109,48.06888095855713,48.69080085754395,49.312720756530766,,,,,,,,,,0.0,0.0,0.0
2015-08-13,57.22999954223633,59.68000030517578,55.84000015258789,58.31999969482422,58.31999969482422,3508200,2.387641559359316,2.807475920927235,3.747375610863955,4.244908796849497,3.207956335670452,55.17399978637695,55.306000518798825,68.6288330078125,75.65774993896484,75.01095001220703,56.28329392570481,57.61778527343808,65.86120030305612,70.75071296356184,72.19077895060906,58.56079343088671,64.6080643020081,-6.047270871121391,-5.878864486515695,0.13717081065849446,0.13717081065849446,0.13717081065849446,-0.13717081065849446,-0.13717081065849446,0.13717081065849446,0.13717081065849446,0.13717081065849446,0.13717081065849446,2.3699989318847585,3.1445993423461904,59.68000030517578,50.6466795349121,51.278799438476554,51.91091934204101,,,,,,,,,,0.0,0.0,0.0
2015-08-14,57.58000183105469,58.68000030517578,56.31000137329102,58.2400016784668,58.2400016784668,2517100,-0.13717081065849446,2.958394047976593,3.490197857092597,4.255195750625703,3.1997293361150794,56.38199996948242,55.335000610351564,67.85816637674968,75.27591660817464,74.76125003814697,56.935529843292144,57.73091552889784,65.36951006921166,70.34052570831282,71.91452593531912,58.51144085359134,64.13635595952357,-5.6249151059322315,-5.828074610399003,0.0686763387317577,-0.0686763387317577,-0.0686763387317577,0.0686763387317577,0.0686763387317577,-0.0686763387317577,-0.0686763387317577,-0.0686763387317577,0.0686763387317577,1.0800018310546946,3.044599342346191,58.68000030517578,52.76188175201416,53.3908016204834,54.01972148895264,,,,,,,,,,0.0,0.0,0.0
2015-08-17,57.70999908447266,58.43000030517578,57.34999847412109,58.27999877929688,58.27999877929688,1251400,0.0686763387317577,2.7833316153066754,3.4777383992545516,4.255488392162669,3.199516128453701,57.13199996948242,55.411000442504886,67.13449974060059,74.89291655222574,74.57275005340576,57.383686155293724,57.83074884715221,64.91212224405587,69.94509859588608,71.6445352985662,58.475834380622956,63.702551723951224,-5.226717343328268,-5.707803156984856,-4.032255530787525,4.032255530787525,4.032255530787525,-4.032255530787525,-4.032255530787525,4.032255530787525,4.032255530787525,4.032255530787525,-4.032255530787525,2.0900001525878906,3.0220996856689446,58.43000030517578,51.98188175201416,52.5908016204834,53.19972148895264,,,,,,,,,,0.0,0.0,0.0
2015-08-18,57.59999847412109,57.93999862670898,55.84999847412109,55.93000030517578,55.93000030517578,1585700,-4.032255530787525,3.600091175597293,3.443568313461962,4.263446091743161,3.1896236955878003,57.545999908447264,55.49800033569336,66.33383318583171,74.42458324432373,74.36015003204346,56.89912420525442,57.48515820315649,64.33263050606361,69.48558717651852,71.33335638780599,58.08416759978493,63.1268071744123,-5.042639574627373,-5.57477044051336,-0.6079030050647557,0.6079030050647557,0.6079030050647557,-0.6079030050647557,-0.6079030050647557,0.6079030050647557,0.6079030050647557,0.6079030050647557,-0.6079030050647557,1.8400001525878835,2.920599937438964,57.93999862670898,51.7813809967041,52.38580093383789,52.99022087097168,,,,,,,,,,0.0,0.0,0.0
2015-08-19,55.90000152587891,56.84999847412109,55.0099983215332,55.59000015258789,55.59000015258789,1819900,-0.6079030050647557,2.306272771550038,3.4479439320594403,4.218966403598137,3.1854391351918085,57.27200012207031,55.57400016784668,65.6974998474121,73.97674992879232,74.12325004577637,56.46274952103225,57.14058401214402,63.768589838097434,69.02999415934046,71.02160675938583,57.70044953098538,62.568525172795674,-4.868075641810293,-5.433431480772747,-5.8103967141039154,5.8103967141039154,5.8103967141039154,5.8103967141039154,-5.8103967141039154,5.8103967141039154,5.8103967141039154,5.8103967141039154,-5.8103967141039154,3.125,2.93784999847412,56.84999847412109,51.51467876434326,52.09879875183105,52.68291873931884,,,,,,,,,,0.0,0.0,0.0
2015-08-20,54.61000061035156,55.35499954223633,52.22999954223633,52.36000061035156,52.36000061035156,2399500,-5.8103967141039154,2.6590783913280998,3.51088537754246,4.2782667730163615,3.1755432609641248,56.08000030517578,55.62700004577637,64.95516662597656,73.4094165802002,73.8328500366211,55.09516655080536,56.27138702999993,63.032551823404155,68.48343699379984,70.65207000395941,56.878842004734025,61.812338168170186,-4.9334961634361605,-5.333444417305429,-4.526353904236237,4.526353904236237,4.526353904236237,4.526353904236237,-4.526353904236237,4.526353904236237,4.526353904236237,4.526353904236237,-4.526353904236237,2.1300010681152344,2.7958499908447254,55.35499954223633,50.38672847747802,50.974298477172844,51.56186847686767,,,,,,,,,,0.0,0.0,0.0
2015-08-21,51.83000183105469,51.9900016784668,49.86000061035156,49.9900016784668,49.9900016784668,3704000,-4.526353904236237,2.570547396679521,3.7979195673776442,4.296517719701314,3.171030270925464,54.43000030517578,55.4060001373291,64.08283322652181,72.87091655731201,73.53575008392335,53.39344492669251,55.129316966084815,62.19109697534368,67.8770948523135,70.24292013612786,55.819020416077535,60.93660953930327,-5.117589123225734,-5.2902733584894905,2.9805993767522025,2.9805993767522025,2.9805993767522025,2.9805993767522025,-2.9805993767522025,2.9805993767522025,2.9805993767522025,2.9805993767522025,-2.9805993767522025,6.069999694824219,2.9773502349853507,51.9900016784668,49.20412956237793,49.763299560546876,50.322469558715824,,,1.0,,,50.322469558715824,,,49.9900016784668,0.0,0.0,-0.660674810208005
2015-08-24,45.5,51.06999969482422,45.0,48.5,48.5,3978200,-2.9805993767522025,1.953635744432883,3.4605162257566304,4.292172420063963,3.1827050844988483,52.47400054931641,54.80300025939941,63.14583320617676,72.31008319854736,73.23275005340577,51.76229661779501,53.92398660861485,61.30780039628925,67.24178026699175,69.81236726214513,54.69301727514253,60.015379203058586,-5.322361927916056,-5.296691072374804,-2.7010337593629337,-2.7010337593629337,-2.7010337593629337,-2.7010337593629337,2.7010337593629337,-2.7010337593629337,-2.7010337593629337,-2.7010337593629337,-2.7010337593629337,3.1920013427734304,3.007750320434569,51.06999969482422,45.43983116149902,46.035301208496094,46.630771255493165,1.0,1.0,1.0,45.43983116149902,45.5,45.5,48.5,48.5,48.5,6.734551516322195,6.593406593406593,6.593406593406593
2015-08-25,51.79000091552734,52.97200012207031,49.77999877929688,49.81000137329102,49.81000137329102,2656100,2.7010337593629337,3.3764282979970863,3.662893921855082,4.359992419658794,3.2137183421642117,51.25000076293945,54.39800033569336,62.20749994913737,71.7912498474121,72.9529500579834,51.11153153629368,53.17598929310142,60.566006910934526,66.67024653277205,69.4162808089005,53.941784059473065,59.259425289742474,-5.317641230269409,-5.300881103953725,-5.9024263112858595,-5.9024263112858595,-5.9024263112858595,-5.9024263112858595,5.9024263112858595,-5.9024263112858595,-5.9024263112858595,-5.9024263112858595,-5.9024263112858595,3.200000762939446,3.072250556945799,52.97200012207031,44.45294898986817,45.054499053955084,45.65604911804199,,,,,,,,,,0.0,0.0,0.0
2015-08-26,51.66999816894531,52.97000122070312,49.77000045776367,52.75,52.75,2351000,5.9024263112858595,5.020523637325682,3.691894928971026,4.671294546796144,3.3258617021309793,50.682000732421876,53.9770004272461,61.369833374023436,71.32274983723958,72.71535003662109,51.65768769086246,53.09853669435571,60.06174840055166,66.2138450071074,69.08625544634802,53.75843266570798,58.777245638650435,-5.018812972942456,-5.2444674777514715,-3.7725150302688095,-3.7725150302688095,-3.7725150302688095,-3.7725150302688095,3.7725150302688095,-3.7725150302688095,-3.7725150302688095,-3.7725150302688095,3.7725150302688095,1.8699989318847656,2.903350448608396,52.97000122070312,46.21304889678955,46.82749900817871,47.44194911956787,,,,,,,,,,0.0,0.0,0.0
2015-08-27,54.13000106811523,55.88999938964844,54.02000045776367,54.7400016784668,54.7400016784668,2540700,3.7725150302688095,4.499901859971029,3.8435882127105567,3.697034570501896,3.36934120061108,51.15800094604492,53.619000625610354,60.51983350118001,70.87591648101807,72.53045001983642,52.68512568673057,53.39698487328499,59.71840990235264,65.8376534225618,68.80217121332068,53.90944328305549,58.47819053048868,-4.568747247433194,-5.109323431687817,-1.9181571152080918,-1.9181571152080918,-1.9181571152080918,-1.9181571152080918,1.9181571152080918,-1.9181571152080918,-1.9181571152080918,-1.9181571152080918,1.9181571152080918,1.6999969482421946,2.830850219726561,55.88999938964844,46.58263023376465,47.163300323486325,47.743970413208004,,,,,,,,,,0.0,0.0,0.0
2015-08-28,54.36999893188477,55.91999816894531,54.22000122070312,55.79000091552734,55.79000091552734,1758000,1.9181571152080918,3.2912833243578596,3.9231384653501875,3.6217886885962294,3.3848475283303876,52.31800079345703,53.374000549316406,59.75083351135254,70.45041650136312,72.3599500656128,53.7200840963295,53.83207869914723,59.46496416126714,65.50822219282296,68.54450447475051,54.19875984189731,58.27906537382488,-4.080305531927564,-4.9035198517357665,0.5018866990486174,0.5018866990486174,0.5018866990486174,0.5018866990486174,-0.5018866990486174,0.5018866990486174,0.5018866990486174,0.5018866990486174,-0.5018866990486174,2.1100006103515696,2.8333501815795885,55.91999816894531,49.662128906250004,50.22829895019532,50.79446899414063,,,,,,,,,,0.0,0.0,0.0
2015-08-31,54.79000091552734,56.27999877929688,54.16999816894531,55.5099983215332,55.5099983215332,2092800,-0.5018866990486174,2.3586065313877986,3.9203678650848732,3.6200414859044914,3.3536493665115152,53.720000457763675,53.09700050354004,59.04450022379557,69.98058319091797,72.16875007629395,54.3167221713974,54.1371549941265,59.209805074832694,65.18041157409213,68.28639544201353,54.400488838764375,58.07394929587735,-3.6734604571129736,-4.657507972811208,-3.711038769379037,3.711038769379037,3.711038769379037,3.711038769379037,-3.711038769379037,-3.711038769379037,3.711038769379037,3.711038769379037,-3.711038769379037,2.8199996948242045,2.7858501434326155,56.27999877929688,49.68662776947022,50.25329780578613,50.81996784210205,,,,,,,,,,0.0,0.0,0.0
2015-09-01,53.88999938964844,55.93999862670898,53.11999893188477,53.45000076293945,53.45000076293945,2299300,-3.711038769379037,3.7376510361239275,3.888638069198002,3.5878808189181672,3.3465889077979445,54.44800033569336,52.84900054931641,58.24450035095215,69.53408323923746,71.9674500656128,54.02781503524476,54.0122178611834,58.83820479664604,64.79580794093958,67.9926054483685,54.25425990402208,57.7314345897338,-3.4771746857117236,-4.421441315391311,2.5631410894846605,-2.5631410894846605,-2.5631410894846605,-2.5631410894846605,2.5631410894846605,2.5631410894846605,-2.5631410894846605,-2.5631410894846605,2.5631410894846605,1.9300003051757741,2.75335006713867,55.93999862670898,50.151128463745124,50.70829849243165,51.26546852111817,,,,,,,,,,0.0,0.0,0.0
2015-09-02,54.75,55.43999862670898,53.5099983215332,54.81999969482422,54.81999969482422,1925100,2.5631410894846605,2.968115262039348,3.9961936952364905,3.6350272540362973,3.3714231785387336,54.8620002746582,52.77200050354004,57.59950040181478,69.11358318328857,71.78935009002686,54.291876588437916,54.15908728548173,58.57896575781883,64.46873226073907,67.73176177008048,54.34129679491471,57.515772745666425,-3.174475950751713,-4.172048242463392,3.1922656142685546,-3.1922656142685546,-3.1922656142685546,-3.1922656142685546,3.1922656142685546,3.1922656142685546,-3.1922656142685546,-3.1922656142685546,3.1922656142685546,3.5,2.7268499374389625,55.43999862670898,49.882628479003905,50.43329849243164,50.98396850585937,,,,,,,,,,0.0,0.0,0.0
2015-09-03,55.0,58.36000061035156,54.86000061035156,56.56999969482422,56.56999969482422,2281100,3.1922656142685546,2.8314340078460583,3.5475013986422477,3.452553102335832,3.3738694716477795,55.22799987792969,53.193000411987306,56.9771671295166,68.68141651153564,71.6500500869751,55.05125095723336,54.59743499627127,58.44935504407725,64.20975742251235,67.51073677849125,54.68417416413156,57.44571548264108,-2.761541318509515,-3.8899468576726166,-1.3788205471180988,1.3788205471180988,1.3788205471180988,1.3788205471180988,-1.3788205471180988,-1.3788205471180988,1.3788205471180988,1.3788205471180988,-1.3788205471180988,1.9199981689453196,2.7193498611450178,58.36000061035156,49.44092876434326,49.98629875183105,50.531668739318846,,,,,,,,,,0.0,0.0,0.0
2015-09-04,55.29000091552734,56.63999938964844,54.72000122070312,55.79000091552734,55.79000091552734,1332200,-1.3788205471180988,2.858309821386773,3.134784924815658,3.477198149880613,3.3754875745352106,55.22799987792969,53.77300033569336,56.427500534057614,68.2445831934611,71.49885005950928,55.29750094333136,54.814265163408734,58.277783809977265,63.9336998321194,67.27864299902662,54.85430135665399,57.32306995915117,-2.468768602497178,-3.605711206637529,4.301842035843522,-4.301842035843522,-4.301842035843522,-4.301842035843522,4.301842035843522,4.301842035843522,-4.301842035843522,-4.301842035843522,4.301842035843522,1.720001220703132,2.708849906921386,56.63999938964844,52.37743091583252,52.92130088806152,53.46517086029053,,,,,,,,,,0.0,0.0,0.0
2015-09-08,57.04000091552734,58.40000152587891,56.68000030517578,58.18999862670898,58.18999862670898,1411300,4.301842035843522,3.391314649617509,2.9067730828838587,3.4674000296304115,3.4200771539821155,55.763999938964844,54.74200019836426,56.035833740234374,67.82258313496908,71.36615005493164,56.26166683779057,55.42803488400878,58.27212024976642,63.74538175981086,67.09866984313913,55.367485552047064,57.387286897488785,-2.0198013454417207,-3.288529234398368,-2.818352686634499,2.818352686634499,2.818352686634499,2.818352686634499,-2.818352686634499,-2.818352686634499,2.818352686634499,2.818352686634499,-2.818352686634499,3.4000015258789062,2.7898500442504868,58.40000152587891,50.68052959442139,51.222299575805664,51.76406955718994,,,,,,,,,,0.0,0.0,0.0
2015-09-09,58.54000091552734,59.45000076293945,56.04999923706055,56.54999923706055,56.54999923706055,2079900,-2.818352686634499,3.092016246665451,3.2378571203387145,3.5240327429215252,3.43011145699861,56.38399963378906,55.41599998474121,55.562500381469725,67.39541645050049,71.23095005035401,56.35777763754723,55.63202840274546,58.16101566830152,63.50946757873708,66.88978527668213,55.54941073435683,57.32526558930892,-1.7758548549520867,-2.985994358509112,-4.544650273204507,4.544650273204507,4.544650273204507,4.544650273204507,-4.544650273204507,-4.544650273204507,4.544650273204507,4.544650273204507,-4.544650273204507,3.549999237060547,2.672850036621093,59.45000076293945,52.262331428527844,52.82030143737794,53.37827144622804,,,,,,,,,,0.0,0.0,0.0
2015-09-10,56.97999954223633,57.15999984741211,53.61000061035156,53.97999954223633,53.97999954223633,2971300,-4.544650273204507,3.836767837472707,3.2815801650726693,3.4367921099984464,3.4332702076817445,56.215999603271484,55.53899993896484,55.01283365885417,66.88258310953776,71.05065002441407,55.56518493911027,55.331659519016526,57.891272692426355,63.19702600376984,66.63414595520796,55.30796285864598,57.077468104340575,-1.7695052456945959,-2.7426965359462088,-0.8521657806105254,-0.8521657806105254,0.8521657806105254,0.8521657806105254,-0.8521657806105254,-0.8521657806105254,0.8521657806105254,0.8521657806105254,-0.8521657806105254,1.7700004577636648,2.5693500518798817,57.15999984741211,53.56973068237305,54.10430068969727,54.63887069702149,,1.0,1.0,,54.10430068969727,54.63887069702149,,53.97999954223633,53.97999954223633,0.0,-0.22974356174353106,-1.2058652501049534
2015-09-11,53.77000045776367,54.38000106811523,52.61000061035156,53.52000045776367,53.52000045776367,1532000,-0.8521657806105254,3.3214744837707406,3.052466593291004,3.3837503192414498,3.432785592652295,55.60599975585937,55.41699981689453,54.780666987101235,66.36524982452393,70.84515003204346,54.883456778661404,55.0022669624251,57.60925512889973,62.879746477671276,66.37445990575361,55.032891720048696,56.81395198237192,-1.7810602623232228,-2.550369281221612,-0.056051530344341294,-0.056051530344341294,0.056051530344341294,0.056051530344341294,-0.056051530344341294,0.056051530344341294,0.056051530344341294,0.056051530344341294,-0.056051530344341294,1.5870018005371094,2.5302001953124993,54.38000106811523,51.50742973327637,52.02129974365235,52.535169754028324,,,,,,,,,,0.0,0.0,0.0
2015-09-14,54.09999847412109,54.49700164794922,52.90999984741211,53.4900016784668,53.4900016784668,1539900,-0.056051530344341294,3.3421900922383965,2.964022785652486,3.384097833990405,3.432202871669556,55.145999908447266,55.18699989318848,54.63200035095215,65.84591649373372,70.63525001525879,54.41897174526321,54.72730963806904,57.34349684177503,62.571885992451456,66.11932211907467,54.79552402134379,56.567733441341915,-1.772209419998127,-2.3947373089769153,1.4208302717934276,-1.4208302717934276,1.4208302717934276,1.4208302717934276,-1.4208302717934276,1.4208302717934276,1.4208302717934276,1.4208302717934276,-1.4208302717934276,2.3500022888183594,2.5937002182006825,54.49700164794922,48.81356063842773,49.31960067749023,49.825640716552726,,,,,,,,,,0.0,0.0,0.0
2015-09-15,53.86000061035156,54.08000183105469,51.72999954223633,52.72999954223633,52.72999954223633,1825700,-1.4208302717934276,1.771854690777888,2.982390063215995,3.390319488848595,3.428370969268334,54.05400009155274,54.90900001525879,54.472333653767905,65.30391648610433,70.42985004425049,53.855981010920914,54.364162347917635,57.04585185470802,62.24920119080506,65.85418701854321,54.477751024558025,56.28345685622298,-1.8057058316649588,-2.276931013514524,1.8774850604285527,-1.8774850604285527,1.8774850604285527,1.8774850604285527,-1.8774850604285527,1.8774850604285527,1.8774850604285527,1.8774850604285527,-1.8774850604285527,1.9799995422363352,2.5882001876831047,54.08000183105469,48.790861167907714,49.30960121154786,49.82834125518799,,,,,,,,,,0.0,0.0,0.0
2015-09-16,52.63999938964844,53.27999877929688,51.29999923706055,51.7400016784668,51.7400016784668,1621700,-1.8774850604285527,1.703690312499554,2.8126971608976885,3.303430010021188,3.395853831230289,53.092000579833986,54.738000106811526,54.361666997273765,64.70274988810222,70.24605003356933,53.150654566769546,53.8870422261993,56.70353894011181,61.90463727236774,65.57469819992784,54.056558817467064,55.946904620833635,-1.8903458033665714,-2.1996139714849336,0.6764636209202592,-0.6764636209202592,0.6764636209202592,0.6764636209202592,-0.6764636209202592,0.6764636209202592,0.6764636209202592,0.6764636209202592,-0.6764636209202592,1.4459991455078125,2.568500137329101,53.27999877929688,48.38596141815186,48.90360145568848,49.4212414932251,,,,,,,,,,0.0,0.0,0.0
2015-09-17,51.4900016784668,52.65999984741211,51.2140007019043,51.38999938964844,51.38999938964844,1528300,-0.6764636209202592,0.7003409227772158,2.628192994584784,3.303761748305144,3.385431134958105,52.57400054931641,54.39500007629395,54.247000249226886,64.13741658528646,70.06625,52.56376950772918,53.4330344377355,56.36072993685611,61.5598950467048,65.29381307497181,53.64631890549497,55.60935608519029,-1.9630371796953199,-2.152298613127011,1.2842962740821788,-1.2842962740821788,1.2842962740821788,1.2842962740821788,-1.2842962740821788,1.2842962740821788,1.2842962740821788,1.2842962740821788,-1.2842962740821788,1.9599990844726562,2.510250091552734,52.65999984741211,47.62929847717286,48.14299850463868,48.6566985321045,,,,,,,,,,0.0,0.0,0.0
2015-09-18,50.70000076293945,51.72999954223633,49.77000045776367,50.72999954223633,50.72999954223633,3070100,-1.2842962740821788,0.7077704514311423,2.264032288707853,3.054985995364091,3.3860425520495383,52.01600036621094,53.81100006103516,54.210333506266274,63.573083305358885,69.89494998931885,51.9525128525649,52.94157354764474,55.99745700817097,61.20481650557469,65.00542072778893,53.19765438807056,55.2479222671937,-2.0502678791231403,-2.131892466326237,1.6361088583617716,1.6361088583617716,1.6361088583617716,1.6361088583617716,-1.6361088583617716,1.6361088583617716,1.6361088583617716,1.6361088583617716,-1.6361088583617716,1.5499992370605398,2.4812499999999993,51.72999954223633,47.13744964599609,47.63949966430664,48.14154968261719,,,,,,,,,,0.0,0.0,0.0
2015-09-21,50.97000122070312,51.34999847412109,49.79999923706055,49.90000152587891,49.90000152587891,1527000,-1.6361088583617716,0.45245669544514316,2.2695041231070734,2.899686299963355,3.3837283620783736,51.29800033569336,53.22200012207031,54.133666865030925,62.98841660817464,69.70744998931885,51.268342410336246,52.38856045277822,55.604072783506965,60.834166834109254,64.70630351586992,52.69032317850261,54.85177999005927,-2.1614568115566613,-2.137805335372322,5.07014532390754,5.07014532390754,5.07014532390754,5.07014532390754,-5.07014532390754,5.07014532390754,5.07014532390754,5.07014532390754,5.07014532390754,2.6300010681152415,2.3092500686645505,51.34999847412109,46.27124954223633,46.76749954223633,47.263749542236326,,,,,,,,,,0.0,0.0,0.0
2015-09-22,49.27000045776367,49.81999969482422,47.18999862670898,47.36999893188477,47.36999893188477,2027100,-5.07014532390754,1.7159475145776744,1.6468301718013925,3.047756164086938,3.376940635450213,50.226000213623045,52.14000015258789,53.89500020345052,62.4377498626709,69.52204994201661,49.96889458418576,51.47609472170669,55.072842212434566,60.392718706167464,64.363010355791,51.87181175594602,54.29757398575005,-2.425762229804029,-2.1953967142586635,-1.4566232994820885,-1.4566232994820885,-1.4566232994820885,-1.4566232994820885,1.4566232994820885,-1.4566232994820885,-1.4566232994820885,-1.4566232994820885,-1.4566232994820885,2.010002136230476,2.2501501083374027,49.81999969482422,46.26964832305907,46.73149833679199,47.19334835052489,,,1.0,,,47.19334835052489,,,47.36999893188477,0.0,0.0,0.37431245617035147
2015-09-23,47.95000076293945,49.81000137329102,47.79999923706055,48.06000137329102,48.06000137329102,1479200,1.4566232994820885,2.356589174787818,1.9454133214067741,3.000460372233399,3.3876719989159865,49.49000015258789,51.29100036621094,53.701666895548506,61.92108325958252,69.3066499710083,49.33259684722085,50.854986840176565,54.62040086797369,59.988367318204304,64.0401784947514,51.28537938938371,53.83553157001234,-2.550152180628629,-2.266347807532657,2.684146647245539,2.684146647245539,2.684146647245539,2.684146647245539,-2.684146647245539,2.684146647245539,2.684146647245539,2.684146647245539,2.684146647245539,2.079998016357436,2.194149971008302,49.81000137329102,44.86966945648193,45.31969947814942,45.76972949981689,,,,,,,,,,0.0,0.0,0.0
2015-09-24,47.65999984741211,47.95999908447266,45.88000106811523,46.77000045776367,46.77000045776367,1784400,-2.684146647245539,2.3645538929396523,1.7063821315782808,2.689113978807161,3.382897114895052,48.566000366210936,50.57000045776367,53.3620002746582,61.36274998982747,69.08444999694824,48.47839805073513,50.11226204337422,54.1139234221537,59.55497824081281,63.69819477124669,50.590705707596015,53.31215889503096,-2.721453187434946,-2.357368883513115,-1.9456913374074007,-1.9456913374074007,-1.9456913374074007,-1.9456913374074007,1.9456913374074007,-1.9456913374074007,-1.9456913374074007,-1.9456913374074007,-1.9456913374074007,2.1400032043457102,2.2076501846313494,47.95999908447266,44.98287143707276,45.42170143127442,45.860531425476076,,,,,,,,,,0.0,0.0,0.0
2015-09-25,47.5,49.15000152587891,47.0099983215332,47.68000030517578,47.68000030517578,1714100,1.9456913374074007,2.9293301278989112,2.010332849186488,2.5620363312338124,3.3998669274751006,47.95600051879883,49.98600044250488,53.00733362833659,60.81808331807454,68.89055000305176,48.212265468882016,49.67003263642905,53.698831608155125,59.16563470193946,63.38100280162152,50.14290487645444,52.894961962449095,-2.7520570859946574,-2.4363065240094235,9.291107963132488,9.291107963132488,9.291107963132488,9.291107963132488,-9.291107963132488,9.291107963132488,9.291107963132488,9.291107963132488,9.291107963132488,3.8300018310546804,2.3141504287719736,49.15000152587891,43.103168678283694,43.54469871520996,43.986228752136235,,,,,,,,,,0.0,0.0,0.0
2015-09-28,46.52000045776367,46.97000122070312,43.13999938964844,43.25,43.25,3174700,-9.291107963132488,4.688187681361962,3.219535857924301,3.131810427116939,3.5603614380570594,46.626000213623044,48.9620002746582,52.50766690572103,60.18291664123535,68.63245002746582,46.55817697925468,48.502753975260134,53.02471343988705,58.643810613351285,62.982369082777524,49.082457972384525,52.18052033560101,-3.098062363216485,-2.568657691850836,-0.739883687454841,-0.739883687454841,-0.739883687454841,-0.739883687454841,0.739883687454841,-0.739883687454841,-0.739883687454841,-0.739883687454841,-0.739883687454841,1.9399986267089844,2.3056503295898443,46.97000122070312,44.05887058258057,44.521700668334965,44.98453075408936,1.0,1.0,1.0,44.05887058258057,44.521700668334965,44.98453075408936,43.25,43.25,43.25,-1.835885876975631,-2.856361390613798,-3.8558382737641064
2015-09-29,43.0099983215332,44.66999816894531,42.72999954223633,43.56999969482422,43.56999969482422,1548100,0.739883687454841,4.6827574765966435,3.3370973092630076,3.158929670582854,3.5660231206930955,45.86600036621094,48.04600028991699,52.017333602905275,59.57591667175293,68.31255004882813,45.56211788444453,47.605889560635426,52.41473190794751,58.14958730454711,62.597965728560624,48.234387468144476,51.542703991839765,-3.3083165236952894,-2.716589458219727,-3.3968316561914977,-3.3968316561914977,-3.3968316561914977,-3.3968316561914977,3.3968316561914977,-3.3968316561914977,-3.3968316561914977,-3.3968316561914977,-3.3968316561914977,1.4300003051757812,2.2361503601074233,44.66999816894531,41.89757049560546,42.35870056152343,42.8198306274414,,,1.0,,,42.8198306274414,,,43.56999969482422,0.0,0.0,1.7519197446382926
2015-09-30,44.22999954223633,45.47000122070312,44.04000091552734,45.04999923706055,45.04999923706055,1912100,3.3968316561914977,5.061022797192375,3.724445508103133,3.2546260051671054,3.608165288692666,45.263999938964844,47.37700004577637,51.654666900634766,58.99425004323324,67.9974500656128,45.39141166864987,47.14118222907636,51.93958786466448,57.72009261380985,62.250481243580424,47.74448158643926,51.06176289889316,-3.3172813124539005,-2.836727829066562,3.152049263026741,3.152049263026741,3.152049263026741,3.152049263026741,-3.152049263026741,3.152049263026741,3.152049263026741,3.152049263026741,3.152049263026741,2.200000762939446,2.2496503829956067,45.47000122070312,39.75046737670898,40.197697448730466,40.64492752075195,,,,,,,,,,0.0,0.0,0.0
2015-10-01,44.45999908447266,44.63000106811523,42.43000030517578,43.63000106811523,43.63000106811523,2323900,-3.152049263026741,5.09999706351994,3.7597395043149806,3.1941615920607718,3.5426992185153394,44.636000061035155,46.601000213623045,51.25600026448568,58.47675005594889,67.68815010070801,44.80427480180499,46.502785654356146,51.40348549069357,57.25812239919691,61.881758863868235,47.111484583620175,50.51126202253924,-3.3997774389190667,-2.949337751037063,-3.048356598206452,-3.048356598206452,-3.048356598206452,-3.048356598206452,3.048356598206452,-3.048356598206452,-3.048356598206452,-3.048356598206452,-3.048356598206452,2.7399978637695312,2.2116502761840833,44.63000106811523,40.520770378112786,40.9707004547119,41.420630531311026,,,,,,,,,,0.0,0.0,0.0
2015-10-02,42.88000106811523,44.97999954223633,42.2400016784668,44.95999908447266,44.95999908447266,1406800,3.048356598206452,5.294076422970739,4.034382381680115,3.1841644376343607,3.5767094231772654,44.09199981689453,46.02400016784668,51.00933354695638,57.98225008646647,67.39025009155273,44.85618289602755,46.22227900528642,50.98777669029222,56.85490524133709,61.546674511800994,46.78048681452056,50.10005736046024,-3.3195705459396834,-3.0233843100175872,0.42259481890116235,0.42259481890116235,0.42259481890116235,0.42259481890116235,-0.42259481890116235,0.42259481890116235,0.42259481890116235,0.42259481890116235,0.42259481890116235,1.2600021362304759,2.1786504745483413,44.97999954223633,39.76437046051024,40.20670051574706,40.649030570983875,,,,,,,,,,0.0,0.0,0.0
2015-10-05,45.34999847412109,45.86000061035156,44.59999847412109,44.77000045776367,44.77000045776367,1159000,-0.42259481890116235,2.6872539046608725,4.035538250787776,3.186819605252934,3.557787615212312,44.395999908447266,45.511000061035155,50.835333506266274,57.45908336639404,67.08835010528564,44.827455416606256,45.95822836028228,50.586629836580705,56.458678854990424,61.214463144394315,46.47118122117334,49.70523833063086,-3.234057109457524,-3.0655188699055747,1.094486650562045,1.094486650562045,1.094486650562045,1.094486650562045,-1.094486650562045,1.094486650562045,1.094486650562045,1.094486650562045,1.094486650562045,2.370002746582024,2.211150550842286,45.86000061035156,40.18696849822997,40.622698593139646,41.05842868804931,,,,,,,,,,0.0,0.0,0.0
2015-10-06,44.83000183105469,45.04000091552734,42.66999816894531,44.27999877929688,44.27999877929688,1699500,-1.094486650562045,2.8067761378437517,3.7779822114127564,2.9282631465171605,3.553130856121974,44.5379997253418,45.202000045776366,50.6946667989095,56.920250002543135,66.76135005950928,44.64496987083647,45.65309570919402,50.17975041353014,56.05937786890211,60.87912721637258,46.134076230115426,49.303368734235754,-3.169292504120328,-3.0862735967485255,-2.8681131273143885,-2.8681131273143885,-2.8681131273143885,-2.8681131273143885,2.8681131273143885,-2.8681131273143885,-2.8681131273143885,-2.8681131273143885,-2.8681131273143885,1.5499992370605469,2.118650436401368,45.04000091552734,40.995469398498535,41.43769950866699,41.87992961883545,,,,,,,,,,0.0,0.0,0.0
2015-10-07,44.7400016784668,45.72999954223633,44.18000030517578,45.54999923706055,45.54999923706055,1635000,2.8681131273143885,2.67017236868535,3.8883489192055656,3.048189098789211,3.569717600261405,44.6379997253418,44.95099983215332,50.552666727701826,56.380083338419595,66.45145004272462,44.9466463262445,45.63435089607884,49.88105678924178,55.71480807769419,60.575580127673334,46.044218231183905,49.02534136407463,-2.9811231328907226,-3.0652435039769648,0.6366650282869648,0.6366650282869648,0.6366650282869648,0.6366650282869648,-0.6366650282869648,0.6366650282869648,0.6366650282869648,0.6366650282869648,-0.6366650282869648,1.75,2.0286504745483405,45.72999954223633,40.378969955444326,40.8027000427246,41.22643013000487,,,,,,,,,,0.0,0.0,0.0
2015-10-08,45.25,45.43000030517578,43.68000030517578,45.2599983215332,45.2599983215332,1396500,-0.6366650282869648,2.0290862112417267,3.8116359235790434,2.934179479696932,3.568546297226467,44.96399917602539,44.79999961853027,50.30300000508626,55.83641668955485,66.10104999542236,45.051096991340735,45.566286791615994,49.58292398487349,55.3720274299512,60.272301280026994,45.923569014314566,48.74642706462711,-2.822858050312547,-3.0167664132440812,0.8837859936212124,-0.8837859936212124,-0.8837859936212124,-0.8837859936212124,0.8837859936212124,-0.8837859936212124,-0.8837859936212124,-0.8837859936212124,0.8837859936212124,1.365001678466804,2.0084005355834975,45.43000030517578,41.26696849822998,41.67269859313965,42.078428688049314,,,,,,,,,,0.0,0.0,0.0
2015-10-09,45.02999877929688,46.27500152587891,44.90999984741211,45.65999984741211,45.65999984741211,1027000,0.8837859936212124,1.6029786336426581,3.7577762708089146,2.959212845839263,3.5397731202852363,45.103999328613284,44.597999572753906,50.00033327738444,55.26008338928223,65.75665000915528,45.25406461003119,45.583325529033466,49.329832105037276,55.053600296097464,59.98294877641085,45.88301991171419,48.51780282631489,-2.6347829146006987,-2.940369713515405,1.6863785815525216,-1.6863785815525216,-1.6863785815525216,-1.6863785815525216,1.6863785815525216,-1.6863785815525216,-1.6863785815525216,-1.6863785815525216,1.6863785815525216,1.4899978637695312,2.003550338745119,46.27500152587891,41.01151912689208,41.413199234008786,41.81487934112548,,,,,,,,,,0.0,0.0,0.0
2015-10-12,45.84999847412109,46.72999954223633,45.2400016784668,46.43000030517578,46.43000030517578,1263800,1.6863785815525216,1.6359790669035887,2.097405256113,3.005941695273846,3.553229232164795,45.4359992980957,44.91599960327149,49.68833325703939,54.719583384195964,65.40944999694824,45.64604317507939,45.73726639742298,49.14274618246557,54.77085931278856,59.714573559158666,45.96717074147752,48.363150787711994,-2.3959800462344774,-2.8314917800592196,-4.932157873089796,4.932157873089796,4.932157873089796,4.932157873089796,-4.932157873089796,4.932157873089796,4.932157873089796,4.932157873089796,-4.932157873089796,2.2580032348632955,1.9989503860473654,46.72999954223633,41.86719078063965,42.26790084838868,42.6686109161377,,,,,,,,,,0.0,0.0,0.0
2015-10-13,46.0,46.19800186157227,43.93999862670898,44.13999938964844,44.13999938964844,1550000,-4.932157873089796,3.024034496638885,2.7579102614685,3.1516641323174235,3.5845004449601516,45.407999420166014,44.972999572753906,49.30933329264323,54.1769167582194,65.03824996948242,45.14402857993574,45.44685421419125,48.81998832486447,54.422306528423306,59.406166149861434,45.68606745658073,48.050324758225806,-2.3642573016450754,-2.738044884376391,5.346625833676431,-5.346625833676431,-5.346625833676431,-5.346625833676431,5.346625833676431,-5.346625833676431,-5.346625833676431,-5.346625833676431,5.346625833676431,2.7700004577636648,2.038450431823732,46.19800186157227,42.33230869293212,42.7320987701416,43.13188884735107,,,,,,,,,,0.0,0.0,0.0
2015-10-14,44.43000030517578,46.97000122070312,44.20000076293945,46.5,46.5,2130500,5.346625833676431,3.7363180929984887,3.0637796518337495,3.427951908731362,3.6657419711813426,45.597999572753906,45.11799964904785,49.07766660054525,53.6610834757487,64.66294998168945,45.5960190532905,45.638335266156474,48.67031165874418,54.16255877339303,59.150598503329526,45.811287847876,47.93548588724612,-2.124198039370114,-2.615275515375136,3.892476071593597,-3.892476071593597,-3.892476071593597,-3.892476071593597,3.892476071593597,-3.892476071593597,-3.892476071593597,-3.892476071593597,3.892476071593597,1.9099998474121094,2.061650466918947,46.97000122070312,41.71341091156006,42.121100997924806,42.52879108428955,,,,,,,,,,0.0,0.0,0.0
2015-10-15,47.06000137329102,48.79000091552734,46.88000106811523,48.31000137329102,48.31000137329102,1891000,3.892476071593597,3.944299205870363,2.975243929151576,3.5634131687262727,3.685967584372217,46.20800018310547,45.58599967956543,48.86066665649414,53.23008352915446,64.32145000457764,46.50067982662401,46.124092740180934,48.64706583387624,53.97067164552083,58.93593321362579,46.19570531332447,47.963227775101295,-1.767522461776828,-2.4457249046554743,-2.0492685786056355,2.0492685786056355,2.0492685786056355,2.0492685786056355,-2.0492685786056355,-2.0492685786056355,2.0492685786056355,2.0492685786056355,-2.0492685786056355,1.9099998474120952,2.0591505050659187,48.79000091552734,42.434370193481435,42.84670028686522,43.259030380249015,,,,,,,,,,0.0,0.0,0.0
2015-10-16,48.43999862670898,48.43999862670898,46.52999877929688,47.31999969482422,47.31999969482422,961500,-2.0492685786056355,4.242529346967606,3.0336027056700914,3.5792042721792368,3.6800376441466938,46.54000015258789,45.82199974060059,48.55233332316081,52.764750226338705,63.93064998626709,46.77378644935742,46.341530368297896,48.56144866361482,53.752616827465204,58.705914728104965,46.36867367970905,47.91558125063633,-1.5469075709272815,-2.265961437909836,-0.9932401177816155,0.9932401177816155,0.9932401177816155,0.9932401177816155,-0.9932401177816155,-0.9932401177816155,0.9932401177816155,0.9932401177816155,-0.9932401177816155,1.4199981689453267,2.052650451660158,48.43999862670898,44.25986980438232,44.6716999053955,45.08353000640868,,,,,,,,,,0.0,0.0,0.0
2015-10-19,47.29000091552734,47.70999908447266,46.29000091552734,46.84999847412109,46.84999847412109,845400,-0.9932401177816155,4.269959816950781,3.0592775320423713,3.56930673653451,3.6557569255327027,46.623999786376956,46.029999542236325,48.2543332417806,52.34091688791911,63.57614994049072,46.79919045761198,46.4339791148112,48.45103252235717,53.526301471617856,58.471144109214194,46.442723648080126,47.836649193116685,-1.3939255450365593,-2.0915542593351804,2.8815417989054537,-2.8815417989054537,-2.8815417989054537,-2.8815417989054537,2.8815417989054537,2.8815417989054537,-2.8815417989054537,-2.8815417989054537,2.8815417989054537,1.5900001525878906,2.0006504058837904,47.70999908447266,43.924167633056626,44.33469772338866,44.745227813720696,,,,,,,,,,0.0,0.0,0.0
2015-10-20,47.18000030517578,48.25,46.65999984741211,48.20000076293945,48.20000076293945,1179400,2.8815417989054537,3.1915741220833858,3.087676205846245,3.4452020748112466,3.6677514620940013,47.43600006103516,46.42199974060058,47.92133331298828,51.97858352661133,63.236649932861326,47.26612722605447,46.755073959925426,48.434836924975386,53.35166866149725,58.26775513206024,46.7130739734431,47.86356412421467,-1.1504901507715672,-1.9033414376224578,0.6224050462904008,-0.6224050462904008,-0.6224050462904008,-0.6224050462904008,0.6224050462904008,0.6224050462904008,-0.6224050462904008,-0.6224050462904008,0.6224050462904008,1.0600013732910227,1.9531503677368178,48.25,43.30856819152832,43.708698272705085,44.10882835388184,,,,,,,,,,0.0,0.0,0.0
2015-10-21,48.47999954223633,48.90000152587891,47.84000015258789,48.5,48.5,1377000,0.6224050462904008,2.5118098544437464,3.0088652118790806,3.4335106199658916,3.664171965777654,47.83600006103516,46.71699981689453,47.65300000508626,51.607750193277994,62.912249908447265,47.677418150702984,47.072333239938985,48.43904099433182,53.1925975578416,58.07433423835607,46.98798566983647,47.91070752242099,-0.9227218525845231,-1.7072175206148708,2.16494688053721,-2.16494688053721,-2.16494688053721,-2.16494688053721,2.16494688053721,2.16494688053721,-2.16494688053721,-2.16494688053721,2.16494688053721,2.0,1.9491504669189461,48.90000152587891,43.953069190979,44.343699264526364,44.73432933807373,,,,,,,,,,0.0,0.0,0.0
2015-10-22,49.25,50.81000137329102,48.81000137329102,49.54999923706055,49.54999923706055,1460800,2.16494688053721,2.0726863095022163,3.004089141778686,3.3973706577841756,3.6809841881351972,48.08399963378906,47.145999908447266,47.50533332824707,51.25908349355062,62.59914989471436,48.30161184615551,47.52281796668835,48.510715719669165,53.07316810470124,57.90553552545913,47.382141603255555,48.03213653832022,-0.6499949350646688,-1.4957730035048304,3.9354203692519225,-3.9354203692519225,-3.9354203692519225,-3.9354203692519225,3.9354203692519225,3.9354203692519225,-3.9354203692519225,-3.9354203692519225,3.9354203692519225,2.625,1.9734003067016606,50.81000137329102,44.61187049865723,45.00170059204102,45.39153068542481,,,,,,,,,,0.0,0.0,0.0
2015-10-23,50.11000061035156,51.625,49.0,51.5,51.5,1303500,3.9354203692519225,1.9378858701014094,3.1481199881067297,3.47495011157624,3.2609594840318246,48.91999969482422,47.72999992370605,47.43799997965495,51.109333483378094,62.298649864196776,49.36774123077034,48.245941972745015,48.70357277001309,53.021588822579886,57.778693237826275,48.01565827967778,48.28901531325947,-0.2733570335816893,-1.2512898095202023,-9.203886754304461,-9.203886754304461,9.203886754304461,9.203886754304461,-9.203886754304461,-9.203886754304461,9.203886754304461,9.203886754304461,-9.203886754304461,4.520000457763672,2.0079002380371103,51.625,46.468520698547366,46.863200759887704,47.257880821228035,,,,,,,,,,0.0,0.0,0.0
2015-10-26,50.88999938964844,50.95000076293945,46.43000030517578,46.7599983215332,46.7599983215332,1924600,-9.203886754304461,5.327866895714128,4.552771329016661,3.462119567839416,3.4246609876466434,48.90199966430664,47.7629997253418,47.21366653442383,50.92283344268799,61.95304985046387,48.49849359435797,47.975770399797405,48.57818087011117,52.81629077336524,57.560501259285815,47.822479824578615,48.175754795353825,-0.3532749707752103,-1.071686841771204,-1.8605623676511702,-1.8605623676511702,1.8605623676511702,1.8605623676511702,-1.8605623676511702,-1.8605623676511702,1.8605623676511702,1.8605623676511702,-1.8605623676511702,1.5,1.985900306701661,50.95000076293945,47.20761947631836,47.60919952392578,48.0107795715332,1.0,1.0,1.0,47.20761947631836,47.60919952392578,48.0107795715332,46.7599983215332,46.7599983215332,46.7599983215332,-0.9481968371857895,-1.7836914102406112,-2.605209207520587
2015-10-27,46.25,46.75,45.25,45.88999938964844,45.88999938964844,1693300,-1.8605623676511702,5.122624051641634,4.265088577560514,3.4992566396900573,3.430156324342224,48.439999389648435,47.9379997253418,46.985666529337564,50.729000091552734,61.57494987487793,47.62899552612146,47.596539307043045,48.40474980685551,52.58919925258763,57.329402212362304,47.52517514228167,48.006439580116385,-0.4812644378347173,-0.9536023609839067,-1.5689719552830026,-1.5689719552830026,1.5689719552830026,1.5689719552830026,-1.5689719552830026,-1.5689719552830026,1.5689719552830026,1.5689719552830026,-1.5689719552830026,2.5699996948242188,2.0429002761840827,46.75,46.5810200881958,46.97820014953613,47.375380210876465,1.0,1.0,1.0,46.25,46.25,46.25,45.88999938964844,45.88999938964844,45.88999938964844,-0.7783796980574325,-0.7783796980574325,-0.7783796980574325
2015-10-28,47.0,47.06999969482422,44.5,45.16999816894531,45.16999816894531,2344300,-1.5689719552830026,5.056512304005738,3.935065000582199,3.445138086122838,3.394807903189827,47.7739990234375,47.80499954223633,46.766666412353516,50.56416670481364,61.22424987792969,46.80932974039608,47.1553500092071,48.19605615279679,52.34594675804198,57.08862193427484,47.162840223306844,47.796332808918535,-0.6334925856116911,-0.8895804059094636,3.010840935985021,-3.010840935985021,3.010840935985021,3.010840935985021,-3.010840935985021,3.010840935985021,3.010840935985021,3.010840935985021,-3.010840935985021,1.6799964904785156,2.016900062561036,47.06999969482422,42.25561939239502,42.66419944763184,43.07277950286865,,,,,,,,,,0.0,0.0,0.0
2015-10-29,43.90000152587891,45.16999816894531,43.4900016784668,43.81000137329102,43.81000137329102,1587800,-3.010840935985021,4.6842341637201,3.734258595612928,3.438323538529537,3.4131511821028333,46.625999450683594,47.35499954223633,46.51399981180827,50.38050003051758,60.86184986114502,45.809553618027735,46.5471048026769,47.91308487669965,52.06607969624687,56.825678952869225,46.64701886176595,47.50104899887206,-0.8540301371061076,-0.8824703521487924,-0.2739076195462446,0.2739076195462446,-0.2739076195462446,-0.2739076195462446,0.2739076195462446,-0.2739076195462446,-0.2739076195462446,-0.2739076195462446,0.2739076195462446,1.1499977111816335,1.9374000549316412,45.16999816894531,42.63281955718994,43.03619956970215,43.43957958221436,,,,,,,,,,0.0,0.0,0.0
2015-10-30,44.06999969482422,44.79999923706055,43.65000152587891,43.93000030517578,43.93000030517578,1312100,0.2739076195462446,3.623724823812039,3.7276448276174734,3.3674061643861175,3.345973022029647,45.11199951171875,47.01599960327148,46.287333170572914,50.248833338419594,60.47614986419678,45.183035847077086,46.071267621313055,47.65611167853682,51.79932299490027,56.57031897964757,46.22901600690592,47.23652687341308,-1.007510866507154,-0.9074784550204649,-3.050307633232621,3.050307633232621,-3.050307633232621,-3.050307633232621,3.050307633232621,-3.050307633232621,-3.050307633232621,-3.050307633232621,-3.050307633232621,1.6399993896484233,1.9563999176025386,44.79999923706055,40.9077180480957,41.29519805908203,41.682678070068356,,,,,,,,,,0.0,0.0,0.0
2015-11-02,44.13000106811523,45.59999847412109,43.95999908447266,45.27000045776367,45.27000045776367,1222700,3.050307633232621,2.367796436922758,3.9045150667369763,3.4366023366965437,3.3705250361313603,44.81399993896484,46.85799980163574,46.13299980163574,50.13333333333333,60.10884986877441,45.212024050639286,45.925582682485896,47.502169019132104,51.58524684614169,56.346550296045905,46.08147515319173,47.09085825003164,-1.0093830968399047,-0.9278593833843529,-0.971943057786148,0.971943057786148,-0.971943057786148,-0.971943057786148,0.971943057786148,-0.971943057786148,-0.971943057786148,-0.971943057786148,-0.971943057786148,1.6800003051757955,1.9218997955322272,45.59999847412109,40.495919418334964,40.88719940185547,41.278479385375974,,,,,,,,,,0.0,0.0,0.0
2015-11-03,44.93999862670898,46.27999877929688,44.59999847412109,45.70999908447266,45.70999908447266,3059200,0.971943057786148,2.336387141668646,3.777810692496673,3.42945132438735,3.3187271124312216,44.77799987792969,46.60899963378906,46.077666473388675,49.9863333384196,59.73084983825684,45.37801572858375,45.886385664665305,47.38654515237989,51.39261577198861,56.13592551957911,46.024324988773415,46.98857238591616,-0.9642473971427421,-0.9351369861360308,-1.8814277566758713,1.8814277566758713,-1.8814277566758713,-1.8814277566758713,1.8814277566758713,-1.8814277566758713,-1.8814277566758713,-1.8814277566758713,-1.8814277566758713,1.779998779296875,1.9333997726440437,46.27999877929688,41.37181892395019,41.75619888305663,42.14057884216308,,,,,,,,,,0.0,0.0,0.0
2015-11-04,45.86000061035156,47.04999923706055,45.27000045776367,46.56999969482422,46.56999969482422,1717700,1.8814277566758713,2.287102640302157,3.8384781512018273,3.3962291964793407,3.327280175974998,45.05800018310547,46.41599960327149,46.02799975077311,49.86483332316081,59.37474983215332,45.77534371733057,46.01067912469419,47.33386480027953,51.23449721208158,55.94650124582159,46.10827494355046,46.95756700139083,-0.8492920578403655,-0.9179680004768979,3.1994800805960266,-3.1994800805960266,3.1994800805960266,3.1994800805960266,-3.1994800805960266,3.1994800805960266,3.1994800805960266,3.1994800805960266,-3.1994800805960266,2.5110015869140767,1.9714498519897474,47.04999923706055,42.026519279479984,42.41319923400879,42.7998791885376,,,,,,,,,,0.0,0.0,0.0
2015-11-05,46.79000091552734,46.86100006103516,44.34999847412109,45.08000183105469,45.08000183105469,2526700,-3.1994800805960266,2.3625566387477646,3.8248534809680708,3.475560215357886,3.2562903224972652,45.3120002746582,45.9689998626709,45.971666463216145,49.666833368937176,58.97804985046387,45.54356308857194,45.84146507130519,47.18845428613599,51.032710478277416,55.731323039588574,45.95007908008957,46.81848809988445,-0.8684090197948748,-0.9080562043404934,-23.225370409797307,-23.225370409797307,-23.225370409797307,-23.225370409797307,23.225370409797307,-23.225370409797307,-23.225370409797307,-23.225370409797307,23.225370409797307,5.320003509521484,2.1691999435424814,46.86100006103516,42.712809562683105,43.107099533081055,43.501389503479004,,,,,,,,,,0.0,0.0,0.0
2015-11-06,50.59999847412109,55.83000183105469,50.5099983215332,55.54999923706055,55.54999923706055,5237000,23.225370409797307,10.355853615658516,8.511878681650083,6.246952212317368,4.445700419441191,47.636000061035155,46.373999786376956,46.233999760945636,49.620666694641116,58.687949867248534,48.87904180473481,47.60665310144252,47.72790879909887,51.18081830643424,55.72773246924148,47.42698987346972,47.46526670263823,-0.03827682916850961,-0.7341003293060967,-2.628261214265883,-2.628261214265883,2.628261214265883,2.628261214265883,-2.628261214265883,-2.628261214265883,2.628261214265883,2.628261214265883,-2.628261214265883,2.0999984741210938,2.1996999740600596,55.83000183105469,42.0887601852417,42.5226001739502,42.956440162658694,,,,,,,,,,0.0,0.0,0.0
2015-11-09,55.16999816894531,55.18000030517578,53.08000183105469,54.09000015258789,54.09000015258789,1769600,-2.628261214265883,10.943332496912351,7.860268307295228,6.301920807991269,4.45872217523494,49.4,47.10699996948242,46.595333099365234,49.55150000254313,58.38234985351563,50.61602792068584,48.78544347437804,48.138366305775584,51.27620131778354,55.695302126337445,48.45206837794944,47.9559876989308,0.4960806790186396,-0.4880641276411495,-3.32778560174294,-3.32778560174294,3.32778560174294,3.32778560174294,-3.32778560174294,-3.32778560174294,-3.32778560174294,3.32778560174294,-3.32778560174294,1.6800003051757812,2.170799827575684,55.18000030517578,50.99066188812256,51.43060188293457,51.87054187774658,,,,,,,,,,0.0,0.0,0.0
2015-11-10,52.0,52.97999954223633,51.29999923706055,52.29000091552734,52.29000091552734,2671700,-3.32778560174294,11.404906585090975,7.947603958279777,6.233073984312904,4.478958269141935,50.716000366210935,47.74700012207031,46.885999806722005,49.45166670481364,58.0527498626709,51.17401891896634,49.422635736405184,48.40621369995312,51.309440648857105,55.62787041919269,49.04251953757681,48.27702571497498,0.765493822601826,-0.23735253759255442,-0.17211732838420793,-0.17211732838420793,0.17211732838420793,0.17211732838420793,-0.17211732838420793,-0.17211732838420793,-0.17211732838420793,0.17211732838420793,-0.17211732838420793,1.3499984741210938,2.099799728393555,52.97999954223633,50.404240684509276,50.83840065002441,51.27256061553955,,,,,,,,,,0.0,0.0,0.0
2015-11-11,52.33000183105469,52.91999816894531,51.56999969482422,52.20000076293945,52.20000076293945,1122600,-0.17211732838420793,11.500398723882904,7.898490943207855,6.1531074293986485,4.4489506504937495,51.842000579833986,48.45000038146973,47.124333190917966,49.389500045776366,57.696649894714355,51.51601286695738,49.92761119577504,48.65097415562966,51.338639341122104,55.55999181213817,49.52828587994029,48.56761645926865,0.9606694206716426,0.002251854060284969,-2.3563209276992976,-2.3563209276992976,2.3563209276992976,2.3563209276992976,-2.3563209276992976,-2.3563209276992976,-2.3563209276992976,2.3563209276992976,-2.3563209276992976,2.0849990844726634,2.108549690246583,52.91999816894531,48.3604401397705,48.780400085449216,49.20036003112793,,,,,,,,,,0.0,0.0,0.0
2015-11-12,51.7400016784668,52.18000030517578,50.09500122070312,50.97000122070312,50.97000122070312,1964200,-2.3563209276992976,11.396522246666315,7.8576634254322295,6.143477227613214,4.458564741410867,53.02000045776367,49.16600036621094,47.3689998626709,49.31250006357829,57.35324993133545,51.33400898487263,50.11713665485287,48.80058880498924,51.32655284537066,55.46910090933748,49.75008824005765,48.74557088604158,1.0045173540160732,0.20270495405144265,0.05885575550015316,0.05885575550015316,-0.05885575550015316,-0.05885575550015316,0.05885575550015316,0.05885575550015316,0.05885575550015316,-0.05885575550015316,0.05885575550015316,1.75,2.1005496978759783,52.18000030517578,48.28118885040283,48.702898788452146,49.124608726501464,,,,,,,,,,0.0,0.0,0.0
2015-11-13,50.47999954223633,52.02999877929688,50.27999877929688,51.0,51.0,1667900,0.05885575550015316,1.5304415077403137,7.862511507672404,6.116694155565018,4.393997232747714,52.11000061035156,49.87300033569336,47.57033322652181,49.2898333867391,57.01734996795654,51.22267265658176,50.277657263061435,48.94248630144155,51.315846194702765,55.380603861627826,49.942382356971855,48.912565635223686,1.029816721748169,0.36812730759078793,1.6470591227213542,1.6470591227213542,-1.6470591227213542,-1.6470591227213542,1.6470591227213542,1.6470591227213542,1.6470591227213542,-1.6470591227213542,1.6470591227213542,1.4199981689453054,2.1005496978759775,52.02999877929688,47.55879096984863,47.97890090942383,48.39901084899902,,,,,,,,,,0.0,0.0,0.0
2015-11-16,50.66999816894531,51.97999954223633,50.56000137329102,51.84000015258789,51.84000015258789,1972200,1.6470591227213542,1.9954501076617195,7.849244668033253,6.110413061102945,4.357239527306887,51.66000061035156,50.53000030517578,47.80599988301595,49.32066669464111,56.68594993591309,51.42844848858381,50.561719606611696,49.12942267893486,51.33303157037113,55.31049289709238,50.2343235562974,49.129412636509926,1.1049109197874714,0.5154840300301247,5.594138729442377,5.594138729442377,-5.594138729442377,-5.594138729442377,5.594138729442377,5.594138729442377,5.594138729442377,-5.594138729442377,5.594138729442377,3.0499992370605398,2.17354965209961,51.97999954223633,47.40878944396973,47.82889938354493,48.24900932312012,,,,,,,,,,0.0,0.0,0.0
2015-11-17,52.0,55.04000091552734,51.9900016784668,54.7400016784668,54.7400016784668,2730600,5.594138729442377,2.959681822185393,7.94302568615341,6.191667592621798,4.393325738894661,52.150000762939456,51.433000564575195,48.154666646321616,49.42466672261556,56.42924991607666,52.53229955187814,51.32140725603989,49.49139551761434,51.44473550834148,55.299196041278016,50.92750480586192,49.54501182480303,1.3824929810588955,0.688885820235879,2.922905416626045,2.922905416626045,-2.922905416626045,-2.922905416626045,2.922905416626045,2.922905416626045,2.922905416626045,-2.922905416626045,2.922905416626045,2.7540016174316335,2.25824966430664,55.04000091552734,47.19819030761719,47.63290023803711,48.06761016845703,,,,,,,,,,0.0,0.0,0.0
2015-11-18,55.20000076293945,56.9640007019043,54.20999908447266,56.34000015258789,56.34000015258789,2797300,2.922905416626045,2.988707131781719,7.947071905664276,6.209442443547293,4.395480760597554,52.97800064086914,52.41000061035156,48.51433334350586,49.53350003560384,56.2020499420166,53.80153308544806,52.233878691775885,49.93324097793522,51.60523598848071,55.319806023680194,51.760196397665915,50.04834429352783,1.7118521041380816,0.8934790770163196,-1.0117140455812312,-1.0117140455812312,1.0117140455812312,1.0117140455812312,-1.0117140455812312,-1.0117140455812312,-1.0117140455812312,1.0117140455812312,-1.0117140455812312,2.6100006103515696,2.2887496948242188,56.9640007019043,50.07185165405273,50.52350158691406,50.97515151977538,,,,,,,,,,0.0,0.0,0.0
2015-11-19,56.54999923706055,57.27999877929688,54.66999816894531,55.77000045776367,55.77000045776367,1744300,-1.0117140455812312,2.579156376169991,7.811592240424756,6.21654322520802,4.3362288571040715,53.93800048828125,53.47900047302246,48.86466674804687,49.58383337656657,55.957049980163575,54.45768887621993,52.87680992195548,50.309806105666084,51.741785643211294,55.328720764949175,52.37708932998864,50.47217067606382,1.904918653924824,1.0957669923980204,-1.7751509240466086,-1.7751509240466086,1.7751509240466086,1.7751509240466086,-1.7751509240466086,-1.7751509240466086,-1.7751509240466086,1.7751509240466086,-1.7751509240466086,1.572998046875,2.2361495971679686,57.27999877929688,51.928751373291014,52.38650131225586,52.844251251220705,,,,,,,,,,0.0,0.0,0.0
2015-11-20,55.93999862670898,56.09999847412109,54.52700042724609,54.77999877929688,54.77999877929688,1816800,-1.7751509240466086,2.993349506872452,2.7925025097718152,6.194174537336453,4.31743995005366,54.694000244140625,53.402000427246094,49.168666712443034,49.584499994913735,55.70124996185303,54.56512551057892,53.22284425965391,50.59820563299711,51.84139918865672,55.317854983055064,52.746767706805294,50.791269054081084,1.9554986527242093,1.2677133244632584,0.12778330847765493,0.12778330847765493,-0.12778330847765493,-0.12778330847765493,0.12778330847765493,0.12778330847765493,0.12778330847765493,-0.12778330847765493,0.12778330847765493,1.2999992370605398,2.075149536132812,56.09999847412109,52.36046966552735,52.80769958496094,53.25492950439454,,,,,,,,,,0.0,0.0,0.0
2015-11-23,54.65000152587891,55.36000061035156,54.06000137329102,54.84999847412109,54.84999847412109,1871300,0.12778330847765493,3.0481828189489604,2.6480497706461064,5.7631486875121976,4.310757414854912,55.295999908447264,53.478000259399415,49.449333318074544,49.56883328755696,55.43614994049072,54.660083165092985,53.51869048046612,50.8725148485535,51.94004178818014,55.30859049772964,53.070341671007725,51.09191567778775,1.9784259932199717,1.4098558582146012,1.6408414784251,1.6408414784251,-1.6408414784251,-1.6408414784251,1.6408414784251,1.6408414784251,1.6408414784251,-1.6408414784251,1.6408414784251,2.049999237060554,2.1026494979858397,55.36000061035156,51.5346694946289,51.94969940185546,52.36472930908202,,,,,,,,,,0.0,0.0,0.0
2015-11-24,54.54999923706055,56.11999893188477,54.06999969482422,55.75,55.75,2246700,1.6408414784251,1.9171099074069349,2.37023317747282,5.726595076279879,4.314913960283669,55.497999572753905,53.82400016784668,49.8363333384196,49.57283331553141,55.19374996185303,55.023388776728666,53.924383120381364,51.18719130993715,52.06495845086276,55.31733127995281,53.482596798545,51.43695896091458,2.045637837630423,1.5370122540977655,2.852018210919983,2.852018210919983,2.852018210919983,-2.852018210919983,2.852018210919983,2.852018210919983,2.852018210919983,-2.852018210919983,2.852018210919983,2.5900001525878835,2.103649520874023,56.11999893188477,50.73417171478272,51.15470161437988,51.57523151397705,,,,,,,,,,0.0,0.0,0.0
2015-11-25,55.65000152587891,58.2400016784668,55.65000152587891,57.34000015258789,57.34000015258789,1741000,2.852018210919983,1.8937314321529848,2.4429921609742062,5.702726930114784,4.299989145282238,55.69799957275391,54.33800010681152,50.19766667683919,49.63766663869222,54.96764999389649,55.79559256868174,54.545404398964365,51.58414671914043,52.23791063780457,55.35738412891588,54.076043468397756,51.8742212714089,2.201822196988857,1.669974242675984,0.29647395970165524,0.29647395970165524,0.29647395970165524,-0.29647395970165524,-0.29647395970165524,0.29647395970165524,0.29647395970165524,-0.29647395970165524,0.29647395970165524,1.220001220703125,2.0806497573852534,58.2400016784668,51.49196998596192,51.91269989013673,52.333429794311535,,,,,,,,,,0.0,0.0,0.0
2015-11-27,57.43000030517578,57.72999954223633,56.5099983215332,57.5099983215332,57.5099983215332,1870600,0.29647395970165524,1.739781933712101,2.1704881644956093,5.6172882591168944,4.288846079491381,56.045999145507814,54.991999816894534,50.5043332417806,49.68249994913737,54.79594997406006,56.36706115296556,55.084421475795054,51.96645972574641,52.41076597169731,55.40001015253207,54.604344215033976,52.29168623808477,2.312657976949204,1.7985109895306282,0.9737461130847171,0.9737461130847171,0.9737461130847171,-0.9737461130847171,-0.9737461130847171,0.9737461130847171,0.9737461130847171,-0.9737461130847171,0.9737461130847171,1.6100006103515625,2.10364990234375,57.72999954223633,53.66257221221924,54.07870216369629,54.49483211517334,,,,,,,,,,0.0,0.0,0.0
2015-11-30,57.65000152587891,58.43000030517578,56.81999969482422,58.06999969482422,58.06999969482422,1487800,0.9737461130847171,1.1111167765879197,2.1343700131691286,5.611401547737331,4.27183726930194,56.70399932861328,55.69899978637695,50.862666575113934,49.70749994913737,54.630349998474124,56.934707333585116,55.6272538792549,52.36023649794498,52.59631461835721,55.452881232577454,55.13752198115555,52.71970945710251,2.4178125240530406,1.9223712964351107,-0.05165968564583254,-0.05165968564583254,-0.05165968564583254,0.05165968564583254,0.05165968564583254,-0.05165968564583254,-0.05165968564583254,0.05165968564583254,-0.05165968564583254,2.5400009155273366,2.1486499786376956,58.43000030517578,53.10196975708008,53.52269973754883,53.943429718017576,,,,,,,,,,0.0,0.0,0.0
2015-12-01,58.31000137329102,59.79000091552734,57.25,58.04000091552734,58.04000091552734,1989700,-0.05165968564583254,1.1555357847523244,2.173294305837265,5.610287954761194,4.2673345133690415,57.34199981689453,56.3189998626709,51.23566665649414,49.74499994913737,54.4491499710083,57.303138527565864,56.06593515857716,52.726672911982554,52.77479613629721,55.50411132530913,55.58405720182814,53.113805120689534,2.4702520811386037,2.0319474533758095,0.758095485472812,0.758095485472812,0.758095485472812,-0.758095485472812,-0.758095485472812,0.758095485472812,0.758095485472812,-0.758095485472812,0.758095485472812,1.5699996948242188,2.143149948120117,59.79000091552734,53.70297035217285,54.13270034790039,54.56243034362793,,,,,,,,,,0.0,0.0,0.0
2015-12-02,58.09999847412109,59.43000030517578,57.86000061035156,58.47999954223633,58.47999954223633,1218000,0.758095485472812,1.1274135204269529,1.5143927770176888,5.61131729770221,4.233291304192955,57.8879997253418,56.69299964904785,51.5783332824707,49.749833297729495,54.26784996032715,57.69542553245603,56.5048559556061,53.09785527522474,52.96185198567227,55.56303980485224,56.02958679266017,53.51130100376707,2.5182857888930954,2.129215120479267,-0.6668936263700996,-0.6668936263700996,-0.6668936263700996,0.6668936263700996,0.6668936263700996,-0.6668936263700996,-0.6668936263700996,-0.6668936263700996,-0.6668936263700996,2.1300010681152273,2.1606500625610345,59.43000030517578,55.07507102966308,55.50370101928711,55.93233100891113,,,,,,,,,,0.0,0.0,0.0
2015-12-03,59.29999923706055,60.0,57.86999893188477,58.09000015258789,58.09000015258789,1522900,-0.6668936263700996,0.6548105585396983,1.33697177202689,5.62806764478793,4.2173083548700525,58.0379997253418,56.86799964904785,51.897999954223636,49.775499979654946,54.0691499710083,57.826950405833315,56.793063991420965,53.41992913828043,53.129987991144915,55.61307862361927,56.34657346341828,53.850463903679724,2.4961095597385565,2.202594008331125,2.496128006766495,2.496128006766495,2.496128006766495,-2.496128006766495,-2.496128006766495,2.496128006766495,2.496128006766495,2.496128006766495,2.496128006766495,2.1800003051757812,2.1440999984741196,60.0,54.676570167541506,55.10870018005371,55.54083019256592,,,,,,,,,,0.0,0.0,0.0
2015-12-04,58.04999923706055,59.95000076293945,57.77000045776367,59.54000091552734,59.54000091552734,1233500,2.496128006766495,1.1976811524851634,1.4086489685314223,5.534642960361535,4.182923497139297,58.444000244140625,57.244999694824216,52.23100001017253,49.8681666692098,53.8857500076294,58.397967242397996,57.292507068531215,53.814772478747976,53.340152349321386,55.690839461082795,56.837869994511976,54.27191108974251,2.5659589047694666,2.2752669876187936,-3.2079271381300964,-3.2079271381300964,-3.2079271381300964,3.2079271381300964,3.2079271381300964,-3.2079271381300964,-3.2079271381300964,-3.2079271381300964,-3.2079271381300964,1.9500007629394602,1.9755998611450185,59.95000076293945,55.28298000335694,55.71180000305176,56.14062000274659,,,,,,,,,,0.0,0.0,0.0
2015-12-07,59.27999877929688,59.40000152587891,57.45000076293945,57.63000106811523,57.63000106811523,1131900,-3.2079271381300964,2.0888507763440867,1.722368094580645,2.2808742752939435,4.204393861988654,58.35600051879883,57.52999992370606,52.4353333791097,49.93666667938233,53.659650039672854,58.14197851763708,57.35386961391012,54.06091625870715,53.48080312698675,55.72923870082601,56.959736313527856,54.52065849554789,2.439077817979964,2.308029153691028,-0.6073265353659517,-0.6073265353659517,-0.6073265353659517,0.6073265353659517,0.6073265353659517,-0.6073265353659517,-0.6073265353659517,-0.6073265353659517,-0.6073265353659517,1.6199989318847656,1.951599884033202,59.40000152587891,55.603681068420414,55.99880104064942,56.39392101287842,,,,,,,,,,0.0,0.0,0.0
2015-12-08,57.0,57.63999938964844,56.02000045776367,57.27999877929688,57.27999877929688,914100,-0.6073265353659517,2.098105905858615,1.7564071510509043,2.1916044130791397,4.205576991284733,58.204000091552736,57.772999954223636,52.78600006103515,49.999833297729495,53.4438500213623,57.854651938190344,57.34043855307135,54.26859900197101,53.60536691886577,55.75994682119177,57.009007462107704,54.72505407212189,2.283953389985811,2.3032140009499846,-1.972760610159775,-1.972760610159775,-1.972760610159775,1.972760610159775,1.972760610159775,-1.972760610159775,-1.972760610159775,-1.972760610159775,1.972760610159775,2.658000946044922,2.000499916076659,57.63999938964844,55.10648178100587,55.496801757812506,55.88712173461915,,,,,,,,,,0.0,0.0,0.0
2015-12-09,57.02999877929688,57.52000045776367,54.86199951171875,56.15000152587891,56.15000152587891,1422100,-1.972760610159775,2.1267605024823624,1.8528842585680096,2.0919189714043482,4.209775314630822,57.73800048828125,57.81300010681152,53.12800013224284,50.056833330790205,53.23835006713867,57.28643513408654,57.12399545721818,54.38997980996508,53.68879756171866,55.76767067673013,56.87685270268789,54.83060573536315,2.046246967324741,2.251820594224936,-2.4042714825197065,2.4042714825197065,2.4042714825197065,-2.4042714825197065,-2.4042714825197065,2.4042714825197065,2.4042714825197065,2.4042714825197065,-2.4042714825197065,2.0900001525878906,2.0374999999999988,57.52000045776367,53.238899574279785,53.63899955749512,54.03909954071045,,,,,,,,,,0.0,0.0,0.0
2015-12-10,56.20000076293945,57.97000122070312,55.88000106811523,57.5,57.5,1268200,2.4042714825197065,2.5692912861475024,1.7827252828949367,2.1351838904416,4.210477602237339,57.62000045776367,57.829000091552736,53.53900019327799,50.15283330281576,53.03885009765625,57.35762342272436,57.19235991954214,54.5906262738383,53.81375501871149,55.80197422768597,56.97272151765898,55.02833864385477,1.9443828738042157,2.190333050140792,2.278263257897431,-2.278263257897431,-2.278263257897431,2.278263257897431,2.278263257897431,-2.278263257897431,-2.278263257897431,-2.278263257897431,2.278263257897431,1.69000244140625,2.0177501678466783,57.97000122070312,53.03750045776368,53.445000457763676,53.852500457763675,,,,,,,,,,0.0,0.0,0.0
2015-12-11,56.66999816894531,57.65000152587891,55.95999908447266,56.18999862670898,56.18999862670898,1231000,-2.278263257897431,2.185793264500644,1.922383594196465,2.129740666316524,4.221568687765774,56.95,57.697000122070314,53.951666768391924,50.232833290100096,52.85905010223389,56.968415157385905,57.01011241175429,54.693811586926735,53.891664645203214,55.809657879151764,56.85230261135898,55.1143875314736,1.7379150798853829,2.0998494560897103,6.602596859130662,-6.602596859130662,-6.602596859130662,6.602596859130662,6.602596859130662,6.602596859130662,-6.602596859130662,-6.602596859130662,6.602596859130662,4.380001068115234,2.14925022125244,57.65000152587891,53.53095085144042,53.93450088500976,54.3380509185791,,,,,,,,,,0.0,0.0,0.0
2015-12-14,56.06000137329102,56.4900016784668,52.11000061035156,52.47999954223633,52.47999954223633,1908600,-6.602596859130662,3.2565796791561574,2.7265012783701974,2.6591181764894234,4.308867821561261,55.91999969482422,57.138000106811525,54.236666742960615,50.261999956766765,52.63145011901855,55.47227661900271,56.186455526387384,54.550985003398324,53.84538054346659,55.74372405069799,56.179640600724724,54.919247680418984,1.2603929203057405,1.9319581489329165,1.5053371235103608,-1.5053371235103608,-1.5053371235103608,1.5053371235103608,1.5053371235103608,1.5053371235103608,-1.5053371235103608,-1.5053371235103608,1.5053371235103608,2.6699981689453054,2.21175022125244,56.4900016784668,52.921651039123546,53.35150108337403,53.78135112762452,1.0,1.0,1.0,52.921651039123546,53.35150108337403,53.78135112762452,52.47999954223633,52.47999954223633,52.47999954223633,-0.8345383944289962,-1.6335089424677698,-2.4197078691832217
2015-12-15,52.40000152587891,53.22999954223633,50.56000137329102,51.68999862670898,51.68999862670898,1876200,-1.5053371235103608,3.197810120254233,2.7106331836844446,2.66082023604302,4.307985637334534,54.80199966430664,56.50299987792969,54.450666681925455,50.2918332417806,52.425550117492676,54.21151728823814,55.36891790826403,54.36640523716031,53.77471228390076,55.663452260123954,55.48892645087615,54.680044046810835,0.8088824040653151,1.7073429999593963,-2.9793015214583694,2.9793015214583694,2.9793015214583694,-2.9793015214583694,-2.9793015214583694,-2.9793015214583694,2.9793015214583694,2.9793015214583694,-2.9793015214583694,3.400001525878899,2.229250335693358,53.22999954223633,51.62415119171143,52.066501235961915,52.508851280212404,1.0,1.0,1.0,51.62415119171143,52.066501235961915,52.40000152587891,51.68999862670898,51.68999862670898,51.68999862670898,0.1275516080700671,-0.7231187045710129,-1.3549673253717087
2015-12-16,52.22999954223633,53.61000061035156,50.20999908447266,53.22999954223633,53.22999954223633,2435500,2.9793015214583694,3.895584605642757,2.9609255256831046,2.4263947445907763,4.267969891203741,54.21799926757812,55.97799987792969,54.701333363850914,50.38949991861979,52.25845008850098,53.88434470623754,54.98002365989536,54.29308874071361,53.75685284974783,55.61526507759152,55.14139923416233,54.572633342768285,0.5687658913940439,1.479627578246326,0.9017462828558989,-0.9017462828558989,-0.9017462828558989,0.9017462828558989,0.9017462828558989,0.9017462828558989,-0.9017462828558989,-0.9017462828558989,0.9017462828558989,1.9819984436035085,2.1906501770019515,53.61000061035156,48.32564880371094,48.77149887084961,49.217348937988284,,,,,,,,,,0.0,0.0,0.0
2015-12-17,53.47000122070312,54.09000015258789,52.10800170898438,52.75,52.75,869700,-0.9017462828558989,3.425400930659343,2.959836359532314,2.3231857974162256,4.267803582853048,53.267999267578126,55.4439998626709,54.90733337402344,50.46766656239827,52.07845008850098,53.506229804158366,54.574564812641654,54.19353462840951,53.723841280903635,55.55852715526297,54.77349165967581,54.43762346552619,0.33586819414962577,1.250875701426986,2.123220723952176,-2.123220723952176,-2.123220723952176,2.123220723952176,2.123220723952176,2.123220723952176,-2.123220723952176,-2.123220723952176,2.123220723952176,1.9500007629394531,2.157650184631346,54.09000015258789,48.79057022094727,49.22870025634766,49.66683029174805,,,,,,,,,,0.0,0.0,0.0
2015-12-18,52.5,53.27000045776367,51.31999969482422,51.63000106811523,51.63000106811523,2147000,-2.123220723952176,3.4191204439067873,2.7181102706734976,2.354129829527688,4.2618997922073145,52.35599975585937,54.65299987792969,55.12566668192546,50.5486665725708,51.890050086975094,52.88082022547732,54.03918958636412,54.02814536645504,53.65519078212368,55.48073455947787,54.28987772251265,54.22965143608834,0.06022628642431016,1.0127458184264508,-3.3313913817988783,-3.3313913817988783,3.3313913817988783,-3.3313913817988783,-3.3313913817988783,-3.3313913817988783,3.3313913817988783,3.3313913817988783,-3.3313913817988783,3.260002136230476,2.2420003890991196,53.27000045776367,49.34316974639893,49.7746997833252,50.206229820251465,,,,,,,,,,0.0,0.0,0.0
2015-12-21,51.86999893188477,53.40000152587891,50.13999938964844,53.34999847412109,53.34999847412109,1370400,3.3313913817988783,2.5945954267770515,3.0017243813424437,2.4666003424352665,4.27498226231583,52.529999542236325,54.224999618530276,55.05233332316081,50.64316654205322,51.818700065612795,53.03721297502524,53.913882111410835,53.9843939540464,53.645184476943264,55.43854176570842,54.145280915067794,54.1644919574241,-0.019211042356303665,0.8063544462699,1.7619468670930702,1.7619468670930702,-1.7619468670930702,1.7619468670930702,1.7619468670930702,1.7619468670930702,1.7619468670930702,-1.7619468670930702,1.7619468670930702,2.069999694824226,2.280500411987304,53.40000152587891,48.33759960174561,48.785999679565435,49.234399757385255,,,,,,,,,,0.0,0.0,0.0
2015-12-22,53.5,53.70000076293945,51.63000106811523,52.40999984741211,52.40999984741211,882900,-1.7619468670930702,2.6427114367705014,3.018740907530672,2.4933485806785303,4.096267248174436,52.67399978637695,53.737999725341794,54.996333312988284,50.79583320617676,51.76330005645752,52.82814193248753,53.64044897250197,53.88282014071517,53.604686620237324,55.37857063861344,53.878314596966916,54.03452957890469,-0.15621498193777228,0.6138405606283657,-3.8160656474391415,-3.8160656474391415,3.8160656474391415,-3.8160656474391415,-3.8160656474391415,-3.8160656474391415,-3.8160656474391415,3.8160656474391415,-3.8160656474391415,2.5300025939941335,2.304500579833983,53.70000076293945,48.38290061950684,48.839000701904304,49.295100784301766,,,,,,,,,,0.0,0.0,0.0
2015-12-23,52.59000015258789,54.79000091552734,52.2599983215332,54.40999984741211,54.40999984741211,1065100,3.8160656474391415,2.8710521647285914,3.318227492257545,2.6218818312734515,4.1198028309517785,52.90999984741211,53.563999557495116,55.066999944051105,50.97649987538656,51.732200050354,53.35542790412906,53.78036731339472,53.91683173469562,53.631090332603705,55.35939101898569,53.96011232780464,54.06234219138672,-0.10222986358208175,0.4706264757862762,0.3675808922998161,0.3675808922998161,-0.3675808922998161,0.3675808922998161,0.3675808922998161,0.3675808922998161,0.3675808922998161,-0.3675808922998161,0.3675808922998161,0.69000244140625,2.2095006942749014,54.79000091552734,48.63009948730469,49.090999603271484,49.551899719238286,,,,,,,,,,0.0,0.0,0.0
2015-12-24,54.29000091552734,54.86000061035156,54.16999816894531,54.20999908447266,54.20999908447266,482600,-0.3675808922998161,2.816571353996683,3.1835914251643587,2.529023799476612,4.10278197498488,53.20199966430664,53.23499946594238,55.13399988810222,51.12916653951009,51.72370002746582,53.6402849642436,53.85848218086343,53.935745757261884,53.65007094741908,55.336630782658695,53.998556444215104,54.073279739022716,-0.07472329480761175,0.36155652166749863,2.4349745750176788,2.4349745750176788,-2.4349745750176788,2.4349745750176788,2.4349745750176788,2.4349745750176788,2.4349745750176788,-2.4349745750176788,2.4349745750176788,2.0600013732910085,2.2515007019042956,54.86000061035156,49.92909938812255,50.370999526977535,50.81289966583252,,,,,,,,,,0.0,0.0,0.0
2015-12-28,54.0,54.09000015258789,52.02999877929688,52.88999938964844,52.88999938964844,978600,-2.4349745750176788,2.8937375584617318,3.193461483126047,2.571380433569133,4.0933331732481,53.45399932861328,52.904999542236325,55.19799982706706,51.28349984486898,51.704300003051756,53.39018977271188,53.68239440064252,53.86827824967392,53.625150568475775,55.288182636262455,53.828009205050996,53.98562934277277,-0.15762013772177141,0.25772118978964464,0.1890759878472067,-0.1890759878472067,0.1890759878472067,-0.1890759878472067,-0.1890759878472067,-0.1890759878472067,-0.1890759878472067,0.1890759878472067,-0.1890759878472067,2.3199996948242045,2.2870006561279275,54.09000015258789,49.90669906616211,50.35699920654297,50.80729934692383,,,,,,,,,,0.0,0.0,0.0
2015-12-29,53.18000030517578,53.72000122070312,51.40000152587891,52.9900016784668,52.9900016784668,1134300,0.1890759878472067,2.4343481433551215,2.3846580934995827,2.555476195026296,4.0785771932431345,53.38199996948242,52.955999755859374,55.264333216349286,51.41733322143555,51.71590000152588,53.25679374129685,53.55650481479238,53.81161524507991,53.60432601470499,55.24267410244472,53.69908497019189,53.91187914541677,-0.21279417522487876,0.16361811678673996,-2.509910905692897,2.509910905692897,-2.509910905692897,2.509910905692897,2.509910905692897,2.509910905692897,2.509910905692897,-2.509910905692897,2.509910905692897,1.6800003051757955,2.2440006256103504,53.72000122070312,49.05859870910645,49.51599884033204,49.97339897155762,,,,,,,,,,0.0,0.0,0.0
2015-12-30,52.95999908447266,53.27999877929688,51.59999847412109,51.65999984741211,51.65999984741211,975400,-2.509910905692897,2.5797362660093306,2.480084376136403,2.595361149799308,4.094157827455735,53.23199996948242,52.952999877929685,55.25833320617676,51.53216654459636,51.71049999237061,52.72452911000194,53.21168572981415,53.67280134845618,53.54057761577735,55.171730057790604,53.385379566687305,53.7450732714905,-0.35969370480319185,0.05895575246875359,-1.4711543239992246,1.4711543239992246,-1.4711543239992246,1.4711543239992246,1.4711543239992246,1.4711543239992246,1.4711543239992246,-1.4711543239992246,1.4711543239992246,2.3500022888183594,2.2830007553100575,53.27999877929688,48.78319984436035,49.231999969482416,49.680800094604486,,,,,,,,,,0.0,0.0,0.0
2015-12-31,51.40999984741211,51.83000183105469,49.47999954223633,50.90000152587891,50.90000152587891,1540000,-1.4711543239992246,1.2110233727984177,2.2817496316622514,2.584147715679669,4.0966452807267055,52.53000030517578,52.72000007629394,55.130333201090494,51.642499923706055,51.67420001983643,52.1163532486276,52.79137951091683,53.49391103732217,53.454001350534774,55.08714137399037,53.003013714255246,53.53432721626001,-0.5313135020047639,-0.05909809842594991,0.3536351665613969,0.3536351665613969,-0.3536351665613969,0.3536351665613969,0.3536351665613969,0.3536351665613969,0.3536351665613969,-0.3536351665613969,0.3536351665613969,2.079998016357429,2.2805006027221677,51.83000183105469,48.25739711761476,48.71399726867676,49.170597419738776,,,,,,,,,,0.0,0.0,0.0
2016-01-04,49.68000030517578,50.79999923706055,48.72000122070312,50.72000122070312,50.72000122070312,1544100,-0.3536351665613969,1.21377509702183,2.2755571232541247,2.585051463785937,4.083636855509768,51.832000732421875,52.51700019836426,54.942999903361006,51.72866662343343,51.64280002593994,51.650902572652775,52.41476527633252,53.31494911366933,53.3643620020157,55.000663351152994,52.65178102293953,53.32585862399654,-0.6740776010570073,-0.1820939989521614,6.289436838783289,6.289436838783289,-6.289436838783289,-6.289436838783289,6.289436838783289,6.289436838783289,6.289436838783289,6.289436838783289,6.289436838783289,3.6100006103515554,2.3520006179809565,50.79999923706055,46.81290050506592,47.26900062561035,47.72510074615479,,,,,,,,,,0.0,0.0,0.0
2016-01-05,50.7599983215332,50.97000122070312,47.36000061035156,47.52999877929688,47.52999877929688,1611800,-6.289436838783289,2.569225100213669,2.922050509068761,2.763642615241966,4.168897930833157,50.76000061035156,52.10699996948242,54.66833318074544,51.76649996439616,51.548500022888184,50.277267974867485,51.52662591323512,52.941726511451755,53.17307140454951,54.85272939923505,51.86381452391758,52.896535672537304,-1.0327211486197214,-0.3522194288856734,6.122448815798513,6.122448815798513,-6.122448815798513,-6.122448815798513,-6.122448815798513,6.122448815798513,6.122448815798513,6.122448815798513,6.122448815798513,2.529998779296868,2.381000518798827,50.97000122070312,45.62559787750244,46.095998001098636,46.56639812469483,,,,,,,,,,0.0,0.0,0.0
2016-01-06,46.65999984741211,46.68999862670898,44.15999984741211,44.61999893188477,44.61999893188477,2644600,-6.122448815798513,2.717571158685507,2.971112810622593,2.951988171089585,4.245746456196264,49.08600006103516,51.234000015258786,54.32966651916504,51.749166615804036,51.41150001525879,48.39151162720658,50.270875552989594,52.40484086115711,52.89264279888837,54.6501010731489,50.74938135591253,52.28345887693341,-1.5340775210208761,-0.588591047312714,-2.285971497490978,-2.285971497490978,2.285971497490978,2.285971497490978,2.285971497490978,-2.285971497490978,-2.285971497490978,-2.285971497490978,-2.285971497490978,3.0,2.4500005722045883,46.68999862670898,45.731800079345696,46.20800018310546,46.68420028686523,1.0,1.0,1.0,45.731800079345696,46.20800018310546,46.65999984741211,44.61999893188477,44.61999893188477,44.61999893188477,-2.431133577799088,-3.436637043213337,-4.372055126872189
2016-01-07,44.5,47.11000061035156,44.11000061035156,45.63999938964844,45.63999938964844,3609800,2.285971497490978,3.7414085008092437,3.2307697491876537,3.053221624099356,4.25037826142857,47.88199996948242,50.55699996948242,54.02266654968262,51.73599993387858,51.2854999923706,47.474340881353875,49.428898068745745,51.968399475898494,52.654851211700176,54.47168321803008,49.9633225918719,51.79135076676415,-1.8280281748922462,-0.8364784728286205,2.5197145630165596,2.5197145630165596,-2.5197145630165596,-2.5197145630165596,-2.5197145630165596,2.5197145630165596,2.5197145630165596,2.5197145630165596,2.5197145630165596,2.9199981689453054,2.4631004333496076,47.11000061035156,41.29999736785888,41.7899974822998,42.27999759674072,,,,,,,,,,0.0,0.0,0.0
2016-01-08,43.04999923706055,45.31999969482422,42.40000152587891,44.4900016784668,44.4900016784668,7724400,-2.5197145630165596,3.706241624932004,2.6856255456212828,3.0640274291190335,4.213653082752868,46.6,49.56500015258789,53.64733327229818,51.74183330535889,51.14760002136231,46.479561147058185,48.53091690687684,51.485922198644836,52.387151227004,54.2740261578407,49.12127322057881,51.25051009355693,-2.129236872978126,-1.0950301528585218,0.6068789561191665,0.6068789561191665,-0.6068789561191665,-0.6068789561191665,-0.6068789561191665,0.6068789561191665,0.6068789561191665,0.6068789561191665,0.6068789561191665,2.0600013732910156,2.461600494384764,45.31999969482422,41.69117965698243,42.183799743652344,42.67641983032227,,,1.0,,,42.67641983032227,,,44.4900016784668,0.0,0.0,4.2496110389652495
2016-01-11,44.65999984741211,44.86000061035156,42.79999923706055,44.22000122070312,44.22000122070312,2159800,-0.6068789561191665,3.669418637305758,2.6708918412382663,2.9541753333521563,4.15762040547673,45.3,48.566000366210936,53.20999997456868,51.70383332570394,51.03050003051758,45.726374504939834,47.747114054845255,51.017153103293765,52.119375816961345,54.074936555125106,48.36723137444409,50.729731658530724,-2.362500284086636,-1.3485241791041447,-1.2663897402417574,-1.2663897402417574,1.2663897402417574,1.2663897402417574,1.2663897402417574,-1.2663897402417574,-1.2663897402417574,-1.2663897402417574,-1.2663897402417574,1.7600021362304688,2.465100479125975,44.86000061035156,39.90447860717774,40.39679870605469,40.88911880493164,,,,,,,,,,0.0,0.0,0.0
2016-01-12,44.36999893188477,45.77000045776367,44.0099983215332,44.77999877929688,44.77999877929688,1318100,1.2663897402417574,3.3369378404990844,2.851695630327695,2.9960510589213127,4.129634815956494,44.75,47.755000305175784,52.78566665649414,51.64499994913737,50.92240001678467,45.41091592972552,47.20763855020009,50.61475605013268,51.878740504251034,53.890878381346326,47.815349436729136,50.2890107045134,-2.4736612677842658,-1.573551596840169,9.803482602322159,9.803482602322159,-9.803482602322159,-9.803482602322159,-9.803482602322159,9.803482602322159,9.803482602322159,9.803482602322159,9.803482602322159,3.3499984741210866,2.413600349426267,45.77000045776367,39.436779556274416,39.92979965209961,40.422819747924805,,,,,,,,,,0.0,0.0,0.0
2016-01-13,40.7400016784668,42.25,38.90000152587891,40.38999938964844,40.38999938964844,5785300,-9.803482602322159,4.797568031146978,3.7570294751122177,3.368625623436683,4.3106985369854955,43.90400009155273,46.49500007629395,52.19633331298828,51.5294999440511,50.80270000457764,43.73727708303316,45.96806779373615,49.95509433010144,51.502060467706684,53.62353424289686,46.67298789102441,49.555750607115996,-2.882762716091584,-1.8353938206904523,2.4015876092133013,2.4015876092133013,-2.4015876092133013,-2.4015876092133013,-2.4015876092133013,2.4015876092133013,2.4015876092133013,2.4015876092133013,2.4015876092133013,1.6800003051757741,2.3641004562377907,42.25,40.46007968902588,40.942799758911136,41.42551982879639,1.0,1.0,1.0,40.46007968902588,40.7400016784668,40.7400016784668,40.38999938964844,40.38999938964844,40.38999938964844,-0.17320850555925285,-0.8591121119254979,-0.8591121119254979
2016-01-14,40.56000137329102,40.63999938964844,38.95999908447266,39.41999816894531,39.41999816894531,2222800,-2.4015876092133013,4.202098113271441,3.757514031427988,3.3782165656916643,4.319044741957246,42.65999984741211,45.270999908447266,51.57566655476888,51.40566660563151,50.69699996948242,42.29818411167055,44.77750968013781,49.27541070680105,51.10592727758336,53.34227610281861,45.55714331839686,48.80495413021446,-3.247810811817601,-2.1178772189158823,7.153728629662377,7.153728629662377,-7.153728629662377,-7.153728629662377,-7.153728629662377,7.153728629662377,7.153728629662377,7.153728629662377,7.153728629662377,2.8899993896484375,2.338600349426268,40.63999938964844,37.04897899627686,37.52179908752442,37.99461917877198,,,,,,,,,,0.0,0.0,0.0
2016-01-15,37.91999816894531,38.04999923706055,35.15999984741211,36.59999847412109,36.59999847412109,3559500,-7.153728629662377,4.612241801957204,3.9900575496089448,3.4630192339774535,4.391373288898972,41.08199920654297,43.840999603271484,50.8463331858317,51.2123332341512,50.577999954223635,40.39878889915407,43.29068946086204,48.45764217566041,50.630323054519025,53.010745852745394,44.17912103466213,47.90088334087421,-3.721762306212078,-2.4386542363751214,0.846987900321748,0.846987900321748,0.846987900321748,-0.846987900321748,-0.846987900321748,0.846987900321748,0.846987900321748,0.846987900321748,0.846987900321748,1.7599983215332102,2.327500343322753,38.04999923706055,35.49507862091065,35.9627986907959,36.43051876068115,1.0,1.0,1.0,35.49507862091065,35.9627986907959,36.43051876068115,36.59999847412109,36.59999847412109,36.59999847412109,3.1128818307772845,1.771830353927009,0.4652135605130343
2016-01-19,37.20999908447266,37.47999954223633,35.72000122070312,36.29000091552734,36.29000091552734,1987000,-0.846987900321748,4.572545986884385,3.9542566483819486,3.4637855406041322,4.389854972204661,39.49599914550781,42.3979995727539,50.119666544596356,51.008833249409996,50.442799949645995,39.02919290461183,42.01783699807391,47.67263306210344,50.16014855815864,52.67964199260246,42.96541024710293,47.0408179760337,-4.07540772893077,-2.766004934886251,-2.0942361597131596,-2.0942361597131596,-2.0942361597131596,2.0942361597131596,2.0942361597131596,-2.0942361597131596,-2.0942361597131596,-2.0942361597131596,-2.0942361597131596,2.6299972534179545,2.361500167846678,37.47999954223633,32.92949848175049,33.39499855041504,33.86049861907959,,,,,,,,,,0.0,0.0,0.0
2016-01-20,35.54000091552734,37.93999862670898,35.31000137329102,37.04999923706055,37.04999923706055,1884700,2.0942361597131596,4.810127030185541,4.116400844636037,3.5694471949580384,4.38916627375559,37.949999237060545,41.349999618530276,49.36999982198079,50.80049991607666,50.2857999420166,38.36946168209474,41.114593768798755,46.98730184758455,49.73030759681116,52.3701441162551,42.05534701478872,46.30075732870235,-4.245410313913631,-3.0618860106917274,-2.132256226167794,-2.132256226167794,-2.132256226167794,2.132256226167794,2.132256226167794,-2.132256226167794,-2.132256226167794,-2.132256226167794,-2.132256226167794,1.8000030517578267,2.2885002136230455,37.93999862670898,32.28469917297364,32.75699920654297,33.22929924011231,,,,,,,,,,0.0,0.0,0.0
2016-01-21,37.45000076293945,38.40000152587891,36.59999847412109,37.84000015258789,37.84000015258789,1363000,2.132256226167794,3.8394353881485794,4.110378609469457,3.4917802851258344,4.365131810756362,37.439999389648435,40.67199974060058,48.71033312479655,50.57283325195313,50.116799926757814,38.19297450559246,40.51921311130587,46.397153351133156,49.34046145109892,52.08241849321218,41.406832112911665,45.67403457491609,-4.267202462004427,-3.3029493009542676,-8.509516933717336,-8.509516933717336,-8.509516933717336,8.509516933717336,8.509516933717336,-8.509516933717336,-8.509516933717336,-8.509516933717336,-8.509516933717336,2.8900032043457102,2.3295003890991195,38.40000152587891,32.905298156738276,33.362998199462886,33.8206982421875,,,,,,,,,,0.0,0.0,0.0
2016-01-22,38.81000137329102,41.15000152587891,38.2599983215332,41.06000137329102,41.06000137329102,2804100,8.509516933717336,5.673465484194201,5.1069613463791566,4.164017695657949,4.360221169567087,37.76800003051758,40.21399993896485,48.16966654459635,50.47783330281575,49.96949993133545,39.14865012815865,40.617538249848614,46.052820965465926,49.06897095674456,51.86415280766919,41.35347353758541,45.33225433775868,-3.9787808001732685,-3.438115600798068,3.1661057191377835,3.1661057191377835,3.1661057191377835,-3.1661057191377835,-3.1661057191377835,3.1661057191377835,3.1661057191377835,3.1661057191377835,3.1661057191377835,1.3300018310546946,2.2695003509521476,41.15000152587891,33.27510066986085,33.74100074768067,34.2069008255005,,,,,,,,,,0.0,0.0,0.0
2016-01-25,40.77000045776367,40.81000137329102,39.47999954223633,39.7599983215332,39.7599983215332,1363300,-3.1661057191377835,4.383719380206906,5.133298766839339,4.0176899699546595,4.372253683788122,38.4,39.74099960327148,47.6233331044515,50.37566661834717,49.81199993133545,39.3524328592835,40.461621899245806,45.64683240779285,48.763758739196646,51.624466580220954,41.10832350434661,44.91949463285309,-3.81117112850648,-3.512726706339751,0.0,0.0,0.0,0.0,0.0,0.0,0.0,0.0,0.0,1.4749984741210866,2.3087501525878897,40.81000137329102,36.157100753784185,36.61100082397462,37.06490089416505,,,,,,,,,,0.0,0.0,0.0
2016-01-26,40.20000076293945,40.5,39.02500152587891,39.7599983215332,39.7599983215332,1500000,0.0,4.2735182985521165,5.142011753745987,4.023875410405251,4.368313185224352,39.09399948120117,39.294999313354495,47.03199971516927,50.28549995422363,49.67509990692139,39.48828801336674,40.33405397602533,45.267036660292234,48.46855347960113,51.38952661470238,40.90088886083686,44.53730972090347,-3.6364208600666146,-3.537465537085124,6.891343006635904,6.891343006635904,6.891343006635904,-6.891343006635904,-6.891343006635904,6.891343006635904,6.891343006635904,6.891343006635904,6.891343006635904,2.6199989318847656,2.3367500305175772,40.5,35.73075103759766,36.19250106811524,36.65425109863282,,,,,,,,,,0.0,0.0,0.0
2016-01-27,39.31000137329102,39.41999816894531,36.79999923706055,37.02000045776367,37.02000045776367,2321100,-6.891343006635904,5.7966572675607635,5.394521957581171,4.200217317823619,4.4399208125788405,39.087999725341795,38.51899948120117,46.39299977620443,50.172333272298175,49.49709991455078,38.66552549483239,39.731498790886846,44.734969808516205,48.09319108544252,51.10498154228776,40.30382910651791,43.98047199770794,-3.6766428911900277,-3.565301007906105,-0.9454410710169465,0.9454410710169465,0.9454410710169465,-0.9454410710169465,-0.9454410710169465,0.9454410710169465,0.9454410710169465,0.9454410710169465,0.9454410710169465,1.579998016357436,2.299749946594239,39.41999816894531,35.35914993286133,35.826499938964844,36.29384994506836,,,,,,,,,,0.0,0.0,0.0
2016-01-28,37.09000015258789,37.70999908447266,36.13000106811523,36.66999816894531,36.66999816894531,1879000,-0.9454410710169465,5.691598841208686,4.593452846704757,4.181222246827266,4.440558964775573,38.853999328613284,38.14699935913086,45.86599973042806,50.05133323669433,49.29809989929199,38.0003497195367,39.174862314170205,44.21464905757615,47.71866017014753,50.81914028737008,39.7447781930452,43.4389554177996,-3.694177224754398,-3.591076251275764,7.990183941860954,-7.990183941860954,-7.990183941860954,7.990183941860954,7.990183941860954,-7.990183941860954,-7.990183941860954,-7.990183941860954,-7.990183941860954,2.799999237060547,2.3557498931884764,37.70999908447266,34.36054828643799,34.82049827575683,35.280448265075684,,,,,,,,,,0.0,0.0,0.0
2016-01-29,37.2599983215332,39.97999954223633,37.18000030517578,39.59999847412109,39.59999847412109,2477000,7.990183941860954,5.487177161112519,5.324914641889644,4.705730252552532,4.546539645740769,38.561998748779295,38.164999389648436,45.462999725341795,49.95683320363363,49.13619987487793,38.53356597106483,39.25215979779763,43.91692966509518,47.45247454076961,50.59697906334535,39.7225043901338,43.154588236786374,-3.4320838466525743,-3.5592777703511262,0.9343504061593109,-0.9343504061593109,-0.9343504061593109,0.9343504061593109,0.9343504061593109,-0.9343504061593109,-0.9343504061593109,-0.9343504061593109,0.9343504061593109,2.2099990844726562,2.3487497329711915,39.97999954223633,32.52734931945801,32.99849929809571,33.469649276733406,,,,,,,,,,0.0,0.0,0.0
2016-02-01,39.45000076293945,40.54999923706055,38.34000015258789,39.97000122070312,39.97000122070312,1758400,0.9343504061593109,5.311870603422139,4.6614427280451505,4.729511082982116,4.5463882961207815,38.603999328613284,38.50199966430664,45.02099978129069,49.8611665725708,48.95399990081787,39.01237772094426,39.38267642014408,43.662289120295696,47.20714754666906,50.38654385854055,39.760580825606006,42.91869290226169,-3.1581120766556836,-3.479044631612038,-7.055290489617347,7.055290489617347,7.055290489617347,-7.055290489617347,-7.055290489617347,7.055290489617347,7.055290489617347,7.055290489617347,-7.055290489617347,2.279998779296868,2.3587497711181635,40.54999923706055,34.81275012969971,35.28250007629394,35.752250022888184,,,,,,,,,,0.0,0.0,0.0
2016-02-02,39.25,39.34999847412109,37.06999969482422,37.15000152587891,37.15000152587891,1372000,-7.055290489617347,6.2400988373452435,5.3014503742598045,4.908291463384165,4.625176837354013,38.081999969482425,38.587999725341795,44.50099983215332,49.70416660308838,48.759999923706054,38.391585655922476,38.976735530277686,43.242141533559135,46.87740505418414,50.12443410937893,39.3589532410326,42.49138242993704,-3.132429188904439,-3.4097215430705186,0.24226150441796343,0.24226150441796343,0.24226150441796343,-0.24226150441796343,-0.24226150441796343,0.24226150441796343,0.24226150441796343,0.24226150441796343,-0.24226150441796343,2.0699996948242188,2.2817497253417964,39.34999847412109,35.36074974060059,35.83249969482422,36.304249649047854,,,,,,,,,,0.0,0.0,0.0
2016-02-03,37.2400016784668,37.59000015258789,35.52000045776367,37.06000137329102,37.06000137329102,1301500,-0.24226150441796343,5.370121594302085,5.267918741170606,4.777673029762583,4.609225106709452,38.09000015258789,38.58899993896485,44.01533317565918,49.570499928792316,48.5907999420166,37.94772422837866,38.62823841082557,42.843293781283776,46.555522966286006,49.86573247104056,39.005268338303125,42.089057907222525,-3.0837895689194,-3.3445351482402947,-4.6411153326223396,-4.6411153326223396,-4.6411153326223396,4.6411153326223396,4.6411153326223396,-4.6411153326223396,-4.6411153326223396,-4.6411153326223396,4.6411153326223396,1.8499984741210866,2.2477497100830073,37.59000015258789,34.33014907836913,34.78649902343749,35.242848968505854,,,,,,,,,,0.0,0.0,0.0
2016-02-04,37.38999938964844,38.93999862670898,37.09000015258789,38.77999877929688,38.77999877929688,2783800,4.6411153326223396,5.662022749084517,5.4312627193651,4.791568848595062,3.4967039156534394,38.512000274658206,38.682999801635745,43.52966651916504,49.29099992116292,48.44339992523194,38.22514907868474,38.65583120509307,42.58114571663946,46.30058774704046,49.64621299199612,38.970611483071394,41.843942416265065,-2.873330933193671,-3.2502943052309705,3.945329622118731,3.945329622118731,3.945329622118731,-3.945329622118731,-3.945329622118731,3.945329622118731,3.945329622118731,3.945329622118731,-3.945329622118731,3.2999992370605398,2.2627496719360343,38.93999862670898,32.644950790405275,33.09450073242188,33.54405067443848,,,,,,,,,,0.0,0.0,0.0
2016-02-05,36.59999847412109,38.20000076293945,34.90000152587891,37.25,37.25,3651500,-3.945329622118731,4.510833681908175,4.743787555476159,4.797380244250377,3.514148317370574,38.04200057983398,38.30199966430664,43.02433319091797,49.01033325195313,48.280999908447264,37.90009938578983,38.40022553143978,42.237200831694985,46.00384716517028,49.400743427798176,38.70590202413734,41.50365038543062,-2.79774836129328,-3.1597851164434325,2.228192835046141,2.228192835046141,2.228192835046141,-2.228192835046141,-2.228192835046141,2.228192835046141,2.228192835046141,2.228192835046141,-2.228192835046141,1.7900009155273366,2.206249809265136,38.20000076293945,33.9619493484497,34.41449928283691,34.867049217224114,,,,,,,,,,0.0,0.0,0.0
2016-02-08,36.61000061035156,37.22000122070312,35.43000030517578,36.41999816894531,36.41999816894531,2460900,-2.228192835046141,4.36785415250662,4.702393867579406,4.792642130163422,3.5023086035006066,37.331999969482425,37.967999649047854,42.42466646830241,48.745833206176755,48.117899894714355,37.40673231350833,38.04018419280442,41.86189743409823,45.689622607916995,49.14369896722683,38.35422450795395,41.127083554579855,-2.7728590466259035,-3.082399902479927,3.5145492686715927,3.5145492686715927,3.5145492686715927,-3.5145492686715927,-3.5145492686715927,3.5145492686715927,3.5145492686715927,3.5145492686715927,-3.5145492686715927,2.0300025939941406,2.2047498703002923,37.22000122070312,33.34625118255615,33.787501144409184,34.22875110626221,,,,,,,,,,0.0,0.0,0.0
2016-02-09,35.65000152587891,37.06000137329102,35.02999877929688,35.13999938964844,35.13999938964844,1702600,-3.5145492686715927,3.49592629616019,4.768966214429002,4.827705137922101,3.5228774149345727,36.92999954223633,37.50599975585938,41.78899981180827,48.46149984995524,47.95189987182617,36.6511546722217,37.51287786495787,41.42822659252083,45.343733322072126,48.866397985492604,37.85972833590695,40.68359583865901,-2.8238675027520586,-3.0306934225343536,-0.6260706446339128,-0.6260706446339128,-0.6260706446339128,0.6260706446339128,0.6260706446339128,-0.6260706446339128,-0.6260706446339128,-0.6260706446339128,0.6260706446339128,2.069999694824226,2.22024974822998,37.06000137329102,32.36955150604248,32.81050148010253,33.25145145416259,,,,,,,,,,0.0,0.0,0.0
2016-02-10,35.27999877929688,36.66999816894531,34.59999847412109,35.36000061035156,35.36000061035156,1315400,0.6260706446339128,3.5674078657203285,4.331562400094333,4.813768541516495,3.5186544336269248,36.58999938964844,37.339999771118165,41.20466651916504,48.20133317311605,47.791599884033204,36.22076998493166,37.12144563684763,41.036728142058294,45.01639782332718,48.59894457212347,37.47515483966766,40.28925545137698,-2.8141006117093212,-2.9873748603693473,2.3472902056786142,2.3472902056786142,2.3472902056786142,-2.3472902056786142,-2.3472902056786142,2.3472902056786142,2.3472902056786142,2.3472902056786142,-2.3472902056786142,1.6000022888183665,2.132749938964844,36.66999816894531,32.175451927185065,32.619501876831066,33.06355182647706,,,,,,,,,,0.0,0.0,0.0
2016-02-11,34.54000091552734,34.90000152587891,33.29999923706055,34.52999877929688,34.52999877929688,1564400,-2.3472902056786142,1.7853484202813954,4.37458430360098,4.369472496094494,3.525347554354793,35.73999938964844,37.12599983215332,40.589333089192706,47.926833152770996,47.62959987640381,35.657179583053406,36.650273480929314,40.6169391509124,44.67258146122782,48.320351586126904,37.022053907302926,39.86264384603771,-2.8405899387347873,-2.9580178760424354,-8.74601959028844,-8.74601959028844,-8.74601959028844,8.74601959028844,8.74601959028844,-8.74601959028844,-8.74601959028844,-8.74601959028844,8.74601959028844,2.9099998474121094,2.194249916076661,34.90000152587891,31.977948303222654,32.40449829101563,32.831048278808595,,,,,,,,,,0.0,0.0,0.0
2016-02-12,35.20000076293945,37.72999954223633,34.81999969482422,37.54999923706055,37.54999923706055,2090800,8.74601959028844,4.984545109702751,4.541203467996765,4.826792295789988,3.7155650397154134,35.79999923706055,36.920999908447264,40.11899973551432,47.68866647084554,47.50609985351562,36.28811946772245,36.81385998204408,40.41907205969615,44.43905417518955,48.107077282184996,37.103276265727175,39.69133683796533,-2.588060572238156,-2.8840264152815793,-8.601863136786532,-8.601863136786532,-8.601863136786532,8.601863136786532,8.601863136786532,-8.601863136786532,-8.601863136786532,-8.601863136786532,8.601863136786532,3.720001220703125,2.2357500076293952,37.72999954223633,30.072651710510257,30.51150169372559,30.950351676940922,,,,,,,,,,0.0,0.0,0.0
2016-02-16,38.11999893188477,41.22999954223633,37.5099983215332,40.77999877929688,40.77999877929688,2704400,8.601863136786532,5.903347351479191,5.370368098491165,4.905744158906469,3.817625624788857,36.67199935913086,37.00199966430664,39.78166631062825,47.455999755859374,47.440199851989746,37.78541257158059,37.53497612699913,40.4423576545091,44.31908514581601,47.961986618761465,37.668925883199435,39.77197846324915,-2.103052580049713,-2.727831648235206,-1.986271205339586,-1.986271205339586,-1.986271205339586,1.986271205339586,1.986271205339586,1.986271205339586,-1.986271205339586,-1.986271205339586,1.986271205339586,3.6800003051757812,2.3317501068115236,41.22999954223633,32.81134952545166,33.25849952697754,33.705649528503415,,,,,,,,,,0.0,0.0,0.0
2016-02-17,41.22999954223633,44.72000122070312,41.04000091552734,41.59000015258789,41.59000015258789,4120000,1.986271205339586,4.957036053091305,4.709631812155223,4.901005111088852,3.8056298390880285,37.96199951171875,37.44599952697754,39.47733294169108,47.210166422526044,47.37549983978271,39.05360843191636,38.27225322256072,40.51639910599806,44.229606949316725,47.835808668936245,38.27216807848997,39.906646736533496,-1.6344786580435269,-2.5091610501968704,-2.8372212090563242,2.8372212090563242,2.8372212090563242,2.8372212090563242,-2.8372212090563242,-2.8372212090563242,2.8372212090563242,2.8372212090563242,-2.8372212090563242,2.3800010681152344,2.319250297546388,44.72000122070312,36.10014930725097,36.56649932861328,37.032849349975585,,,,,,,,,,0.0,0.0,0.0
2016-02-18,41.59999847412109,42.29999923706055,39.91999816894531,40.40999984741211,40.40999984741211,2317200,-2.8372212090563242,5.65568961803169,4.868713584972414,4.95601221682238,3.817610024342438,38.97199935913086,37.78099937438965,39.23999964396159,46.954166412353516,47.3118998336792,39.50573890374828,38.660934427079155,40.509534637702195,44.104373929582145,47.68876294969814,38.601065273708755,39.94393215215413,-1.3428668784453777,-2.2759022158465716,3.563471002589464,-3.563471002589464,-3.563471002589464,-3.563471002589464,3.563471002589464,3.563471002589464,-3.563471002589464,-3.563471002589464,3.563471002589464,2.0,2.3292501449584964,42.29999923706055,39.61765056610106,40.081500625610346,40.54535068511962,,1.0,1.0,,40.081500625610346,40.54535068511962,,40.40999984741211,40.40999984741211,0.0,0.8195781512029185,-0.3338257911706447
2016-02-19,40.11999893188477,42.11000061035156,40.11000061035156,41.84999847412109,41.84999847412109,1923000,3.563471002589464,4.865551655380124,4.789785636492407,4.990279542542647,3.8486168159627394,40.4359992980957,38.08799934387207,39.14766629536947,46.73866640726725,47.25359981536865,40.287158760539214,39.24076425381405,40.596016175535674,44.030459980222766,47.57314385117186,39.10090115069527,40.08512225007761,-0.9842210993823386,-2.017565992553725,0.2628449566601493,-0.2628449566601493,-0.2628449566601493,-0.2628449566601493,0.2628449566601493,0.2628449566601493,-0.2628449566601493,-0.2628449566601493,0.2628449566601493,1.7719993591308594,2.273349952697754,42.11000061035156,37.17564891815186,37.64149894714355,38.107348976135256,,,,,,,,,,0.0,0.0,0.0
2016-02-22,42.79000091552734,43.0,41.22800064086914,41.95999908447266,41.95999908447266,2008200,0.2628449566601493,4.241111684470697,4.496046757598642,4.632033302689857,3.848955271823273,41.317999267578124,38.55899925231934,39.02499961853027,46.52383308410644,47.24069980621338,40.84477220185036,39.73517058666106,40.68401507288645,43.962576016427676,47.461992469653055,39.54076237127641,40.22400201558836,-0.6832396443119535,-1.7507007229053706,-1.1201082370370916,1.1201082370370916,1.1201082370370916,1.1201082370370916,-1.1201082370370916,-1.1201082370370916,1.1201082370370916,1.1201082370370916,-1.1201082370370916,1.3699989318847656,2.2753498077392575,43.0,37.108630714416506,37.563300704956056,38.017970695495606,,,,,,,,,,0.0,0.0,0.0
2016-02-23,41.72999954223633,42.31999969482422,40.95000076293945,41.4900016784668,41.4900016784668,1425200,-1.1201082370370916,2.5163841504273816,4.412697668803087,4.575823040234419,3.840971574369229,41.45999984741211,39.065999603271486,38.92499961853027,46.286166445414224,47.219899826049804,41.059848694055844,40.0542307851712,40.736014208730346,43.88150800534699,47.34373522626323,39.84064534161339,40.31777976839417,-0.4771344267807791,-1.4959874636804522,1.6389406193527152,1.6389406193527152,-1.6389406193527152,-1.6389406193527152,1.6389406193527152,1.6389406193527152,-1.6389406193527152,-1.6389406193527152,1.6389406193527152,1.9300003051757812,2.298099899291992,42.31999969482422,37.99423042297363,38.449300384521486,38.904370346069335,,,,,,,,,,0.0,0.0,0.0
2016-02-24,40.97999954223633,42.47000122070312,40.54000091552734,42.16999816894531,42.16999816894531,1485000,1.6389406193527152,2.464915678867533,4.062418392461323,4.584622616846691,3.8266298193976676,41.5759994506836,39.76899948120117,38.85666618347168,46.03333307902018,47.19109981536865,41.429898519019005,40.43891576403922,40.82852930293776,43.82539292874365,47.24128498750446,40.199007315049066,40.45498113139795,-0.2559738163488845,-1.2479847342141388,1.1856770730623563,1.1856770730623563,-1.1856770730623563,-1.1856770730623563,1.1856770730623563,1.1856770730623563,-1.1856770730623563,-1.1856770730623563,1.1856770730623563,1.6300010681152415,2.248600006103516,42.47000122070312,37.264179916381835,37.72379989624024,38.18341987609863,,,,,,,,,,0.0,0.0,0.0
2016-02-25,42.31000137329102,43.06000137329102,41.43000030517578,42.66999816894531,42.66999816894531,1444700,1.1856770730623563,1.7317625445011118,4.0465583056576175,4.252912210663887,3.8312449591751925,42.02799911499024,40.49999923706055,38.786332829793295,45.78599974314372,47.18149978637695,41.84326506899444,40.84456711038578,40.94733374590599,43.78751113334042,47.15076445644388,40.57915975411003,40.61905646751257,-0.039896713402541195,-1.0063671300518193,1.8514200830275722,1.8514200830275722,-1.8514200830275722,-1.8514200830275722,1.8514200830275722,1.8514200830275722,-1.8514200830275722,-1.8514200830275722,1.8514200830275722,1.4199981689453196,2.24060001373291,43.06000137329102,37.52308120727538,37.97280120849609,38.42252120971679,,,,,,,,,,0.0,0.0,0.0
2016-02-26,43.08000183105469,44.13999938964844,42.72000122070312,43.45999908447266,43.45999908447266,2503100,1.8514200830275722,1.2172545958297876,3.756479715198912,4.238558892088857,3.838341082585615,42.349999237060544,41.392999267578126,38.8886661529541,45.542499732971194,47.16649978637695,42.38217640748718,41.32010019658339,41.10944118710385,43.776773033377545,47.077679993632565,41.022365804935056,40.82949666136147,0.19286914357358853,-0.7665198753267378,3.7275719758604797,3.7275719758604797,-3.7275719758604797,-3.7275719758604797,3.7275719758604797,3.7275719758604797,3.7275719758604797,-3.7275719758604797,3.7275719758604797,3.1699981689453196,2.259099960327149,44.13999938964844,38.13068134307862,38.578801345825205,39.02692134857178,,,,,,,,,,0.0,0.0,0.0
2016-02-29,43.5,46.63999938964844,43.47000122070312,45.08000183105469,45.08000183105469,2249600,3.7275719758604797,1.7363229275845713,3.088527016187716,3.9634699328965715,3.8751431129987304,42.97399978637695,42.14599952697754,39.07733294169108,45.32649974822998,47.169599800109864,43.28145154867635,42.00371867557817,41.36560638993939,43.81950184641614,47.03812201021518,41.646617501261154,41.14434889615356,0.5022686051075951,-0.5127621792398712,5.057672330719008,5.057672330719008,-5.057672330719008,-5.057672330719008,5.057672330719008,5.057672330719008,5.057672330719008,-5.057672330719008,5.057672330719008,2.743000030517578,2.285750007629395,46.63999938964844,39.16997947692871,39.62179946899414,40.07361946105957,,,,,,,,,,0.0,0.0,0.0
2016-03-01,45.52000045776367,48.24300003051758,45.5,47.36000061035156,47.36000061035156,2361000,5.057672330719008,1.6396136725593955,2.346441014334027,4.080512555949282,3.935202536117629,44.1479995727539,42.803999710083005,39.43599967956543,45.14116643269857,47.20039981842041,44.64096790256809,42.97758811826424,41.75234150093372,43.93558377310254,47.04449584388125,42.525599518044295,41.60476754164971,0.920831976394588,-0.22604334811297935,0.6123330063132745,0.6123330063132745,-0.6123330063132745,-0.6123330063132745,0.6123330063132745,0.6123330063132745,0.6123330063132745,-0.6123330063132745,0.6123330063132745,1.6399993896484233,2.253750038146973,48.24300003051758,41.61134937286377,42.068499374389646,42.52564937591553,,,,,,,,,,0.0,0.0,0.0
2016-03-02,46.65999984741211,48.29000091552734,46.65000152587891,47.65000152587891,47.65000152587891,1825900,0.6123330063132745,1.8546667198091973,2.3570643822228643,3.625628789203449,3.9365070333472394,45.24400024414062,43.40999984741211,39.81466636657715,44.96716645558675,47.221399841308596,45.643979110338364,43.82711782873963,42.132835696091476,44.057367961718164,47.056486055405955,43.31396905771116,42.05256265159261,1.261406406118553,0.07144660273332715,3.0640063750674122,3.0640063750674122,-3.0640063750674122,-3.0640063750674122,3.0640063750674122,3.0640063750674122,3.0640063750674122,-3.0640063750674122,3.0640063750674122,1.9000015258788991,2.2452501296997065,48.29000091552734,43.28474994659424,43.735499954223634,44.18624996185303,,,,,,,,,,0.0,0.0,0.0
2016-03-03,47.72999954223633,49.13000106811523,47.22999954223633,49.11000061035156,49.11000061035156,1878200,3.0640063750674122,1.7097711799676123,1.8679145133255877,3.626343844656284,3.9439056220164246,46.53200073242188,44.27999992370606,40.21666641235352,44.79333311716716,47.259899864196775,46.799319610342764,44.78764197085089,42.58297536797923,44.223028048558604,47.09714970995933,44.20566621965584,42.575335833722896,1.6303303859329432,0.38322335937325036,1.6086355237406207,1.6086355237406207,-1.6086355237406207,-1.6086355237406207,1.6086355237406207,1.6086355237406207,1.6086355237406207,-1.6086355237406207,1.6086355237406207,2.229999542236328,2.2642501831054687,49.13000106811523,43.35045063018798,43.799500656127925,44.248550682067865,,,,,,,,,,0.0,0.0,0.0
2016-03-04,49.56000137329102,50.81999969482422,48.59000015258789,49.90000152587891,49.90000152587891,2496300,1.6086355237406207,1.7486726060352797,1.7847337309803195,3.549742844075486,3.9315530179022713,47.820001220703126,45.08500022888184,40.61866645812988,44.664499791463214,47.302299880981444,47.83288024885482,45.717161889946894,43.055041571714696,44.40915832650353,47.152651726116154,45.08171780522862,43.11790366277149,1.9638141424571316,0.6993415159900267,-1.6833669877790554,-1.6833669877790554,1.6833669877790554,1.6833669877790554,1.6833669877790554,-1.6833669877790554,-1.6833669877790554,1.6833669877790554,-1.6833669877790554,1.6920013427734375,2.1838502883911137,50.81999969482422,44.1486506652832,44.60150070190429,45.054350738525386,,,,,,,,,,0.0,0.0,0.0
2016-03-07,49.5,50.06999969482422,48.37799835205078,49.06000137329102,49.06000137329102,2235200,-1.6833669877790554,2.538106674417313,2.0552504013635855,3.4060458083371343,3.936062651842851,48.61600112915039,45.79500045776367,40.88533312479655,44.52749983469645,47.3285998916626,48.24192062366689,46.32495088691856,43.44245833310672,44.56164498377525,47.190421026060214,45.693761431084376,43.5580590487359,2.1357023823484766,0.9866136892617167,-4.0154936110043185,-4.0154936110043185,4.0154936110043185,4.0154936110043185,4.0154936110043185,-4.0154936110043185,-4.0154936110043185,4.0154936110043185,-4.0154936110043185,2.239997863769524,2.206350135803223,50.06999969482422,46.01552906036377,46.45229911804199,46.889069175720216,,,,,,,,,,0.0,0.0,0.0
2016-03-08,48.90999984741211,49.09999847412109,46.86000061035156,47.09000015258789,47.09000015258789,2326900,-4.0154936110043185,2.796178110716119,2.6093806878837325,3.528599187809647,3.960576132193745,48.56200103759765,46.35500030517578,41.12966651916504,44.376499811808266,47.35809989929199,47.85794713330723,46.46405075340389,43.67778361178293,44.64454187455599,47.188432493912245,45.908567388238765,43.819684315687894,2.088883072550871,1.2070675659195476,2.3147168168526506,2.3147168168526506,-2.3147168168526506,-2.3147168168526506,-2.3147168168526506,2.3147168168526506,2.3147168168526506,-2.3147168168526506,2.3147168168526506,2.450000762939453,2.2273500442504885,49.09999847412109,45.21602939605713,45.65729942321777,46.09856945037842,,,,,,,,,,0.0,0.0,0.0
2016-03-09,47.54000091552734,48.68000030517578,46.22999954223633,48.18000030517578,48.18000030517578,1432200,2.3147168168526506,2.9983172419307147,2.627683906800617,3.34135526764679,3.959588804458134,48.66800079345703,46.95600051879883,41.410333251953126,44.2211664835612,47.37489990234375,47.96529819059675,46.77604158099878,43.96824920490505,44.76045854441237,47.20806750007588,46.25801860622907,44.14267068527959,2.115347920949482,1.3887236369255345,-1.6189264723044758,-1.6189264723044758,1.6189264723044758,1.6189264723044758,1.6189264723044758,-1.6189264723044758,-1.6189264723044758,1.6189264723044758,-1.6189264723044758,2.25,2.2363500595092773,48.68000030517578,44.199828376770014,44.64529838562011,45.09076839447021,,,,,,,,,,0.0,0.0,0.0
2016-03-10,48.20000076293945,48.93000030517578,46.68000030517578,47.40000152587891,47.40000152587891,1359900,-1.6189264723044758,2.6086405003771707,2.7942128452412627,3.4142031475333026,3.9546835914126097,48.3260009765625,47.42900085449219,41.75633328755696,44.074666531880695,47.36579990386963,47.77686596902414,46.88948884370426,44.18965258045176,44.84700093724734,47.21186817385416,46.433708286175204,44.38395445124991,2.0497538349252906,1.5209296765254858,2.616029164244909,2.616029164244909,-2.616029164244909,-2.616029164244909,-2.616029164244909,2.616029164244909,2.616029164244909,-2.616029164244909,2.616029164244909,1.595001220703125,2.2361000061035154,48.93000030517578,43.76003017425537,44.20730018615723,44.65457019805908,,,,,,,,,,0.0,0.0,0.0
2016-03-11,48.06999969482422,49.11000061035156,47.51499938964844,48.63999938964844,48.63999938964844,1058700,2.616029164244909,2.8566048806069166,2.8275692539270785,3.29588028772445,3.880341321490377,48.07400054931641,47.947000885009764,42.15533332824707,44.01066652933756,47.378999900817874,48.064577109232246,47.20776348842138,44.47677172943219,44.97136154224409,47.24014799990949,46.773137686709546,44.69921703927943,2.073920647430114,1.6315278707064116,0.18503321076735962,0.18503321076735962,-0.18503321076735962,-0.18503321076735962,-0.18503321076735962,0.18503321076735962,0.18503321076735962,-0.18503321076735962,0.18503321076735962,1.5400009155273366,2.167600059509277,49.11000061035156,44.01058029174805,44.45780029296875,44.905020294189455,,,,,,,,,,0.0,0.0,0.0
2016-03-14,48.31000137329102,49.13000106811523,47.59000015258789,48.72999954223633,48.72999954223633,1614700,0.18503321076735962,2.780605779653799,2.6898665727867703,2.8719647557069568,3.875748181997218,48.008000183105466,48.31200065612793,42.45966669718425,43.96133321126302,47.39779991149902,48.28638458690028,47.48453368002409,44.75117352380665,45.09459557503072,47.26965001064863,47.07419335679059,44.99779352097994,2.0763998358106477,1.720502263727259,-1.1081488212600994,1.1081488212600994,-1.1081488212600994,-1.1081488212600994,-1.1081488212600994,1.1081488212600994,1.1081488212600994,-1.1081488212600994,1.1081488212600994,1.8000030517578267,2.071600151062012,49.13000106811523,44.341280479431155,44.77480049133301,45.208320503234866,,,,,,,,,,0.0,0.0,0.0
2016-03-15,49.36000061035156,49.90000152587891,48.09999847412109,49.27000045776367,49.27000045776367,1238700,1.1081488212600994,1.7207170535915912,2.251834800747575,2.309906144590934,3.8586602938519947,48.444000244140625,48.50300064086914,42.76966667175293,43.89533322652181,47.40849990844727,48.61425654385475,47.80916400324947,45.04271074535227,45.231494095776064,47.3092609105915,47.412009833863365,45.31425329407503,2.0977565397883353,1.7959531189394744,0.5682946553590998,-0.5682946553590998,0.5682946553590998,0.5682946553590998,0.5682946553590998,-0.5682946553590998,-0.5682946553590998,0.5682946553590998,-0.5682946553590998,2.029998779296875,1.9891000747680665,49.90000152587891,44.572480735778804,44.986800765991205,45.40112079620361,,,,,,,,,,0.0,0.0,0.0
2016-03-16,48.93000030517578,50.16999816894531,48.13999938964844,48.9900016784668,48.9900016784668,1593400,-0.5682946553590998,1.6168388498925468,2.2714432055987137,2.3216647365613627,3.857660861559314,48.60600051879883,48.63700065612793,43.16433334350586,43.83266658782959,47.413399925231936,48.73950492205877,48.02386176237989,45.297374676520946,45.35472385258559,47.34254290599497,47.6547778099562,45.58653095217812,2.068246857778078,1.8504118667071952,-0.4286570264906928,0.4286570264906928,-0.4286570264906928,-0.4286570264906928,-0.4286570264906928,0.4286570264906928,0.4286570264906928,-0.4286570264906928,0.4286570264906928,1.1899986267089844,1.9295999526977539,50.16999816894531,45.52398136138917,45.92180137634278,46.319621391296394,,,,,,,,,,0.0,0.0,0.0
2016-03-17,48.68999862670898,49.43000030517578,48.2400016784668,49.20000076293945,49.20000076293945,1352800,0.4286570264906928,1.2011045305241315,2.0581256549224727,2.157927462801819,3.848472091349795,48.966000366210935,48.646000671386716,43.568999989827475,43.79216658274333,47.409899940490725,48.893003535685665,48.237705217027084,45.54915700467698,45.48079850538408,47.379324249696836,47.89250441810747,45.854195382604885,2.0383090355025857,1.8879913004662734,3.0284508956591005,3.0284508956591005,-3.0284508956591005,-3.0284508956591005,-3.0284508956591005,3.0284508956591005,3.0284508956591005,3.0284508956591005,3.0284508956591005,1.990001678466804,1.9291000366210942,49.43000030517578,45.92487827301025,46.310798263549806,46.696718254089355,,,,,,,,,,0.0,0.0,0.0
2016-03-18,49.38999938964844,51.15000152587891,49.15999984741211,50.68999862670898,50.68999862670898,2730900,3.0284508956591005,1.3640596259298536,2.2210764241127556,2.1277242613980585,3.8442138212590344,49.376000213623044,48.72500038146973,43.96599998474121,43.747833251953125,47.40179992675781,49.492001899360105,48.683576746060155,45.8808242060984,45.6515919519849,47.44488215815252,48.3228881425077,46.212403030316295,2.110485112191405,1.9324900628112998,-0.0986372823340239,-0.0986372823340239,-0.0986372823340239,0.0986372823340239,0.0986372823340239,-0.0986372823340239,-0.0986372823340239,-0.0986372823340239,-0.0986372823340239,1.170001983642571,1.8990001678466797,51.15000152587891,45.185980224609374,45.571800231933594,45.957620239257814,,,,,,,,,,0.0,0.0,0.0
2016-03-21,50.65000152587891,51.20000076293945,50.02999877929688,50.63999938964844,50.63999938964844,756800,-0.0986372823340239,1.4032601642640097,2.1279773640924025,2.1356947377787727,3.8373753882140487,49.758000183105466,48.883000183105466,44.41233329772949,43.71833324432373,47.44059993743897,49.87466772945622,49.039289953985296,46.18786776632744,45.81514629420337,47.50815180630095,48.679366795913964,46.54037313100756,2.138993664906401,1.97379078323032,2.1919443596566532,2.1919443596566532,2.1919443596566532,-2.1919443596566532,-2.1919443596566532,2.1919443596566532,2.1919443596566532,2.1919443596566532,2.1919443596566532,1.6699981689453054,1.9140001296997067,51.20000076293945,46.972201156616215,47.352001190185554,47.73180122375489,,,,,,,,,,0.0,0.0,0.0
2016-03-22,50.34999847412109,51.84999847412109,50.18000030517578,51.75,51.75,1226300,2.1919443596566532,1.5433944127911094,1.5414983989973543,2.093403662354946,3.815777468407589,50.25400009155273,49.34900016784668,44.92333335876465,43.67399991353353,47.49919994354248,50.49977848630415,49.532146325987966,46.54671500720954,46.00973166160654,47.592148800235584,49.15177190423489,46.9262714175996,2.2255004866352905,2.0241327239113143,-4.309177859393871,-4.309177859393871,-4.309177859393871,4.309177859393871,4.309177859393871,-4.309177859393871,-4.309177859393871,-4.309177859393871,-4.309177859393871,2.279998779296882,1.9315000534057618,51.84999847412109,46.9892004776001,47.372000503540036,47.75480052947998,,,,,,,,,,0.0,0.0,0.0
2016-03-23,51.72000122070312,51.77999877929688,49.5,49.52000045776367,49.52000045776367,906700,-4.309177859393871,2.847388758116082,2.18353115549866,2.415319532264366,3.8557263492551463,50.35999984741211,49.48300018310547,45.40266672770182,43.59583326975505,47.54269996643066,50.173185810124,49.52993798631082,46.73853987498723,46.12482244180841,47.630324080582675,49.20842245093163,47.11839949464879,2.090022956282837,2.037310770385619,-0.5654256395568695,-0.5654256395568695,-0.5654256395568695,0.5654256395568695,0.5654256395568695,-0.5654256395568695,-0.5654256395568695,-0.5654256395568695,-0.5654256395568695,0.8899993896484304,1.8944999694824212,51.77999877929688,47.60069835662841,47.98699836730956,48.373298377990714,,,,,,,,,,0.0,0.0,0.0
2016-03-24,49.22999954223633,49.47000122070312,48.58000183105469,49.2400016784668,49.2400016784668,1295700,-0.5654256395568695,2.8662853629596614,2.104854682964689,2.4335821378003866,3.843888341466782,50.36800003051758,49.667000198364256,45.86533342997233,43.534999974568684,47.596999969482425,49.862124432904935,49.477222293975544,46.899924507469784,46.226959465961144,47.66219888450117,49.213280793629345,47.275555211968644,1.9377255816607004,2.0173937326406355,-0.2843281875982047,-0.2843281875982047,-0.2843281875982047,0.2843281875982047,0.2843281875982047,-0.2843281875982047,-0.2843281875982047,-0.2843281875982047,0.2843281875982047,0.8199996948242259,1.8645000457763665,49.47000122070312,47.61209884643556,47.99099884033204,48.36989883422852,,,,,,,,,,0.0,0.0,0.0
2016-03-28,49.65999984741211,49.66999816894531,48.84999847412109,49.09999847412109,49.09999847412109,863200,-0.2843281875982047,2.340101548885196,1.9607179841945481,2.4294133692925794,3.8438827164279497,50.05,49.71300010681152,46.35100008646647,43.47016658782959,47.64869995117188,49.60808244664366,49.40863614491109,47.041864763382776,46.321157466228684,47.69067016350354,49.19585274447422,47.41069915731327,1.7851535871609556,1.9709457035446996,3.014263549750739,3.014263549750739,3.014263549750739,-3.014263549750739,-3.014263549750739,3.014263549750739,3.014263549750739,3.014263549750739,-3.014263549750739,2.479999542236314,1.8300001144409161,49.66999816894531,45.36810111999511,45.74100112915038,46.11390113830566,,,,,,,,,,0.0,0.0,0.0
2016-03-29,48.79999923706055,50.68999862670898,48.20999908447266,50.58000183105469,50.58000183105469,1032500,3.014263549750739,2.866161209307604,2.165875090892902,2.386557652301311,3.8502205478870803,50.03800048828125,49.89800033569336,46.78533350626628,43.4521666208903,47.70179996490479,49.93205557478067,49.62161172420993,47.27013167097452,46.460791707698384,47.7478846519699,49.408798757794294,47.64546231833115,1.7633364394631457,1.929423850728389,1.2850883504368726,1.2850883504368726,1.2850883504368726,-1.2850883504368726,-1.2850883504368726,1.2850883504368726,1.2850883504368726,1.2850883504368726,-1.2850883504368726,1.170001983642571,1.7513502120971658,50.68999862670898,45.6439979171753,46.00999794006348,46.375997962951665,,,,,,,,,,0.0,0.0,0.0
2016-03-30,51.0,51.95000076293945,50.77999877929688,51.22999954223633,51.22999954223633,1270700,1.2850883504368726,2.7184105571998227,2.173063253289129,2.1537838182871574,3.848353924718116,49.934000396728514,50.094000244140624,47.133666865030925,43.45766658782959,47.75699996948242,50.36470356393256,49.914045872942,47.52560701750755,46.617159177683234,47.81683742207418,49.688983493862295,47.910983594175974,1.7779998996863213,1.8991390605199754,1.6006240526084212,-1.6006240526084212,-1.6006240526084212,1.6006240526084212,1.6006240526084212,-1.6006240526084212,-1.6006240526084212,-1.6006240526084212,1.6006240526084212,0.8800010681152273,1.713350296020506,51.95000076293945,46.837028160095215,47.18729820251465,47.53756824493408,,,,,,,,,,0.0,0.0,0.0
2016-03-31,51.0099983215332,51.25,50.36999893188477,50.40999984741211,50.40999984741211,1029900,-1.6006240526084212,1.803887597666745,2.2480477266340375,2.1995079969584888,3.8541189048633258,50.1120002746582,50.236000061035156,47.4276668548584,43.45249989827474,47.7953999710083,50.37980232509241,50.00421932284566,47.71169687750139,46.74151460947762,47.86818717307097,49.79990908671611,48.0960959092305,1.703813177485614,1.860073883913103,-0.8133303881236918,0.8133303881236918,0.8133303881236918,-0.8133303881236918,-0.8133303881236918,0.8133303881236918,0.8133303881236918,0.8133303881236918,-0.8133303881236918,1.720001220703125,1.7043502807617172,51.25,48.18063011169434,48.52330017089844,48.86597023010254,,,,,,,,,,0.0,0.0,0.0
2016-04-01,50.15000152587891,51.27000045776367,49.54999923706055,50.81999969482422,50.81999969482422,1231300,0.8133303881236918,1.7290123451983972,2.2536066146497387,2.1065316596749115,3.763718493909808,50.427999877929686,50.397999954223636,47.77466684977214,43.507333246866864,47.852799949646,50.52653478166968,50.152543026841755,47.912232543135126,46.875235431948,47.92663890617499,49.956846103348134,48.29786656001522,1.6589795433329115,1.8198550157970648,-0.3935473517128241,-0.3935473517128241,-0.3935473517128241,0.3935473517128241,0.3935473517128241,-0.3935473517128241,-0.3935473517128241,-0.3935473517128241,0.3935473517128241,0.9099998474121094,1.6383502960205063,51.27000045776367,47.50042938232422,47.84129943847657,48.18216949462891,,,,,,,,,,0.0,0.0,0.0
2016-04-04,50.93000030517578,51.25,50.34000015258789,50.61999893188477,50.61999893188477,763400,-0.3935473517128241,1.7443192071081641,2.05207895130148,2.0831354981760386,3.672653877958673,50.73199996948242,50.390999984741214,48.067000198364255,43.607333246866865,47.803499946594236,50.557689498408045,50.237535009576845,48.086927148860916,46.99801456309346,47.97997276807024,50.058869615430694,48.46987636533889,1.5889932500918036,1.7736826626560127,-1.5013795684900713,-1.5013795684900713,-1.5013795684900713,1.5013795684900713,1.5013795684900713,-1.5013795684900713,-1.5013795684900713,-1.5013795684900713,1.5013795684900713,0.9399986267089915,1.600750160217284,51.25,47.66562980651856,47.99329986572266,48.32096992492676,,,,,,,,,,0.0,0.0,0.0
2016-04-05,50.02999877929688,50.61999893188477,49.68000030517578,49.86000061035156,49.86000061035156,768800,-1.5013795684900713,1.312781415276903,2.107176416894341,2.0753534692149875,3.670082975540198,50.587999725341795,50.31300010681152,48.33033358256022,43.677666600545244,47.761199951171875,50.32512653572256,50.16889239153588,48.20131898508612,47.091850171200285,48.01720104217482,50.02827438388006,48.572848531636126,1.455425852243934,1.7100313005735972,1.2835928235339122,1.2835928235339122,1.2835928235339122,-1.2835928235339122,-1.2835928235339122,1.2835928235339122,1.2835928235339122,1.2835928235339122,-1.2835928235339122,2.1450004577636648,1.5960002899169912,50.61999893188477,47.72834964752197,48.04849967956543,48.36864971160889,,,,,,,,,,0.0,0.0,0.0
2016-04-06,49.97000122070312,50.58000183105469,48.43500137329102,50.5,50.5,1168400,1.2835928235339122,1.3123359343673633,2.0132059430013065,1.847879735429183,3.6548854920441287,50.44199981689453,50.18800010681152,48.63066685994466,43.77783323923747,47.7432999420166,50.38341769048171,50.22909377489299,48.34962098604831,47.203592788537975,48.066365377973334,50.10084755559082,48.715600492255675,1.385247063335143,1.6450744531259065,-3.5049514015122214,-3.5049514015122214,-3.5049514015122214,3.5049514015122214,3.5049514015122214,-3.5049514015122214,-3.5049514015122214,-3.5049514015122214,3.5049514015122214,1.8500022888183594,1.5660003662109365,50.58000183105469,47.10879829406739,47.42799835205079,47.74719841003419,,,,,,,,,,0.0,0.0,0.0
2016-04-07,49.84999847412109,50.4900016784668,48.63999938964844,48.72999954223633,48.72999954223633,1098200,-3.5049514015122214,1.9248973231541653,1.8406278534890812,1.9785302795681965,3.6857846861698462,50.10599975585937,50.109000015258786,48.84933357238769,43.85299987792969,47.70859992980957,49.83227830773325,49.95653118713723,48.374161538060434,47.253638911610054,48.0795066485528,49.889947861228585,48.71666708855054,1.1732807726780479,1.5507157170363348,-1.0465876072673232,1.0465876072673232,1.0465876072673232,-1.0465876072673232,-1.0465876072673232,-1.0465876072673232,1.0465876072673232,1.0465876072673232,-1.0465876072673232,1.0200004577636648,1.5045003890991198,50.4900016784668,47.13480102539063,47.448001098632815,47.761201171875,,,,,,,,,,0.0,0.0,0.0
2016-04-08,49.43000030517578,49.79999923706055,48.77999877929688,49.2400016784668,49.2400016784668,1143200,1.0465876072673232,1.9718044769765568,1.8701083214558623,1.947926590394403,3.6848450239567954,49.79000015258789,50.109000015258786,49.06833368937175,43.92733325958252,47.69129993438721,49.634852764644435,49.8262530946517,48.4300221922802,47.318765559703714,48.10248674815506,49.789956140803696,48.75543261372952,1.0345235270741782,1.4474772790439037,2.538586428494455,-2.538586428494455,-2.538586428494455,2.538586428494455,2.538586428494455,2.538586428494455,-2.538586428494455,-2.538586428494455,2.538586428494455,1.5200004577636648,1.5007503509521467,49.79999923706055,47.180100822448736,47.481000900268555,47.78190097808838,,,,,,,,,,0.0,0.0,0.0
2016-04-11,49.40999984741211,49.47000122070312,47.95000076293945,47.9900016784668,47.9900016784668,905900,-2.538586428494455,2.1381946718225526,2.038583543633216,1.953649483761566,3.4623702069456854,49.264000701904294,49.99800033569336,49.219333775838216,44.05399996439616,47.661199951171874,49.086569069251894,49.4923892007999,48.401633772034174,47.340773301302505,48.10025932103252,49.513040069674936,48.698734025932275,0.8143060437426612,1.3208430319836553,0.6459707490073163,-0.6459707490073163,-0.6459707490073163,0.6459707490073163,0.6459707490073163,0.6459707490073163,-0.6459707490073163,-0.6459707490073163,0.6459707490073163,1.1800003051757812,1.482750320434569,49.47000122070312,46.49834846496582,46.798498535156256,47.09864860534668,,,,,,,,,,0.0,0.0,0.0
2016-04-12,47.95999908447266,48.34000015258789,47.15999984741211,47.68000030517578,47.68000030517578,1195600,-0.6459707490073163,2.126534232385237,1.695078890542991,1.9572438458711792,3.446135464082439,48.82800064086914,49.70800018310547,49.30600039164225,44.19166666666667,47.619599952697754,48.61771281455986,49.162863947050056,48.35507677417234,47.35189549815081,48.091937360322476,49.231033952059676,48.6232722688392,0.607761683220474,1.178226762231019,-4.949665677949611,4.949665677949611,4.949665677949611,-4.949665677949611,-4.949665677949611,-4.949665677949611,4.949665677949611,4.949665677949611,-4.949665677949611,2.3400001525878906,1.509750175476072,48.34000015258789,46.207950515747065,46.50450057983398,46.801050643920895,,,,,,,,,,0.0,0.0,0.0
2016-04-13,48.09999847412109,50.15999984741211,47.81999969482422,50.04000091552734,50.04000091552734,1265500,4.949665677949611,3.340838179003668,2.3940541255241334,2.2479727073932962,3.3508617978792055,48.73600082397461,49.58900032043457,49.395333735148114,44.41566670735677,47.57259994506836,49.09180884821569,49.3223433958641,48.46378155748557,47.44003010199922,48.130512876267126,49.355490407977776,48.72821513155684,0.6272752764209386,1.0680364650690028,0.8193442044580119,-0.8193442044580119,-0.8193442044580119,0.8193442044580119,0.8193442044580119,0.8193442044580119,-0.8193442044580119,-0.8193442044580119,0.8193442044580119,1.1000022888183665,1.4632503509521466,50.15999984741211,45.01854976654053,45.32049980163575,45.62244983673096,,,,,,,,,,0.0,0.0,0.0
2016-04-14,49.40999984741211,49.90000152587891,48.79999923706055,49.63000106811523,49.63000106811523,885900,-0.8193442044580119,2.8431350174922962,2.356046909692257,2.2526059639989264,3.3506645561994732,48.91600112915039,49.51100044250488,49.461333719889325,44.638000043233234,47.50549995422363,49.27120625484888,49.378281154455216,48.53902152591329,47.511832428757124,48.16020571174927,49.39772281722969,48.79501408982043,0.6027087274092651,0.9749709175370553,3.8081792242044896,-3.8081792242044896,-3.8081792242044896,3.8081792242044896,3.8081792242044896,3.8081792242044896,-3.8081792242044896,-3.8081792242044896,3.8081792242044896,2.180000305175774,1.512750434875486,49.90000152587891,46.94084907531739,47.233499145507814,47.52614921569825,,,,,,,,,,0.0,0.0,0.0
2016-04-15,49.29000091552734,49.79000091552734,47.61000061035156,47.7400016784668,47.7400016784668,1472900,-3.8081792242044896,3.350214906232513,2.5916984537414374,2.412526223336038,3.391777205215449,48.61600112915039,49.20300064086914,49.415667088826496,44.81616675059001,47.42519996643066,48.76080472938819,49.080412158820955,48.4874718583361,47.519313387763994,48.15188483980308,49.142688795881554,48.716865022312746,0.4258237735688084,0.865141488743406,1.214917910897976,1.214917910897976,-1.214917910897976,1.214917910897976,1.214917910897976,1.214917910897976,-1.214917910897976,-1.214917910897976,1.214917910897976,0.8600006103515625,1.456250381469724,49.79000091552734,46.57195056915285,46.87450065612794,47.17705074310304,,,,,,,,,,0.0,0.0,0.0
2016-04-18,47.29999923706055,47.52000045776367,46.65999984741211,47.15999984741211,47.15999984741211,1350700,-1.214917910897976,3.2051715979050845,2.597676234297007,2.3049932293332596,3.391655275710802,48.45000076293945,48.857000732421874,49.32433369954427,44.971500078837074,47.348999977111816,48.22720310206283,48.73124628401934,48.40182850279262,47.50753261594918,48.13224355282504,48.83765972688625,48.601541676023814,0.2361180508624372,0.7393368011672123,4.071242949867549,4.071242949867549,-4.071242949867549,4.071242949867549,4.071242949867549,4.071242949867549,-4.071242949867549,-4.071242949867549,4.071242949867549,2.1300010681152273,1.504250335693357,47.52000045776367,46.58625007629394,46.877500152587885,47.168750228881834,,1.0,1.0,,46.877500152587885,47.168750228881834,,47.15999984741211,47.15999984741211,0.0,0.6026338731900766,-0.01855122602838511
2016-04-19,46.97999954223633,47.0,44.86999893188477,45.2400016784668,45.2400016784668,2333000,-4.071242949867549,3.633025350329947,2.8071466178353828,2.4501472459417517,3.2699893317880204,47.96200103759766,48.3950008392334,49.197000376383464,45.04116675059001,47.252900009155276,47.23146929419749,48.09647453755524,48.19783967541676,47.433187339310415,48.074971436501116,48.28417387328326,48.35253871324181,-0.06836483995855502,0.5777964729420588,-1.5472964683274157,-1.5472964683274157,1.5472964683274157,-1.5472964683274157,1.5472964683274157,-1.5472964683274157,-1.5472964683274157,1.5472964683274157,-1.5472964683274157,1.7039985656738352,1.5059503555297833,47.0,44.21064971923828,44.51149978637696,44.81234985351563,,,,,,,,,,0.0,0.0,0.0
2016-04-20,45.06000137329102,46.27999877929688,44.57600021362305,45.93999862670898,45.93999862670898,1669200,1.5472964683274157,2.324835259883748,2.8314097622073056,2.4164119876050933,3.2439280884010473,47.14200057983398,47.9390007019043,49.1586669921875,45.14416675567627,47.154799995422366,46.80097907170132,47.70438800831046,48.052172510984,47.38423033233987,48.0326947471983,47.92353152765644,48.17383204016531,-0.25030051250886487,0.41217707585187413,1.2842842190353734,1.2842842190353734,-1.2842842190353734,1.2842842190353734,-1.2842842190353734,1.2842842190353734,1.2842842190353734,-1.2842842190353734,1.2842842190353734,1.6800003051757741,1.475950431823728,46.27999877929688,43.686909217834476,43.98809928894043,44.28928936004639,,,,,,,,,,0.0,0.0,0.0
2016-04-21,45.86000061035156,46.33000183105469,44.65000152587891,45.34999847412109,45.34999847412109,1265100,-1.2842842190353734,2.2911959616457573,2.688394542773199,2.2593465926273,3.2501211185791035,46.28600006103515,47.60100059509277,49.06433359781901,45.23733342488607,47.0348999786377,46.31731887250791,47.27631718391239,47.877838702154136,47.31753420584089,47.97957204872152,47.52760336557408,47.96465918342129,-0.4370558178472095,0.24233049711205745,-0.7717801556665869,-0.7717801556665869,0.7717801556665869,-0.7717801556665869,0.7717801556665869,-0.7717801556665869,-0.7717801556665869,0.7717801556665869,-0.7717801556665869,1.1099967956542898,1.486950302124021,46.33000183105469,43.03290782928468,43.32809791564942,43.62328800201417,,,,,,,,,,0.0,0.0,0.0
2016-04-22,45.2599983215332,46.34999847412109,45.2400016784668,45.70000076293945,45.70000076293945,859600,0.7717801556665869,2.1837682376172314,2.6700822651591065,2.274385573402555,3.111508097441672,45.87799987792969,47.247000503540036,49.00766690572103,45.382000096639,46.916800003051755,46.11154616931843,46.98971419828094,47.737333028656415,47.26450032246707,47.934432023260484,47.246433734399524,47.79690670783004,-0.5504729734305158,0.08376980300354281,1.4223227899944082,1.4223227899944082,-1.4223227899944082,1.4223227899944082,-1.4223227899944082,1.4223227899944082,1.4223227899944082,-1.4223227899944082,1.4223227899944082,1.1800003051757812,1.5049503326415987,46.34999847412109,43.05871116638184,43.35610122680664,43.65349128723145,,,,,,,,,,0.0,0.0,0.0
2016-04-25,45.52000045776367,45.70000076293945,44.52000045776367,45.04999923706055,45.04999923706055,639400,-1.4223227899944082,2.194370426239451,2.6078130872468175,2.2869148635947094,3.1156060790447153,45.455999755859374,46.95300025939942,48.8880002339681,45.521666781107584,46.786599998474124,45.75769719189914,46.637038750786324,47.56395665500507,47.19189372950292,47.87731454234563,46.90852073480891,47.59343208036563,-0.6849113455567206,-0.06996642670850987,-2.7746948305643544,-2.7746948305643544,2.7746948305643544,-2.7746948305643544,2.7746948305643544,-2.7746948305643544,-2.7746948305643544,2.7746948305643544,-2.7746948305643544,1.75,1.468450355529783,45.70000076293945,43.03910774230957,43.34009780883789,43.64108787536621,,,,,,,,,,0.0,0.0,0.0
2016-04-26,45.41999816894531,46.93000030517578,45.18000030517578,46.29999923706055,46.29999923706055,1082600,2.7746948305643544,1.8180607545226184,2.817028806046545,2.2686187362398216,2.9693099798968805,45.667999267578125,46.81500015258789,48.807000223795576,45.63333346048991,46.66919998168945,45.938464540286276,46.575758839199814,47.482411015137686,47.16265128712776,47.84608057590434,46.81490204284762,47.49762224012081,-0.6827201972731913,-0.19251718082144617,-0.6911440606851762,-0.6911440606851762,0.6911440606851762,-0.6911440606851762,0.6911440606851762,-0.6911440606851762,-0.6911440606851762,0.6911440606851762,-0.6911440606851762,3.0800018310546804,1.5639503479003884,46.93000030517578,42.46940998077393,42.76310005187989,43.056790122985845,,,,,,,,,,0.0,0.0,0.0
2016-04-27,44.29999923706055,47.38000106811523,44.29999923706055,46.61999893188477,46.61999893188477,2316900,0.6911440606851762,1.7303066654665502,2.1957315400945614,2.248971993601812,2.9686005430013434,45.80399932861328,46.47299995422363,48.71866683959961,45.74416675567627,46.55059997558594,46.16564267081911,46.58380249241526,47.42677152589557,47.14485940662799,47.821801731468305,46.784916948853336,47.432613106177406,-0.64769615732407,-0.28355297612197095,1.6945455146499013,1.6945455146499013,-1.6945455146499013,1.6945455146499013,-1.6945455146499013,1.6945455146499013,1.6945455146499013,-1.6945455146499013,1.6945455146499013,1.2400016784667898,1.5819503784179667,47.38000106811523,43.489309539794924,43.802099609375006,44.11488967895508,,,,,,,,,,0.0,0.0,0.0
2016-04-28,46.22999954223633,46.88000106811523,45.63999938964844,45.83000183105469,45.83000183105469,1382900,-1.6945455146499013,1.8313605802079707,2.2190645887093634,2.2516055732611227,2.820459091139156,45.9,46.09300003051758,48.613333511352536,45.8888334274292,46.42799999237061,46.05376239089764,46.446747826713334,47.323754126228415,47.101749322182954,47.7823601492819,46.63800693073047,47.31390115987202,-0.675894229141548,-0.3620212267258864,1.745588085959269,1.745588085959269,-1.745588085959269,1.745588085959269,-1.745588085959269,1.745588085959269,1.745588085959269,-1.745588085959269,1.745588085959269,2.524997711181655,1.6222002029418932,46.88000106811523,43.8997102355957,44.21610031127929,44.532490386962884,,,,,,,,,,0.0,0.0,0.0
2016-04-29,45.66999816894531,46.49499893188477,43.97000122070312,45.02999877929688,45.02999877929688,2132200,-1.745588085959269,1.982931404101077,1.9893718433024528,2.2486785272360184,2.832813121807898,45.76599960327148,45.82199974060059,48.47433344523112,46.0216667175293,46.2828999710083,45.71250785369739,46.189157090819435,47.17576991029735,47.03382307487521,47.72785794393566,46.39062106127915,47.14472320575534,-0.7541021444761924,-0.4404374102759476,0.7106366944236798,0.7106366944236798,-0.7106366944236798,0.7106366944236798,-0.7106366944236798,0.7106366944236798,0.7106366944236798,-0.7106366944236798,0.7106366944236798,1.1199989318847727,1.6327001571655262,46.49499893188477,43.31116062164306,43.63560066223144,43.96004070281982,,,,,,,,,,0.0,0.0,0.0
2016-05-02,45.06999969482422,45.11999893188477,44.0,44.70999908447266,44.70999908447266,1196400,-0.7106366944236798,1.9043602658325764,1.9774165708107603,2.2484199408539767,2.7796146634399794,45.69799957275391,45.57699966430664,48.275000127156574,46.120500055948895,46.15369995117187,45.37833826395582,45.92021927148366,47.01668792153446,46.9576321243702,47.66809836256015,46.13206383407815,46.96437327084551,-0.8323094367673605,-0.5188118155742303,0.7380940232881366,-0.7380940232881366,0.7380940232881366,-0.7380940232881366,0.7380940232881366,-0.7380940232881366,-0.7380940232881366,0.7380940232881366,-0.7380940232881366,0.8699989318847585,1.6292001724243146,45.11999893188477,42.903058586120615,43.22959861755372,43.556138648986824,,,,,,,,,,0.0,0.0,0.0
2016-05-03,44.31999969482422,45.18999862670898,44.31999969482422,45.04000091552734,45.04000091552734,1433200,0.7380940232881366,1.2211349396352147,1.5562040691887447,2.2566472139779075,2.724304748356566,45.44599990844726,45.556999588012694,48.08833351135254,46.25033340454102,46.03129997253418,45.26555914781299,45.760179570400695,46.889159727598525,46.89475896998191,47.61605682895554,45.9640541543011,46.82182717045158,-0.8577730161504746,-0.5866040556894792,1.1767375293534186,1.1767375293534186,-1.1767375293534186,-1.1767375293534186,-1.1767375293534186,1.1767375293534186,1.1767375293534186,1.1767375293534186,1.1767375293534186,1.6399993896484446,1.6039501190185537,45.18999862670898,41.53575855255128,41.86159858703614,42.187438621521004,,,,,,,,,,0.0,0.0,0.0
2016-05-04,44.47999954223633,45.43000030517578,43.79000091552734,44.5099983215332,44.5099983215332,2385300,-1.1767375293534186,1.0174130148549447,1.4855721996167623,2.222078198730951,2.7107684311313824,45.023999786376955,45.41399955749512,47.84700012207031,46.38516674041748,45.91489994049072,45.01370553905306,45.53287388878842,46.735665443336245,46.816570096262275,47.55455071989768,45.74035325695219,46.650580589050215,-0.9102273320980245,-0.6513287109711883,-4.830378806909033,-4.830378806909033,4.830378806909033,4.830378806909033,4.830378806909033,-4.830378806909033,-4.830378806909033,-4.830378806909033,-4.830378806909033,2.44000244140625,1.6334501266479482,45.43000030517578,41.66130836486816,41.98209838867187,42.30288841247558,,,,,,,,,,0.0,0.0,0.0
2016-05-05,47.90000152587891,48.95000076293945,46.5099983215332,46.65999984741211,46.65999984741211,4693000,4.830378806909033,2.6488155608110895,2.1485603745907533,2.4223713703863985,2.722116443511779,45.189999389648435,45.54499969482422,47.75166676839193,46.57716674804688,45.80649993896484,45.56247030850608,45.73780588126545,46.730783791986305,46.8114366454803,47.536836841234596,45.88183734779218,46.651278311891836,-0.7694409640996582,-0.6749511615968824,1.1787381887251578,1.1787381887251578,-1.1787381887251578,-1.1787381887251578,-1.1787381887251578,1.1787381887251578,1.1787381887251578,1.1787381887251578,1.1787381887251578,1.8079986572265554,1.6728500366210928,48.95000076293945,41.8364100265503,42.16310005187989,42.48979007720948,,,,,,,,,,0.0,0.0,0.0
2016-05-06,46.65000152587891,46.82799911499023,45.02000045776367,46.11000061035156,46.11000061035156,1750400,-1.1787381887251578,2.544804516826863,2.1896826459226726,2.4137160165768234,2.7307646615345185,45.405999755859376,45.58599967956543,47.64733339945475,46.756333414713545,45.70569995880127,45.74498040912124,45.8054776501902,46.690733264138906,46.788438742689195,47.50858265844483,45.916939388185924,46.61118366733329,-0.6942442791473695,-0.6788097851069799,1.0626798351349096,1.0626798351349096,-1.0626798351349096,-1.0626798351349096,1.0626798351349096,1.0626798351349096,1.0626798351349096,1.0626798351349096,1.0626798351349096,1.1839981079101491,1.6560499191284168,46.82799911499023,45.26973068237305,45.60430068969727,45.938870697021486,1.0,1.0,1.0,45.26973068237305,45.60430068969727,45.938870697021486,46.11000061035156,46.11000061035156,46.11000061035156,1.8561407706931468,1.1088864712457691,0.3725165872246234
2016-05-09,46.27000045776367,46.58399963378906,45.40000152587891,45.61999893188477,45.61999893188477,914300,-1.0626798351349096,2.5911383931421392,2.164517094877893,2.363729860133046,2.71320598501669,45.587999725341795,45.64299964904785,47.531333414713544,46.94116675059001,45.63709995269775,45.70331991670909,45.77175424686194,46.62165362979994,46.75012924069561,47.47118496088919,45.87125624106267,46.53776257581859,-0.6665063347559226,-0.6763490950367684,-2.2358625200465867,-2.2358625200465867,2.2358625200465867,2.2358625200465867,-2.2358625200465867,-2.2358625200465867,-2.2358625200465867,-2.2358625200465867,2.2358625200465867,1.8199996948242045,1.6880498886108382,46.58399963378906,43.18468929290771,43.51589927673339,43.84710926055908,,,,,,,,,,0.0,0.0,0.0
2016-05-10,45.86000061035156,46.88000106811523,45.06000137329102,46.63999938964844,46.63999938964844,1217900,2.2358625200465867,2.7190696031372235,2.0974917167692824,2.4238920252328207,2.499656439953913,45.907999420166014,45.67699966430664,47.4,47.09266675313314,45.58659996032715,46.01554640768887,45.929617000095845,46.62283722720952,46.74651842590717,47.4547258406666,45.98952441776817,46.54533567313932,-0.5558112553711467,-0.6522415271036441,-1.3936486271179176,1.3936486271179176,-1.3936486271179176,-1.3936486271179176,1.3936486271179176,-1.3936486271179176,1.3936486271179176,1.3936486271179176,-1.3936486271179176,0.9099998474121094,1.616549873352049,46.88000106811523,42.87028987884522,43.20789985656739,43.545509834289554,,,,,,,,,,0.0,0.0,0.0
2016-05-11,46.40000152587891,46.88000106811523,45.97000122070312,45.9900016784668,45.9900016784668,729200,-1.3936486271179176,2.7585330041890037,2.1346745331898833,2.127688952102392,2.2653503031635327,46.204000091552736,45.613999938964845,47.22533340454102,47.17950013478597,45.51419998168945,46.007031497948184,45.940596032526926,46.58200912729064,46.72171459812224,47.42572140181115,45.98959784249104,46.5041998216821,-0.5146019791910632,-0.624713617521128,-1.7612553679689698,1.7612553679689698,-1.7612553679689698,-1.7612553679689698,1.7612553679689698,-1.7612553679689698,1.7612553679689698,1.7612553679689698,-1.7612553679689698,2.0200004577636648,1.662549781799314,46.88000106811523,43.32359134674072,43.64690132141113,43.97021129608154,,,,,,,,,,0.0,0.0,0.0
2016-05-12,46.18999862670898,46.54000091552734,44.52000045776367,45.18000030517578,45.18000030517578,1682800,-1.7612553679689698,1.625143799509735,2.1402532565859893,2.1477963426804565,2.2676485228429244,45.90800018310547,45.54899978637695,47.05100008646647,47.23933347066244,45.43849998474121,45.73135443369072,45.80230590028126,46.49155694521872,46.67116658851744,47.3812516771253,45.86504437521177,46.406110968607564,-0.5410665933957972,-0.6079842126960618,-0.4205370195343232,0.4205370195343232,0.4205370195343232,-0.4205370195343232,0.4205370195343232,0.4205370195343232,0.4205370195343232,0.4205370195343232,-0.4205370195343232,1.8600006103515554,1.646549797058103,46.54000091552734,43.222391548156736,43.5549015045166,43.887411460876464,,,,,,,,,,0.0,0.0,0.0
2016-05-13,45.2400016784668,46.38000106811523,44.52000045776367,44.9900016784668,44.9900016784668,1266800,-0.4205370195343232,1.5965062618015036,2.068412638744836,1.9970426343258023,2.2346729372719443,45.684000396728514,45.545000076293945,46.856666819254556,47.315666834513344,45.372099990844724,45.48423684861608,45.65461422358772,46.394682411879884,46.61604642753217,47.33390019200335,45.730422421866386,46.30121398415269,-0.5707915622863027,-0.60054568261411,1.2669474851276572,-1.2669474851276572,-1.2669474851276572,1.2669474851276572,-1.2669474851276572,-1.2669474851276572,-1.2669474851276572,-1.2669474851276572,1.2669474851276572,1.4099998474121094,1.6740497589111303,46.38000106811523,42.91759136199951,43.24690132141113,43.576211280822754,,,,,,,,,,0.0,0.0,0.0
2016-05-16,45.02999877929688,46.40999984741211,45.0,45.56000137329102,45.56000137329102,1255200,1.2669474851276572,1.71932475392083,2.0863166116349405,2.0127679826775617,2.195472750544231,45.672000885009766,45.630000305175784,46.6880002339681,47.377500216166176,45.294200019836424,45.5094916901744,45.63741188717014,46.340832022293505,46.58142199952427,47.29877348272191,45.70420379900864,46.24630934631109,-0.5421055473024481,-0.5888576555517777,0.5926260966312199,-0.5926260966312199,-0.5926260966312199,0.5926260966312199,-0.5926260966312199,-0.5926260966312199,-0.5926260966312199,-0.5926260966312199,0.5926260966312199,1.4300003051757812,1.6390497207641581,46.40999984741211,42.69709159851074,43.031901550292964,43.36671150207519,,,,,,,,,,0.0,0.0,0.0
2016-05-17,45.54000091552734,46.70000076293945,45.27000045776367,45.83000183105469,45.83000183105469,1287700,0.5926260966312199,1.283418264140155,2.082712099109599,1.7931451017625106,2.196133824087949,45.51000137329102,45.70900039672851,46.55366694132487,47.442000261942546,45.22840003967285,45.61632840380116,45.672428240603686,46.30787523576197,46.5567852726892,47.269688895560186,45.72355734240034,46.215471752588385,-0.4919144101880448,-0.5694690064790311,-3.0329463978038906,-3.0329463978038906,-3.0329463978038906,3.0329463978038906,-3.0329463978038906,-3.0329463978038906,-3.0329463978038906,-3.0329463978038906,3.0329463978038906,2.3300018310546946,1.670349884033201,46.70000076293945,42.804090461730965,43.13190040588379,43.45971035003662,,,,,,,,,,0.0,0.0,0.0
2016-05-18,45.63000106811523,47.68000030517578,45.34999847412109,47.22000122070312,47.22000122070312,2056300,3.0329463978038906,1.8003047320355974,2.197329446134095,1.8855253743560527,2.2200752731791673,45.75600128173828,45.98000068664551,46.44433364868164,47.53750025431315,45.156500053405765,46.150886009435155,45.953805146076306,46.36672207350011,46.57853005786998,47.26870498120658,45.953779477523845,46.28988134281911,-0.3361018652952623,-0.5227955782422774,0.10589379598720146,0.10589379598720146,0.10589379598720146,-0.10589379598720146,0.10589379598720146,-0.10589379598720146,0.10589379598720146,0.10589379598720146,-0.10589379598720146,1.700000762939446,1.6713499069213846,47.68000030517578,43.025231018066414,43.35930099487305,43.69337097167969,,,,,,,,,,0.0,0.0,0.0
2016-05-19,46.70999908447266,48.06999969482422,46.36999893188477,47.16999816894531,47.16999816894531,1696500,-0.10589379598720146,1.3721008923897475,1.6248044801858994,1.856396529277307,2.212856101956978,46.15400085449219,46.03100051879883,46.392333602905275,47.62083358764649,45.086100044250486,46.49059006260521,46.1749311502343,46.41854633772238,46.59792245495442,47.26675039086477,46.140890045434844,46.35507518179142,-0.21418513635657632,-0.46107348986513724,4.727588389862899,-4.727588389862899,-4.727588389862899,4.727588389862899,-4.727588389862899,4.727588389862899,-4.727588389862899,-4.727588389862899,4.727588389862899,2.0499992370605398,1.718350028991697,48.06999969482422,44.003030509948736,44.33730049133301,44.67157047271729,,,,,,,,,,0.0,0.0,0.0
2016-05-20,47.65999984741211,49.45000076293945,47.40000152587891,49.40000152587891,49.40000152587891,1782200,4.727588389862899,1.962929899572354,2.103117706421488,2.112170964942418,2.2853558717099807,47.03600082397461,46.36000061035156,46.397666931152344,47.73300031026204,45.05120006561279,47.46039388369644,46.76130758216968,46.610898285345385,46.68979389990276,47.308992987597726,46.64229181165701,46.58062528135346,0.06166653030354752,-0.3565254858314003,2.0242914354489145,-2.0242914354489145,-2.0242914354489145,2.0242914354489145,-2.0242914354489145,2.0242914354489145,2.0242914354489145,-2.0242914354489145,2.0242914354489145,1.5600013732910227,1.7373500823974592,49.45000076293945,44.28962963104249,44.633299636840825,44.97696964263916,,,,,,,,,,0.0,0.0,0.0
2016-05-23,50.0,51.56000137329102,50.0,50.40000152587891,50.40000152587891,1909100,2.0242914354489145,1.9305470686169919,2.0394057981091946,2.0952644582520707,2.2874914204631667,48.00400085449219,46.83800086975098,46.478000259399415,47.848667017618816,45.02530006408691,48.44026309775727,47.42288829920771,46.85535655892819,46.81144005157411,47.37020107746468,47.22040099846038,46.8635420402072,0.35685895825317715,-0.21384859701448483,1.1507896801542812,1.1507896801542812,-1.1507896801542812,1.1507896801542812,-1.1507896801542812,1.1507896801542812,1.1507896801542812,1.1507896801542812,1.1507896801542812,1.4699974060058594,1.723349952697752,51.56000137329102,45.627830581665044,45.975300598144536,46.32277061462403,,,,,,,,,,0.0,0.0,0.0
2016-05-24,50.7400016784668,51.52999877929688,50.06000137329102,50.97999954223633,50.97999954223633,936700,1.1507896801542812,1.8388560201477293,1.9959235485589164,2.0365119276426276,2.245331645606389,49.034000396728516,47.27200088500977,46.588000233968096,47.94700031280517,45.018500061035155,49.286841912583625,48.06963579794019,47.1214625578513,46.94811413323516,47.441682235182924,47.79880077442591,47.168464818135284,0.6303359562906223,-0.04501168635346342,-0.6473087864271464,-0.6473087864271464,0.6473087864271464,-0.6473087864271464,0.6473087864271464,-0.6473087864271464,-0.6473087864271464,-0.6473087864271464,-0.6473087864271464,1.2099990844726562,1.629849815368651,51.52999877929688,47.76863147735597,48.11330146789552,48.45797145843507,,,,,,,,,,0.0,0.0,0.0
2016-05-25,50.97000122070312,51.45000076293945,50.2400016784668,50.65000152587891,50.65000152587891,963800,-0.6473087864271464,2.120106801071591,1.9123586538736483,2.0519035173719393,2.156460038032918,49.720000457763675,47.73800086975098,46.608333587646484,48.0018336613973,45.01600006103516,49.74122845034873,48.53879320301995,47.34911023320793,47.06948749037102,47.50521331024621,48.237447043880216,47.42635642611629,0.8110906177639237,0.12620877447001402,-0.23692545501843176,-0.23692545501843176,0.23692545501843176,-0.23692545501843176,0.23692545501843176,-0.23692545501843176,-0.23692545501843176,-0.23692545501843176,-0.23692545501843176,0.8300018310546733,1.6093498229980452,51.45000076293945,47.94432918548585,48.27029914855958,48.59626911163331,,,,,,,,,,0.0,0.0,0.0
2016-05-26,50.72999954223633,51.04000091552734,50.20999908447266,50.52999877929688,50.52999877929688,786700,-0.23692545501843176,2.1445057887961054,1.7201342884177684,1.9974438234919956,2.156059671866441,50.39200057983398,48.273000717163086,46.63833351135254,48.04983361562093,45.014100036621095,50.00415189333145,48.90083058052484,47.55432884908464,47.182946876893176,47.565110052207615,48.5901473108674,47.656255859685224,0.933891451182177,0.2877453098124466,0.0,0.0,0.0,0.0,0.0,0.0,0.0,0.0,0.0,0.8699989318847656,1.5265998840332007,51.04000091552734,47.90943115234376,48.231301116943364,48.55317108154297,,,,,,,,,,0.0,0.0,0.0
2016-05-27,50.38000106811523,50.66999816894531,49.79999923706055,50.52999877929688,50.52999877929688,1006400,0.0,1.100865473120507,1.6825146000382636,1.930816294399566,2.121167553517011,50.61800003051758,48.82700042724609,46.73133341471354,48.07350025177002,45.044100036621096,50.17943418865326,49.197042980301575,47.74630755425963,47.292686283529356,47.62382072007077,48.88858599831809,47.869125705582384,1.0194602927357082,0.43408830639709894,0.8707746923328905,0.8707746923328905,-0.8707746923328905,0.8707746923328905,-0.8707746923328905,0.8707746923328905,0.8707746923328905,0.8707746923328905,0.8707746923328905,1.1800003051757812,1.529599952697751,50.66999816894531,47.681481170654294,47.98680114746094,48.292121124267574,,,,,,,,,,0.0,0.0,0.0
2016-05-31,50.75,51.43000030517578,50.25,50.97000122070312,50.97000122070312,1244700,0.8707746923328905,0.7581233118008394,1.6849155795930986,1.9067537103765442,2.114221056042608,50.73199996948242,49.3680004119873,46.85833346048991,48.09133358001709,45.10760005950928,50.44295653266988,49.519399024010944,47.95428779080437,47.41325398638751,47.69008172008329,49.208803724838866,48.09882018818392,1.1099835366549442,0.569267352448668,2.295464274915667,2.295464274915667,-2.295464274915667,2.295464274915667,-2.295464274915667,2.295464274915667,2.295464274915667,2.295464274915667,2.295464274915667,1.8400001525878906,1.5781000137329078,51.43000030517578,47.30487827301026,47.61079826354981,47.91671825408936,,,,,,,,,,0.0,0.0,0.0
2016-06-01,50.65000152587891,52.34000015258789,50.5,52.13999938964844,52.13999938964844,1574600,2.295464274915667,1.1684431976700451,1.7092217566101366,1.9409876598185218,2.121087098796336,50.96399993896485,49.99900016784668,47.08833338419596,48.14266688028972,45.17260005950928,51.00863748499607,49.995871817763216,48.224333700407215,47.568229245510814,47.77819890165884,49.659756904040336,48.39816679569981,1.2615901083405276,0.70773190362704,2.589187388994064,2.589187388994064,-2.589187388994064,2.589187388994064,-2.589187388994064,2.589187388994064,2.589187388994064,2.589187388994064,2.589187388994064,1.75,1.5836000442504854,52.34000015258789,47.95818027496338,48.27380027770997,48.58942028045655,,,,,,,,,,0.0,0.0,0.0
2016-06-02,52.0,53.7400016784668,51.9900016784668,53.4900016784668,53.4900016784668,1814200,2.589187388994064,1.2938952207791692,1.6647347395524998,1.9266259382594009,2.073487198329554,51.53199996948242,50.626000213623044,47.34000015258789,48.2493335723877,45.262600059509275,51.83575888281965,50.63116815607296,48.564054215120734,47.762385718722484,47.891303907140184,50.24902533087517,48.77533974997885,1.4736855808963227,0.8609226390808966,0.33650492583733815,0.33650492583733815,-0.33650492583733815,0.33650492583733815,-0.33650492583733815,0.33650492583733815,0.33650492583733815,0.33650492583733815,0.33650492583733815,1.9399986267089844,1.5585998535156222,53.7400016784668,48.85608005523682,49.17280006408692,49.48952007293702,,,,,,,,,,0.0,0.0,0.0
2016-06-03,54.0,54.66999816894531,52.72999954223633,53.66999816894531,53.66999816894531,2155100,0.33650492583733815,1.1642815760742078,1.6297125727876258,1.6975169486612538,2.0554855636694085,52.15999984741211,51.27600021362305,47.6173334757487,48.340833536783855,45.3571000289917,52.44717197819487,51.18368270386793,48.89346995407716,47.9560779302052,48.00573349648286,50.77532884442442,49.13790704027266,1.6374218041517636,1.01622247209507,2.124097714252098,2.124097714252098,-2.124097714252098,2.124097714252098,-2.124097714252098,2.124097714252098,2.124097714252098,2.124097714252098,2.124097714252098,1.2999992370605398,1.5331998825073214,54.66999816894531,50.311082000732426,50.62280197143555,50.93452194213867,,,,,,,,,,0.0,0.0,0.0
2016-06-06,53.81000137329102,55.11000061035156,53.81000137329102,54.81000137329102,54.81000137329102,1752300,2.124097714252098,0.9817963521827475,1.1649555922087664,1.6638304653885545,2.0561238909615684,53.01600036621094,51.817000198364255,47.921000162760414,48.46433353424072,45.45740005493164,53.23478177656026,51.84301337103576,49.27518165854258,48.180796731617846,48.14047147424144,51.396047695019284,49.55806217605179,1.8379855189674927,1.1805750814695548,1.2406500422149944,1.2406500422149944,-1.2406500422149944,1.2406500422149944,-1.2406500422149944,1.2406500422149944,1.2406500422149944,1.2406500422149944,1.2406500422149944,1.210002899169936,1.5345001220703107,55.11000061035156,51.2969584274292,51.60359840393067,51.91023838043213,,,,,,,,,,0.0,0.0,0.0
2016-06-07,54.91999816894531,55.90000152587891,54.68999862670898,55.4900016784668,55.4900016784668,1185400,1.2406500422149944,0.9211047818142094,1.1175800087590482,1.600736080047135,2.0370253400967613,53.92000045776367,52.32600021362305,48.26900024414063,48.578500239054364,45.60840007781982,53.98652174386244,52.50610215420504,49.676137788860274,48.420442795448956,48.28600672581025,52.025886769395825,49.9974651021566,2.028421667239222,1.3501443986234882,0.9911681752101479,0.9911681752101479,-0.9911681752101479,0.9911681752101479,-0.9911681752101479,0.9911681752101479,0.9911681752101479,0.9911681752101479,0.9911681752101479,1.1899986267089844,1.5030000686645497,55.90000152587891,51.734100341796875,52.04100036621094,52.347900390625,,,,,,,,,,0.0,0.0,0.0
2016-06-08,55.56000137329102,56.13999938964844,54.95000076293945,56.04000091552734,56.04000091552734,1419600,0.9911681752101479,0.9008580836905757,1.1158864293542836,1.5739714125088624,2.039312737211863,54.70000076293945,52.83200035095215,48.59366696675618,48.70033359527588,45.77460010528564,54.67101480108407,53.14862920171818,50.08670960348396,48.67026437315644,48.439551165210595,52.64344279187759,50.44506034759147,2.1983824442861177,1.519792007756014,0.05353101143253223,0.05353101143253223,-0.05353101143253223,0.05353101143253223,-0.05353101143253223,0.05353101143253223,0.05353101143253223,0.05353101143253223,0.05353101143253223,1.2999992370605469,1.5225000381469715,56.13999938964844,52.59340137481691,52.89400138854981,53.19460140228272,,,,,,,,,,0.0,0.0,0.0
2016-06-09,56.0099983215332,56.5,55.20000076293945,56.06999969482422,56.06999969482422,1365100,0.05353101143253223,0.8131278011963644,1.0220377169851338,1.49249458573839,2.0363653135316535,55.216000366210935,53.37400016784668,48.9086669921875,48.813666915893556,45.96930011749268,55.13734309899746,53.67978747319201,50.4727283190543,48.912878645998006,48.59064915589601,53.17060539233092,50.861722521460564,2.308882870870356,1.6776101803788825,-3.63831090891846,-3.63831090891846,-3.63831090891846,-3.63831090891846,3.63831090891846,-3.63831090891846,-3.63831090891846,-3.63831090891846,-3.63831090891846,1.520000457763686,1.4975000381469727,56.5,52.7904993057251,53.09499931335449,53.39949932098389,,,,,,,,,,0.0,0.0,0.0
2016-06-10,55.40000152587891,55.40000152587891,53.88000106811523,54.02999877929688,54.02999877929688,2308000,-3.63831090891846,2.24469706536221,1.7766370298191554,1.7177079078010697,2.0946530898709694,55.28800048828125,53.72400016784668,49.182000223795576,48.89766686757405,46.146700096130374,54.76822832576394,53.74346225612017,50.702229639069955,49.08065307659797,48.6983590494287,53.302819759556456,51.09640965167066,2.2064101078857945,1.783370165880265,-0.6292803262438449,-0.6292803262438449,-0.6292803262438449,-0.6292803262438449,0.6292803262438449,-0.6292803262438449,-0.6292803262438449,-0.6292803262438449,-0.6292803262438449,1.05999755859375,1.4574998855590824,55.40000152587891,53.20549991607666,53.50499992370605,53.80449993133545,,,,,,,,,,0.0,0.0,0.0
2016-06-13,53.5099983215332,54.45999908447266,53.40000152587891,53.68999862670898,53.68999862670898,1792700,-0.6292803262438449,1.9603530149327302,1.8143901707547425,1.726843158601052,2.097017489266841,55.06399993896484,54.04000015258789,49.47066688537598,48.97250016530355,46.31310009002686,54.40881842607896,53.73374159622722,50.894988928595055,49.23177916020816,48.79720339749366,53.36238573911838,51.288527353525346,2.0738583855930344,1.841467809822819,1.378285895687615,1.378285895687615,1.378285895687615,1.378285895687615,-1.378285895687615,1.378285895687615,1.378285895687615,1.378285895687615,1.378285895687615,1.1499977111816335,1.4444997787475586,54.45999908447266,52.19350177764893,52.485001754760745,52.776501731872564,,,,,,,,,,0.0,0.0,0.0
2016-06-14,53.56999969482422,54.54999923706055,53.40000152587891,54.43000030517578,54.43000030517578,1310400,1.378285895687615,1.9898327541608432,1.8291172297501739,1.7282606588020806,2.069496550810309,54.85199966430664,54.386000061035155,49.79466692606608,49.03483352661133,46.479000091552734,54.41587905244457,53.86033408876332,51.12305417869704,49.40221264037103,48.90874393031905,53.52663413389644,51.5212290536476,2.005405080248835,1.8742552639080223,0.9369801923089461,0.9369801923089461,0.9369801923089461,0.9369801923089461,-0.9369801923089461,0.9369801923089461,0.9369801923089461,0.9369801923089461,0.9369801923089461,1.5,1.4479997634887696,54.54999923706055,51.28209957122803,51.570999526977545,51.85989948272706,,,,,,,,,,0.0,0.0,0.0
2016-06-15,54.72000122070312,55.2599983215332,53.7599983215332,54.93999862670898,54.93999862670898,1565700,0.9369801923089461,1.9806997264344093,1.7437776859762828,1.7266731211061512,2.071792248760913,54.63199920654297,54.66599998474121,50.12466684977213,49.106500180562335,46.617800064086914,54.59058557719938,54.05663673202616,51.36930865921394,49.58377939402146,49.028174716386175,53.744074825098366,51.774471244244744,1.9696035808536223,1.8933249272971424,0.23661677587803326,-0.23661677587803326,-0.23661677587803326,-0.23661677587803326,0.23661677587803326,-0.23661677587803326,-0.23661677587803326,-0.23661677587803326,-0.23661677587803326,1.3600006103515625,1.3994997024536129,55.2599983215332,51.36439975738526,51.653999710083006,51.94359966278076,,,,,,,,,,0.0,0.0,0.0
2016-06-16,54.20999908447266,54.86000061035156,53.5,54.81000137329102,54.81000137329102,1051800,-0.23661677587803326,1.9690478689025408,1.597309561420622,1.6704274548059357,2.055017157996333,54.37999954223633,54.797999954223634,50.46800028483073,49.15750020345052,46.76830009460449,54.6637241758966,54.193612121347044,51.5912888343157,49.75513093432538,49.14266633335458,53.908063524820314,51.9993253278778,1.9087381969425152,1.896407581226217,0.565592712139735,-0.565592712139735,-0.565592712139735,-0.565592712139735,0.565592712139735,-0.565592712139735,-0.565592712139735,-0.565592712139735,-0.565592712139735,1.2800025939941406,1.3784997940063477,54.86000061035156,52.18109897613525,52.460998916625975,52.7408988571167,,,,,,,,,,0.0,0.0,0.0
2016-06-17,54.75,54.83000183105469,53.54999923706055,54.5,54.5,1507100,-0.565592712139735,0.9210412767999884,1.617583814679465,1.6860766636263274,1.9735866406720284,54.47399978637695,54.8810001373291,50.72933362325033,49.24050019582113,46.91570011138916,54.609149450597734,54.249319008374854,51.77894761919856,49.91070041188848,49.24875214853568,53.99913067484796,52.18456048877574,1.814570186072224,1.8800401021954185,-2.715595490341886,2.715595490341886,2.715595490341886,2.715595490341886,-2.715595490341886,2.715595490341886,2.715595490341886,2.715595490341886,-2.715595490341886,1.8199996948242188,1.3669998168945316,54.83000183105469,51.8273010635376,52.103001022338866,52.378700981140135,,,,,,,,,,0.0,0.0,0.0
2016-06-20,55.52000045776367,56.75,54.93000030517578,55.97999954223633,55.97999954223633,1459400,2.715595490341886,1.3182986832138721,1.7055824027530109,1.4833631867104524,1.9979182862040386,54.93199996948242,54.99799995422363,51.05833358764649,49.35283349355062,47.10530010223388,55.06609948114394,54.56398819634967,52.04998322713648,50.10969382599824,49.38204417613371,54.30387973136925,52.46570412236541,1.8381756090038408,1.8716672035571031,-0.6252273877821065,0.6252273877821065,0.6252273877821065,0.6252273877821065,-0.6252273877821065,0.6252273877821065,0.6252273877821065,0.6252273877821065,-0.6252273877821065,1.0,1.3389997482299805,56.75,51.82260223388672,52.096002197265626,52.36940216064453,,,,,,,,,,0.0,0.0,0.0
2016-06-21,56.31999969482422,56.58000183105469,55.58000183105469,56.33000183105469,56.33000183105469,957800,0.6252273877821065,1.2848377814927385,1.675689661649212,1.447075296794258,1.9973725481248508,55.3120002746582,55.081999969482425,51.41533368428548,49.473333549499515,47.30190013885498,55.48740026444752,54.88508158447785,52.32611345964733,50.31363835075419,49.51962749603314,54.61559082362855,52.75194839708313,1.8636424265454181,1.8700622481547664,-1.2249288460449723,-1.2249288460449723,-1.2249288460449723,-1.2249288460449723,1.2249288460449723,-1.2249288460449723,-1.2249288460449723,-1.2249288460449723,1.2249288460449723,1.4849967956542898,1.339749717712402,56.58000183105469,53.80420055389404,54.07200050354004,54.33980045318604,,,,,,,,,,0.0,0.0,0.0
2016-06-22,56.2599983215332,57.04499816894531,55.56000137329102,55.63999938964844,55.63999938964844,1457500,-1.2249288460449723,1.524512055533057,1.7003671362341226,1.4934574293944172,1.972714083785256,55.45200042724609,55.04199981689453,51.71533368428548,49.557666842142744,47.46230014801026,55.538266639514504,55.022339367236135,52.539912551905466,50.48827313891465,49.64082297907502,54.773192141477764,52.965878100236125,1.8073140412416393,1.8575126067721413,4.744786877441276,4.744786877441276,4.744786877441276,4.744786877441276,-4.744786877441276,4.744786877441276,4.744786877441276,4.744786877441276,-4.744786877441276,2.299999237060547,1.3942497253417965,57.04499816894531,53.6325524520874,53.900502395629886,54.16845233917236,,,,,,,,,,0.0,0.0,0.0
2016-06-23,56.15000152587891,58.29999923706055,56.0,58.27999877929688,58.27999877929688,1334100,4.744786877441276,2.458306804351096,2.2822884257745653,1.7498398562081168,2.054487485774762,56.145999908447266,55.2629997253418,52.12500025431315,49.675166829427084,47.64540012359619,56.4521773527753,55.61464107851991,52.910240695608145,50.74373955335341,49.81189576719822,55.31270085498839,53.359516669055445,1.9531841859329475,1.8766469226043028,-5.7309543969558066,-5.7309543969558066,-5.7309543969558066,-5.7309543969558066,5.7309543969558066,-5.7309543969558066,-5.7309543969558066,-5.7309543969558066,-5.7309543969558066,2.9000015258789062,1.4977497100830082,58.29999923706055,53.97764877319336,54.25649871826172,54.535348663330076,,,,,,,,,,0.0,0.0,0.0
2016-06-24,56.20000076293945,56.9900016784668,54.09000015258789,54.93999862670898,54.93999862670898,4327100,-5.7309543969558066,4.0114649208599245,2.744018151289057,2.2635624758503092,2.182283115493006,56.23399963378906,55.35399971008301,52.45033353169759,49.750666809082034,47.82330009460449,55.94811777741986,55.49197881455428,53.0411928201953,50.88132181805359,49.91344235847566,55.255362050637714,53.47658940665941,1.7787726439783071,1.8570720668791036,-7.735711878838436,-7.735711878838436,-7.735711878838436,-7.735711878838436,7.735711878838436,-7.735711878838436,-7.735711878838436,-7.735711878838436,7.735711878838436,3.799999237060547,1.6442497253417971,56.9900016784668,55.00494987487793,55.304499816894534,55.60404975891113,1.0,1.0,1.0,55.00494987487793,55.304499816894534,55.60404975891113,54.93999862670898,54.93999862670898,54.93999862670898,-0.1180825513280169,-0.6590805294187079,-1.1942495826857156
2016-06-27,53.9900016784668,54.04999923706055,50.25,50.68999862670898,50.68999862670898,1904100,-7.735711878838436,4.992771402631726,3.727131635871489,2.9115597357035816,2.4068926146159786,55.17599945068359,55.053999710083005,52.64033342997233,49.74850012461344,47.95960006713867,54.19541139384957,54.61889150767331,52.88950287222845,50.8750489265341,49.92881971032186,54.55299844695637,53.27017527481122,1.2828231721451502,1.742222287932313,4.063920751825767,4.063920751825767,4.063920751825767,4.063920751825767,-4.063920751825767,-4.063920751825767,4.063920751825767,4.063920751825767,-4.063920751825767,2.120002746582024,1.6912498474121094,54.04999923706055,53.372652282714846,53.7015022277832,54.030352172851565,1.0,1.0,1.0,53.372652282714846,53.7015022277832,53.9900016784668,50.68999862670898,50.68999862670898,50.68999862670898,-5.026270086402783,-5.607857277996559,-6.11224847039407
2016-06-28,51.81000137329102,53.38000106811523,51.2599983215332,52.75,52.75,1435900,4.063920751825767,5.618992538473175,3.9672780746132505,3.043107166654458,2.461935311726857,54.459999084472656,54.88599967956543,52.88000005086263,49.784000142415366,48.0993000793457,53.71360759589972,54.27909305173271,52.88050268692339,50.936522732221505,49.98468466655311,54.27561407050155,53.23164377297335,1.0439702975281975,1.60257188985149,-3.601898627258603,3.601898627258603,3.601898627258603,3.601898627258603,-3.601898627258603,-3.601898627258603,3.601898627258603,3.601898627258603,-3.601898627258603,2.002002716064446,1.6993499755859371,53.38000106811523,50.32924957275391,50.66749954223633,51.00574951171875,,,,,,,,,,0.0,0.0,0.0
2016-06-29,53.09999847412109,54.88000106811523,52.87799835205078,54.65000152587891,54.65000152587891,1735400,3.601898627258603,6.009662056431212,4.140883817220153,3.1034996635126055,2.493667420893815,54.26199951171875,54.85699996948242,53.1740000406901,49.86383349100749,48.273300094604494,54.02573890589279,54.34653095612292,52.99466390233989,51.05827613529224,50.07706717861897,54.3332121405596,53.33670731022561,0.9965048303339898,1.48135847794799,-1.1161880670130127,1.1161880670130127,1.1161880670130127,1.1161880670130127,-1.1161880670130127,-1.1161880670130127,1.1161880670130127,1.1161880670130127,-1.1161880670130127,1.4199981689453125,1.6828498840332027,54.88000106811523,49.641431121826166,49.98130111694336,50.32117111206054,,,,,,,,,,0.0,0.0,0.0
2016-06-30,54.79000091552734,55.2599983215332,53.84000015258789,55.2599983215332,55.2599983215332,1450000,1.1161880670130127,5.455063526242559,4.15343828327146,3.0630809001044543,2.4925094016118043,53.657999420166014,54.90199966430664,53.441999944051105,49.94316679636638,48.46170009613037,54.437158711106264,54.51261593165206,53.140814510029784,51.196037518447675,50.17969947847866,54.475794629940154,53.479173311063214,0.9966213188769402,1.3844110461337802,1.3753136891375077,-1.3753136891375077,-1.3753136891375077,-1.3753136891375077,1.3753136891375077,1.3753136891375077,-1.3753136891375077,-1.3753136891375077,1.3753136891375077,1.8100013732910227,1.6763500213623046,55.2599983215332,51.177731323242185,51.51430130004882,51.850871276855464,,,,,,,,,,0.0,0.0,0.0
2016-07-01,54.40000152587891,54.75,52.93999862670898,54.5,54.5,1509900,-1.3753136891375077,4.8074441450248795,4.177004158566633,3.0831627085491515,2.453996813933107,53.56999969482422,54.90199966430664,53.686333338419594,50.039333470662434,48.65530010223389,54.45810580740418,54.51032212589713,53.22850389647948,51.30436415718709,50.26524998385532,54.47951853302629,53.55479010283631,0.9247284301899796,1.29247452294502,4.917431752616112,-4.917431752616112,-4.917431752616112,-4.917431752616112,4.917431752616112,4.917431752616112,-4.917431752616112,-4.917431752616112,4.917431752616112,3.3699989318847727,1.7798500061035163,54.75,51.57202827453613,51.9072982788086,52.242568283081056,,,,,,,,,,0.0,0.0,0.0
2016-07-05,53.75,54.0,50.63000106811523,51.81999969482422,51.81999969482422,1526100,-4.917431752616112,3.727208711590419,4.336268302781894,3.24062431518791,2.539114644595308,53.795999908447264,54.48599967956543,53.76699994405111,50.082333437601726,48.819900093078616,53.57873710321086,54.02117259297478,53.13763265766301,51.32127024038831,50.29603710684481,54.07036178868751,53.42628710965023,0.6440746790372742,1.162794554163471,-1.4473176465010864,1.4473176465010864,1.4473176465010864,1.4473176465010864,-1.4473176465010864,-1.4473176465010864,1.4473176465010864,1.4473176465010864,-1.4473176465010864,2.229999542236328,1.830849838256836,54.0,50.834329986572264,51.19029998779297,51.54626998901367,1.0,1.0,1.0,50.834329986572264,51.19029998779297,51.54626998901367,51.81999969482422,51.81999969482422,51.81999969482422,1.9389843605931587,1.2301152897744505,0.5310368836947599
2016-07-06,51.4900016784668,52.68000030517578,50.45000076293945,52.56999969482422,52.56999969482422,1263100,1.4473176465010864,3.2551366148684715,4.3714807755887,3.245883459634992,2.520530123177592,53.75999984741211,54.10999946594238,53.83933321634928,50.15866673787435,49.000300102233886,53.24249130041532,53.75732297512922,53.101011176189544,51.36221218971407,50.34106606898301,53.839536851170074,53.36285841225571,0.47667843891436235,1.0255713311136492,-3.424004655715782,3.424004655715782,3.424004655715782,3.424004655715782,-3.424004655715782,-3.424004655715782,3.424004655715782,3.424004655715782,-3.424004655715782,1.4899978637695241,1.8458498001098629,52.68000030517578,49.97213035583496,50.33830032348633,50.704470291137696,,,1.0,,,50.704470291137696,,,52.56999969482422,0.0,0.0,3.67922077279365
2016-07-07,53.45999908447266,54.93999862670898,53.45000076293945,54.36999893188477,54.36999893188477,1265000,3.424004655715782,3.20618157425798,4.541645897060119,3.3379026338401423,2.5523930865116595,53.70399932861328,53.98299942016602,53.95233319600423,50.27016671498617,49.168500099182125,53.61832717757181,53.86871860363023,53.182881353976335,51.460828148473766,50.420846917753344,53.92114640204925,53.43746141370971,0.4836849883395402,0.9171940625588275,-3.0347646832696027,3.0347646832696027,3.0347646832696027,3.0347646832696027,-3.0347646832696027,-3.0347646832696027,3.0347646832696027,3.0347646832696027,-3.0347646832696027,1.5499992370605469,1.8583498001098628,54.93999862670898,48.61913074493408,48.98830070495605,49.35747066497803,,,,,,,,,,0.0,0.0,0.0
2016-07-08,54.84000015258789,56.25,54.70000076293945,56.02000045776367,56.02000045776367,1084500,3.0347646832696027,3.484981403568625,4.366256147428522,3.410765448804475,2.504166072632485,53.85599975585937,53.7569995880127,54.13133316040039,50.369833374023436,49.32090011596679,54.41888493763577,54.25986075892722,53.365921296156166,51.61030920779474,50.5317212452783,54.24404702600532,53.62876060215815,0.6152864238471665,0.8568125348164954,3.052479597464323,-3.052479597464323,3.052479597464323,3.052479597464323,-3.052479597464323,3.052479597464323,3.052479597464323,3.052479597464323,-3.052479597464323,2.25,1.8948497772216786,56.25,50.85162906646728,51.22329902648925,51.594968986511226,,,,,,,,,,0.0,0.0,0.0
2016-07-11,56.93999862670898,58.68000030517578,56.43000030517578,57.72999954223633,57.72999954223633,1596300,3.052479597464323,3.5081347487651398,4.023983644703466,3.3574952062062557,2.526729229549724,54.50199966430664,54.03599967956543,54.37133318583171,50.50483334859212,49.48230010986328,55.52258980583596,54.89079508316523,53.64747473138715,51.81095479253053,50.6742614095745,54.78034741311778,53.93255607920098,0.8477913339168026,0.8550082946365569,0.4676952362802888,-0.4676952362802888,0.4676952362802888,0.4676952362802888,-0.4676952362802888,0.4676952362802888,0.4676952362802888,0.4676952362802888,-0.4676952362802888,1.0699996948242259,1.8953498840332024,58.68000030517578,52.08133049011231,52.46030044555664,52.83927040100098,,,,,,,,,,0.0,0.0,0.0
2016-07-12,58.20999908447266,58.65000152587891,57.58000183105469,58.0,58.0,1142600,0.4676952362802888,1.2701192492940248,2.7890290488479743,3.348981014632063,2.4689965712533777,55.737999725341794,54.76699981689453,54.62033322652181,50.67583332061768,49.658200111389164,56.34839320389065,55.45610506804428,53.928282813233146,52.01387430752953,50.81932554007797,55.275678580330435,54.23384822148239,1.0418303588480455,0.8923727074788547,-2.293106605266703,-2.293106605266703,-2.293106605266703,-2.293106605266703,2.293106605266703,-2.293106605266703,-2.293106605266703,-2.293106605266703,-2.293106605266703,1.8489990234375,1.9302999496459958,58.65000152587891,54.51023056030274,54.88930053710938,55.26837051391602,,,,,,,,,,0.0,0.0,0.0
2016-07-13,58.43999862670898,58.49900054931641,56.65000152587891,56.66999816894531,56.66999816894531,1271700,-2.293106605266703,2.4450916737717012,2.8363146430403003,3.3952105087224096,2.4844930557117917,56.55799942016601,55.158999633789065,54.81033312479655,50.83433329264323,49.8064001083374,56.455594858908874,55.67681290457173,54.105167674891995,52.16653410626447,50.93518044361989,55.49018928627119,54.41430377314631,1.0758855131248808,0.9290752686080599,4.658555302005304,4.658555302005304,4.658555302005304,4.658555302005304,-4.658555302005304,4.658555302005304,4.658555302005304,4.658555302005304,4.658555302005304,2.4199981689453054,1.976299858093261,58.49900054931641,54.40334163665772,54.78940162658692,55.175461616516124,,,,,,,,,,0.0,0.0,0.0
2016-07-14,57.54000091552734,59.47999954223633,57.06000137329102,59.31000137329102,59.31000137329102,1535900,4.658555302005304,2.7291013831453372,2.9706264039839123,3.5335703906402998,2.477554302820191,57.545999908447264,55.624999618530275,55.04933319091797,51.06883328755696,49.979900131225584,57.40706369703626,56.337392626157055,54.44096339736936,52.40074614780632,51.101018481831204,56.077852684274234,54.776948039823694,1.30090464445054,1.003441143776556,0.1854607875693364,0.1854607875693364,0.1854607875693364,0.1854607875693364,-0.1854607875693364,0.1854607875693364,0.1854607875693364,0.1854607875693364,0.1854607875693364,0.9199981689453054,1.9542997360229482,59.47999954223633,54.15114086151124,54.546400833129894,54.941660804748544,,,,,,,,,,0.0,0.0,0.0
2016-07-15,59.5,59.59999847412109,58.68000030517578,59.41999816894531,59.41999816894531,1005600,0.1854607875693364,2.6999828090323033,2.9763355036643517,3.530552924493773,2.47387181448013,58.225999450683595,56.04099960327149,55.246999740600586,51.29349994659424,50.15920009613037,58.078041854339276,56.89786636120946,54.76219144714846,52.63088555833547,51.26575075286316,56.592028912685166,55.12087767901789,1.4711512336672783,1.0969831617547006,2.0868423370548994,2.0868423370548994,2.0868423370548994,2.0868423370548994,-2.0868423370548994,2.0868423370548994,2.0868423370548994,2.0868423370548994,2.0868423370548994,1.4399986267089915,1.9622995376586907,59.59999847412109,55.18054012298584,55.571400070190435,55.962260017395025,,,,,,,,,,0.0,0.0,0.0
2016-07-18,59.79000091552734,60.97999954223633,59.54000091552734,60.65999984741211,60.65999984741211,1333000,2.0868423370548994,2.566875676321801,2.8996358348657867,3.5396187748993913,2.4718646267327435,58.81199951171875,56.656999588012695,55.47999979654948,51.548666636149086,50.34410011291504,58.93869451869689,57.58189063142812,55.14269521490741,52.89413520715765,51.45177548740868,57.21787059495085,55.53118302482487,1.686687570125983,1.2149240434289572,-0.4286157635793138,-0.4286157635793138,-0.4286157635793138,-0.4286157635793138,0.4286157635793138,-0.4286157635793138,-0.4286157635793138,-0.4286157635793138,-0.4286157635793138,0.5190010070800852,1.897249603271484,60.97999954223633,55.28293949127197,55.675399398803705,56.06785930633544,,,,,,,,,,0.0,0.0,0.0
2016-07-19,60.31000137329102,60.61899948120117,60.09999847412109,60.40000152587891,60.40000152587891,760900,-0.4286157635793138,2.645284873629497,2.0989846832847534,3.5102897631238372,2.4746176128071546,59.29199981689453,57.51499977111816,55.66633313496907,51.79366664886474,50.521400146484375,59.425796854424235,58.09427443041917,55.48187626722816,53.14022918482064,51.628968082229875,57.70742919970902,55.89183624712517,1.8155929525838488,1.3350578252599354,0.662247849464459,0.662247849464459,0.662247849464459,0.662247849464459,-0.662247849464459,0.662247849464459,0.662247849464459,0.662247849464459,0.662247849464459,1.3599967956542898,1.9152494430541984,60.61899948120117,56.80605041503906,57.18550033569336,57.56495025634766,,,,,,,,,,0.0,0.0,0.0
2016-07-20,60.72000122070312,61.16999816894531,59.81000137329102,60.79999923706055,60.79999923706055,1120200,0.662247849464459,2.0277908528382995,2.1184065400195884,3.510402250138221,2.4618254295841946,60.11800003051758,58.337999725341795,55.843333053588864,52.056166648864746,50.69480014801025,59.88386431530301,58.58622439526306,55.82498097495928,53.391369186533424,51.81057265955325,58.18320920545541,56.25540387600927,1.9278053294461444,1.4536073260971771,-1.1513170587554478,-1.1513170587554478,-1.1513170587554478,-1.1513170587554478,1.1513170587554478,-1.1513170587554478,-1.1513170587554478,-1.1513170587554478,-1.1513170587554478,1.6599998474121094,1.9239995956420894,61.16999816894531,56.405450706481936,56.78850059509278,57.17155048370361,,,,,,,,,,0.0,0.0,0.0
2016-07-21,61.22999954223633,61.41999816894531,59.7599983215332,60.09999847412109,60.09999847412109,1296700,-1.1513170587554478,1.2216917811715664,2.146992426984927,3.5086006432508086,2.4533389043898013,60.27599945068359,58.91099967956543,55.97866630554199,52.28616663614909,50.84500011444092,59.95590903490904,58.861456045964516,56.100788555550366,53.61132424514285,51.97471970538628,58.47809986217321,56.540188661054586,1.9379112011186237,1.5504681011014665,0.7653958583177206,0.7653958583177206,0.7653958583177206,0.7653958583177206,-0.7653958583177206,0.7653958583177206,0.7653958583177206,0.7653958583177206,0.7653958583177206,2.529998779296882,1.9354995727539062,61.41999816894531,56.93719905853271,57.32199897766113,57.70679889678955,,,,,,,,,,0.0,0.0,0.0
2016-07-22,59.40000152587891,61.0,58.47000122070312,60.56000137329102,60.56000137329102,2098700,0.7653958583177206,1.2389569385380317,2.027882716555247,3.3617308819070586,2.4534733556660706,60.50400009155273,59.364999771118164,56.12833302815755,52.518500010172524,50.977000122070315,60.15727314770304,59.17028246911479,56.38847970508203,53.839149724754265,52.14472528296855,58.798392402345186,56.83795256566469,1.960439836680493,1.6324624482172718,0.09907126359513414,0.09907126359513414,0.09907126359513414,0.09907126359513414,-0.09907126359513414,0.09907126359513414,0.09907126359513414,0.09907126359513414,0.09907126359513414,0.7900009155273366,1.8299995422363278,61.0,57.161899108886715,57.5489990234375,57.936098937988284,,,,,,,,,,0.0,0.0,0.0
2016-07-25,60.77000045776367,61.13000106811523,60.34000015258789,60.61999893188477,60.61999893188477,1196200,0.09907126359513414,0.7973227332702901,1.8725941447524708,3.054877475447813,2.437568316275666,60.49599990844727,59.653999710083006,56.34799969991048,52.76499996185303,51.10670009613037,60.31151507576362,59.43386728052751,56.661480945520914,54.061472649578214,52.31255248393719,59.078639560735894,57.11810414834767,1.960535412388225,1.6980770410514627,-0.3959054239496397,-0.3959054239496397,-0.3959054239496397,-0.3959054239496397,0.3959054239496397,-0.3959054239496397,-0.3959054239496397,-0.3959054239496397,-0.3959054239496397,1.6699981689453125,1.7234994888305661,61.13000106811523,56.974001007080076,57.34000091552734,57.70600082397461,,,,,,,,,,0.0,0.0,0.0
2016-07-26,61.13000106811523,61.75,60.08000183105469,60.38000106811523,60.38000106811523,2172100,-0.3959054239496397,0.7931592072545122,1.8943049981749382,2.373475075423305,2.422707598014386,60.491999816894534,59.89199981689453,56.57099978129069,53.020833333333336,51.21940010070801,60.33434373988082,59.605891605543455,56.90138546955926,54.26863751575975,52.472303941049624,59.27884902340964,57.359726142404526,1.9191228810051157,1.7422862090421933,4.355742310191502,4.355742310191502,4.355742310191502,4.355742310191502,-4.355742310191502,4.355742310191502,4.355742310191502,4.355742310191502,4.355742310191502,2.6200027465820312,1.7484994888305665,61.75,57.33830219268798,57.683002090454096,58.02770198822021,,,,,,,,,,0.0,0.0,0.0
2016-07-27,64.19999694824219,64.80000305175781,62.18000030517578,63.0099983215332,63.0099983215332,2865800,4.355742310191502,2.141975866833893,2.0005289617426105,2.3947174072186277,2.4670035276043007,60.933999633789064,60.52599983215332,56.85699971516927,53.325833320617676,51.35050006866455,61.22622860043162,60.224820099359775,57.29548952452532,54.55523950939166,52.68097115650475,59.85287199235172,57.778264822339985,2.0746071700117383,1.8087504012361024,0.14283471668833012,0.14283471668833012,0.14283471668833012,0.14283471668833012,-0.14283471668833012,0.14283471668833012,0.14283471668833012,0.14283471668833012,0.14283471668833012,1.8599967956542969,1.741399192810059,64.80000305175781,57.90330112457276,58.253001022338864,58.60270092010498,,,,,,,,,,0.0,0.0,0.0
2016-07-28,63.0,64.37999725341797,62.52000045776367,63.09999847412109,63.09999847412109,1351800,0.14283471668833012,1.9242392293208863,1.5665226943938102,2.3143774265528054,2.4676503588763308,61.533999633789065,60.904999542236325,57.12899971008301,53.626833279927574,51.49090003967285,61.850818558328115,60.747579803861825,57.669973972886346,54.83539554102213,52.887288529130814,60.35242991262393,58.17246731506451,2.179962597559424,1.8829928405007668,0.2060238847209453,0.2060238847209453,0.2060238847209453,0.2060238847209453,-0.2060238847209453,0.2060238847209453,0.2060238847209453,0.2060238847209453,0.2060238847209453,1.6499977111816406,1.7528991699218754,64.37999725341797,60.968924827575684,61.3172046661377,61.665484504699705,,,,,,,,,,0.0,0.0,0.0
2016-07-29,63.0,63.43999862670898,61.79000091552734,63.22999954223633,63.22999954223633,2546700,0.2060238847209453,1.9567967027430317,1.5658845225461533,2.3156807425354136,2.457270804002238,62.067999267578124,61.28599967956543,57.40966631571452,53.93883330027263,51.65230003356933,62.310545552964186,61.19892884720264,58.02868529994119,55.11062845909473,53.09209468780617,60.7951329325643,58.547099331892056,2.248033600672244,1.956000992535062,0.37956931868467536,0.37956931868467536,0.37956931868467536,0.37956931868467536,-0.37956931868467536,0.37956931868467536,0.37956931868467536,0.37956931868467536,0.37956931868467536,1.380004882812507,1.7313993453979495,63.43999862670898,60.52361907958984,60.87419891357422,61.224778747558595,,,,,,,,,,0.0,0.0,0.0
2016-08-01,63.5,64.4800033569336,63.09999847412109,63.47000122070312,63.47000122070312,1807600,0.37956931868467536,1.9326269210386575,1.4806622844972352,2.265557249204714,2.3942866086055634,62.6379997253418,61.56699981689453,57.70866635640462,54.21899998982747,51.80520004272461,62.69703077554383,61.611851096929996,58.37973793999035,55.384706254557294,53.297597787467495,61.2066511307395,58.911758731063244,2.2948923996762574,2.023779273963301,-3.1826066155876584,-3.1826066155876584,-3.1826066155876584,-3.1826066155876584,3.1826066155876584,-3.1826066155876584,-3.1826066155876584,-3.1826066155876584,-3.1826066155876584,2.240001678466804,1.6748994827270511,64.4800033569336,59.63092006683349,59.97719993591308,60.323479804992665,,,,,,,,,,0.0,0.0,0.0
2016-08-02,63.34000015258789,63.34000015258789,61.09999847412109,61.45000076293945,61.45000076293945,3358600,-3.1826066155876584,2.67325679515081,1.8699687883562972,2.0594043033966947,2.432376754488461,62.85199966430664,61.67199974060058,57.89099973042806,54.474666659037275,51.945700035095214,62.28135410467571,61.582423763477166,58.57781941243868,55.58356836958622,53.45903150975407,61.244089535693334,59.09977665935037,2.1443128763429655,2.047885994439234,-10.301060622398413,-10.301060622398413,-10.301060622398413,-10.301060622398413,10.301060622398413,-10.301060622398413,-10.301060622398413,-10.301060622398413,-10.301060622398413,2.4599990844726562,1.6863994598388676,63.34000015258789,60.79522449493408,61.130204391479495,61.4651842880249,,1.0,1.0,,61.130204391479495,61.4651842880249,,61.45000076293945,61.45000076293945,0.0,0.5231397058841377,-0.024702643067492893
2016-08-03,55.5,56.5099983215332,54.04999923706055,55.11999893188477,55.11999893188477,7982500,-10.301060622398413,4.58007994661728,3.7895973628833284,3.2304201317138204,2.7984214782040278,61.273999786376955,61.10399971008301,57.85066630045573,54.63299999237061,52.010500030517576,59.894235713745395,60.40743743046036,58.354734220144884,55.56836937162879,53.49192195375665,60.30192175049202,58.80497830916773,1.4969434413242908,1.9376974838162455,-3.102320605241332,-3.102320605241332,-3.102320605241332,-3.102320605241332,3.102320605241332,3.102320605241332,-3.102320605241332,-3.102320605241332,3.102320605241332,3.0400009155273366,1.763899612426758,56.5099983215332,59.62992134094238,59.967201232910156,60.30448112487793,1.0,1.0,1.0,55.5,55.5,55.5,55.11999893188477,55.11999893188477,55.11999893188477,-0.6846866092166257,-0.6846866092166257,-0.6846866092166257
2016-08-04,55.47000122070312,55.5,52.45999908447266,53.40999984741211,53.40999984741211,4671100,-3.102320605241332,4.32577221246014,3.8531913601704844,3.226632947070578,2.8223714197357013,59.33600006103516,60.43499984741211,57.776332982381184,54.74583333333333,52.057300033569334,57.732823758300974,59.13517605172431,58.03571909932342,55.49760315772005,53.49029973382904,59.241626073095105,58.40535027496361,0.8362757981314957,1.7174131466792957,-3.0705848985841193,3.0705848985841193,3.0705848985841193,3.0705848985841193,-3.0705848985841193,-3.0705848985841193,3.0705848985841193,3.0705848985841193,-3.0705848985841193,1.9420013427734446,1.783499717712403,55.5,52.62941917419433,52.982199096679686,53.33497901916504,1.0,1.0,1.0,52.62941917419433,52.982199096679686,53.33497901916504,53.40999984741211,53.40999984741211,53.40999984741211,1.483164141778174,0.8074424203340267,0.14065971268145053
2016-08-05,53.79000091552734,55.27000045776367,53.32799911499023,55.04999923706055,55.04999923706055,2741900,3.0705848985841193,5.02314063686607,4.041751163294217,3.2284377040990573,2.8366793825035947,57.7,59.88399963378906,57.66866633097331,54.89683329264323,52.1151000213623,56.83854891788751,58.39241663087634,57.8430920114355,55.48292761933777,53.52118487250689,58.59676040601286,58.15680575363746,0.43995465237540543,1.4619214478185176,1.3623978390449967,-1.3623978390449967,-1.3623978390449967,-1.3623978390449967,1.3623978390449967,1.3623978390449967,-1.3623978390449967,-1.3623978390449967,1.3623978390449967,1.3760032653808594,1.7397998809814461,55.27000045776367,51.576300621032715,51.933000564575195,52.289700508117676,,,,,,,,,,0.0,0.0,0.0
2016-08-08,55.09000015258789,55.44100189208984,54.06499862670898,54.29999923706055,54.29999923706055,2269900,-1.3623978390449967,4.8187149794587,4.029107093582958,3.156266828148686,2.832133966671443,55.86599960327148,59.25199966430664,57.64733301798503,55.04883327484131,52.16819999694824,55.99236569094519,57.648340741091644,57.61450538083067,55.44414308221393,53.536606939131715,57.93572022617405,57.87111638203916,0.0646038441348864,1.1824579270817914,-0.34991242002922635,0.34991242002922635,0.34991242002922635,0.34991242002922635,-0.34991242002922635,-0.34991242002922635,0.34991242002922635,0.34991242002922635,-0.34991242002922635,0.8199996948242259,1.727299880981446,55.44100189208984,51.44244071960449,51.79040069580078,52.13836067199707,,,,,,,,,,0.0,0.0,0.0
2016-08-09,54.38000106811523,55.20000076293945,54.38000106811523,54.4900016784668,54.4900016784668,1656500,0.34991242002922635,5.034883754575317,4.0487764470837035,3.154953357742521,2.8303397988865253,54.47399978637695,58.6629997253418,57.773999786376955,55.20716660817464,52.22110000610351,55.49157768678573,57.07409727515985,57.41292449680719,55.412859757500904,53.55548604288092,57.40560968037293,57.6206634410338,-0.21505376066086512,0.9029555895332602,0.6423238723383492,-0.6423238723383492,-0.6423238723383492,-0.6423238723383492,0.6423238723383492,0.6423238723383492,0.6423238723383492,-0.6423238723383492,0.6423238723383492,0.8199996948242045,1.6758499145507812,55.20000076293945,51.64094215393065,51.98640213012695,52.331862106323236,,,,,,,,,,0.0,0.0,0.0
2016-08-10,54.86000061035156,54.88000106811523,54.06000137329102,54.13999938964844,54.13999938964844,1230600,-0.6423238723383492,2.2844662659774215,3.606094735088152,3.1204450769619396,2.8307043135950245,54.27799987792969,57.77599983215332,57.820333099365236,55.35016657511393,52.25560001373291,55.04105158773997,56.54062493233959,57.201768038280825,55.371126630686064,53.567060564599096,56.903208097184546,57.36283647426451,-0.45962837707996584,0.630438796210615,-0.628001766569836,-0.628001766569836,0.628001766569836,0.628001766569836,-0.628001766569836,-0.628001766569836,-0.628001766569836,0.628001766569836,-0.628001766569836,0.7399978637695455,1.5918498992919932,54.88000106811523,51.51313095092773,51.84830093383789,52.18347091674805,,,,,,,,,,0.0,0.0,0.0
2016-08-11,54.4900016784668,54.86999893188477,54.13000106811523,54.47999954223633,54.47999954223633,1105300,0.628001766569836,1.686610445390204,3.6329824674636297,2.9148767017522417,2.8307639887415252,54.491999816894534,56.91399993896484,57.81466636657715,55.49433320363362,52.29400001525879,54.854034239238764,56.16596577050263,57.02617007079409,55.34190934909754,53.58513856415627,56.530406781038664,57.14929299781798,-0.6188862167793161,0.38057379361262883,-0.20191007943434927,-0.20191007943434927,0.20191007943434927,0.20191007943434927,-0.20191007943434927,-0.20191007943434927,-0.20191007943434927,0.20191007943434927,-0.20191007943434927,0.6199989318847727,1.5768499374389666,54.86999893188477,51.377931289672844,51.69630126953124,52.014671249389636,,,,,,,,,,0.0,0.0,0.0
2016-08-12,54.56999969482422,54.86999893188477,54.25,54.59000015258789,54.59000015258789,1170400,0.20191007943434927,0.8200928713298221,3.6327811761738418,2.915047483536012,2.808434015113207,54.4,56.05,57.79233309427897,55.61716651916504,52.32240001678467,54.76602287702181,55.8794265672454,56.86899781800659,55.31725658855624,53.605036813432136,56.23188268435393,56.95971575002316,-0.7278330656692305,0.15889242175625698,-2.16156860574737,-2.16156860574737,2.16156860574737,2.16156860574737,-2.16156860574737,-2.16156860574737,-2.16156860574737,2.16156860574737,-2.16156860574737,1.9099998474121165,1.600349998474123,54.86999893188477,51.400929069519044,51.716299057006836,52.031669044494635,,,,,,,,,,0.0,0.0,0.0
2016-08-15,54.54000091552734,56.45000076293945,54.54000091552734,55.77000045776367,55.77000045776367,2221100,2.16156860574737,1.0229316573286868,3.770650519363894,2.9184229071489063,2.818368401575905,54.694000244140625,55.27999992370606,57.8346664428711,55.76049989064534,52.38490001678467,55.10068207060244,55.85953091097599,56.79809476250705,55.33210064984173,53.64790738064662,56.160823880263116,56.87158869133727,-0.7107648110741565,-0.01503902480982569,0.8786115733276405,0.8786115733276405,-0.8786115733276405,-0.8786115733276405,0.8786115733276405,0.8786115733276405,0.8786115733276405,-0.8786115733276405,0.8786115733276405,0.7599983215332102,1.6123998641967792,56.45000076293945,51.349228935241705,51.66929893493653,51.98936893463135,,,,,,,,,,0.0,0.0,0.0
2016-08-16,55.40999984741211,55.61999893188477,54.86000061035156,55.27999877929688,55.27999877929688,1343000,-0.8786115733276405,1.2103274832789073,3.707115226077239,2.920574135974221,2.7621197378737,54.85199966430664,54.6629997253418,57.949999745686846,55.85849984486898,52.44529998779297,55.16045430683392,55.75416143248888,56.700153086170914,55.33039239179107,53.68022602220405,56.025312326268306,56.753693142297244,-0.7283808160289382,-0.1577073830536482,-1.302455538901908,1.302455538901908,-1.302455538901908,-1.302455538901908,1.302455538901908,1.302455538901908,1.302455538901908,-1.302455538901908,1.302455538901908,1.30999755859375,1.6098999023437521,55.61999893188477,52.902721061706536,53.2252010345459,53.54768100738525,,,,,,,,,,0.0,0.0,0.0
2016-08-17,55.0099983215332,55.63999938964844,54.33000183105469,54.56000137329102,54.56000137329102,1305900,-1.302455538901908,1.364233072807863,1.793294673786032,2.9160139203838202,2.7587985261413506,54.93600006103516,54.60699996948242,58.016333134969074,55.92783317565918,52.499900016784665,54.960303328986285,55.53704142172563,56.562078782114156,55.30513366987304,53.69764731628498,55.79987987196411,56.59119745570419,-0.7913175837400814,-0.2844294231909349,1.1730193796544366,-1.1730193796544366,1.1730193796544366,1.1730193796544366,-1.1730193796544366,-1.1730193796544366,-1.1730193796544366,1.1730193796544366,-1.1730193796544366,1.0999984741210938,1.5818998336792014,55.63999938964844,52.078219146728514,52.40019912719727,52.72217910766602,,,,,,,,,,0.0,0.0,0.0
2016-08-18,54.72000122070312,55.66999816894531,54.56999969482422,55.20000076293945,55.20000076293945,1308200,1.1730193796544366,1.430911518641126,1.4763330079879875,2.934859330270578,2.7589338820828684,55.08000030517578,54.78600006103515,58.0439998626709,55.99816652933757,52.546100006103515,55.04020247363734,55.47576130194632,56.47420278087708,55.30168668931783,53.72739688948605,55.707590778268006,56.48814584883273,-0.7805550705647235,-0.3836545526656926,1.865939791776964,-1.865939791776964,1.865939791776964,1.865939791776964,-1.865939791776964,-1.865939791776964,-1.865939791776964,1.865939791776964,-1.865939791776964,1.6110000610351634,1.5359498977661155,55.66999816894531,52.159819755554196,52.47619972229003,52.79257968902588,,,,,,,,,,0.0,0.0,0.0
2016-08-19,55.06000137329102,56.52099990844727,54.90999984741211,56.22999954223633,56.22999954223633,1351800,1.865939791776964,1.5949141665855076,1.262410524598205,2.9676331841377563,2.7653709878254764,55.40800018310547,54.90400009155273,58.05099983215332,56.091166496276855,52.59610000610351,55.436801496503676,55.61289552745359,56.45844773322284,55.332123176298765,53.776953377659325,55.78796135734005,56.469023900195964,-0.6810625428559121,-0.44313615070373646,-0.4446025289618155,0.4446025289618155,-0.4446025289618155,-0.4446025289618155,0.4446025289618155,0.4446025289618155,0.4446025289618155,-0.4446025289618155,0.4446025289618155,0.8800010681152344,1.5404499053955103,56.52099990844727,52.29090839385986,52.59809837341308,52.9052883529663,,,,,,,,,,0.0,0.0,0.0
2016-08-22,56.04999923706055,56.45000076293945,55.56999969482422,55.97999954223633,55.97999954223633,889800,-0.4446025289618155,1.3683534138501197,1.1641687421229259,2.9660176682502786,2.766073381730245,55.45,55.072000122070314,57.992666498819986,56.181999842325844,52.65180000305176,55.617867511747896,55.67964171195954,56.427580107997905,55.35336502436229,53.820578054185596,55.81750569347794,56.43279987368044,-0.6152941802024969,-0.4775677566034886,0.08931625128512206,-0.08931625128512206,0.08931625128512206,0.08931625128512206,-0.08931625128512206,-0.08931625128512206,-0.08931625128512206,0.08931625128512206,-0.08931625128512206,0.69000244140625,1.4914501190185572,56.45000076293945,53.13201011657715,53.440100097656256,53.748190078735355,,,,,,,,,,0.0,0.0,0.0
2016-08-23,56.27999877929688,56.63000106811523,55.93999862670898,56.02999877929688,56.02999877929688,1734000,0.08931625128512206,1.2627542048664258,1.1661218317177977,2.9676396755415415,2.7659828142730265,55.6,55.22599983215332,57.92699979146322,56.27366650899251,52.703899993896485,55.755244600930894,55.74334299692997,56.40192969969461,55.37554973763883,53.86432895963335,55.85019693745008,56.40296275557795,-0.5527658181278738,-0.49260736890836565,2.2844951309674175,-2.2844951309674175,2.2844951309674175,2.2844951309674175,-2.2844951309674175,2.2844951309674175,-2.2844951309674175,2.2844951309674175,-2.2844951309674175,1.8389968872070312,1.4523998260498072,56.63000106811523,53.168810501098626,53.467100524902335,53.76539054870605,,,,,,,,,,0.0,0.0,0.0
2016-08-24,56.11999893188477,57.91899871826172,56.08000183105469,57.31000137329102,57.31000137329102,1964000,2.2844951309674175,1.1560421566841732,1.2701248312283442,2.8284028070528504,2.7776959462202733,56.15,55.543000030517575,57.948333231608075,56.37933317820231,52.770800018310545,56.27349685838428,56.02818997445016,56.4605149689589,55.438974381430704,53.93256009653746,56.07478223527177,56.470150801334476,-0.3953685660627073,-0.47315960833923404,1.0992797737247322,-1.0992797737247322,1.0992797737247322,1.0992797737247322,-1.0992797737247322,1.0992797737247322,-1.0992797737247322,1.0992797737247322,1.0992797737247322,1.3689994812011648,1.4278499603271506,57.91899871826172,53.434721450805654,53.725201416015615,54.015681381225576,,,,,,,,,,0.0,0.0,0.0
2016-08-25,57.13000106811523,58.38899993896484,57.02000045776367,57.93999862670898,57.93999862670898,1665100,1.0992797737247322,1.153649450985555,1.2808898654331191,2.84668088363068,2.7669244552472696,56.69799957275391,55.888999938964844,57.90266647338867,56.47599983215332,52.85159999847412,56.82899744782585,56.37579154758812,56.555965527523426,55.52097517635786,54.011915314956696,56.36173860318518,56.579028418028884,-0.2172898148437028,-0.4219856496401278,-0.5522949644612042,0.5522949644612042,-0.5522949644612042,-0.5522949644612042,0.5522949644612042,-0.5522949644612042,0.5522949644612042,-0.5522949644612042,-0.5522949644612042,1.829998016357429,1.43684997558594,58.38899993896484,54.77772880554199,55.063298797607416,55.34886878967285,,,,,,,,,,0.0,0.0,0.0
2016-08-26,57.84000015258789,58.52999877929688,56.70000076293945,57.61999893188477,57.61999893188477,1294000,-0.5522949644612042,1.1949587380649844,1.3298380954671445,2.8434380833811534,2.7509037031289068,56.975999450683595,56.19199981689453,57.84266649881999,56.54483311971028,52.92279998779297,57.092664609178826,56.60201107200569,56.62461284393384,55.58979562735873,54.08336251529191,56.55531711529281,56.65613734498117,-0.10082022968835957,-0.35775256564977415,0.43387713404079786,-0.43387713404079786,0.43387713404079786,0.43387713404079786,-0.43387713404079786,0.43387713404079786,-0.43387713404079786,0.43387713404079786,0.43387713404079786,0.6000022888183452,1.3978498458862318,58.52999877929688,55.22792999267577,55.51529998779296,55.802669982910146,,,,,,,,,,0.0,0.0,0.0
2016-08-29,57.63999938964844,58.13000106811523,57.52999877929688,57.86999893188477,57.86999893188477,802400,0.43387713404079786,1.0814138763731802,1.2033546633366343,2.8442709135319864,2.7510370231763037,57.353999328613284,56.40199966430664,57.74966646830241,56.61483313242594,53.01419998168945,57.351776050080815,56.83255431925643,56.704960333479065,55.66455639144155,54.15834541463038,56.75757585630696,56.746053018085135,0.011522838221821985,-0.28389748487545496,-0.31104252375684815,0.31104252375684815,-0.31104252375684815,-0.31104252375684815,0.31104252375684815,-0.31104252375684815,-0.31104252375684815,-0.31104252375684815,-0.31104252375684815,0.7399978637695455,1.3228496551513689,58.13000106811523,55.454729118347174,55.73429908752442,56.013869056701665,,,,,,,,,,0.0,0.0,0.0
2016-08-30,57.5,58.02999877929688,57.29000091552734,57.68999862670898,57.68999862670898,1359200,-0.31104252375684815,1.1480162976254975,1.149754654252925,2.7689855479561243,2.739565196955744,57.6859992980957,56.64299964904785,57.659333038330075,56.66283308664958,53.098699951171874,57.46451690895687,56.988453284247804,56.7685111911068,55.73096433358147,54.228279141602236,56.901025513291884,56.815974915020234,0.08505059827164985,-0.210107868246034,-0.4506817953239186,0.4506817953239186,-0.4506817953239186,-0.4506817953239186,0.4506817953239186,-0.4506817953239186,-0.4506817953239186,-0.4506817953239186,-0.4506817953239186,1.0,1.249849700927736,58.02999877929688,55.219731826782215,55.48430175781249,55.74887168884276,,,,,,,,,,0.0,0.0,0.0
2016-08-31,57.45999908447266,57.75,56.75,57.43000030517578,57.43000030517578,1625700,-0.4506817953239186,0.7056827170698436,1.0324197701029172,1.4577277003253013,2.736572031218671,57.709999084472656,56.92999954223633,57.54699974060058,56.695166397094724,53.193099937438966,57.45301137436318,57.06873456078016,56.811187908143516,55.78667043101079,54.2916795606829,56.982406250504795,56.86145827725398,0.1209479732508143,-0.14389669994666437,0.5571995353017251,-0.5571995353017251,0.5571995353017251,0.5571995353017251,-0.5571995353017251,0.5571995353017251,0.5571995353017251,0.5571995353017251,0.5571995353017251,1.509998321533196,1.173349571228029,57.75,55.280329437255865,55.53029937744141,55.78026931762696,,,,,,,,,,0.0,0.0,0.0
2016-09-01,57.45999908447266,57.84999847412109,56.34000015258789,57.75,57.75,1581800,0.5571995353017251,0.5202772249391047,1.0071123646781588,1.2314566025294813,2.7347361746875047,57.67199935913086,57.18499946594238,57.46866645812988,56.72366638183594,53.29379993438721,57.55200758290879,57.19260100427467,56.87175643019878,55.851041892289125,54.360161153540666,57.10049759658098,56.92727618264257,0.17322141393840695,-0.08047307716965012,-0.2597429019548283,0.2597429019548283,-0.2597429019548283,-0.2597429019548283,0.2597429019548283,-0.2597429019548283,-0.2597429019548283,-0.2597429019548283,-0.2597429019548283,1.1800003051757741,1.1352495193481456,57.84999847412109,55.16863094329834,55.40330085754394,55.63797077178955,,,,,,,,,,0.0,0.0,0.0
2016-09-02,57.95000076293945,58.33000183105469,57.15000152587891,57.59999847412109,57.59999847412109,965700,-0.2597429019548283,0.4652590353219399,0.8947914632793024,1.0650462043970956,2.735101678538192,57.667999267578125,57.32199935913086,57.369999694824216,56.749166361490886,53.36939990997315,57.56800454664623,57.26667327151947,56.91873978787119,55.90838473103771,54.42431634800761,57.1773438854333,56.977107463492835,0.20023642194046687,-0.024331177347626715,-2.74305218439769,2.74305218439769,-2.74305218439769,-2.74305218439769,2.74305218439769,-2.74305218439769,-2.74305218439769,-2.74305218439769,-2.74305218439769,2.3999977111816335,1.1864492416381842,58.33000183105469,55.352449531555166,55.57949943542479,55.80654933929443,,,,,,,,,,0.0,0.0,0.0
2016-09-06,57.84999847412109,57.84999847412109,55.45000076293945,56.02000045776367,56.02000045776367,2521500,-2.74305218439769,1.2394307530010085,1.2965147179185423,1.2088645437973644,2.71684001691346,57.29799957275391,57.3259994506836,57.21666641235352,56.782333056131996,53.43329990386963,57.052003183685386,57.04000548720023,56.86075660528361,55.9120442630615,54.45591405315129,56.9992910504072,56.90621064825364,0.09308040215356073,-0.0008488614473892257,0.16065717931535242,-0.16065717931535242,-0.16065717931535242,-0.16065717931535242,0.16065717931535242,-0.16065717931535242,-0.16065717931535242,-0.16065717931535242,-0.16065717931535242,1.2999992370605398,1.21044921875,57.84999847412109,55.71981349945068,55.95710334777832,56.194393196105956,1.0,1.0,1.0,55.71981349945068,55.95710334777832,56.194393196105956,56.02000045776367,56.02000045776367,56.02000045776367,0.5387436523202848,0.11240236935503803,-0.3103383245614778
2016-09-07,54.95999908447266,56.2599983215332,54.95999908447266,55.93000030517578,55.93000030517578,1769900,-0.16065717931535242,1.251222207944704,1.2973265364111346,1.2100997167646845,2.7153885609746813,56.94599990844726,57.315999603271486,57.068333053588866,56.81966641743978,53.51519989013672,56.67800222418219,56.83818636319578,56.80070781172827,55.912632985753774,54.48510387992405,56.83478478191006,56.83389877098861,0.0008860109214481326,-0.0005018869736217541,0.8939746062431718,-0.8939746062431718,-0.8939746062431718,-0.8939746062431718,0.8939746062431718,0.8939746062431718,-0.8939746062431718,-0.8939746062431718,-0.8939746062431718,0.7799987792968679,1.208449172973633,56.2599983215332,55.187010192871085,55.42910003662109,55.67118988037109,1.0,1.0,1.0,54.95999908447266,54.95999908447266,54.95999908447266,55.93000030517578,55.93000030517578,55.93000030517578,1.7649221922515703,1.7649221922515703,1.7649221922515703
2016-09-08,55.70999908447266,56.09999847412109,55.31999969482422,55.43000030517578,55.43000030517578,2224800,-0.8939746062431718,1.252692702528146,1.035603741664227,1.2199031836196588,2.7131777248313442,56.545999908447264,57.127999496459964,56.81566645304362,56.83633308410644,53.59789989471435,56.262001584513385,56.58215253446487,56.71227506937005,55.89680896343974,54.503814700226066,56.61866409318171,56.729906292039516,-0.11124219885780917,-0.02264994935045924,5.3220291298897875,-5.3220291298897875,5.3220291298897875,-5.3220291298897875,5.3220291298897875,5.3220291298897875,5.3220291298897875,-5.3220291298897875,5.3220291298897875,2.8800010681152415,1.315449333190918,56.09999847412109,53.60141014099121,53.843099975585936,54.084789810180666,,,,,,,,,,0.0,0.0,0.0
2016-09-09,55.0,55.31000137329102,52.43000030517578,52.47999954223633,52.47999954223633,3136300,-5.3220291298897875,2.1878047255622466,1.777349934465843,1.7155725065145289,2.7981701227449127,55.491999816894534,56.58199958801269,56.46166648864746,56.79533309936524,53.67029987335205,55.001334237087704,55.83630653587785,56.439225035361424,55.78478242503962,54.4637391525431,55.98194646995934,56.41509838464669,-0.43315191468735037,-0.10475034241783747,-2.439022085483674,2.439022085483674,-2.439022085483674,2.439022085483674,-2.439022085483674,-2.439022085483674,-2.439022085483674,2.439022085483674,-2.439022085483674,2.6100006103515696,1.4149494171142578,55.31000137329102,53.206009941101065,53.46909980773925,53.73218967437744,1.0,1.0,1.0,53.206009941101065,53.46909980773925,53.73218967437744,52.47999954223633,52.47999954223633,52.47999954223633,-1.3645270518658121,-1.8498539699741774,-2.3304282586090563
2016-09-12,52.0,53.79999923706055,51.18999862670898,53.7599983215332,53.7599983215332,2047000,2.439022085483674,2.9024055936067246,2.081248194483597,1.811524375876893,2.8161960387144447,54.72399978637695,56.19599952697754,56.14599978129069,56.77783304850261,53.74849987030029,54.58755559856954,55.45879595145155,56.26637169898541,55.71839606099023,54.4498036905429,55.640108293278395,56.21842430589754,-0.5783160126191476,-0.19946347645809948,-0.2976187730795046,0.2976187730795046,-0.2976187730795046,0.2976187730795046,-0.2976187730795046,-0.2976187730795046,-0.2976187730795046,0.2976187730795046,-0.2976187730795046,1.2399978637695312,1.3814493179321286,53.79999923706055,52.19711265563966,52.48010253906251,52.76309242248536,1.0,1.0,1.0,52.0,52.0,52.0,53.7599983215332,53.7599983215332,53.7599983215332,3.3846121567946215,3.3846121567946215,3.3846121567946215
2016-09-13,54.0099983215332,54.56999969482422,53.33000183105469,53.91999816894531,53.91999816894531,1641700,0.2976187730795046,2.852036634141027,2.073642237466085,1.7376136665816757,2.815422554092498,54.30399932861328,55.80099945068359,55.8276663462321,56.76816635131836,53.834199867248536,54.36503645536146,55.17901453645041,56.11499276156347,55.65943219567728,54.43931249209542,55.37547596645793,56.04817051797516,-0.6726945515172318,-0.29410969146992594,-2.2069778965452933,-2.2069778965452933,-2.2069778965452933,2.2069778965452933,-2.2069778965452933,-2.2069778965452933,-2.2069778965452933,2.2069778965452933,-2.2069778965452933,1.839996337890625,1.4354492187499992,54.56999969482422,50.760810737609866,51.037100601196286,51.313390464782714,,,,,,,,,,0.0,0.0,0.0
2016-09-14,53.86000061035156,55.41999816894531,53.58000183105469,55.11000061035156,55.11000061035156,2186700,2.2069778965452933,3.150696313968617,2.2678486823363975,1.805541808145046,2.807930890389221,54.13999938964844,55.54299964904785,55.6163330078125,56.75366636912028,53.92829986572266,54.61335784035816,55.16646654988698,56.05015455825948,55.64141804533873,54.45259344493217,55.33463360398002,55.978676450743784,-0.6440428467637602,-0.36409632252869284,-2.5766615010318015,-2.5766615010318015,-2.5766615010318015,2.5766615010318015,-2.5766615010318015,-2.5766615010318015,-2.5766615010318015,2.5766615010318015,-2.5766615010318015,1.6230010986328125,1.4510993957519525,55.41999816894531,51.41201141357422,51.69910125732422,51.98619110107422,,,,,,,,,,0.0,0.0,0.0
2016-09-15,55.36999893188477,56.86000061035156,55.23699951171875,56.52999877929688,56.52999877929688,2219100,2.5766615010318015,3.3505549559322474,2.4592025753150453,1.8655837233211392,2.826376462292492,54.359999084472655,55.45299949645996,55.66333300272624,56.75699965159098,54.043099861145016,55.25223815333774,55.414381500688776,56.08111224993931,55.670551839894735,54.49373018422652,55.518535938644156,56.01951514174772,-0.5009792031035616,-0.39147289864366663,1.3621094540792351,1.3621094540792351,1.3621094540792351,-1.3621094540792351,1.3621094540792351,1.3621094540792351,1.3621094540792351,-1.3621094540792351,1.3621094540792351,1.6899986267089844,1.480599403381347,56.86000061035156,52.227579498291014,52.517799377441406,52.8080192565918,,,,,,,,,,0.0,0.0,0.0
2016-09-16,56.66999816894531,56.66999816894531,54.97999954223633,55.7599983215332,55.7599983215332,3648200,-1.3621094540792351,1.7188710127381603,2.474442989444621,1.8816377917038105,2.827477348332125,55.01599884033203,55.25399932861328,55.74166628519694,56.75899963378906,54.137699851989744,55.421491542736234,55.477220922660486,56.06039522230021,55.673484511423865,54.51880480080685,55.55568399755016,56.00029167358368,-0.44460767603352025,-0.40209985412163735,-1.022244488306167,-1.022244488306167,-1.022244488306167,1.022244488306167,-1.022244488306167,-1.022244488306167,-1.022244488306167,1.022244488306167,-1.022244488306167,1.0799980163574148,1.4540493011474596,56.66999816894531,53.6026819229126,53.89880180358887,54.19492168426514,,,,,,,,,,0.0,0.0,0.0
2016-09-19,55.75,56.63999938964844,55.56000137329102,56.33000183105469,56.33000183105469,1240400,1.022244488306167,1.5813504446302786,2.510973928473936,1.8483596140501164,2.7626762176339565,55.529999542236325,55.12699966430664,55.784333038330075,56.72649968465169,54.23479988098145,55.724328305509054,55.63227199691398,56.077789197058564,55.695009669444545,54.55467008853453,55.67480981808932,56.02471464821116,-0.3499048301218366,-0.3916608493216772,-2.804902857616514,2.804902857616514,2.804902857616514,-2.804902857616514,2.804902857616514,-2.804902857616514,2.804902857616514,-2.804902857616514,-2.804902857616514,1.920001983642564,1.506049346923826,56.63999938964844,53.4710897064209,53.76189956665039,54.052709426879886,,,,,,,,,,0.0,0.0,0.0
2016-09-20,56.47000122070312,56.54000091552734,54.61999893188477,54.75,54.75,1489200,-2.804902857616514,2.331338774118459,2.5180169325620647,1.9523675264304634,2.684853728260063,55.69599990844726,54.999999618530275,55.799333063761395,56.72333304087321,54.323999862670895,55.399552203672705,55.47185890656598,55.9921253778935,55.6640257458562,54.558538007573446,55.53253138453712,55.93029134093626,-0.39775995639913475,-0.3928806707371687,2.4109583467109017,-2.4109583467109017,-2.4109583467109017,2.4109583467109017,-2.4109583467109017,-2.4109583467109017,-2.4109583467109017,2.4109583467109017,-2.4109583467109017,1.3600006103515625,1.5395492553710917,56.54000091552734,53.32669082641602,53.62790069580078,53.92911056518555,,,,,,,,,,0.0,0.0,0.0
2016-09-21,54.93000030517578,56.09000015258789,54.72999954223633,56.06999969482422,56.06999969482422,1093700,2.4109583467109017,2.3738412922503684,2.650335600019169,2.0311866731177672,2.50062165738561,55.8879997253418,55.01399955749512,55.85199966430664,56.8129997253418,54.43439987182617,55.62303470072321,55.58061177715838,55.997149527372905,55.67733636713383,54.58846794197445,55.615218816888984,55.94064010789092,-0.3254212910019376,-0.37938879479012255,0.8025695833577691,-0.8025695833577691,-0.8025695833577691,0.8025695833577691,-0.8025695833577691,0.8025695833577691,-0.8025695833577691,0.8025695833577691,0.8025695833577691,0.7800025939941406,1.486599540710447,56.09000015258789,53.15299255371094,53.46090240478515,53.76881225585937,,,,,,,,,,0.0,0.0,0.0
2016-09-22,56.36999893188477,56.97000122070312,56.18999862670898,56.52000045776367,56.52000045776367,928000,0.8025695833577691,2.0750721972187844,2.6369604923896266,1.9704847511866697,2.450137233254315,55.886000061035155,55.122999572753905,55.93133303324382,56.87583306630452,54.55249988555908,55.922023286403366,55.75140971908661,56.03088184546264,55.704964697974155,54.62671611060394,55.75441599240817,55.98355568936298,-0.2291396969548103,-0.3493389752230601,-2.9193232705507746,2.9193232705507746,2.9193232705507746,-2.9193232705507746,2.9193232705507746,-2.9193232705507746,2.9193232705507746,-2.9193232705507746,-2.9193232705507746,1.8100013732910227,1.50864963531494,56.97000122070312,52.8194811630249,53.116801071167,53.41412097930909,,,,,,,,,,0.0,0.0,0.0
2016-09-23,56.47999954223633,56.65000152587891,54.84000015258789,54.86999893188477,54.86999893188477,1257800,-2.9193232705507746,2.421190378149968,2.137335003774504,2.0503202428650646,2.438818814006861,55.70800018310547,55.36199951171875,55.94433301289876,56.879499689737955,54.650799865722654,55.57134850156383,55.59115321232264,55.95598617361891,55.677588771217124,54.63153359221346,55.61835182925073,55.90107000362385,-0.2827181743731231,-0.33601481505307274,-1.603785803805825,1.603785803805825,1.603785803805825,-1.603785803805825,1.603785803805825,1.603785803805825,1.603785803805825,-1.603785803805825,-1.603785803805825,1.1399993896484304,1.47414970397949,56.65000152587891,53.65097202301025,53.95270195007324,54.25443187713623,,,,,,,,,,0.0,0.0,0.0
2016-09-26,54.43999862670898,54.68999862670898,53.54999923706055,53.9900016784668,53.9900016784668,1286100,-1.603785803805825,2.3469714350868314,2.1049790891955396,2.071804254918216,2.4436863632427146,55.24000015258789,55.38499984741211,55.924333063761395,56.858333079020184,54.74559989929199,55.04423289386483,55.30003475162157,55.82914846425426,55.62225804686465,54.61882998996105,55.367836421437815,55.75950938694555,-0.39167296550773756,-0.3471464451440057,-1.1298328888505647,-1.1298328888505647,-1.1298328888505647,1.1298328888505647,-1.1298328888505647,-1.1298328888505647,-1.1298328888505647,1.1298328888505647,-1.1298328888505647,1.430999755859375,1.5156995773315416,54.68999862670898,53.406872177124036,53.701702117919936,53.99653205871583,,1.0,1.0,,53.701702117919936,53.99653205871583,,53.9900016784668,53.9900016784668,0.0,0.5368536734902802,-0.012094073452589194
2016-09-27,53.84000015258789,54.73099899291992,53.29999923706055,54.59999847412109,54.59999847412109,926600,1.1298328888505647,2.1691862424556962,2.131581977602013,2.090612744336143,2.441341148755,55.20999984741211,55.452999877929685,55.88533299763997,56.85999972025554,54.82499988555908,54.896154753950256,55.17275542843966,55.74984846489084,55.58874133956159,54.61845708865729,55.24970750646601,55.6736196896993,-0.4239121832332913,-0.36249959276186283,-0.036630876048770876,-0.036630876048770876,-0.036630876048770876,0.036630876048770876,-0.036630876048770876,-0.036630876048770876,-0.036630876048770876,0.036630876048770876,-0.036630876048770876,1.423999786376946,1.5498996734619115,54.73099899291992,51.35545955657958,51.65859947204589,51.9617393875122,,,,,,,,,,0.0,0.0,0.0
2016-09-28,54.88999938964844,55.60400009155273,54.18000030517578,54.61999893188477,54.61999893188477,846700,0.036630876048770876,1.711132579132737,2.0051513132407366,2.091693544241254,2.3532610125757825,54.91999969482422,55.403999710083006,55.863333002726236,56.906666374206544,54.91009986877442,54.804102813261764,55.072254247247855,55.676954946632385,55.55697929340825,54.618487620206345,55.15282926422274,55.59557370763896,-0.442744443416224,-0.3785485628927351,1.7209788449121723,1.7209788449121723,1.7209788449121723,-1.7209788449121723,-1.7209788449121723,1.7209788449121723,1.7209788449121723,-1.7209788449121723,1.7209788449121723,2.0100021362304688,1.600399780273435,55.60400009155273,51.32121971130372,51.6311996459961,51.941179580688484,,,,,,,,,,0.0,0.0,0.0
2016-09-29,54.29999923706055,54.83000183105469,52.81999969482422,53.68000030517578,53.68000030517578,2948700,-1.7209788449121723,1.5951297920784477,1.8272621233000574,2.117174487937271,2.358413460579838,54.35199966430664,55.1189998626709,55.83399963378906,56.92516638437907,54.99069988250732,54.429401977233105,54.819117166871116,55.548119163312606,55.495438998712096,54.59990371297802,54.92624019360013,55.45367938153058,-0.5274391879304474,-0.4083266879002776,-3.837558423211097,-3.837558423211097,-3.837558423211097,3.837558423211097,3.837558423211097,-3.837558423211097,-3.837558423211097,3.837558423211097,-3.837558423211097,2.349998474121101,1.6423997879028303,54.83000183105469,52.08312057495117,52.40320053100586,52.72328048706054,,,,,,,,,,0.0,0.0,0.0
2016-09-30,54.11000061035156,56.20999908447266,53.86000061035156,55.7400016784668,55.7400016784668,2216500,3.837558423211097,2.2899036410824154,2.2466450440743664,2.3069078887445733,2.368983824694039,54.52600021362305,55.11700019836426,55.85199966430664,56.94799976348877,55.08169990539551,54.866268544311005,54.98655071443396,55.56049868041933,55.50345744722865,54.62247991031443,55.051434268195,55.47488844056289,-0.4234541723678902,-0.41135218479380015,2.8525297895750237,2.8525297895750237,2.8525297895750237,-2.8525297895750237,-2.8525297895750237,2.8525297895750237,2.8525297895750237,-2.8525297895750237,2.8525297895750237,2.040000915527351,1.685399818420409,56.20999908447266,51.21672229766846,51.54520225524902,51.87368221282959,,,,,,,,,,0.0,0.0,0.0
2016-10-03,55.40000152587891,56.13999938964844,54.09999847412109,54.15000152587891,54.15000152587891,1414600,-2.8525297895750237,2.6012662700329456,2.3843271768612877,2.3848452397431497,2.366013302404515,54.55800018310547,54.89900016784668,55.78266639709473,56.916833114624026,55.16329990386963,54.627512871500315,54.83445086196941,55.469498863997366,55.45908184324997,54.613123902701844,54.91275230783869,55.37674866910482,-0.4639963612661333,-0.4218810200882668,-0.18466938375485772,-0.18466938375485772,-0.18466938375485772,0.18466938375485772,0.18466938375485772,-0.18466938375485772,-0.18466938375485772,0.18466938375485772,-0.18466938375485772,0.8799972534179545,1.6093997955322252,56.13999938964844,52.502119483947766,52.83919944763184,53.176279411315925,,,,,,,,,,0.0,0.0,0.0
2016-10-04,54.31999969482422,54.93999862670898,54.06000137329102,54.25,54.25,1007600,0.18466938375485772,2.540079758810389,2.2271235174275548,2.3145964264014505,2.331434045611578,54.48800048828125,54.84900016784668,55.72499974568685,56.858833122253415,55.253999900817874,54.50167524766688,54.728187068884054,55.39082151793302,55.41943981560243,54.60593333037111,54.81079041432504,55.293285804726686,-0.48249539040164535,-0.43400389415094254,-0.4608294930875576,-0.4608294930875576,-0.4608294930875576,0.4608294930875576,0.4608294930875576,-0.4608294930875576,-0.4608294930875576,-0.4608294930875576,-0.4608294930875576,1.4000015258789062,1.6143999099731434,54.93999862670898,52.599319839477545,52.921199798583984,53.24307975769043,,,,,,,,,,0.0,0.0,0.0
2016-10-05,54.56000137329102,55.70000076293945,54.29999923706055,54.5,54.5,1416600,0.4608294930875576,2.5529580563937087,2.0653012338430075,2.3183994157446217,2.3314070656306933,54.4640007019043,54.692000198364255,55.67399978637695,56.800499788920085,55.3490998840332,54.50111683177792,54.68669851090513,55.33334916193734,55.38929424787776,54.60383564066079,54.762976504428885,55.234523893265454,-0.4715473888365693,-0.4415125930880679,-1.5412846836475056,-1.5412846836475056,-1.5412846836475056,1.5412846836475056,1.5412846836475056,-1.5412846836475056,-1.5412846836475056,-1.5412846836475056,-1.5412846836475056,1.5900001525878906,1.6548999786376946,55.70000076293945,51.388318824768064,51.71119880676269,52.03407878875732,,,,,,,,,,0.0,0.0,0.0
2016-10-06,54.72000122070312,55.43999862670898,53.84999847412109,55.34000015258789,55.34000015258789,1124500,1.5412846836475056,2.4224846445360715,2.120188766049563,2.3385721245084654,2.3221470123015457,54.79600067138672,54.57400016784668,55.608333079020184,56.77833315531413,55.44689987182617,54.78074460538125,54.805480627574724,55.333778258108346,55.387678048032186,54.618413155748456,54.85174937337642,55.24233694951156,-0.3905875761351396,-0.43132758969748225,2.3491131793929974,-2.3491131793929974,-2.3491131793929974,2.3491131793929974,2.3491131793929974,-2.3491131793929974,-2.3491131793929974,-2.3491131793929974,2.3491131793929974,1.6299972534179759,1.5923997879028313,55.43999862670898,52.05922080993653,52.390200805664065,52.721180801391604,,,,,,,,,,0.0,0.0,0.0
2016-10-07,55.56999969482422,56.86999893188477,55.2400016784668,56.63999938964844,56.63999938964844,1645600,2.3491131793929974,1.9818261245108735,2.0189429462433215,2.0246430276717042,2.261766006703492,54.976000213623045,54.751000213623044,55.56499977111817,56.733833122253415,55.55499984741211,55.400496200136985,55.139029493406305,55.41805058917545,55.42873776415075,54.65844456632073,55.126864760495195,55.34586750063281,-0.21900274013761134,-0.38886261978550807,-1.0946308943606327,1.0946308943606327,1.0946308943606327,-1.0946308943606327,-1.0946308943606327,-1.0946308943606327,1.0946308943606327,1.0946308943606327,-1.0946308943606327,1.4780006408691406,1.5357997894287099,56.86999893188477,51.93671909332275,52.255199050903315,52.57367900848388,,,,,,,,,,0.0,0.0,0.0
2016-10-10,56.68999862670898,57.22800064086914,55.75,56.02000045776367,56.02000045776367,831900,-1.0946308943606327,1.3200485293746889,1.970417898325663,1.9914000902490154,2.2655328056244453,55.35,54.954000091552736,55.511666488647464,56.67716649373372,55.64299983978272,55.60699761934589,55.29920603238037,55.456886064568245,55.44812342623642,54.685406069121576,55.26427025238265,55.395803275235096,-0.1315330228524445,-0.33739670039889536,-0.892538371856986,0.892538371856986,0.892538371856986,-0.892538371856986,-0.892538371856986,-0.892538371856986,0.892538371856986,-0.892538371856986,-0.892538371856986,1.1469993591308594,1.5311498641967762,57.22800064086914,53.49123939514161,53.79839935302735,54.105559310913094,,,,,,,,,,0.0,0.0,0.0
2016-10-11,55.91999816894531,56.09700012207031,54.95000076293945,55.52000045776367,55.52000045776367,1178100,-0.892538371856986,1.498611226850987,1.9894180935975705,2.006836353139515,2.250005378426915,55.604000091552734,55.04600028991699,55.433333206176755,56.59149983723958,55.7264998626709,55.57799856548515,55.33935047335915,55.460957960903436,55.45048005022092,54.701932690678845,55.3036133609028,55.40500306653351,-0.1013897056307087,-0.290195301445258,-0.5583598176063403,0.5583598176063403,0.5583598176063403,-0.5583598176063403,-0.5583598176063403,-0.5583598176063403,0.5583598176063403,-0.5583598176063403,-0.5583598176063403,0.9799995422363352,1.4881500244140617,56.09700012207031,53.85947093963623,54.165700912475586,54.47193088531495,,,,,,,,,,0.0,0.0,0.0
2016-10-12,55.47999954223633,55.61000061035156,54.63000106811523,55.20999908447266,55.20999908447266,1159000,-0.5583598176063403,1.5683402074346986,2.003196272591278,1.953324172242609,2.250367456751964,55.74599990844727,55.10500030517578,55.35066655476888,56.50499979654948,55.78459983825684,55.455332071814325,55.31583203901615,55.44476706564984,55.442595428393105,54.711993411348026,55.289211164528936,55.390558327121596,-0.10134716259265986,-0.2524256736747384,-4.1659106596642,4.1659106596642,4.1659106596642,-4.1659106596642,-4.1659106596642,-4.1659106596642,4.1659106596642,-4.1659106596642,-4.1659106596642,2.2849998474121094,1.5212499618530266,55.61000061035156,52.82307006835938,53.12070007324219,53.418330078125,,,,,,,,,,0.0,0.0,0.0
2016-10-13,54.79000091552734,54.99499893188477,52.70999908447266,52.90999984741211,52.90999984741211,1698200,-4.1659106596642,2.31158889995512,2.3693371099305893,2.0685972437829143,2.307374754945755,55.25999984741211,55.02800025939941,55.19999987284343,56.373499806722,55.809699821472165,54.60688799701359,54.87840800417905,55.281233696731285,55.3595595077052,54.67631037047801,54.92317865420327,55.206813254550525,-0.2836346003472556,-0.2586674590092418,0.17010045898212686,-0.17010045898212686,-0.17010045898212686,0.17010045898212686,0.17010045898212686,-0.17010045898212686,-0.17010045898212686,-0.17010045898212686,-0.17010045898212686,1.3699989318847727,1.505249977111816,54.99499893188477,52.2632506942749,52.56750068664551,52.87175067901612,,,1.0,,,52.87175067901612,,,52.90999984741211,0.0,0.0,0.07234329846235471
2016-10-14,53.02999877929688,54.27999877929688,52.90999984741211,53.0,53.0,846500,0.17010045898212686,1.66827224168364,1.9324034403233736,2.0559141919650714,2.304489299834222,54.53199996948242,54.75400009155273,55.04166653951009,56.25516649881999,55.829899826049804,54.071258664675725,54.53687927614649,55.13405732920024,55.282196900895194,54.64311610571606,54.627305015095075,55.0433456060653,-0.4160405909702263,-0.2901420854014387,0.6603744794737484,0.6603744794737484,0.6603744794737484,-0.6603744794737484,-0.6603744794737484,0.6603744794737484,0.6603744794737484,0.6603744794737484,0.6603744794737484,0.7800025939941406,1.4902502059936524,54.27999877929688,51.68344898223878,51.98449897766114,52.28554897308351,,,,,,,,,,0.0,0.0,0.0
2016-10-17,52.93000030517578,53.38000106811523,52.59999847412109,52.65000152587891,52.65000152587891,632600,-0.6603744794737484,1.6932910588160366,1.7497983133834711,2.036161556953744,2.3018986779789214,53.85800018310547,54.604000091552734,54.87666664123535,56.12333316802979,55.84989982604981,53.59750628507679,54.19381059427966,54.97379566446983,55.195895413189746,54.60364849027374,54.32310447829259,54.86606085938483,-0.5429563810922389,-0.34070494453959876,-1.7853724586255564,-1.7853724586255564,-1.7853724586255564,1.7853724586255564,1.7853724586255564,-1.7853724586255564,-1.7853724586255564,-1.7853724586255564,-1.7853724586255564,0.8900032043457102,1.4387502670288097,53.38000106811523,51.00144832611085,51.299498367309575,51.59754840850831,,,,,,,,,,0.0,0.0,0.0
2016-10-18,53.18000030517578,54.06000137329102,53.16999816894531,53.59000015258789,53.59000015258789,818200,1.7853724586255564,2.177574141718644,1.865082975232287,1.9993998376552624,2.315941656760398,53.47200012207031,54.53800010681152,54.79566663106282,56.006166521708174,55.880499839782715,53.59500424091382,54.08402687760843,54.884518534671,55.14324310956345,54.58357624596313,54.21031919741495,54.77153784406654,-0.5612186466515965,-0.3848076849619983,-1.4181718965651007,-1.4181718965651007,-1.4181718965651007,1.4181718965651007,1.4181718965651007,-1.4181718965651007,-1.4181718965651007,-1.4181718965651007,-1.4181718965651007,1.3899993896484304,1.440250205993653,54.06000137329102,50.214750480651844,50.50250053405761,50.79025058746337,,,,,,,,,,0.0,0.0,0.0
2016-10-19,53.31999969482422,54.38000106811523,52.9900016784668,54.34999847412109,54.34999847412109,667200,1.4181718965651007,2.3767926815917653,1.9211669934037463,1.945695960651375,2.324875165953605,53.3,54.522999954223636,54.742999903361,55.905666478474934,55.91869983673096,53.84666898531625,54.132385349701636,54.85003336947424,55.117235088729274,54.57895094355041,54.23180831690819,54.740312705552064,-0.5085043886438712,-0.40954702569837287,-0.9751657936963933,-0.9751657936963933,-0.9751657936963933,-0.9751657936963933,0.9751657936963933,-0.9751657936963933,-0.9751657936963933,-0.9751657936963933,-0.9751657936963933,0.9599990844726562,1.4492500305175788,54.38000106811523,50.89145092010499,51.17950096130372,51.46755100250245,,,,,,,,,,0.0,0.0,0.0
2016-10-20,54.36999893188477,55.15999984741211,54.20000076293945,54.88000106811523,54.88000106811523,1135500,0.9751657936963933,0.9866396345749621,1.8782107927114389,1.9504623905492686,2.253755312547421,53.694000244140625,54.477000045776364,54.724666595458984,55.7701665242513,55.95779983520508,54.19111301291591,54.268315480322286,54.851966769386564,55.10945692411897,54.58491233215565,54.33153027863235,54.75065999166785,-0.4191297130355025,-0.41146356316579885,0.3279888878871627,0.3279888878871627,0.3279888878871627,0.3279888878871627,-0.3279888878871627,0.3279888878871627,0.3279888878871627,0.3279888878871627,0.3279888878871627,1.1059989929199219,1.4140499114990237,55.15999984741211,51.191651000976556,51.48150100708007,51.77135101318358,,,,,,,,,,0.0,0.0,0.0
2016-10-21,54.54000091552734,54.90999984741211,53.80400085449219,54.70000076293945,54.70000076293945,830400,-0.3279888878871627,1.0790879616440077,1.675338233648795,1.838186062571646,2.253345856222659,54.034000396728516,54.28300018310547,54.798666636149086,55.63016656239827,55.983399848937985,54.360742262923765,54.346803713525404,54.84216251090611,55.09603213194915,54.58719131098306,54.38821804544883,54.746907456206486,-0.3586894107576555,-0.4009087326841702,-4.734917946002424,-4.734917946002424,-4.734917946002424,-4.734917946002424,4.734917946002424,4.734917946002424,-4.734917946002424,-4.734917946002424,4.734917946002424,2.490001678466797,1.4815500259399421,54.90999984741211,52.04909004211426,52.33190002441406,52.614710006713864,,,,,,,,,,0.0,0.0,0.0
2016-10-24,55.29999923706055,57.4900016784668,55.0,57.29000091552734,57.29000091552734,1813500,4.734917946002424,1.8664203182035022,2.2849907818525645,2.0778356607642836,2.3417111993358355,54.9620002746582,54.410000228881835,54.91633338928223,55.531166585286456,56.02139984130859,55.337161813791624,54.881930477525756,55.00008756926877,55.167965534689415,54.64071229325126,54.83464617930706,54.93528474948951,-0.10063857018245415,-0.340854700183827,-1.6756834860033316,1.6756834860033316,1.6756834860033316,1.6756834860033316,-1.6756834860033316,-1.6756834860033316,1.6756834860033316,1.6756834860033316,-1.6756834860033316,1.279998779296868,1.4739999771118169,57.4900016784668,51.650589790344235,51.946899795532225,52.243209800720216,,,,,,,,,,0.0,0.0,0.0
2016-10-25,57.18000030517578,57.43000030517578,56.15000152587891,56.33000183105469,56.33000183105469,988800,-1.6756834860033316,2.4002514942199573,2.3411492545461607,2.1144871644176577,2.3490525160891047,55.51000061035156,54.49100036621094,54.99666684468587,55.412166595458984,56.04799987792969,55.668108486212645,55.14521617816738,55.085888489384,55.206065085389916,54.67416357122757,55.06470089496054,55.038597125901745,0.026103769058792636,-0.2674630063353031,0.5680803913054557,-0.5680803913054557,-0.5680803913054557,-0.5680803913054557,0.5680803913054557,0.5680803913054557,0.5680803913054557,-0.5680803913054557,0.5680803913054557,1.3800010681152344,1.471800041198731,57.43000030517578,54.2472017288208,54.542001724243164,54.83680171966553,,,,,,,,,,0.0,0.0,0.0
2016-10-26,55.81999969482422,56.79999923706055,55.41999816894531,56.65000152587891,56.65000152587891,968400,0.5680803913054557,2.3955347790771113,2.3293042715393364,2.1159659450131487,2.3172386066530755,55.970001220703125,54.63500061035156,55.048000208536784,55.33216660817464,56.06639987945557,55.995406166101404,55.41881351411493,55.18679900786754,55.253407263766604,54.713289075280066,55.30859329971721,55.15796041478894,0.15063288492827098,-0.1838438280825883,-1.8711409439358828,1.8711409439358828,1.8711409439358828,1.8711409439358828,-1.8711409439358828,-1.8711409439358828,-1.8711409439358828,1.8711409439358828,-1.8711409439358828,2.0300025939941335,1.4728000640869143,56.79999923706055,54.19204021453857,54.48640022277832,54.780760231018064,,,,,,,,,,0.0,0.0,0.0
2016-10-27,57.08000183105469,57.29000091552734,55.2599983215332,55.59000015258789,55.59000015258789,1448200,-1.8711409439358828,2.6809924041435806,1.9193629054655328,2.1234084895004086,1.9082269574161437,56.11200103759766,54.90300064086914,55.016666920979816,55.339999961853025,56.06739986419678,55.860270828263566,55.44993835747364,55.21281198494628,55.26444309618697,54.730649690672294,55.351886661697314,55.1899633583296,0.16192330336771477,-0.11469040179252771,-2.536427133552489,2.536427133552489,2.536427133552489,2.536427133552489,-2.536427133552489,-2.536427133552489,-2.536427133552489,2.536427133552489,-2.536427133552489,2.1000022888183665,1.4603002548217776,57.29000091552734,53.55983909606933,53.85439910888672,54.1489591217041,,,,,,,,,,0.0,0.0,0.0
2016-10-28,55.79999923706055,56.20000076293945,54.09999847412109,54.18000030517578,54.18000030517578,1124700,-2.536427133552489,2.9733377897628097,2.149864083717053,2.024145392120451,1.893816300750839,56.00800094604492,55.021000671386716,54.96400032043457,55.35283330281575,56.04879985809326,55.30018065390097,55.219040529783115,55.146178973348185,55.22888759484235,54.719745742444644,55.1715964530017,55.11515128031821,0.05644517268348892,-0.08046328689732439,2.7131805323424922,2.7131805323424922,-2.7131805323424922,-2.7131805323424922,2.7131805323424922,2.7131805323424922,2.7131805323424922,-2.7131805323424922,2.7131805323424922,1.4900016784667898,1.4328002929687496,56.20000076293945,54.07734035491943,54.36940040588378,54.66146045684814,,1.0,1.0,,54.36940040588378,54.66146045684814,,54.18000030517578,54.18000030517578,0.0,-0.3483578985496825,-0.8808036734628443
2016-10-31,54.54999923706055,55.95000076293945,54.45999908447266,55.65000152587891,55.65000152587891,992800,2.7131805323424922,2.1711966633674895,2.254829147845473,2.0115994035949694,1.884667353931863,55.68000106811523,55.32100067138672,54.94133364359538,55.36283334096273,56.04459987640381,55.41678761122696,55.29739707452781,55.17868365415662,55.24269460897469,54.7381666490473,55.245197233444344,55.15476981702641,0.09042741641793128,-0.04628514623427326,0.6468944937708232,0.6468944937708232,-0.6468944937708232,-0.6468944937708232,0.6468944937708232,0.6468944937708232,0.6468944937708232,-0.6468944937708232,0.6468944937708232,1.4920005798339915,1.4634004592895515,55.95000076293945,53.0478401184082,53.33440017700195,53.6209602355957,,,,,,,,,,0.0,0.0,0.0
2016-11-01,55.65999984741211,56.65000152587891,55.15800094604492,56.0099983215332,56.0099983215332,1210000,0.6468944937708232,2.1208017442883844,2.215513638118533,2.0146004455590396,1.8772426504868414,55.61600036621094,55.56300048828125,54.983333587646484,55.39133332570394,56.06439987182617,55.61452451466238,55.4269609376197,55.2323168585035,55.267852107747096,54.76335143464108,55.36285893930417,55.21812007661951,0.14473886268465463,-0.008080344450487685,0.0892752245246824,0.0892752245246824,-0.0892752245246824,-0.0892752245246824,0.0892752245246824,0.0892752245246824,0.0892752245246824,-0.0892752245246824,0.0892752245246824,1.0649986267089915,1.4466503143310558,56.65000152587891,52.73051975250244,53.02319984436035,53.31587993621826,,,,,,,,,,0.0,0.0,0.0
2016-11-02,55.72999954223633,56.47999954223633,55.41500091552734,56.06000137329102,56.06000137329102,1304200,0.0892752245246824,2.0939666847888856,2.1916827218196766,2.0135776787401647,1.8768832889529854,55.49800033569336,55.734000778198244,54.98300031026204,55.417499987284344,56.08809989929199,55.763016800871924,55.54205919865085,55.28571585945754,55.29382421481411,54.789027671049986,55.470111621455985,55.280481654150734,0.18962996730525106,0.03146171790066007,-1.2129866009952517,1.2129866009952517,-1.2129866009952517,-1.2129866009952517,1.2129866009952517,1.2129866009952517,1.2129866009952517,-1.2129866009952517,1.2129866009952517,1.9599990844726634,1.4651502609252944,56.47999954223633,53.46737083435059,53.7567008972168,54.046030960083016,,,,,,,,,,0.0,0.0,0.0
2016-11-03,56.02999877929688,57.68000030517578,55.72000122070312,56.7400016784668,56.7400016784668,3605800,1.2129866009952517,1.9228034107128904,2.2007133915266444,2.00303887358536,1.8803172004304258,55.72800064086914,55.920000839233396,54.99033368428548,55.460833358764646,56.111199913024905,56.088678426736884,55.75986692225375,55.37954075100652,55.341239869360095,54.8276608197117,55.665479322534566,55.38859424854452,0.27688507399004436,0.08054638911853693,9.975325484630918,-9.975325484630918,9.975325484630918,9.975325484630918,-9.975325484630918,-9.975325484630918,-9.975325484630918,-9.975325484630918,-9.975325484630918,3.1800003051757812,1.5426504135131847,57.68000030517578,53.25666896820068,53.54969902038574,53.8427290725708,,,,,,,,,,0.0,0.0,0.0
2016-11-04,48.36000061035156,51.45999908447266,48.27999877929688,51.08000183105469,51.08000183105469,10113500,-9.975325484630918,5.077417565271637,3.951626894267173,2.9573727347638634,2.284313652722855,55.108000946044925,55.55800094604492,54.864000447591145,55.40416673024495,56.07259994506836,54.41911956150949,54.90898236021755,55.1021511432677,55.201527146792706,54.753449750629386,54.96002124692228,55.06943925465639,-0.10941800773410648,0.04255350974800824,1.194206320448314,-1.194206320448314,1.194206320448314,1.194206320448314,-1.194206320448314,1.194206320448314,1.194206320448314,1.194206320448314,1.194206320448314,1.7400016784667969,1.5557504653930674,51.45999908447266,54.28616939544678,54.59469947814941,54.90322956085205,1.0,1.0,1.0,48.36000061035156,48.36000061035156,48.36000061035156,51.08000183105469,51.08000183105469,51.08000183105469,5.624485497051261,5.624485497051261,5.624485497051261
2016-11-07,51.47999954223633,51.5,49.7599983215332,50.47000122070312,50.47000122070312,4073300,-1.194206320448314,4.632169078474978,3.4769703877155385,2.9585593148100475,2.288489033158571,54.072000885009764,54.8760009765625,54.746667098999026,55.33550008138021,56.02919994354248,53.1027467812407,54.10189488030583,54.803302761166755,55.046395149215996,54.66862898766055,54.26924893519625,54.72874014103022,-0.4594912058339702,-0.05785543336838745,-0.9708695302518543,0.9708695302518543,-0.9708695302518543,-0.9708695302518543,0.9708695302518543,-0.9708695302518543,-0.9708695302518543,-0.9708695302518543,-0.9708695302518543,1.9799995422363281,1.597400474548341,51.5,48.03734806060791,48.34849815368653,48.659648246765144,,,,,,,,,,0.0,0.0,0.0
2016-11-08,50.20999908447266,51.59000015258789,49.61000061035156,50.95999908447266,50.95999908447266,2737600,0.9708695302518543,4.677765312462715,3.5371319482290255,2.9740911099231435,2.2736211678055063,53.06200103759765,54.3390007019043,54.62533378601074,55.25533339182536,55.993799934387205,52.38849754898469,53.53064109924525,54.55534768525101,54.91241495037195,54.59519077175584,53.76013357354647,54.44957413684077,-0.6894405632943048,-0.18417245935357093,-1.6091046105887192,-1.6091046105887192,-1.6091046105887192,-1.6091046105887192,1.6091046105887192,-1.6091046105887192,-1.6091046105887192,-1.6091046105887192,-1.6091046105887192,2.328998565673828,1.6648504257202155,51.59000015258789,47.98571895599365,48.30519905090332,48.62467914581298,,,,,,,,,,0.0,0.0,0.0
2016-11-09,50.06000137329102,51.93000030517578,49.60100173950195,51.77999877929688,51.77999877929688,2023800,1.6091046105887192,4.8747725310185785,3.601110024105651,3.0067152677064706,2.2822967906186573,52.20600051879883,53.8520004272461,54.53066711425781,55.19700005849202,55.951799926757815,52.18566462575542,53.21234249561827,54.376292917124935,54.8097127808285,54.539444395667545,53.45549745135422,54.251827814059745,-0.7963303627055254,-0.3066040400239618,0.42486946927820446,0.42486946927820446,0.42486946927820446,0.42486946927820446,-0.42486946927820446,0.42486946927820446,0.42486946927820446,0.42486946927820446,0.42486946927820446,2.8489990234375,1.693050384521485,51.93000030517578,47.927329216003415,48.26029930114746,48.5932693862915,,,,,,,,,,0.0,0.0,0.0
2016-11-10,51.79000091552734,53.59999847412109,50.75099945068359,51.56000137329102,51.56000137329102,2272900,-0.42486946927820446,4.700893194637133,3.5838060099292597,2.8649859273408107,2.2771537579331813,51.17000045776367,53.44900054931641,54.46000048319499,55.147000058492026,55.90409992218017,51.97711020826729,52.911916837013315,54.19459668849049,54.70316486582727,54.48044552393732,53.16388267011373,54.05243326289169,-0.8885505927779604,-0.42299335057476156,-3.8013945544384,-3.8013945544384,-3.8013945544384,-3.8013945544384,3.8013945544384,-3.8013945544384,-3.8013945544384,-3.8013945544384,-3.8013945544384,1.9900016784667969,1.7240505218505864,53.59999847412109,48.20528945922852,48.54389953613281,48.88250961303711,,,,,,,,,,0.0,0.0,0.0
2016-11-11,52.93000030517578,54.58000183105469,52.59000015258789,53.52000045776367,53.52000045776367,2038400,3.8013945544384,1.9399202244661795,3.7760203660849134,2.994385290671042,2.326187656297794,51.65800018310547,53.3830005645752,54.38600044250488,55.11900005340576,55.88289993286133,52.491406958099425,53.02247749533156,54.15107435102425,54.66437259015305,54.46142680975566,53.21867002205987,54.01299379584517,-0.7943237737853011,-0.49725943521686944,1.4573968098382695,1.4573968098382695,1.4573968098382695,1.4573968098382695,-1.4573968098382695,1.4573968098382695,1.4573968098382695,1.4573968098382695,1.4573968098382695,1.229999542236314,1.746550369262695,54.58000183105469,49.807087326049796,50.151897430419915,50.49670753479003,,,,,,,,,,0.0,0.0,0.0
2016-11-14,53.33000183105469,53.54000091552734,52.31000137329102,52.7400016784668,52.7400016784668,1282900,-1.4573968098382695,2.014853646554193,3.664983094468542,3.010200806802141,2.3199741496445236,52.1120002746582,53.092000579833986,54.33900044759115,55.06083342234294,55.82749996185303,52.57427186488855,52.9711182559016,54.060037404407645,54.60127846190104,54.4273391833935,53.14502873843016,53.91869808344677,-0.7736693450166072,-0.552541417176817,-2.957901988900924,-2.957901988900924,-2.957901988900924,-2.957901988900924,2.957901988900924,-2.957901988900924,-2.957901988900924,-2.957901988900924,-2.957901988900924,1.94000244140625,1.799050331115722,53.54000091552734,50.73759101867676,51.086901092529295,51.43621116638184,,,,,,,,,,0.0,0.0,0.0
2016-11-15,53.04999923706055,54.81000137329102,52.86999893188477,54.29999923706055,54.29999923706055,1400900,2.957901988900924,2.218080971621526,3.813247746131206,3.056771520728676,2.3522629588073847,52.78000030517578,52.92100067138672,54.3406670888265,55.032833417256676,55.82109996795654,53.14951432227922,53.21273297974868,54.0755188129659,54.59140045452922,54.42481760029779,53.322716507450224,53.946942613344085,-0.624226105893861,-0.5668783549202259,-0.1841662803378337,-0.1841662803378337,-0.1841662803378337,-0.1841662803378337,0.1841662803378337,-0.1841662803378337,-0.1841662803378337,-0.1841662803378337,-0.1841662803378337,0.9020004272460938,1.774650382995605,54.81000137329102,49.58209018707275,49.94190025329589,50.30171031951904,,,,,,,,,,0.0,0.0,0.0
2016-11-16,54.43999862670898,54.70199966430664,53.79999923706055,54.40000152587891,54.40000152587891,1328200,0.1841662803378337,2.2591524620965906,3.8142789417785194,3.041429253717365,2.3523715712658246,53.30400085449219,52.75500068664551,54.337333806355794,55.00566679636638,55.858199996948244,53.56634339014579,53.428599988135986,54.09645318154094,54.58512507981937,54.424326192883555,53.48845266413156,53.98050253279111,-0.49204986865954936,-0.5519126576680906,2.1139663215534323,-2.1139663215534323,-2.1139663215534323,-2.1139663215534323,2.1139663215534323,2.1139663215534323,-2.1139663215534323,-2.1139663215534323,2.1139663215534323,1.3899993896484375,1.7961503982543943,54.70199966430664,50.90577053070069,51.26070060729981,51.615630683898935,,,,,,,,,,0.0,0.0,0.0
2016-11-17,54.56999969482422,55.59000015258789,54.20000076293945,55.54999923706055,55.54999923706055,1168100,2.1139663215534323,2.137432029530915,3.8625276176992362,3.07018451078928,2.34963979712872,54.1020004272461,52.63600044250488,54.344333775838216,54.976333427429196,55.88619998931885,54.227562005784044,53.8143089424859,54.19023034641317,54.616760298089574,54.44661674821379,53.805613675351395,54.09676154792218,-0.29114787257078234,-0.49975970064862896,-0.4860494355930291,0.4860494355930291,0.4860494355930291,0.4860494355930291,-0.4860494355930291,-0.4860494355930291,0.4860494355930291,0.4860494355930291,-0.4860494355930291,1.5959968566894531,1.8206502914428708,55.59000015258789,50.750468788146975,51.10969886779785,51.46892894744873,,,,,,,,,,0.0,0.0,0.0
2016-11-18,55.40999984741211,55.92599868774414,54.33000183105469,55.27999877929688,55.27999877929688,1123000,-0.4860494355930291,1.8314991270420093,1.785151174730596,3.0715662392197705,2.3457018888166656,54.454000091552736,53.0560001373291,54.29900042215983,54.932000096638994,55.89249996185303,54.57837426362166,54.08079800372426,54.26053798724438,54.63850582206358,54.46311936269068,54.032442152881465,54.184408750246234,-0.15196659736476903,-0.430201079991857,-0.5969573510211758,0.5969573510211758,0.5969573510211758,0.5969573510211758,-0.5969573510211758,-0.5969573510211758,0.5969573510211758,0.5969573510211758,-0.5969573510211758,1.4000015258789134,1.7661502838134766,55.92599868774414,51.58456951141358,51.94869956970215,52.31282962799072,,,,,,,,,,0.0,0.0,0.0
2016-11-21,55.36999893188477,55.90000152587891,54.5,54.95000076293945,54.95000076293945,885500,-0.5969573510211758,1.6094816654213304,1.7195250719860824,2.8729950895118903,2.3458708545811158,54.895999908447266,53.50400009155273,54.26333376566569,54.88750012715658,55.88939998626709,54.70224976339426,54.23883486903611,54.30501945664407,54.648718770944754,54.47276057853719,54.17360501596731,54.24111926970499,-0.06751425373767717,-0.3576637147410211,0.6369398894661111,-0.6369398894661111,-0.6369398894661111,-0.6369398894661111,0.6369398894661111,0.6369398894661111,-0.6369398894661111,-0.6369398894661111,0.6369398894661111,0.9150009155273366,1.747900390625,55.90000152587891,52.04046806335449,52.393698120117186,52.746928176879884,,,,,,,,,,0.0,0.0,0.0
2016-11-22,55.2599983215332,55.625,54.70999908447266,55.29999923706055,55.29999923706055,904400,0.6369398894661111,1.09715950391341,1.720530551315362,2.855586069658364,2.3467291520514375,55.09599990844727,53.93800010681152,54.25600039164225,54.84466679890951,55.897399978637694,54.901499587949694,54.43177384504055,54.36921170054191,54.67007222885019,54.48914154207231,54.34689643459704,54.319554822842434,0.027341611754607698,-0.28066264944189534,-1.247737136037004,1.247737136037004,1.247737136037004,1.247737136037004,-1.247737136037004,-1.247737136037004,-1.247737136037004,1.247737136037004,-1.247737136037004,0.8199996948242188,1.7199003219604492,55.625,52.054620666503915,52.404200744628916,52.75378082275391,,,,,,,,,,0.0,0.0,0.0
2016-11-23,55.20999908447266,55.25,54.43000030517578,54.61000061035156,54.61000061035156,931300,-1.247737136037004,1.3218064206953883,1.8122327585320344,2.8636921850766903,2.351619161236297,55.1379997253418,54.221000289916994,54.23600044250488,54.79333349863688,55.92529998779297,54.80433326208365,54.46417871146073,54.38474646891673,54.66810266758794,54.49153479094913,54.387374000097736,54.34106932562089,0.04630467447684339,-0.21526918465814762,0.5310399419266439,-0.5310399419266439,-0.5310399419266439,-0.5310399419266439,0.5310399419266439,0.5310399419266439,0.5310399419266439,-0.5310399419266439,0.5310399419266439,1.3899993896484446,1.6879001617431648,55.25,51.84121929168701,52.1851993560791,52.529179420471195,,,,,,,,,,0.0,0.0,0.0
2016-11-25,54.58000183105469,55.02999877929688,53.63999938964844,54.90000152587891,54.90000152587891,660200,0.5310399419266439,0.8010527245061467,1.7801331009757488,2.83763877507331,2.352295688094377,55.008000183105466,54.55500030517578,54.30233383178711,54.751166852315265,55.94860000610352,54.836222683348744,54.543419223173125,54.41798873065623,54.675705908843376,54.499623241145756,54.46623977329484,54.38247171082519,0.08376806246964463,-0.1554617352325892,-0.07286141059303089,-0.07286141059303089,0.07286141059303089,0.07286141059303089,-0.07286141059303089,-0.07286141059303089,-0.07286141059303089,0.07286141059303089,-0.07286141059303089,1.1100006103515625,1.6384000778198247,55.02999877929688,51.536619644165036,51.87419967651367,52.2117797088623,,,,,,,,,,0.0,0.0,0.0
2016-11-28,54.81999969482422,55.68000030517578,54.56999969482422,54.86000061035156,54.86000061035156,889100,-0.07286141059303089,0.7895944863711224,1.396881924213749,2.7755629027474606,2.350957486279919,54.9240005493164,54.68900032043457,54.36433385213216,54.703000195821126,55.953500022888186,54.844148659016355,54.60097947538738,54.44650562612045,54.68174835807315,54.50675942667458,54.526818363611255,54.41784422190122,0.10897414171003561,-0.10257455984406423,-1.057239928184105,-1.057239928184105,1.057239928184105,1.057239928184105,-1.057239928184105,-1.057239928184105,-1.057239928184105,1.057239928184105,-1.057239928184105,0.7099990844726491,1.5993999481201175,55.68000030517578,51.42551860809327,51.753198623657234,52.0808786392212,,,,,,,,,,0.0,0.0,0.0
2016-11-29,54.54999923706055,54.77000045776367,54.06000137329102,54.27999877929688,54.27999877929688,834500,-1.057239928184105,0.8767635466373518,1.3471834339726472,2.716185126695928,2.3543706786338388,54.79000015258789,54.84300003051758,54.41866709391276,54.64766686757405,55.936100006103516,54.65609869910986,54.542619348825475,54.43576324890603,54.66857624073622,54.50226911682552,54.48884611987058,54.40763344837497,0.08121267149560651,-0.06581711357613008,1.602798363025391,-1.602798363025391,1.602798363025391,1.602798363025391,-1.602798363025391,-1.602798363025391,-1.602798363025391,1.602798363025391,-1.602798363025391,1.5499992370605469,1.6022998809814453,54.77000045776367,52.16132041931152,52.48120040893555,52.80108039855957,,,,,,,,,,0.0,0.0,0.0
2016-11-30,54.47999954223633,54.79999923706055,53.25,53.40999984741211,53.40999984741211,1152900,-1.602798363025391,0.8875436996461252,1.0942645331381116,2.7306976748348464,2.336974810132454,54.412000274658205,54.75400009155273,54.41266708374023,54.60416685740153,55.89290000915528,54.240732415210616,54.336688530386674,54.36958496493868,54.627311440955104,54.480640022381685,54.32286977026159,54.33373466311847,-0.010864892856879749,-0.054826669432280026,6.3284049387223495,-6.3284049387223495,6.3284049387223495,6.3284049387223495,-6.3284049387223495,6.3284049387223495,6.3284049387223495,6.3284049387223495,-6.3284049387223495,3.694999694824226,1.733799934387207,54.79999923706055,51.24494071960449,51.56540069580078,51.88586067199707,,,,,,,,,,0.0,0.0,0.0
2016-12-01,53.40999984741211,53.48500061035156,49.79000091552734,50.02999877929688,50.02999877929688,1947200,-6.3284049387223495,2.714298112134786,2.2228450274922205,3.0529262780446125,2.473494689709809,53.49599990844727,54.31699981689453,54.26866709391276,54.50583349863688,55.81319999694824,52.837154536572704,53.553654030188525,54.089611662639214,54.47657987827778,54.39250851261763,53.66242807934394,54.01493941246502,-0.35251133312107896,-0.11436360217003982,-1.0193926617513742,1.0193926617513742,-1.0193926617513742,-1.0193926617513742,1.0193926617513742,-1.0193926617513742,-1.0193926617513742,-1.0193926617513742,-1.0193926617513742,1.4300003051757812,1.7072999954223629,53.48500061035156,50.98563938140869,51.33239936828613,51.67915935516358,1.0,1.0,1.0,50.98563938140869,51.33239936828613,51.67915935516358,50.02999877929688,50.02999877929688,50.02999877929688,-1.8743328782501638,-2.537190166477766,-3.1911520938893085
2016-12-02,49.93999862670898,50.95999908447266,49.52999877929688,50.54000091552734,50.54000091552734,1169400,1.0193926617513742,2.8215876938271403,2.085517199146219,3.0474401542726053,2.476136648540195,52.623999786376956,53.81599998474121,54.12400042215983,54.424333508809404,55.75190002441406,52.07143666289092,53.00571710025012,53.86060451766426,54.34751171556465,54.31622123346733,53.182054669526,53.75753656084,-0.5754818913139985,-0.2065872599988316,-3.8385409409697266,-3.8385409409697266,-3.8385409409697266,-3.8385409409697266,3.8385409409697266,-3.8385409409697266,-3.8385409409697266,-3.8385409409697266,-3.8385409409697266,1.8700027465820241,1.641800117492675,50.95999908447266,49.728940620422364,50.070400619506835,50.41186061859131,1.0,1.0,1.0,49.728940620422364,49.93999862670898,49.93999862670898,50.54000091552734,50.54000091552734,50.54000091552734,1.6309623430262492,1.2014463462509295,1.2014463462509295
2016-12-05,50.95999908447266,52.63000106811523,50.7599983215332,52.47999954223633,52.47999954223633,1443600,3.8385409409697266,3.7448886473747853,2.576252077705438,2.257223653158836,2.432159182788284,52.1479995727539,53.53600006103515,54.05000038146973,54.424333508809404,55.68360000610352,52.20762428933939,52.91013208970216,53.77153322892697,54.28628180824241,54.2798604078984,53.074046188404516,53.662904189091584,-0.5888580006870683,-0.28304140813647893,-3.010674247020708,-3.010674247020708,-3.010674247020708,-3.010674247020708,3.010674247020708,-3.010674247020708,-3.010674247020708,-3.010674247020708,-3.010674247020708,1.529998779296882,1.6312999725341792,52.63000106811523,47.34803882598878,47.67639884948731,48.004758872985846,,,,,,,,,,0.0,0.0,0.0
2016-12-06,52.77000045776367,54.25,52.72000122070312,54.06000137329102,54.06000137329102,1340000,3.010674247020708,4.106537635248427,2.802004916101902,2.319445488043509,2.4428533262671475,52.104000091552734,53.447000122070314,53.94233373006185,54.42933355967204,55.630000038146974,52.82508331732327,53.11919923217286,53.790144076950455,54.27886277758826,54.27550676364875,53.22573160146398,53.69231879532858,-0.4665871938646049,-0.3197505652821041,-1.9977765240882892,-1.9977765240882892,-1.9977765240882892,-1.9977765240882892,1.9977765240882892,-1.9977765240882892,-1.9977765240882892,-1.9977765240882892,-1.9977765240882892,1.970001220703118,1.630800056457519,54.25,49.04114112854003,49.36740112304687,49.6936611175537,,,,,,,,,,0.0,0.0,0.0
2016-12-07,54.0,55.47000122070312,53.5,55.13999938964844,55.13999938964844,1765500,1.9977765240882892,4.073514385269851,2.8753286838456837,2.3446763736775234,2.4557277611788293,52.45,53.4310001373291,53.90266698201497,54.44966691335042,55.57480003356934,53.596722008098325,53.48661744262296,53.87723151647936,54.307096764868916,54.29262542951013,53.52023433810774,53.79955439490784,-0.27932005680009553,-0.31166446358570243,-4.842223455199804,-4.842223455199804,-4.842223455199804,-4.842223455199804,4.842223455199804,4.842223455199804,-4.842223455199804,-4.842223455199804,4.842223455199804,3.9199981689453125,1.710350036621093,55.47000122070312,50.66223987579346,50.98839988708496,51.314559898376466,,,,,,,,,,0.0,0.0,0.0
2016-12-08,55.0,58.91999816894531,55.0,57.81000137329102,57.81000137329102,3092500,4.842223455199804,1.5006105051488607,3.205576809844946,2.5346387851210594,2.517430065116961,54.00600051879883,53.751000213623044,53.94133364359538,54.49466692606608,55.548900032043456,55.00114846316256,54.27268724819896,54.130958604015596,54.421946096292594,54.36227643829787,54.18019849736671,54.096624541454744,0.08357395591196592,-0.23261677968616876,-2.300643140391228,2.300643140391228,2.300643140391228,2.300643140391228,-2.300643140391228,-2.300643140391228,-2.300643140391228,2.300643140391228,-2.300643140391228,3.020000457763686,1.7189001083374023,58.91999816894531,51.70723114013671,52.04930114746093,52.39137115478515,,,,,,,,,,0.0,0.0,0.0
2016-12-09,58.40000152587891,59.11999893188477,56.09999847412109,56.47999954223633,56.47999954223633,1443000,-2.300643140391228,2.7654040981640056,3.336492480132395,2.607550739230725,2.5152239244098973,55.194000244140625,53.90900001525879,53.971000289916994,54.49383360544841,55.50570003509522,55.494098822853815,54.67401675620575,54.282509632287905,54.48942325845468,54.40421154926695,54.534014042731265,54.27317083780894,0.26084320492232393,-0.13392478276447023,-2.992207224515278,2.992207224515278,2.992207224515278,2.992207224515278,-2.992207224515278,-2.992207224515278,-2.992207224515278,2.992207224515278,-2.992207224515278,2.079998016357429,1.7233999252319339,59.11999893188477,55.138417930603026,55.48219795227051,55.82597797393799,,,,,,,,,,0.0,0.0,0.0
2016-12-12,56.47999954223633,56.54999923706055,54.47000122070312,54.79000091552734,54.79000091552734,1121300,-2.992207224515278,3.4129865849251497,3.499831543904773,2.595836340434687,2.539207471300386,55.65600051879883,53.90200004577637,53.991333643595375,54.47766698201497,55.45260005950928,55.259399520411655,54.69510478517331,54.31525100540013,54.4992782636046,54.41185094265824,54.57339663854604,54.31145454726956,0.26194209127648094,-0.05475140795628,-0.018255404386423292,0.018255404386423292,0.018255404386423292,0.018255404386423292,-0.018255404386423292,-0.018255404386423292,-0.018255404386423292,0.018255404386423292,-0.018255404386423292,0.779998779296875,1.700899887084962,56.54999923706055,55.32851909637452,55.673199081420904,56.017879066467295,1.0,1.0,1.0,55.32851909637452,55.673199081420904,56.017879066467295,54.79000091552734,54.79000091552734,54.79000091552734,-0.97331031020216,-1.5863973697683662,-2.1919397367455393
2016-12-13,54.91999816894531,55.2599983215332,54.47999954223633,54.77999877929688,54.77999877929688,965400,-0.018255404386423292,3.210036281838338,3.4789082108575164,2.5687533424151763,2.535679421090288,55.8,53.952000045776366,53.962333552042644,54.45183359781901,55.39480003356934,55.0995992733734,54.71054005683213,54.34523473274831,54.50848221493877,54.4191409988293,54.605181583276945,54.34616152741974,0.25902005585720644,0.008002884806417282,-2.172323207788625,2.172323207788625,2.172323207788625,2.172323207788625,-2.172323207788625,-2.172323207788625,-2.172323207788625,2.172323207788625,-2.172323207788625,1.5700035095214844,1.6823999404907237,55.2599983215332,52.80801948547363,53.148199462890624,53.48837944030762,,,,,,,,,,0.0,0.0,0.0
2016-12-14,54.7599983215332,54.9900016784668,53.41999816894531,53.59000015258789,53.59000015258789,1234700,-2.172323207788625,3.2022460469598686,3.515202371957656,2.53706877234336,2.525173150160283,55.49000015258789,53.97000007629394,53.88166694641113,54.43250026702881,55.32450004577637,54.5963995664449,54.50680552878772,54.29650992112506,54.47836804896006,54.402722368210654,54.4489998247094,54.29014957372849,0.15885025098090466,0.03817235804131476,3.918638679122446,3.918638679122446,-3.918638679122446,-3.918638679122446,3.918638679122446,3.918638679122446,3.918638679122446,-3.918638679122446,3.918638679122446,2.6399993896484375,1.7692998886108409,54.9900016784668,51.55871845245361,51.89519844055175,52.2316784286499,,,,,,,,,,0.0,0.0,0.0
2016-12-15,54.0,56.09000015258789,53.45000076293945,55.68999862670898,55.68999862670898,2170200,3.918638679122446,2.8186773244106376,2.8709039014061966,2.687043324249739,2.5569112614054768,55.065999603271486,54.53600006103515,53.869333521525064,54.42616691589355,55.2776000213623,54.96093258653293,54.72193154659159,54.38641241825951,54.51809364167313,54.42821298719082,54.639922717324716,54.39384209617149,0.24608062115322582,0.07975401066369697,-1.7956545603511633,-1.7956545603511633,1.7956545603511633,1.7956545603511633,-1.7956545603511633,-1.7956545603511633,-1.7956545603511633,1.7956545603511633,-1.7956545603511633,1.8100013732910085,1.7902999877929695,56.09000015258789,51.09754192352295,51.45140190124511,51.805261878967286,,,,,,,,,,0.0,0.0,0.0
2016-12-16,56.04000091552734,56.38000106811523,54.56999969482422,54.68999862670898,54.68999862670898,1771000,-1.7956545603511633,2.7559142104007956,3.0156193804900773,2.678974344384749,2.5654441562641908,54.70799942016602,54.95099983215332,53.80100008646647,54.395666885375974,55.194400024414065,54.87062126659161,54.716125561158385,54.40599862525625,54.5237298706907,54.43339686124068,54.64762670338383,54.415779616952044,0.23184708643178453,0.11017262581731449,-1.3896546997887715,1.3896546997887715,-1.3896546997887715,-1.3896546997887715,1.3896546997887715,1.3896546997887715,1.3896546997887715,-1.3896546997887715,1.3896546997887715,0.8100013732910227,1.751000213623048,56.38000106811523,52.15134017944336,52.50940017700195,52.86746017456055,,,,,,,,,,0.0,0.0,0.0
2016-12-19,54.93000030517578,55.5,54.68999862670898,55.45000076293945,55.45000076293945,712700,1.3896546997887715,2.4940427684431596,2.8386601628609482,2.695458598379833,2.5431761927912424,54.83999938964844,55.24799995422363,53.9466667175293,54.405333582560225,55.11790004730224,55.06374776537423,54.849557416027665,54.47335360188097,54.55409940814148,54.45352763157135,54.77106886639238,54.492388590728886,0.27868027566349696,0.143874155786551,1.2804311536586868,-1.2804311536586868,1.2804311536586868,1.2804311536586868,-1.2804311536586868,-1.2804311536586868,-1.2804311536586868,1.2804311536586868,-1.2804311536586868,1.7100028991699148,1.766500282287598,55.5,52.52780059814452,52.87800064086913,53.22820068359374,,,,,,,,,,0.0,0.0,0.0
2016-12-20,55.70000076293945,55.72000122070312,54.0099983215332,54.7400016784668,54.7400016784668,958100,-1.2804311536586868,2.5917667435065166,2.754837161940306,2.708394034673735,2.5399530735602824,54.831999969482425,55.31599998474121,54.08900006612142,54.41783358256022,55.03300006866455,54.95583240307175,54.82963819101659,54.49055670359619,54.56019456454559,54.45920038497522,54.76628929901921,54.51073030093169,0.2555589980875226,0.16621112424674533,-0.4567044068950825,0.4567044068950825,-0.4567044068950825,-0.4567044068950825,0.4567044068950825,0.4567044068950825,0.4567044068950825,-0.4567044068950825,0.4567044068950825,0.7800025939941406,1.7597503662109382,55.72000122070312,51.61369937896728,51.9669994354248,52.320299491882324,,,,,,,,,,0.0,0.0,0.0
2016-12-21,54.84999847412109,55.45000076293945,54.66999816894531,54.9900016784668,54.9900016784668,785200,0.4567044068950825,2.286551869673856,2.6826978988440437,2.706517768921585,2.5366107537761704,55.1120002746582,55.30100021362305,54.22333348592122,54.424333635965986,54.94820007324219,54.96722216153677,54.85879518873481,54.52277896003946,54.5742866010676,54.46971130167802,54.800706588165,54.54623188445281,0.25447470371219083,0.18386384013983445,-0.2000305370009886,0.2000305370009886,-0.2000305370009886,-0.2000305370009886,-0.2000305370009886,0.2000305370009886,0.2000305370009886,-0.2000305370009886,0.2000305370009886,0.9399986267089844,1.7657503128051766,55.45000076293945,51.84855041503906,52.20050048828124,52.55245056152343,,,,,,,,,,0.0,0.0,0.0
2016-12-22,55.45999908447266,55.79999923706055,54.86000061035156,55.09999847412109,55.09999847412109,711800,0.2000305370009886,1.306862249395131,2.088433582761694,2.6905114989261505,2.5366903605600064,54.99400024414062,55.02999992370606,54.33400014241536,54.432333628336586,54.884700050354006,55.01148093239821,54.902650331532314,54.56001892868989,54.59152305592181,54.4821922357858,54.84675149369671,54.58725163183564,0.259499861861066,0.19899104448408075,-0.7803998495167916,0.7803998495167916,-0.7803998495167916,-0.7803998495167916,-0.7803998495167916,0.7803998495167916,0.7803998495167916,-0.7803998495167916,0.7803998495167916,0.7000007629394602,1.7312503814697273,55.79999923706055,51.56535007476806,51.9185001373291,52.27165019989013,,,,,,,,,,0.0,0.0,0.0
2016-12-23,55.09999847412109,55.58000183105469,54.88000106811523,55.52999877929688,55.52999877929688,1073200,0.7803998495167916,0.9937321516870197,2.012514677518266,2.6932919286008885,2.5276841246374984,55.162000274658205,54.93499984741211,54.46633338928223,54.46316693623861,54.888800048828124,55.18432021469777,55.01671368567133,54.62259827389035,54.622292751770175,54.50294088021177,54.95186646071212,54.65708475386981,0.29478170684230776,0.21814917695572617,0.01801213119094037,0.01801213119094037,0.01801213119094037,-0.01801213119094037,-0.01801213119094037,0.01801213119094037,0.01801213119094037,0.01801213119094037,0.01801213119094037,0.8600006103515767,1.718750381469728,55.58000183105469,51.99124839782715,52.33749847412109,52.68374855041504,,,,,,,,,,0.0,0.0,0.0
2016-12-27,55.38000106811523,56.15000152587891,55.29000091552734,55.54000091552734,55.54000091552734,745700,0.01801213119094037,0.7891986936352736,1.7481410940002162,2.6930764105014697,2.479297913208921,55.18000030517578,55.00999984741211,54.53366673787435,54.45983359018962,54.910100059509276,55.302880448307626,55.11185681837242,54.68178554109274,54.65238154402451,54.52347672249524,55.04234868452984,54.722485951029626,0.31986273350021577,0.23849188826462409,-1.5124237283781614,-1.5124237283781614,-1.5124237283781614,1.5124237283781614,1.5124237283781614,-1.5124237283781614,-1.5124237283781614,-1.5124237283781614,-1.5124237283781614,1.7400016784667969,1.7702505111694353,56.15000152587891,51.79875099182129,52.14250106811523,52.486251144409174,,,,,,,,,,0.0,0.0,0.0
2016-12-28,55.54999923706055,55.75,54.0099983215332,54.70000076293945,54.70000076293945,1064500,-1.5124237283781614,0.8866663550509488,1.8262013089655715,2.7052331510226466,2.4588899434562164,55.172000122070315,55.00200004577637,54.59900004069011,54.469000244140624,54.906600074768065,55.101920553184904,55.036973899202785,54.68296071669575,54.65394282989057,54.526972248048594,54.98967977351594,54.720820381541465,0.2688593919744733,0.24456538900659394,-1.9926876369010793,-1.9926876369010793,-1.9926876369010793,1.9926876369010793,1.9926876369010793,-1.9926876369010793,-1.9926876369010793,-1.9926876369010793,-1.9926876369010793,1.6660003662109233,1.7760505676269542,55.75,52.255450401306156,52.60950050354004,52.96355060577393,,,,,,,,,,0.0,0.0,0.0
2016-12-29,54.47000122070312,54.56600189208984,52.90000152587891,53.61000061035156,53.61000061035156,982900,-1.9926876369010793,1.1885823896424237,1.8031945820828783,2.719316414249265,2.4728533926974596,54.895999908447266,55.00400009155273,54.57600008646647,54.458333587646486,54.89970008850098,54.6046139055738,54.777524210320735,54.61373748402839,54.61971521613519,54.508814393836765,54.77742144072141,54.6385374355274,0.138884005194015,0.22342911224407816,1.6414867713045966,-1.6414867713045966,-1.6414867713045966,1.6414867713045966,-1.6414867713045966,1.6414867713045966,-1.6414867713045966,1.6414867713045966,1.6414867713045966,1.7589988708496165,1.6792505264282238,54.56600189208984,51.8426887512207,52.197898864746094,52.55310897827148,,,,,,,,,,0.0,0.0,0.0
2016-12-30,53.75,53.80899810791016,52.04999923706055,52.72999954223633,52.72999954223633,1223200,-1.6414867713045966,1.2021555811908293,1.2343916885080388,2.311762105423563,2.4812494209590055,54.422000122070315,54.70800018310547,54.52033335367839,54.42883358001709,54.88210006713867,53.979742451127976,54.405246997941745,54.492206003912784,54.55775732518769,54.47359033736943,54.46243345633909,54.49716425824658,-0.0347308019074859,0.17179712941376538,-0.32240088207551554,0.32240088207551554,0.32240088207551554,-0.32240088207551554,0.32240088207551554,-0.32240088207551554,-0.32240088207551554,-0.32240088207551554,-0.32240088207551554,1.8300018310546804,1.6992506027221688,53.80899810791016,50.871650733947746,51.20750083923339,51.543350944519034,,,,,,,,,,0.0,0.0,0.0
2017-01-03,53.18000030517578,53.95000076293945,52.11999893188477,52.90000152587891,52.90000152587891,1841200,0.32240088207551554,1.0532203058360277,1.1748563624943145,2.3054056454710135,2.4731918245769178,53.896000671386716,54.529000473022464,54.432000096638994,54.388166936238605,54.86970008850098,53.61982880937829,54.13156600302122,54.389483134362216,54.503404676030016,54.44243016288447,54.22205931319137,54.378855907700824,-0.15679659450945138,0.10607838462912203,-3.0434721157175626,3.0434721157175626,3.0434721157175626,-3.0434721157175626,3.0434721157175626,-3.0434721157175626,-3.0434721157175626,-3.0434721157175626,-3.0434721157175626,1.8199996948242259,1.6967504501342787,53.95000076293945,50.07064678192139,50.41049690246582,50.75034702301026,,,,,,,,,,0.0,0.0,0.0
2017-01-04,52.9900016784668,54.56000137329102,52.7400016784668,54.5099983215332,54.5099983215332,1503800,3.0434721157175626,2.102687376710862,1.5113970742332032,2.2464327716393817,2.4861724057973174,53.69000015258789,54.43500022888183,54.406333414713544,54.35266691843669,54.87000007629395,53.9165519800966,54.20037187911431,54.397258307728094,54.503620861128475,54.443768146224045,54.266357622167035,54.388570160577295,-0.1222125384102597,0.06042020002124568,2.109700507415636,-2.109700507415636,-2.109700507415636,2.109700507415636,-2.109700507415636,2.109700507415636,2.109700507415636,2.109700507415636,2.109700507415636,1.7099990844726491,1.705750465393067,54.56000137329102,50.21714977264404,50.5564998626709,50.89584995269775,,,,,,,,,,0.0,0.0,0.0
2017-01-05,54.04000091552734,54.52000045776367,52.81000137329102,53.36000061035156,53.36000061035156,1343400,-2.109700507415636,2.199534342383101,1.5998295290960092,2.202234423825465,2.4969498098123655,53.422000122070315,54.297000122070315,54.353333409627275,54.30833358764649,54.85770008087158,53.73103485684826,54.04757710297562,54.33033845628445,54.46612511520136,54.422307402939445,54.12691808188773,54.312379823523536,-0.1854617416358053,0.01124381168983548,-0.937031473539756,-0.937031473539756,0.937031473539756,-0.937031473539756,0.937031473539756,-0.937031473539756,-0.937031473539756,-0.937031473539756,-0.937031473539756,1.3199996948242188,1.6732503890991222,54.52000045776367,50.80735034942627,51.14850044250489,51.4896505355835,,,,,,,,,,0.0,0.0,0.0
2017-01-06,53.59999847412109,54.40999984741211,53.09000015258789,53.86000061035156,53.86000061035156,943000,0.937031473539756,2.0814135527058535,1.630112961815206,2.162938529395635,2.4976556569458337,53.47200012207031,54.18400001525879,54.30533345540365,54.28066692352295,54.83860008239746,53.774023441349364,54.013472286134885,54.299994079127494,54.44625218061612,54.411172614967406,54.08585385549755,54.27887025217746,-0.19301639667991566,-0.029608229984114748,-0.9468962416520873,-0.9468962416520873,0.9468962416520873,-0.9468962416520873,0.9468962416520873,-0.9468962416520873,-0.9468962416520873,-0.9468962416520873,-0.9468962416520873,1.4399986267089773,1.5492504119873054,54.40999984741211,50.8388496017456,51.173499679565424,51.508149757385254,,,,,,,,,,0.0,0.0,0.0
2017-01-09,53.90999984741211,55.34999847412109,53.90999984741211,54.36999893188477,54.36999893188477,1253000,0.9468962416520873,1.8452706910883616,1.6669416813838325,1.8472686804579788,2.4997087397019015,53.8,54.111000061035156,54.29733339945475,54.266666920979816,54.82950008392334,53.972681938194505,54.078295312634864,54.30451052124087,54.44375207410034,54.41035729451033,54.12956848263404,54.285620524748374,-0.15605204211433232,-0.05489699241015827,-3.733681504274713,-3.733681504274713,3.733681504274713,-3.733681504274713,3.733681504274713,-3.733681504274713,-3.733681504274713,-3.733681504274713,-3.733681504274713,2.1500015258789062,1.5057504653930665,55.34999847412109,51.00164894104004,51.3114990234375,51.62134910583496,,,,,,,,,,0.0,0.0,0.0
2017-01-10,54.43000030517578,56.58000183105469,54.43000030517578,56.40000152587891,56.40000152587891,1972600,3.733681504274713,2.282786600312853,2.0596920248236548,1.9889676707798893,2.4842519499496887,54.5,54.19800033569336,54.347333399454754,54.32483361562093,54.84790008544922,54.78178846742264,54.50042371504287,54.43970348928204,54.507891400388154,54.44975619018099,54.47886587390248,54.44224133964693,0.036624534255551566,-0.0365926870770163,0.7092157807798927,-0.7092157807798927,0.7092157807798927,-0.7092157807798927,0.7092157807798927,0.7092157807798927,0.7092157807798927,-0.7092157807798927,0.7092157807798927,1.3600006103515625,1.4697505950927732,56.58000183105469,52.03734745025634,52.33849754333495,52.639647636413564,,,,,,,,,,0.0,0.0,0.0
2017-01-11,56.34999847412109,56.86000061035156,55.5,56.79999923706055,56.79999923706055,1106800,0.7092157807798927,2.068333478148068,2.0654461542346265,1.8629734369617568,2.4853469595540965,54.95800018310547,54.32400016784668,54.412000020345054,54.388166936238605,54.86390007019043,55.45452539063528,54.91852835540971,54.59198063430001,54.58304247700036,54.49629565645583,54.83596331438834,54.61689007278868,0.21907324159965924,0.014540498658318808,0.07042414800112211,-0.07042414800112211,0.07042414800112211,-0.07042414800112211,-0.07042414800112211,0.07042414800112211,0.07042414800112211,0.07042414800112211,0.07042414800112211,1.5699996948242045,1.5092506408691395,56.86000061035156,53.34655052185059,53.64050064086914,53.934450759887696,,,,,,,,,,0.0,0.0,0.0
2017-01-12,56.06000137329102,56.93999862670898,55.36999893188477,56.84000015258789,56.84000015258789,1622200,0.07042414800112211,1.4175688079948783,1.9745692560420243,1.8625404889215997,2.483115982653479,55.65400009155273,54.53800010681152,54.49733339945475,54.45800024668376,54.87000007629395,55.91635031128616,55.267886863987556,54.73701415160891,54.6570410893147,54.54270564647824,55.144276674111346,54.78156489351455,0.362711780596797,0.08417475504601445,3.043630432076208,3.043630432076208,3.043630432076208,-3.043630432076208,-3.043630432076208,3.043630432076208,3.043630432076208,3.043630432076208,3.043630432076208,2.349998474121101,1.5482503890991204,56.93999862670898,53.539649200439456,53.84149932861328,54.143349456787114,,,,,,,,,,0.0,0.0,0.0
2017-01-13,56.77999877929688,58.97999954223633,56.63000106811523,58.56999969482422,58.56999969482422,1598700,3.043630432076208,1.5926029271727156,1.9378769726951453,1.8778303969136114,2.5023269022895036,56.59599990844727,55.03400001525879,54.669333394368486,54.54100023905436,54.895900077819825,56.800900105798846,55.86827101504877,54.98430354149377,54.78533481408551,54.622454043475194,55.67131098499024,55.062189693611565,0.6091212913786777,0.1891640623125471,-2.236642274401069,-2.236642274401069,-2.236642274401069,2.236642274401069,2.236642274401069,-2.236642274401069,-2.236642274401069,-2.236642274401069,-2.236642274401069,1.9699974060058594,1.5147502899169916,58.97999954223633,53.53384777069091,53.84349784851074,54.15314792633056,,,,,,,,,,0.0,0.0,0.0
2017-01-17,58.02999877929688,58.86999893188477,56.90000152587891,57.2599983215332,57.2599983215332,2066300,-2.236642274401069,2.400699908471789,2.03166235143155,1.7835105692653053,2.516110132058919,57.17399978637695,55.486999893188475,54.9103333791097,54.58950023651123,54.908200073242185,56.95393284437697,56.121312343500485,55.131122559560836,54.866471322526415,54.6746826430407,55.91572442138147,55.22499033271687,0.6907340886645983,0.28947806758295735,3.3356617244150963,3.3356617244150963,3.3356617244150963,-3.3356617244150963,-3.3356617244150963,3.3356617244150963,3.3356617244150963,3.3356617244150963,3.3356617244150963,1.6599998474121094,1.5072502136230466,58.86999893188477,55.64754890441895,55.95049896240234,56.253449020385744,,,,,,,,,,0.0,0.0,0.0
2017-01-18,57.70000076293945,59.29000091552734,57.63000106811523,59.16999816894531,59.16999816894531,1567900,3.3356617244150963,2.294289279837757,2.1644836593084325,1.8558767281257154,2.547982343131983,57.72799911499023,56.11399955749512,55.19799995422363,54.66100018819173,54.92680004119873,57.69262128589976,56.67561885721773,55.39169517952113,55.007570563392605,54.76369879206851,56.416381921006675,55.51721313540045,0.8991687856062214,0.4114162111876102,-1.4534338723465587,-1.4534338723465587,-1.4534338723465587,1.4534338723465587,1.4534338723465587,-1.4534338723465587,-1.4534338723465587,-1.4534338723465587,-1.4534338723465587,1.6899986267089844,1.5512500762939445,59.29000091552734,55.55404846191407,55.85549850463868,56.156948547363285,,,,,,,,,,0.0,0.0,0.0
2017-01-19,59.18999862670898,59.79999923706055,58.11000061035156,58.31000137329102,58.31000137329102,2206600,-1.4534338723465587,2.5488821487215105,2.1937193276943856,1.885592618485732,2.55575111554055,58.029999542236325,56.4939998626709,55.392333348592125,54.72116686503092,54.93050006866455,57.89841464836351,56.972779314685596,55.579972998474034,55.11584698338927,54.833922605558065,56.70770799058889,55.72408633820716,0.9836216523817285,0.5258572994264339,4.647571635479275,4.647571635479275,4.647571635479275,-4.647571635479275,-4.647571635479275,4.647571635479275,4.647571635479275,4.647571635479275,4.647571635479275,2.19000244140625,1.5752500534057614,59.79999923706055,55.877250747680655,56.18750076293945,56.49775077819824,,,,,,,,,,0.0,0.0,0.0
2017-01-20,60.04000091552734,61.70000076293945,59.5099983215332,61.02000045776367,61.02000045776367,3420600,4.647571635479275,3.0959487862528863,2.2721960524942193,2.084697416129712,2.5531125134732733,58.86599960327148,57.25999984741211,55.62433331807454,54.7833335240682,54.96450008392334,58.9389432514969,57.70863770433615,55.930942511976596,55.30942578582777,54.95641919669085,57.371137600923475,56.11637627298912,1.2547613279343537,0.6716381051280178,1.3602065062780786,1.3602065062780786,1.3602065062780786,-1.3602065062780786,-1.3602065062780786,1.3602065062780786,1.3602065062780786,1.3602065062780786,1.3602065062780786,1.19000244140625,1.595750045776367,61.70000076293945,56.33444911956787,56.649499130249026,56.964549140930174,,,,,,,,,,0.0,0.0,0.0
2017-01-23,60.91999816894531,62.11000061035156,60.91999816894531,61.84999847412109,61.84999847412109,2224000,1.3602065062780786,2.9706757397291423,2.2671009353914577,2.092005143371572,2.5466391638634485,59.52199935913086,58.058999633789064,55.84799995422363,54.8753334681193,55.004300079345704,59.909294992371635,58.461612389751586,56.312817090179465,55.52387079200132,55.092925717036,58.060193119876956,56.541089028628534,1.5191040912484226,0.8411313023520988,1.050932161543841,1.050932161543841,1.050932161543841,-1.050932161543841,-1.050932161543841,1.050932161543841,1.050932161543841,1.050932161543841,1.050932161543841,1.1700019836425781,1.6072502136230464,62.11000061035156,58.18935066223145,58.50850067138672,58.82765068054199,,,,,,,,,,0.0,0.0,0.0
2017-01-24,62.15000152587891,63.09000015258789,61.91999816894531,62.5,62.5,2435100,1.050932161543841,2.334822070104212,2.2649481651816274,2.0918787462519215,2.548621635160449,60.56999969482422,58.871999740600586,56.0043332417806,54.972833442687985,55.05240009307861,60.772863328247766,59.19586468252402,56.71199018113563,55.752596339804555,55.23960045531252,58.743240332203584,56.98248984132272,1.7607504908808664,1.0250551400578525,2.46400146484375,2.46400146484375,2.46400146484375,-2.46400146484375,-2.46400146484375,2.46400146484375,2.46400146484375,2.46400146484375,2.46400146484375,1.5300025939941406,1.6487503051757806,63.09000015258789,58.57405014038086,58.89550018310547,59.216950225830075,,,,,,,,,,0.0,0.0,0.0
2017-01-25,63.13000106811523,64.08000183105469,62.54999923706055,64.04000091552734,64.04000091552734,1840800,2.46400146484375,2.2201163450882646,2.1540935949410227,2.13080289088912,2.5504635274853973,61.544000244140626,59.63599967956543,56.25633328755696,55.11366678873698,55.11850009918213,61.8619091906743,60.076616724888254,57.18476506722543,56.024314522615136,55.41386581096034,59.55812657579186,57.50526843941195,2.0528581363799105,1.230615739322264,-1.093068008950838,-1.093068008950838,-1.093068008950838,1.093068008950838,1.093068008950838,-1.093068008950838,-1.093068008950838,-1.093068008950838,-1.093068008950838,1.3900032043457031,1.6752504348754869,64.08000183105469,59.46274948120117,59.79249954223633,60.122249603271484,,,,,,,,,,0.0,0.0,0.0
2017-01-26,63.70000076293945,64.19000244140625,62.79999923706055,63.34000015258789,63.34000015258789,2106800,-1.093068008950838,2.0981458698312534,2.2806178324862696,2.164744047513342,2.5302846956724956,62.55,60.28999977111816,56.541333262125654,55.266333452860515,55.174400100708006,62.35460617797883,60.66995916628819,57.58187700821655,56.26417306786014,55.5708189662401,60.13995327991433,57.937470788536096,2.202482491378234,1.424989089733458,0.4894243330347655,0.4894243330347655,0.4894243330347655,0.4894243330347655,-0.4894243330347655,0.4894243330347655,0.4894243330347655,0.4894243330347655,0.4894243330347655,1.0699996948242259,1.6417503356933583,64.19000244140625,60.39445087432862,60.729500961303714,61.06455104827881,,,,,,,,,,0.0,0.0,0.0
2017-01-27,63.56999969482422,63.95999908447266,62.88999938964844,63.65000152587891,63.65000152587891,1133800,0.4894243330347655,1.3049062054984997,2.2629950011240045,2.103384554900143,2.5104380763084366,63.07600021362305,60.97099990844727,56.83700002034505,55.39966678619385,55.23490013122559,62.78640462727886,61.211785049850135,57.97336891258187,56.506331377959114,55.73080277930225,60.67996070237042,58.36062121352445,2.3193394888459693,1.6038591695559603,1.005497838657896,1.005497838657896,1.005497838657896,1.005497838657896,-1.005497838657896,1.005497838657896,1.005497838657896,1.005497838657896,1.005497838657896,1.5000038146972656,1.6334505081176753,63.95999908447266,60.57815170288086,60.90650177001953,61.2348518371582,,,,,,,,,,0.0,0.0,0.0
2017-01-30,63.52000045776367,64.51000213623047,63.0099983215332,64.29000091552734,64.29000091552734,3150200,1.005497838657896,1.2799293011147794,2.1642063739660613,1.999547941833085,2.5118118417781714,63.5640007019043,61.543000030517575,57.19366671244303,55.53766682942708,55.317600135803225,63.28760339002836,61.77146066179144,58.38089355793319,56.761533657879376,55.90029185130671,61.235351504394565,58.799834524783925,2.4355169796106395,1.7701907315668963,-0.12443899504653053,-0.12443899504653053,-0.12443899504653053,-0.12443899504653053,0.12443899504653053,-0.12443899504653053,-0.12443899504653053,-0.12443899504653053,-0.12443899504653053,1.1399993896484304,1.6025005340576162,64.51000213623047,60.36640796661378,60.69309806823731,61.019788169860846,,,,,,,,,,0.0,0.0,0.0
2017-01-31,63.84000015258789,64.41999816894531,63.27999877929688,64.20999908447266,64.20999908447266,1944600,-0.12443899504653053,1.325620138379767,1.9054908411832407,1.9241672399818208,2.5122118713467843,63.90600051879883,62.238000106811526,57.47766672770182,55.67350012461345,55.40040012359619,63.595068621509796,62.21483128409711,58.756964882226065,57.00574563907915,56.06484050938921,61.69298959363735,59.20058745513124,2.492402138506108,1.9146330129547386,0.5295187231475549,0.5295187231475549,0.5295187231475549,0.5295187231475549,-0.5295187231475549,0.5295187231475549,0.5295187231475549,0.5295187231475549,0.5295187231475549,2.6300010681152344,1.6425004959106437,64.41999816894531,60.98450096130371,61.30500106811524,61.62550117492676,,,,,,,,,,0.0,0.0,0.0
2017-02-01,65.1500015258789,65.97000122070312,63.34000015258789,64.55000305175781,64.55000305175781,4150200,0.5295187231475549,0.8079304478601216,1.751216619060446,1.9208424967483155,2.509356429305577,64.00800094604492,62.776000595092775,57.80633354187012,55.803666814168295,55.49160015106201,63.91338009825914,62.639407969126324,59.130709280260376,57.253098341134184,56.23286353003017,62.13253012565588,59.59684046228877,2.5356896633671155,2.038844343037214,-1.859031016117121,-1.859031016117121,-1.859031016117121,-1.859031016117121,1.859031016117121,-1.859031016117121,-1.859031016117121,-1.859031016117121,-1.859031016117121,4.570003509521477,1.7800006866455065,65.97000122070312,60.8064970779419,61.13499717712403,61.46349727630616,,,,,,,,,,0.0,0.0,0.0
2017-02-02,61.34000015258789,65.69000244140625,61.11999893188477,63.34999847412109,63.34999847412109,5477900,-1.859031016117121,1.1182685074690069,1.8149975648833376,1.961084088390978,2.140656929058994,64.01000061035157,63.28000030517578,58.0696667989095,56.0081667582194,55.60030014038086,63.72558622354646,62.768606242761734,59.40292148631591,57.452996706150145,56.373796895259694,62.31983294849668,59.87485216686894,2.4449807816277414,2.1200716307553193,0.9629054854685848,0.9629054854685848,0.9629054854685848,0.9629054854685848,-0.9629054854685848,0.9629054854685848,0.9629054854685848,0.9629054854685848,0.9629054854685848,1.2699966430664062,1.7580005645751942,65.69000244140625,62.05399971008301,62.40999984741211,62.765999984741214,1.0,1.0,1.0,61.34000015258789,61.34000015258789,61.34000015258789,63.34999847412109,63.34999847412109,63.34999847412109,3.2768149927179215,3.2768149927179215,3.2768149927179215
2017-02-03,63.45999908447266,64.62999725341797,63.36000061035156,63.95999908447266,63.95999908447266,1559400,0.9629054854685848,1.1871343814557211,1.240958914934407,1.8400386091130292,2.1318332600439973,64.0720001220703,63.57400016784668,58.37700004577637,56.23300005594889,55.70230014801025,63.803723843855195,62.985223123072814,59.69692649264861,57.666341046423014,56.52401872078866,62.57216620018529,60.177455642247,2.3947105579382963,2.174999416191915,0.6253932639220535,0.6253932639220535,0.6253932639220535,0.6253932639220535,-0.6253932639220535,0.6253932639220535,0.6253932639220535,0.6253932639220535,0.6253932639220535,1.0499992370605398,1.7445005416870103,64.62999725341797,61.822401199340824,62.17400131225586,62.5256014251709,,,,,,,,,,0.0,0.0,0.0
2017-02-06,63.4900016784668,64.36000061035156,63.31000137329102,64.36000061035156,64.36000061035156,2005700,0.6253932639220535,1.1254516116837805,1.2041653110801038,1.8412593790328706,2.1307806683243884,64.08600006103515,63.82500038146973,58.68933334350586,56.45633341471354,55.806700172424314,63.98914943268732,63.2351826662144,59.99776998411332,57.88580529442067,56.67918667899782,62.84721764790318,60.48727378803252,2.3599438598706612,2.2119883049276643,0.6059654846953352,0.6059654846953352,0.6059654846953352,0.6059654846953352,-0.6059654846953352,0.6059654846953352,0.6059654846953352,0.6059654846953352,0.6059654846953352,0.8600006103515625,1.7155006408691396,64.36000061035156,60.792096061706545,61.14099617004395,61.48989627838135,,,,,,,,,,0.0,0.0,0.0
2017-02-07,64.36000061035156,65.05000305175781,64.19000244140625,64.75,64.75,1270800,0.6059654846953352,1.1480772067094374,1.1857293644643925,1.8424816568246165,2.125157612498858,64.19400024414062,64.05000038146973,59.011000061035155,56.67250010172526,55.9031001663208,64.24276628845821,63.51060399962996,60.30436546900924,58.110860858538025,56.83900476456222,63.13995339437961,60.8030312852153,2.3369221091643126,2.236975065774994,2.2393775262427607,2.2393775262427607,2.2393775262427607,2.2393775262427607,-2.2393775262427607,2.2393775262427607,2.2393775262427607,2.2393775262427607,2.2393775262427607,1.6999969482421875,1.6930004119873037,65.05000305175781,60.58589920043946,60.92899932861329,61.27209945678711,,,,,,,,,,0.0,0.0,0.0
2017-02-08,64.93000030517578,66.25,64.55000305175781,66.19999694824219,66.19999694824219,1745400,2.2393775262427607,1.485814743182276,1.1428063112036793,1.7491765957321461,2.135536517728013,64.5239990234375,64.26599998474121,59.36666666666667,56.91650002797444,55.99980014801025,64.89517650838621,63.99958453574126,60.68472879025008,58.37607843524963,57.02437094641727,63.61072932574308,61.20280651951359,2.407922806229493,2.271164613865894,0.12084869296479898,0.12084869296479898,0.12084869296479898,0.12084869296479898,-0.12084869296479898,0.12084869296479898,0.12084869296479898,0.12084869296479898,0.12084869296479898,0.8300018310546875,1.66650047302246,66.25,61.325402145385745,61.66400222778321,62.00260231018066,,,,,,,,,,0.0,0.0,0.0
2017-02-09,66.12999725341797,66.4000015258789,65.56999969482422,66.27999877929688,66.27999877929688,1305100,0.12084869296479898,0.8009739900506574,1.0330925010036645,1.7560482719082147,2.0897092188271795,65.10999908447266,64.55999984741212,59.724666595458984,57.12916666666667,56.10500015258789,65.3567839320231,64.41420530729683,61.04571395083374,58.63522336456265,57.20765070548419,64.02138616475136,61.578894835053084,2.442491329698278,2.305429957032371,-0.015090730861016557,-0.015090730861016557,-0.015090730861016557,-0.015090730861016557,0.015090730861016557,-0.015090730861016557,-0.015090730861016557,-0.015090730861016557,-0.015090730861016557,0.839996337890625,1.630000305175781,66.4000015258789,62.583698959350585,62.91699905395508,63.25029914855957,,,,,,,,,,0.0,0.0,0.0
2017-02-10,66.31999969482422,66.41999816894531,65.58000183105469,66.2699966430664,66.2699966430664,1003300,-0.015090730861016557,0.8985672678748451,1.04373554239366,1.7579936338996374,2.0764866130503465,65.5719985961914,64.82199935913086,60.11033312479655,57.35466658274333,56.20440010070801,65.66118816903754,64.75162191380038,61.38276444710682,58.885543799923425,57.387103100287796,64.3673262383383,61.926383857868885,2.4409423804694086,2.3325324417197786,0.3923376330179305,0.3923376330179305,0.3923376330179305,0.3923376330179305,-0.3923376330179305,0.3923376330179305,0.3923376330179305,0.3923376330179305,0.3923376330179305,1.0999984741210938,1.5675003051757805,66.41999816894531,62.814000854492186,63.140000915527345,63.4660009765625,,,,,,,,,,0.0,0.0,0.0
2017-02-13,66.47000122070312,67.19999694824219,66.0999984741211,66.52999877929688,66.52999877929688,1085600,0.3923376330179305,0.9103640049749742,1.02260247542307,1.6767981911042316,2.0492097354198715,66.00599822998046,65.0459991455078,60.54099973042806,57.55849990844727,56.32220008850098,65.95079170579066,65.07496316207246,61.71484408144167,59.1361816680996,57.56815053947609,64.70004509079345,62.26739237056725,2.4326527202262014,2.3525564974210633,-0.13527181653673875,-0.13527181653673875,-0.13527181653673875,-0.13527181653673875,0.13527181653673875,-0.13527181653673875,-0.13527181653673875,-0.13527181653673875,-0.13527181653673875,0.9249954223632812,1.5152502059936517,67.19999694824219,62.971497497558595,63.28499755859375,63.59849761962891,,,,,,,,,,0.0,0.0,0.0
2017-02-14,66.48999786376953,66.73999786376953,65.81500244140625,66.44000244140625,66.44000244140625,996500,-0.13527181653673875,0.9807625602372108,1.0231638794370062,1.5470596585466307,2.050088414809164,66.34399871826172,65.26899948120118,60.997999827067055,57.75916659037272,56.4259001159668,66.11386195099587,65.32315212195132,62.019693007891,59.37565120165064,57.74383077515788,64.96773083704157,62.5764745980368,2.3912562390047682,2.3602964457378044,1.0987292304554763,1.0987292304554763,1.0987292304554763,1.0987292304554763,-1.0987292304554763,1.0987292304554763,1.0987292304554763,1.0987292304554763,1.0987292304554763,1.26800537109375,1.4956504821777337,66.73999786376953,63.86644649505615,64.16949653625488,64.47254657745361,,,,,,,,,,0.0,0.0,0.0
2017-02-15,66.41999816894531,67.41000366210938,66.14199829101562,67.16999816894531,67.16999816894531,785400,1.0987292304554763,0.4916904263840017,1.049947589062553,1.4270626720302755,2.0394819648259728,66.53799896240234,65.53099899291992,61.47366638183594,57.95283323923747,56.532400093078614,66.46590735697902,65.65894231231387,62.35197076021709,59.631203561234074,57.93048755523288,65.306541195796,62.91673560328928,2.3898055925067183,2.3661982750915875,-0.029770200404220484,-0.029770200404220484,-0.029770200404220484,-0.029770200404220484,0.029770200404220484,-0.029770200404220484,-0.029770200404220484,-0.029770200404220484,-0.029770200404220484,1.30999755859375,1.476650428771972,67.41000366210938,63.44956680297852,63.748696899414064,64.0478269958496,,,,,,,,,,0.0,0.0,0.0
2017-02-16,67.26000213623047,67.68000030517578,66.37000274658203,67.1500015258789,67.1500015258789,837600,-0.029770200404220484,0.5091261013620114,0.7191924986350128,1.3502911355019291,2.037208515149199,66.71199951171874,65.9109992980957,61.8949998219808,58.15066661834717,56.65520011901855,66.69393874661232,65.9300439875075,62.66152113219528,59.877721527288,58.113052188314974,65.59015047734722,63.23031085681444,2.3598396205327816,2.3649265441798266,-0.044674279397169905,-0.044674279397169905,-0.044674279397169905,-0.044674279397169905,0.044674279397169905,-0.044674279397169905,-0.044674279397169905,-0.044674279397169905,0.044674279397169905,1.7399978637695312,1.454150199890136,67.68000030517578,64.16137271881104,64.45670280456542,64.75203289031982,,,,,,,,,,0.0,0.0,0.0
2017-02-17,66.9000015258789,67.5999984741211,65.86000061035156,67.12000274658203,67.12000274658203,1688700,-0.044674279397169905,0.5133087290755752,0.7310878037767828,0.9912903367370164,2.034125185428259,66.88200073242187,66.22699966430665,62.35366655985514,58.35349998474121,56.786500129699704,66.83596007993556,66.14640012552105,62.949165107317015,60.115173370543545,58.291407644914315,65.8255123649218,63.51843618198241,2.3070761829393973,2.353356471931741,0.6704364270382912,0.6704364270382912,0.6704364270382912,0.6704364270382912,-0.6704364270382912,0.6704364270382912,0.6704364270382912,0.6704364270382912,-0.6704364270382912,1.0999984741210938,1.4496500015258782,67.5999984741211,64.48086986541747,64.77169990539551,65.06252994537354,,,,,,,,,,0.0,0.0,0.0
2017-02-21,67.02999877929688,67.94999694824219,66.8499984741211,67.56999969482422,67.56999969482422,2758300,0.6704364270382912,0.5457781103562878,0.7321814614019301,0.970924904516173,2.034208662966001,67.09000091552734,66.54799957275391,62.81066652933757,58.557999992370604,56.916200141906735,67.08063995156512,66.4052364108489,63.24728346780135,60.35959390576586,58.47514214095214,66.09389503106064,63.81855199774847,2.2753430333121685,2.337753784207827,-0.029593966489151798,-0.029593966489151798,-0.029593966489151798,-0.029593966489151798,0.029593966489151798,-0.029593966489151798,-0.029593966489151798,-0.029593966489151798,0.029593966489151798,1.4430007934570312,1.4632999420166009,67.94999694824219,64.41076847076417,64.70069847106933,64.9906284713745,,,,,,,,,,0.0,0.0,0.0
2017-02-22,67.55999755859375,68.66000366210938,67.21700286865234,67.55000305175781,67.55000305175781,1144100,-0.029593966489151798,0.5258134311672706,0.7484287720529371,0.9656400766979246,2.0239959338626625,67.31200103759765,66.82799987792968,63.25,58.77366669972738,57.04550018310547,67.23709431829602,66.61337580010506,63.524878279669515,60.595345025306585,58.654842357007695,66.31791164962944,64.09495577952694,2.2229558701024956,2.3147942013867606,-0.5181437271697015,-0.5181437271697015,-0.5181437271697015,-0.5181437271697015,0.5181437271697015,-0.5181437271697015,-0.5181437271697015,-0.5181437271697015,0.5181437271697015,1.910003662109375,1.4822999954223626,68.66000366210938,64.73073707580566,65.02339706420898,65.31605705261231,,,,,,,,,,0.0,0.0,0.0
2017-02-23,68.0199966430664,68.30000305175781,66.38999938964844,67.19999694824219,67.19999694824219,1315100,-0.5181437271697015,0.4246322199950888,0.458018598341658,0.8527742883872439,2.027156275920254,67.31800079345703,66.9279998779297,63.60999984741211,58.97866662343343,57.180700149536136,67.22472852827808,66.72003419067545,63.76198270990001,60.811890989992996,58.82405333901234,66.45361708018524,64.3249588290614,2.128658251123838,2.277567011334176,-1.502968084379291,-1.502968084379291,-1.502968084379291,-1.502968084379291,1.502968084379291,-1.502968084379291,-1.502968084379291,-1.502968084379291,1.502968084379291,2.3799972534179688,1.5317996978759758,68.30000305175781,65.39894367218018,65.69540367126464,65.99186367034912,,,,,,,,,,0.0,0.0,0.0
2017-02-24,66.37000274658203,66.55999755859375,64.18000030517578,66.19000244140625,66.19000244140625,1574800,-1.502968084379291,0.8021299320400567,0.6959398093380975,0.890696557396825,2.0406669541537488,67.1260009765625,66.91900024414062,63.922999954223634,59.167499987284344,57.28520015716553,66.87981983265414,66.62366478171741,63.91862914419074,60.98822251299015,58.969913717277564,66.41306098191154,64.46311020775362,1.9499507741579265,2.2120437638989263,2.1604475788343844,2.1604475788343844,2.1604475788343844,2.1604475788343844,-2.1604475788343844,2.1604475788343844,2.1604475788343844,2.1604475788343844,-2.1604475788343844,2.0600051879882812,1.5812999725341785,66.55999755859375,64.93004371643066,65.23640365600586,65.54276359558105,1.0,1.0,1.0,64.93004371643066,65.23640365600586,65.54276359558105,66.19000244140625,66.19000244140625,66.19000244140625,1.940486488008871,1.4617586684096688,0.987506187286917
2017-02-27,66.27999877929688,67.66000366210938,65.5999984741211,67.62000274658203,67.62000274658203,1292000,2.1604475788343844,1.3714540566196927,0.977673297762669,0.9897630604699789,2.0457633785579676,67.2260009765625,67.05400085449219,64.28233337402344,59.38983338673909,57.41990016937256,67.1265474706301,66.80481713896552,64.15742744111921,61.20565793048496,59.141202608946955,66.59874433032239,64.69695409951869,1.901790230803698,2.1499930572798807,-2.247861891040471,-2.247861891040471,-2.247861891040471,-2.247861891040471,2.247861891040471,-2.247861891040471,-2.247861891040471,-2.247861891040471,2.247861891040471,1.7699966430664062,1.5947996139526357,67.66000366210938,63.081137619018556,63.39739761352539,63.71365760803223,,,,,,,,,,0.0,0.0,0.0
2017-02-28,67.61000061035156,67.69999694824219,65.93000030517578,66.0999984741211,66.0999984741211,1317500,-2.247861891040471,1.6833275903357925,1.24244669339313,1.126878515029975,2.058058186705242,66.93200073242187,67.01100082397461,64.53333333333333,59.60133336385091,57.538400154113766,66.78436447179377,66.67666829081199,64.2827546045387,61.36612811224352,59.279000546871195,66.52201419859911,64.8008833124522,1.7211308861469092,2.0642206230532865,-2.6475038432643005,2.6475038432643005,2.6475038432643005,2.6475038432643005,-2.6475038432643005,2.6475038432643005,2.6475038432643005,2.6475038432643005,-2.6475038432643005,1.7699966430664062,1.6262994766235344,67.69999694824219,64.15144451141357,64.4704044342041,64.78936435699462,,,,,,,,,,0.0,0.0,0.0
2017-03-01,66.5,68.0,66.2300033569336,67.8499984741211,67.8499984741211,1354800,2.6475038432643005,2.190832034320821,1.5067153508274986,1.2551627813659223,1.8810175245830538,66.99199981689453,67.1520004272461,64.88633333841959,59.898333358764646,57.67190013885498,67.13957580590288,66.89000105141363,64.51289937031821,61.57871402574771,59.44872327810386,66.72631947175634,65.02674369479804,1.699575776958298,1.9912916538342889,2.5644773808406054,-2.5644773808406054,-2.5644773808406054,-2.5644773808406054,2.5644773808406054,-2.5644773808406054,-2.5644773808406054,-2.5644773808406054,2.5644773808406054,1.9900054931640625,1.5942996978759758,68.0,64.12213809967041,64.44739799499511,64.77265789031982,,,,,,,,,,0.0,0.0,0.0
2017-03-02,68.01000213623047,68.05000305175781,66.05999755859375,66.11000061035156,66.11000061035156,1202600,-2.5644773808406054,2.5055302003387427,1.702089197750478,1.4049794023833808,1.921560517249313,66.77400054931641,67.04600067138672,65.11766675313314,60.157833353678384,57.77960014343262,66.79638407405244,66.74818278940235,64.61593815999778,61.72728079901341,59.58062975993055,66.63150118538638,65.106984947802,1.524516237584379,1.897936570584307,-0.15126073695034256,0.15126073695034256,0.15126073695034256,0.15126073695034256,-0.15126073695034256,0.15126073695034256,0.15126073695034256,0.15126073695034256,-0.15126073695034256,1.0500030517578125,1.4182996749877925,68.05000305175781,64.49254066467286,64.81140060424805,65.13026054382324,,,,,,,,,,0.0,0.0,0.0
2017-03-03,66.19000244140625,66.81999969482422,65.7699966430664,66.20999908447266,66.20999908447266,921500,0.15126073695034256,2.4147879379239225,1.7044227947235402,1.3249057659273176,1.8701678219613695,66.77799987792969,66.95200042724609,65.38100001017253,60.38666667938232,57.87530014038086,66.60092241085918,66.65033120668785,64.71878080028648,61.87425516902846,59.711904400020494,66.56665470832273,65.1886896986665,1.3779650096562364,1.793942258398693,-0.3171712541556348,0.3171712541556348,0.3171712541556348,0.3171712541556348,-0.3171712541556348,-0.3171712541556348,0.3171712541556348,0.3171712541556348,-0.3171712541556348,1.029998779296875,1.4062997817993161,66.81999969482422,64.92974376678467,65.21340370178223,65.49706363677979,,,,,,,,,,0.0,0.0,0.0
2017-03-06,65.87999725341797,66.58999633789062,65.55999755859375,66.41999816894531,66.41999816894531,1712100,0.3171712541556348,2.132288934958165,1.7102148988022599,1.3139116692742627,1.8386258950242513,66.53799896240234,66.88199996948242,65.56099993387858,60.59266662597656,57.97930011749268,66.54061433022123,66.60845247255284,64.8285367595548,62.02329592312409,59.8447379399992,66.54409216380313,65.27989773350197,1.2641944303011599,1.6879926927791864,-0.707620044655277,0.707620044655277,0.707620044655277,0.707620044655277,-0.707620044655277,-0.707620044655277,0.707620044655277,0.707620044655277,-0.707620044655277,1.410003662109375,1.4243000030517579,66.58999633789062,63.72614017486572,64.00740013122558,64.28866008758546,,,,,,,,,,0.0,0.0,0.0
2017-03-07,66.2300033569336,67.37000274658203,65.95999908447266,66.88999938964844,66.88999938964844,1676300,0.707620044655277,1.863663639624071,1.7120952588079095,1.3154501787020818,1.8266557445615983,66.69599914550781,66.81399993896484,65.72899996439615,60.788499959309895,58.09300010681152,66.65707601669698,66.65964282111567,64.9615343485931,62.18285997120685,59.98424806771502,66.59730866008702,65.39916452284615,1.1981441372408739,1.5900229816715241,0.7325427840344111,-0.7325427840344111,-0.7325427840344111,-0.7325427840344111,0.7325427840344111,0.7325427840344111,-0.7325427840344111,-0.7325427840344111,0.7325427840344111,1.3820037841796875,1.450400161743164,67.37000274658203,63.45653633117676,63.74139633178711,64.02625633239747,,,,,,,,,,0.0,0.0,0.0
2017-03-08,66.5999984741211,67.37000274658203,65.98799896240234,66.4000015258789,66.4000015258789,1239800,-0.7325427840344111,1.3074465141014435,1.723825743678866,1.327764523894636,1.7330878674956383,66.40599975585937,66.69899978637696,65.85900001525879,60.93166662851969,58.204900131225585,66.57138451975763,66.6124353128908,65.05433868261154,62.32112690742561,60.11129269064896,66.5669537163627,65.47330059714487,1.0936531192178336,1.490749009180786,-0.3765060154442381,0.3765060154442381,0.3765060154442381,0.3765060154442381,-0.3765060154442381,-0.3765060154442381,0.3765060154442381,0.3765060154442381,-0.3765060154442381,1.6200027465820312,1.4464004516601563,67.37000274658203,64.17912239074707,64.46920242309571,64.75928245544434,,,,,,,,,,0.0,0.0,0.0
2017-03-09,66.29000091552734,67.12000274658203,65.5,66.6500015258789,66.6500015258789,821900,0.3765060154442381,0.5403920440363658,1.7262832989836387,1.234373664619547,1.70057360398723,66.51399993896484,66.64400024414063,65.94600003560384,61.1011666615804,58.34230014801025,66.59759018846472,66.61926553343409,65.15728467249977,62.46305722278473,60.2407720735248,66.57973030244213,65.56046362890295,1.0192666735391782,1.3964525420524645,-0.6901711537006454,0.6901711537006454,0.6901711537006454,0.6901711537006454,-0.6901711537006454,-0.6901711537006454,0.6901711537006454,0.6901711537006454,-0.6901711537006454,1.029998779296875,1.4564002990722655,67.12000274658203,64.18792175292968,64.47720184326172,64.76648193359375,,,,,,,,,,0.0,0.0,0.0
2017-03-10,66.8499984741211,67.63999938964844,66.61000061035156,67.11000061035156,67.11000061035156,1012500,0.6901711537006454,0.5887911048672986,1.661940305100794,1.2428445529934478,1.6456567580274677,66.69400024414062,66.73600006103516,66.0716667175293,61.30649998982747,58.48340015411377,66.768393662427,66.70849009287362,65.28326634590957,62.61541602237708,60.37679640098671,66.66131034981281,65.67524414604729,0.9860662037655175,1.3143752743950752,-0.8493513479961101,0.8493513479961101,0.8493513479961101,0.8493513479961101,-0.8493513479961101,0.8493513479961101,0.8493513479961101,0.8493513479961101,-0.8493513479961101,0.68499755859375,1.4486503601074219,67.63999938964844,63.91592208862305,64.2072021484375,64.49848220825196,,,,,,,,,,0.0,0.0,0.0
2017-03-13,67.12999725341797,67.79000091552734,67.1050033569336,67.68000030517578,67.68000030517578,872600,0.8493513479961101,0.6445113573302937,1.5324354691672875,1.2547191749023021,1.6461614567327836,66.94600067138671,66.74199981689453,66.20600001017253,61.52150001525879,58.633700141906736,67.07226254334327,66.88512831329218,65.43789434328158,62.7814679660754,60.52141430007956,66.81803188140711,65.82374460227902,0.9942872791280877,1.2503576753416776,0.2511793265052808,0.2511793265052808,0.2511793265052808,0.2511793265052808,-0.2511793265052808,0.2511793265052808,0.2511793265052808,0.2511793265052808,-0.2511793265052808,1.3799972534179688,1.4626502990722656,67.79000091552734,64.45296859741211,64.7426986694336,65.03242874145508,,,,,,,,,,0.0,0.0,0.0
2017-03-14,67.44999694824219,68.18000030517578,66.80000305175781,67.8499984741211,67.8499984741211,1298500,0.2511793265052808,0.6179700500953295,1.3090963652646483,1.2534604412649073,1.6121982873682703,67.13800048828125,66.91699981689453,66.32466659545898,61.759166653951006,58.77630012512207,67.33150785360255,67.06055925162471,65.59351396462607,62.94764929420804,60.66653477877345,66.97679597259388,65.97383748167472,1.0029584909191556,1.2008778384571732,1.6212210742210231,1.6212210742210231,1.6212210742210231,1.6212210742210231,-1.6212210742210231,1.6212210742210231,1.6212210742210231,1.6212210742210231,-1.6212210742210231,1.6300048828125,1.4979007720947266,68.18000030517578,64.57217025756836,64.86470031738281,65.15723037719727,,,,,,,,,,0.0,0.0,0.0
2017-03-15,68.33999633789062,69.12000274658203,67.48999786376953,68.94999694824219,68.94999694824219,1616000,1.6212210742210231,0.5386327148030383,1.129909716189517,1.2964807300247225,1.5535912724179357,67.6479995727539,67.02699966430664,66.4826665242513,61.980166625976565,58.92230010986328,67.87100421848243,67.40409337828243,65.81006125389163,63.14444757794686,60.83056373262432,67.28036535346284,66.1942937384575,1.0860716150053378,1.1779165937668061,-1.0587320664960131,-1.0587320664960131,-1.0587320664960131,-1.0587320664960131,1.0587320664960131,-1.0587320664960131,-1.0587320664960131,-1.0587320664960131,1.0587320664960131,1.9300003051757812,1.531000518798828,69.12000274658203,64.88461860656739,65.18419876098633,65.48377891540527,,,,,,,,,,0.0,0.0,0.0
2017-03-16,68.70999908447266,69.04000091552734,67.11000061035156,68.22000122070312,68.22000122070312,2005900,-1.0587320664960131,0.9877493262303468,0.7678072604912887,1.306917514559716,1.5390380126060934,67.96199951171874,67.2379997253418,66.60499979654948,62.2056666692098,59.05570011138916,67.987336552556,67.55244025872256,65.96554125175044,63.310859172791325,60.97688922743776,67.42492471765365,66.34434614454977,1.0805785731038782,1.1584489896342207,-1.172681086840894,-1.172681086840894,-1.172681086840894,-1.172681086840894,1.172681086840894,-1.172681086840894,-1.172681086840894,-1.172681086840894,1.172681086840894,0.9949951171875,1.5152503967285156,69.04000091552734,65.75180160522461,66.05800170898438,66.36420181274414,,,,,,,,,,0.0,0.0,0.0
2017-03-17,68.33999633789062,68.33999633789062,67.34500122070312,67.41999816894531,67.41999816894531,2264400,-1.172681086840894,1.2104601057388422,0.9020346682215279,1.336876242545709,1.5460999387877514,68.0239990234375,67.35899963378907,66.74066645304362,62.40516662597656,59.18290008544922,67.7982237580191,67.52835987876306,66.05937718189205,63.44558504151768,61.10447554311117,67.42416678708314,66.42402407228278,1.0001427148003614,1.1267877346674489,0.2373237414044831,0.2373237414044831,0.2373237414044831,0.2373237414044831,-0.2373237414044831,0.2373237414044831,0.2373237414044831,0.2373237414044831,-0.2373237414044831,1.4899978637695312,1.5027503967285156,68.33999633789062,65.70645004272461,66.0095001220703,66.31255020141602,,,,,,,,,,0.0,0.0,0.0
2017-03-20,67.19999694824219,67.98999786376953,66.5,67.58000183105469,67.58000183105469,1040300,0.2373237414044831,1.1446510670033718,0.901086881119342,1.337550131828227,1.5315196912852937,68.00399932861328,67.475,66.86133321126302,62.61916662851969,59.28580009460449,67.72548311569764,67.53774932463426,66.15748199796705,63.58113969035496,61.23270378643678,67.4481414092326,66.50965205441403,0.9384893548185715,1.0891280586976735,-3.033446280280782,-3.033446280280782,-3.033446280280782,-3.033446280280782,3.033446280280782,-3.033446280280782,-3.033446280280782,-3.033446280280782,3.033446280280782,2.509002685546875,1.5732006072998046,67.98999786376953,65.0339454650879,65.3344955444336,65.63504562377929,,,,,,,,,,0.0,0.0,0.0
2017-03-21,67.80000305175781,67.8489990234375,65.33999633789062,65.52999877929688,65.52999877929688,1983400,-3.033446280280782,1.7365177316826996,1.330540060984033,1.4933916338753113,1.592958448237997,67.53999938964844,67.33899993896485,66.90033315022787,62.794833246866865,59.37780006408691,66.99365500356406,67.17270377093655,66.11699920966575,63.64503670966453,61.317798736790444,67.15304254308865,66.4370851451461,0.715957397942546,1.0144939265466482,1.5260186458540475,1.5260186458540475,1.5260186458540475,1.5260186458540475,-1.5260186458540475,-1.5260186458540475,1.5260186458540475,1.5260186458540475,-1.5260186458540475,2.0999984741210938,1.6060504913330078,67.8489990234375,64.52895652770997,64.84359664916992,65.15823677062988,,,,,,,,,,0.0,0.0,0.0
2017-03-22,65.44999694824219,66.88999938964844,64.79000091552734,66.52999877929688,66.52999877929688,1377500,1.5260186458540475,1.7051995481431388,1.4183579715019752,1.5393859089338218,1.6006555709245522,67.05599975585938,67.35199966430665,66.9596664428711,62.98533325195312,59.47660003662109,66.83910292880833,67.05584831791116,66.14364434319035,63.739625629980345,61.421010618820276,67.05718965635145,66.44396763656468,0.6132220197867753,0.9342395451946737,-0.45092899032363865,0.45092899032363865,0.45092899032363865,0.45092899032363865,-0.45092899032363865,-0.45092899032363865,0.45092899032363865,0.45092899032363865,-0.45092899032363865,1.2099990844726562,1.571050262451172,66.88999938964844,64.31568794250488,64.63689804077148,64.95810813903809,,,1.0,,,64.95810813903809,,,66.52999877929688,0.0,0.0,2.4198528640862955
2017-03-23,66.44999694824219,67.4000015258789,66.19000244140625,66.83000183105469,66.83000183105469,945800,0.45092899032363865,1.7586835723214616,1.4205792929348389,1.5396151607224806,1.5996392713789367,66.77799987792969,67.36999969482422,66.98066660563151,63.173666636149086,59.58900005340576,66.83606922955713,67.01478532030089,66.18792547143966,63.840949439851634,61.528119355696205,67.02223768322888,66.47256276208246,0.5496749211464191,0.8573266203850228,-1.2120268388461406,1.2120268388461406,1.2120268388461406,1.2120268388461406,-1.2120268388461406,-1.2120268388461406,1.2120268388461406,1.2120268388461406,-1.2120268388461406,0.899993896484375,1.4970500946044922,67.4000015258789,63.43368881225586,63.74789886474609,64.06210891723633,,,,,,,,,,0.0,0.0,0.0
2017-03-24,67.33000183105469,68.12999725341797,67.2300033569336,67.63999938964844,67.63999938964844,899800,1.2120268388461406,1.818538649900549,1.4564086850096003,1.5212171123972658,1.603220234662166,66.8220001220703,67.42299957275391,67.0259999593099,63.37533327738444,59.72360004425049,67.10404594958757,67.1284606056368,66.2816076597112,63.96550845459907,61.64914668310119,67.11727794575496,66.55903954930957,0.5582383964453896,0.7975089755970962,-1.0792480241289193,1.0792480241289193,1.0792480241289193,1.0792480241289193,-1.0792480241289193,-1.0792480241289193,1.0792480241289193,1.0792480241289193,-1.0792480241289193,2.25,1.5065498352050781,68.12999725341797,64.10649131774902,64.40590133666993,64.70531135559082,,,,,,,,,,0.0,0.0,0.0
2017-03-27,66.95999908447266,68.41999816894531,66.16999816894531,68.37000274658203,68.37000274658203,1069800,1.0792480241289193,1.8750144726567461,1.4714928603858182,1.4629641663091957,1.5872551511737032,66.98000030517578,67.49199981689453,67.09600016276042,63.603166643778486,59.85080005645752,67.52603154858573,67.35419554035411,66.4163428266061,64.10991810351653,61.78223294178398,67.3100048381899,66.69318497132976,0.6168198668601406,0.7613711538497051,0.17551958718917918,-0.17551958718917918,-0.17551958718917918,-0.17551958718917918,0.17551958718917918,-0.17551958718917918,-0.17551958718917918,-0.17551958718917918,0.17551958718917918,1.141998291015625,1.475149917602539,68.41999816894531,64.81558761596679,65.11689758300781,65.41820755004883,,,,,,,,,,0.0,0.0,0.0
2017-03-28,68.11000061035156,68.83999633789062,67.697998046875,68.25,68.25,949500,-0.17551958718917918,0.6794517859727264,1.4731719609626246,1.3602862322397753,1.5581923681930734,67.52400054931641,67.53199996948243,67.15333353678385,63.84716663360596,59.97320007324219,67.76735436572383,67.51706907847155,66.53464328940571,64.24565849356517,61.91030753699618,67.45461947846837,66.80850460308311,0.6461148753852655,0.7383198981568173,0.5860828218005952,-0.5860828218005952,-0.5860828218005952,-0.5860828218005952,0.5860828218005952,-0.5860828218005952,-0.5860828218005952,-0.5860828218005952,0.5860828218005952,0.964996337890625,1.43489990234375,68.83999633789062,65.17466835021973,65.46969833374024,65.76472831726075,,,,,,,,,,0.0,0.0,0.0
2017-03-29,68.12000274658203,68.36499786376953,67.4000015258789,67.8499984741211,67.8499984741211,1078900,-0.5860828218005952,0.7789201007229384,1.3769148446098893,1.2367529920785718,1.5404387094564391,67.78800048828126,67.42200012207032,67.20033340454101,64.09916661580404,60.09110004425049,67.79490240185626,67.57760169586237,66.61950491422606,64.36383357489487,62.02792517931548,67.5154470162611,66.88565229723407,0.6297947190270321,0.7166148623308602,1.812827390707656,1.812827390707656,1.812827390707656,1.812827390707656,-1.812827390707656,1.812827390707656,1.812827390707656,1.812827390707656,-1.812827390707656,1.8700027465820312,1.4288997650146484,68.36499786376953,65.68321655273438,65.97019653320312,66.25717651367188,,,,,,,,,,0.0,0.0,0.0
2017-03-30,68.01000213623047,69.70999908447266,67.83999633789062,69.08000183105469,69.08000183105469,1596300,1.812827390707656,1.0074680716171371,1.463533566716235,1.1413107208472426,1.5506137526576442,68.23800048828124,67.50800018310547,67.264000193278,64.36883328755697,60.21450004577637,68.22326887825574,67.85076535680642,66.77824665079565,64.51846204230993,62.16757026152814,67.75614775699859,67.04819670714672,0.7079510498518715,0.7148820998350626,-0.7527565991278988,-0.7527565991278988,-0.7527565991278988,-0.7527565991278988,0.7527565991278988,-0.7527565991278988,-0.7527565991278988,-0.7527565991278988,0.7527565991278988,0.6200027465820312,1.4073997497558595,69.70999908447266,65.2214183807373,65.50719833374023,65.79297828674316,,,,,,,,,,0.0,0.0,0.0
2017-03-31,69.16000366210938,69.16000366210938,68.54000091552734,68.55999755859375,68.55999755859375,1060700,-0.7527565991278988,1.119424142544396,1.427420701471825,1.1621458660937072,1.5204657970618014,68.42200012207032,67.62200012207032,67.31100006103516,64.60299994150797,60.38930000305176,68.33551177170175,67.97971666622229,66.8931983222665,64.65097140349957,62.294152980281915,67.879816957244,67.16018195540205,0.7196350018419508,0.7158326802364403,-0.7438659932857764,-0.7438659932857764,-0.7438659932857764,-0.7438659932857764,0.7438659932857764,-0.7438659932857764,-0.7438659932857764,-0.7438659932857764,-0.7438659932857764,1.8600006103515625,1.4488998413085938,69.16000366210938,66.61371963500977,66.89519958496093,67.17667953491211,,,,,,,,,,0.0,0.0,0.0
2017-04-03,68.55999755859375,68.91999816894531,67.05999755859375,68.05000305175781,68.05000305175781,1484900,-0.7438659932857764,1.0886857507072079,1.4562494503810934,1.1796878267071464,1.4923058376472422,68.35800018310547,67.66900024414062,67.34200007120768,64.84783331553142,60.565100021362305,68.24034219838711,67.99249600904693,66.96783088545949,64.7624150640982,62.40813020942005,67.90599943332305,67.22609462920619,0.6799048041168589,0.708647105012524,0.3967621321942496,0.3967621321942496,0.3967621321942496,0.3967621321942496,-0.3967621321942496,0.3967621321942496,0.3967621321942496,0.3967621321942496,-0.3967621321942496,1.4399948120117188,1.450399398803711,68.91999816894531,65.97242401123047,66.26220397949218,66.55198394775391,,,,,,,,,,0.0,0.0,0.0
2017-04-04,67.58000183105469,68.55999755859375,67.12000274658203,68.31999969482422,68.31999969482422,1155800,0.3967621321942496,1.107250605118727,0.9616771464495967,1.1736808633269589,1.4907440143798207,68.37200012207032,67.94800033569337,67.36700007120768,65.08883330027263,60.73870002746582,68.26689469719949,68.0520421337337,67.05506758283786,64.8790571831384,62.5251969319033,67.9696917812463,67.30712463406678,0.6625671471795158,0.6994311134459225,0.40983428066099237,0.40983428066099237,0.40983428066099237,0.40983428066099237,-0.40983428066099237,0.40983428066099237,0.40983428066099237,0.40983428066099237,-0.40983428066099237,1.4500045776367188,1.4537994384765625,68.55999755859375,65.72911949157715,66.01919937133789,66.30927925109863,,,,,,,,,,0.0,0.0,0.0
2017-04-05,68.41999816894531,69.87000274658203,68.41999816894531,68.5999984741211,68.5999984741211,1760300,0.40983428066099237,1.0582497433491505,0.8806574749984609,1.1580906093345502,1.4890648558910096,68.52200012207031,68.15500030517578,67.4019999186198,65.3259999593099,60.906900024414064,68.3779292895067,68.15167055925869,67.15474054356582,65.00105525825259,62.6454900317492,68.06666204168857,67.4028930666634,0.6637689750251781,0.6922986857617736,1.0058344850642364,1.0058344850642364,1.0058344850642364,1.0058344850642364,-1.0058344850642364,1.0058344850642364,1.0058344850642364,1.0058344850642364,-1.0058344850642364,1.1700057983398438,1.431299591064453,69.87000274658203,65.36163879394532,65.65239868164062,65.94315856933594,,,,,,,,,,0.0,0.0,0.0
2017-04-06,68.52999877929688,69.41000366210938,68.23999786376953,69.29000091552734,69.29000091552734,1259600,1.0058344850642364,0.7805638146277701,0.9075714421511911,1.1724711801960253,1.4258268003651442,68.56399993896484,68.40100021362305,67.4716667175293,65.5408332824707,61.08420001983642,68.68195316484692,68.3586397149439,67.29249927724076,65.14167642734357,62.777064504695296,68.25486802227915,67.54267883324592,0.7121891890332392,0.6962767864160667,2.9441490670700734,2.9441490670700734,2.9441490670700734,2.9441490670700734,-2.9441490670700734,2.9441490670700734,2.9441490670700734,2.9441490670700734,2.9441490670700734,2.6050033569335938,1.510049819946289,69.41000366210938,66.72114364624024,67.00740356445313,67.29366348266602,,,,,,,,,,0.0,0.0,0.0
2017-04-07,69.36000061035156,71.91000366210938,69.30500030517578,71.33000183105469,71.33000183105469,2905900,2.9441490670700734,1.3544429666700588,1.2039207181464606,1.3208992696774229,1.4639581410345412,69.11800079345703,68.77000045776367,67.64300003051758,65.7829999923706,61.26230003356934,69.56463605358284,68.89888737241859,67.5529833129707,65.34457234221934,62.94642960026677,68.72796553132154,67.82322127752805,0.9047442537934955,0.7379702798915525,-0.967338320052932,-0.967338320052932,-0.967338320052932,-0.967338320052932,0.967338320052932,-0.967338320052932,-0.967338320052932,-0.967338320052932,-0.967338320052932,1.7999954223632812,1.5657997131347656,71.91000366210938,66.08789405822753,66.3899040222168,66.69191398620606,,,,,,,,,,0.0,0.0,0.0
2017-04-10,71.22000122070312,72.41999816894531,70.62000274658203,70.63999938964844,70.63999938964844,1885600,-0.967338320052932,1.4203145817318688,1.273810454329261,1.3443795792011888,1.4739044035903006,69.63600006103516,68.99700012207032,67.74366658528646,66.01299997965495,61.441300010681154,69.92309049893805,69.2154531937331,67.7521456404983,65.51819290115144,63.098777516888184,69.02212458644877,68.03187150805549,0.9902530783932804,0.7884268395918982,-0.622880018697633,-0.622880018697633,-0.622880018697633,-0.622880018697633,0.622880018697633,-0.622880018697633,-0.622880018697633,-0.622880018697633,-0.622880018697633,1.8600006103515625,1.5897998809814453,72.41999816894531,68.46524429321289,68.77840423583984,69.0915641784668,,,,,,,,,,0.0,0.0,0.0
2017-04-11,69.76000213623047,70.2300033569336,68.37000274658203,70.19999694824219,70.19999694824219,2242900,-0.622880018697633,1.5521974382896617,1.3012676563291579,1.3575524478278422,1.4368673041560718,70.01199951171876,69.19199981689454,67.8803332010905,66.20683326721192,61.600299987792965,70.0153926487061,69.39446114909839,67.9100715313205,65.67169467318719,63.23939572344965,69.20333571903237,68.19247339251376,1.0108623265186054,0.8329139369772397,-2.0512747501590542,-2.0512747501590542,-2.0512747501590542,-2.0512747501590542,2.0512747501590542,-2.0512747501590542,-2.0512747501590542,-2.0512747501590542,-2.0512747501590542,1.8199996948242188,1.5992996215820312,70.2300033569336,68.92243843078613,69.24039840698242,69.55835838317871,1.0,1.0,1.0,68.92243843078613,69.24039840698242,69.55835838317871,70.19999694824219,70.19999694824219,70.19999694824219,1.85361769917502,1.3858940204523673,0.9224463888708464
2017-04-12,70.2300033569336,70.44000244140625,68.62000274658203,68.76000213623047,68.76000213623047,1373600,-2.0512747501590542,1.9488544398613756,1.4809161874282157,1.3999406299741233,1.4314827492780902,70.04400024414062,69.28300018310547,67.91066665649414,66.39849999745687,61.743899993896484,69.59692914454756,69.27910496494059,67.96490576389535,65.77295065558205,63.348714662316596,69.13513055244746,68.234512558715,0.9006179937324674,0.8464547483282854,-0.4072117082575544,-0.4072117082575544,-0.4072117082575544,-0.4072117082575544,0.4072117082575544,-0.4072117082575544,-0.4072117082575544,-0.4072117082575544,-0.4072117082575544,1.4350051879882812,1.5745498657226562,70.44000244140625,66.71154418945312,67.03140411376953,67.35126403808594,,,,,,,,,,0.0,0.0,0.0
2017-04-13,68.37999725341797,69.55000305175781,68.11499786376953,68.4800033569336,68.4800033569336,2031300,-0.4072117082575544,1.8789144123714918,1.3646383464842606,1.3815773710318133,1.3782021887088605,69.88200073242187,69.22300033569336,67.98966674804687,66.55366675059001,61.873200035095216,69.22462054867624,69.13381376348477,67.99813786667201,65.86170648185588,63.45032433943772,69.03434175313764,68.25269706228674,0.7816446908508965,0.8334927368328077,0.8615600306200742,0.8615600306200742,0.8615600306200742,0.8615600306200742,-0.8615600306200742,0.8615600306200742,0.8615600306200742,0.8615600306200742,-0.8615600306200742,0.7000045776367188,1.5598003387451171,69.55000305175781,66.97599273681641,67.29090270996093,67.60581268310547,,,,,,,,,,0.0,0.0,0.0
2017-04-17,68.5199966430664,69.22000122070312,68.5199966430664,69.06999969482422,69.06999969482422,939800,0.8615600306200742,1.0497594668415793,1.371529532951311,1.3632827879258993,1.3619247193668567,69.43000030517578,69.27400054931641,68.08500010172526,66.73300005594889,62.01110004425049,69.17308026405891,69.12221120554648,68.06729024268184,65.96689642326467,63.56160503954438,69.03982759032019,68.31323799803026,0.7265895922899261,0.8121121079242314,0.6804708596782355,0.6804708596782355,0.6804708596782355,0.6804708596782355,-0.6804708596782355,0.6804708596782355,0.6804708596782355,0.6804708596782355,-0.6804708596782355,1.0400009155273438,1.5373004913330077,69.22000122070312,66.11844230651856,66.43040237426757,66.7423624420166,,,,,,,,,,0.0,0.0,0.0
2017-04-18,68.83000183105469,69.62000274658203,68.58000183105469,69.54000091552734,69.54000091552734,1005400,0.6804708596782355,1.1718515756208847,1.3499585194012635,1.3687126339846671,1.2374858716490904,69.21000061035156,69.42300033569336,68.18900019327799,66.87500006357828,62.157000045776364,69.29538714788173,69.19817297099753,68.16230383447832,66.0840473902241,63.67998911629652,69.11677733265975,68.40410932525226,0.7126680074074869,0.7922232878208826,-0.6471051802096098,0.6471051802096098,0.6471051802096098,0.6471051802096098,-0.6471051802096098,0.6471051802096098,0.6471051802096098,0.6471051802096098,-0.6471051802096098,1.3400039672851562,1.4788505554199218,69.62000274658203,65.83794013977051,66.14540023803711,66.45286033630371,,,,,,,,,,0.0,0.0,0.0
2017-04-19,70.0999984741211,71.19000244140625,69.8499984741211,69.98999786376953,69.98999786376953,947400,0.6471051802096098,1.2230199243242346,1.355806448387849,1.1474253255981426,1.2298048042971952,69.16800079345703,69.59000015258789,68.29233347574869,67.01066672007242,62.30390003204346,69.52692405317767,69.34214113331971,68.28021957830357,66.2121113401764,63.80493978456331,69.2511189528305,68.52158255032762,0.7295364025028732,0.7796859107572808,-1.4859279143737514,1.4859279143737514,1.4859279143737514,1.4859279143737514,-1.4859279143737514,1.4859279143737514,1.4859279143737514,1.4859279143737514,-1.4859279143737514,1.339996337890625,1.4408504486083984,71.19000244140625,66.3665315246582,66.66230163574218,66.95807174682618,,,,,,,,,,0.0,0.0,0.0
2017-04-20,70.61000061035156,71.33999633789062,70.0,71.02999877929688,71.02999877929688,867100,1.4859279143737514,0.6822944439860787,1.4114617945987515,1.1452699403499527,1.2360901117006182,69.62200012207032,69.83300018310547,68.4466667175293,67.15283336639405,62.46810001373291,70.02794896188408,69.6490243416792,68.45762468804509,66.37007486277051,63.94801025970654,69.52479277228686,68.7073911598809,0.8174016124059591,0.7872290510870165,1.2248277236928202,-1.2248277236928202,-1.2248277236928202,-1.2248277236928202,1.2248277236928202,-1.2248277236928202,-1.2248277236928202,-1.2248277236928202,-1.2248277236928202,0.7600021362304688,1.418350601196289,71.33999633789062,68.02013145446777,68.30830154418945,68.59647163391114,,,,,,,,,,0.0,0.0,0.0
2017-04-21,70.88999938964844,70.9000015258789,70.13999938964844,70.16000366210938,70.16000366210938,1248500,-1.2248277236928202,1.0163076015410062,1.4725811296269493,1.1964210286628947,1.2141786129864882,69.95800018310547,69.92000045776368,68.56366678873698,67.25483341217041,62.62070003509521,70.07196719529252,69.7419296726665,68.56745558959763,66.49433482340457,64.07102003005116,69.62251752456724,68.8149920859719,0.8075254385953485,0.7912883285886829,1.1117427858945812,1.1117427858945812,1.1117427858945812,1.1117427858945812,-1.1117427858945812,1.1117427858945812,1.1117427858945812,1.1117427858945812,1.1117427858945812,0.8100051879882812,1.4138511657714843,70.9000015258789,68.21962501525879,68.50329513549805,68.7869652557373,,,,,,,,,,0.0,0.0,0.0
2017-04-24,71.31999969482422,71.6500015258789,70.83999633789062,70.94000244140625,70.94000244140625,816000,1.1117427858945812,1.04492701583176,1.1662766184389237,1.1923811741446875,1.2089806695618723,70.33200073242188,69.88100051879883,68.6913335164388,67.38150011698404,62.781500053405765,70.36131227733043,69.95976108516463,68.72052312842399,66.64009441743741,64.20703948374135,69.82520751177324,68.97240026044852,0.8528072513247196,0.8035921131358903,0.5215606208825577,0.5215606208825577,0.5215606208825577,0.5215606208825577,-0.5215606208825577,0.5215606208825577,0.5215606208825577,0.5215606208825577,0.5215606208825577,0.5889968872070312,1.330801010131836,71.6500015258789,67.78952896118165,68.07229919433594,68.35506942749024,,,,,,,,,,0.0,0.0,0.0
2017-04-25,71.45999908447266,71.7699966430664,71.18099975585938,71.30999755859375,71.30999755859375,1351300,0.5215606208825577,1.0420021549338856,1.1304545544652878,1.1782872555751909,1.2091198705244899,70.68600006103516,69.94800033569337,68.81233342488606,67.5091667175293,62.95180004119873,70.6775407044182,70.2052586257881,68.88758599488656,66.79320599583598,64.34769211888694,70.05363674974564,69.14555561586668,0.9080811338789516,0.8244899172845026,-0.4767863546920725,-0.4767863546920725,-0.4767863546920725,-0.4767863546920725,0.4767863546920725,-0.4767863546920725,-0.4767863546920725,-0.4767863546920725,-0.4767863546920725,1.2910003662109375,1.3382511138916016,71.7699966430664,68.72223930358886,68.98839950561523,69.2545597076416,,,,,,,,,,0.0,0.0,0.0
2017-04-26,71.30000305175781,71.5510025024414,70.26000213623047,70.97000122070312,70.97000122070312,1056800,-0.4767863546920725,1.1226731181992342,1.120975598960289,1.1854771935414727,1.2074577780854494,70.88200073242187,70.02500076293946,68.9163335164388,67.6205000559489,63.12740005493164,70.77502754317985,70.34430273395446,69.02193536429408,66.93015010156932,64.47882695258626,70.1946158991237,69.28069973474345,0.9139161643802538,0.842375166703653,0.21135905776925407,0.21135905776925407,0.21135905776925407,0.21135905776925407,-0.21135905776925407,0.21135905776925407,0.21135905776925407,0.21135905776925407,0.21135905776925407,0.8800048828125,1.3340015411376953,71.5510025024414,68.82584419250489,69.0934944152832,69.36114463806152,,,,,,,,,,0.0,0.0,0.0
2017-04-27,71.30000305175781,71.6500015258789,70.7699966430664,71.12000274658203,71.12000274658203,1395300,0.21135905776925407,0.9050007965653344,0.824260512735687,1.1708882348283602,1.2068382268241058,70.9000015258789,70.26100082397461,68.98866704305013,67.73566678365071,63.33830009460449,70.89001927764724,70.48533909988674,69.15729455024815,67.0675223194386,64.61033538415053,70.33698310642498,69.41694440228704,0.9200387041379372,0.8579078741905098,-4.3447748143312035,-4.3447748143312035,-4.3447748143312035,-4.3447748143312035,4.3447748143312035,-4.3447748143312035,-4.3447748143312035,-4.3447748143312035,-4.3447748143312035,2.7399978637695312,1.3775012969970704,71.6500015258789,68.61619911193847,68.88299942016602,69.14979972839356,,,,,,,,,,0.0,0.0,0.0
2017-04-28,70.33999633789062,70.3499984741211,67.61000061035156,68.02999877929688,68.02999877929688,2850000,-4.3447748143312035,2.172825257036862,1.698416986746597,1.4995640967496873,1.3395149436099045,70.4740005493164,70.21600036621093,68.98233362833659,67.79366671244303,63.51320007324219,69.93667911153045,70.03891358705222,69.08456579083195,67.09907892467984,64.67805149098511,69.98206244071297,69.31420768947297,0.6678547512400002,0.819897249600408,0.8525677516713343,0.8525677516713343,0.8525677516713343,0.8525677516713343,-0.8525677516713343,-0.8525677516713343,0.8525677516713343,0.8525677516713343,-0.8525677516713343,1.2299957275390625,1.4080009460449219,70.3499984741211,68.61949867248535,68.89499893188477,69.17049919128418,1.0,1.0,1.0,68.61949867248535,68.89499893188477,69.17049919128418,68.02999877929688,68.02999877929688,68.02999877929688,-0.8590851064099199,-1.2555340242375301,-1.6488248969164774
2017-05-01,68.26000213623047,68.94999694824219,67.72000122070312,68.61000061035156,68.61000061035156,1147800,0.8525677516713343,2.124472209194132,1.69788146319085,1.503814431340798,1.3179922717054082,70.00800018310547,70.17000045776368,69.02200037638346,67.88133341471354,63.67450008392334,69.49445294447082,69.7791112276521,69.05394868241386,67.14861734060351,64.75591186958643,69.77097600527274,69.26204420213064,0.5089318031421044,0.7577041603087473,0.39353486380847,-0.39353486380847,-0.39353486380847,-0.39353486380847,0.39353486380847,0.39353486380847,-0.39353486380847,-0.39353486380847,0.39353486380847,1.2299957275390625,1.376500701904297,68.94999694824219,67.25239639282226,67.53399658203125,67.81559677124024,,,1.0,,,67.81559677124024,,,68.61000061035156,0.0,0.0,1.1714176044060445
2017-05-02,68.52999877929688,68.52999877929688,67.30000305175781,68.33999633789062,68.33999633789062,1294300,-0.39353486380847,2.0361953702030338,1.6801664662460023,1.4965387945011908,1.3152967375543927,69.41399993896485,70.05,69.04733352661133,67.95433336893717,63.81730003356934,69.10963407561076,69.51745397496819,69.00788724083172,67.18767894707193,64.82688383925581,69.55082528721395,69.19374436033509,0.35708092687886506,0.6775795136227709,0.42433904254107746,-0.42433904254107746,-0.42433904254107746,-0.42433904254107746,0.42433904254107746,0.42433904254107746,-0.42433904254107746,-0.42433904254107746,0.42433904254107746,0.94000244140625,1.3515010833740235,68.52999877929688,65.92169540405274,66.19699554443359,66.47229568481445,,,,,,,,,,0.0,0.0,0.0
2017-05-03,67.9000015258789,68.44000244140625,67.5,68.05000305175781,68.05000305175781,2257600,-0.42433904254107746,2.0386050169576224,1.6569121598178427,1.497268436089079,1.3154284319888605,68.83000030517579,69.85600051879882,69.13133366902669,68.01583340962728,63.94640007019043,68.75642373432645,69.25064471620267,68.94608826089147,67.21595186853705,64.89070798207764,69.31992955868225,69.10902278192195,0.21090677676029657,0.5842449662502761,1.5136022961057016,-1.5136022961057016,-1.5136022961057016,-1.5136022961057016,1.5136022961057016,1.5136022961057016,-1.5136022961057016,-1.5136022961057016,1.5136022961057016,3.5300064086914062,1.455501174926758,68.44000244140625,65.55669639587403,65.82699661254883,66.09729682922364,,,,,,,,,,0.0,0.0,0.0
2017-05-04,66.87000274658203,69.9800033569336,66.44999694824219,67.0199966430664,67.0199966430664,4479900,-1.5136022961057016,1.9651213592800165,1.5734993646068816,1.5303543374351016,1.3300313815685705,68.00999908447265,69.45500030517579,69.14766693115234,68.05366668701171,64.03850002288819,68.17761470390644,68.8450723392688,68.82182428554792,67.20952710704621,64.9328721139784,68.96609372551058,68.95428010496968,0.011813620540891634,0.46975869710839924,0.17904375290641583,-0.17904375290641583,-0.17904375290641583,-0.17904375290641583,0.17904375290641583,0.17904375290641583,-0.17904375290641583,-0.17904375290641583,0.17904375290641583,1.4699935913085938,1.4705005645751954,69.9800033569336,65.23789985656738,65.52900009155273,65.82010032653808,,,,,,,,,,0.0,0.0,0.0
2017-05-05,67.2699966430664,67.33999633789062,65.87000274658203,66.9000015258789,66.9000015258789,1637300,-0.17904375290641583,0.8418866547128367,1.559691313305197,1.507848369453289,1.2993475423187042,67.78399963378907,69.12900009155274,69.15000025431316,68.06533342997233,64.14270004272461,67.75174364456393,68.49142310047063,68.697835720408,67.19937872733581,64.97182517163981,68.6482333871057,68.80211132133333,-0.15387793422762286,0.34503137084119484,1.8684603460232552,1.8684603460232552,-1.8684603460232552,-1.8684603460232552,1.8684603460232552,1.8684603460232552,1.8684603460232552,-1.8684603460232552,1.8684603460232552,1.660003662109375,1.4232505798339843,67.33999633789062,66.74490211486817,67.0390022277832,67.33310234069825,1.0,1.0,1.0,66.74490211486817,67.0390022277832,67.2699966430664,66.9000015258789,66.9000015258789,66.9000015258789,0.2323764154209286,-0.20734303507680713,-0.5500150671192814
2017-05-08,66.83000183105469,67.05000305175781,65.38999938964844,65.6500015258789,65.6500015258789,1592300,-1.8684603460232552,0.7605971760673654,1.5091640242429356,1.3626724523519722,1.322065011558856,67.19199981689454,68.6,69.0836669921875,68.0548334757487,64.25130004882813,67.0511629383356,67.9748009959994,68.50120125624484,67.14857947482902,64.98525440637721,68.18696694691697,68.56862170685523,-0.38165475993825737,0.1996941446853044,-0.7768501513734595,-0.7768501513734595,0.7768501513734595,0.7768501513734595,-0.7768501513734595,-0.7768501513734595,-0.7768501513734595,0.7768501513734595,-0.7768501513734595,1.2399978637695312,1.3952507019042968,67.05000305175781,64.20884506225586,64.49349517822266,64.77814529418946,,,,,,,,,,0.0,0.0,0.0
2017-05-09,65.80999755859375,66.88999938964844,65.6500015258789,66.16000366210938,66.16000366210938,1797700,0.7768501513734595,1.065215433548238,1.5352143022584162,1.3804917923741962,1.3259332030886546,66.75600128173828,68.08500061035156,69.01000035603842,68.05300025939941,64.36510009765625,66.75410984626019,67.64483784438303,68.3501562501716,67.1161671531005,65.00851676787686,67.87512644156195,68.39020555539257,-0.5150791138306232,0.05673949298211889,-0.9522327970770288,-0.9522327970770288,0.9522327970770288,0.9522327970770288,-0.9522327970770288,-0.9522327970770288,-0.9522327970770288,0.9522327970770288,-0.9522327970770288,1.1450042724609375,1.3595008850097656,66.88999938964844,63.98045150756836,64.25950164794922,64.53855178833008,,,,,,,,,,0.0,0.0,0.0
2017-05-10,66.36000061035156,66.88500213623047,65.73999786376953,66.79000091552734,66.79000091552734,1102500,0.9522327970770288,1.2896873765222492,1.6258538942923217,1.4068536247283432,1.3306605366998472,66.50400085449219,67.66700057983398,68.96133371988932,68.0573336283366,64.49710010528564,66.76607353601591,67.48941294822745,68.24950106729132,67.10547317809811,65.04379368169171,67.70818405294123,68.27167187836552,-0.5634878254242892,-0.06730597069916272,-0.34435652700461794,-0.34435652700461794,0.34435652700461794,0.34435652700461794,-0.34435652700461794,-0.34435652700461794,-0.34435652700461794,0.34435652700461794,-0.34435652700461794,1.2300033569335938,1.3300010681152343,66.88500213623047,63.89909744262695,64.1709976196289,64.44289779663086,,,,,,,,,,0.0,0.0,0.0
2017-05-11,66.51000213623047,67.06999969482422,65.83999633789062,67.0199966430664,67.0199966430664,1507800,0.34435652700461794,1.134888879645695,1.6336905299430649,1.3450711519326262,1.3311814756847697,66.50400085449219,67.25699996948242,68.9336669921875,68.06700019836425,64.61040008544921,66.85071457169941,67.40406452910726,68.1701782012123,67.10267066875281,65.08292641360012,67.60230906680664,68.17895519426929,-0.5766461274626522,-0.16917400205186062,-1.1638413126839544,-1.1638413126839544,1.1638413126839544,1.1638413126839544,-1.1638413126839544,-1.1638413126839544,-1.1638413126839544,1.1638413126839544,-1.1638413126839544,0.983001708984375,1.307400894165039,67.06999969482422,63.95899978637695,64.225,64.49100021362305,,,,,,,,,,0.0,0.0,0.0
2017-05-12,66.87000274658203,67.81999969482422,66.83699798583984,67.80000305175781,67.80000305175781,1743000,1.1638413126839544,1.2348847780693166,1.046209533023515,1.3729605520450634,1.3320993069665976,66.68400115966797,67.23400039672852,68.89100036621093,68.07750027974447,64.7415001296997,67.16714406505221,67.47605335140736,68.14629593350556,67.12553402557265,65.13672991138542,67.6327235260299,68.15088466519437,-0.5181611391644623,-0.23897142947438094,-5.5162207897165665,-5.5162207897165665,5.5162207897165665,5.5162207897165665,-5.5162207897165665,-5.5162207897165665,-5.5162207897165665,5.5162207897165665,-5.5162207897165665,4.8679962158203125,1.5158004760742188,67.81999969482422,64.19371772766114,64.45519790649413,64.71667808532715,,,,,,,,,,0.0,0.0,0.0
2017-05-15,67.26000213623047,72.12799835205078,67.26000213623047,71.54000091552734,71.54000091552734,4529800,5.5162207897165665,2.12645745916276,2.0452526491675114,1.8467358141023706,1.5089566161250325,67.86200103759765,67.5270004272461,68.99033381144206,68.15066693623861,64.90240013122559,68.62476301521059,68.21495290852008,68.36524464202309,67.27027064491541,65.263527357012,68.23384312441412,68.40193031336717,-0.1680871889530522,-0.2247945813701152,4.612797567978555,-4.612797567978555,4.612797567978555,4.612797567978555,-4.612797567978555,4.612797567978555,-4.612797567978555,4.612797567978555,4.612797567978555,3.2549972534179688,1.62655029296875,72.12799835205078,64.48523864746093,64.78839874267578,65.09155883789063,,,,,,,,,,0.0,0.0,0.0
2017-05-16,71.7300033569336,74.91999816894531,71.66500091552734,74.83999633789062,74.83999633789062,3182700,4.612797567978555,2.3657770037481476,2.401021988763045,2.0942322242396854,1.6164761843936748,69.5979995727539,68.1770004272461,69.21666692097982,68.27933349609376,65.10340007781983,70.69650745610394,69.41950625931472,68.78297055788552,67.51845837255395,65.4531604061383,69.2501743880259,68.87882409296151,0.37135029506438855,-0.10556560608321446,-3.073216909283599,3.073216909283599,-3.073216909283599,-3.073216909283599,3.073216909283599,-3.073216909283599,-3.073216909283599,-3.073216909283599,-3.073216909283599,2.089996337890625,1.6640499114990235,74.91999816894531,68.54958770751954,68.87489776611328,69.20020782470704,,,,,,,,,,0.0,0.0,0.0
2017-05-17,73.77999877929688,74.58999633789062,72.5,72.54000091552734,72.54000091552734,2765300,-3.073216909283599,3.4625116112816707,2.69602278303293,2.2308291472742736,1.6691812974986273,70.74799957275391,68.62600021362304,69.35733362833659,68.36216684977214,65.27890007019043,71.31100527591175,69.98686892408064,69.02535961321726,67.68309911166783,65.59349388157173,69.75630154610305,69.15002237611453,0.6062791699885111,0.03680334913113065,4.149437687126044,-4.149437687126044,4.149437687126044,4.149437687126044,-4.149437687126044,4.149437687126044,4.149437687126044,4.149437687126044,4.149437687126044,4.230003356933594,1.8085502624511718,74.58999633789062,71.25908836364746,71.59189834594727,71.92470832824706,,,,,,,,,,0.0,0.0,0.0
2017-05-18,72.16000366210938,75.9800033569336,71.75,75.55000305175781,75.55000305175781,3399400,4.149437687126044,3.5044537687453317,2.7791285399036076,2.3856099147711594,1.7476687861658942,72.4540008544922,69.47900085449218,69.58900044759115,68.49550018310546,65.4834001159668,72.72400453452711,70.99834785638558,69.44630435118762,67.9410303883921,65.79065247900117,70.6476402392807,69.62409501875479,1.023545220525918,0.2341517234100881,-0.05294627916816882,0.05294627916816882,-0.05294627916816882,-0.05294627916816882,0.05294627916816882,-0.05294627916816882,-0.05294627916816882,-0.05294627916816882,-0.05294627916816882,1.2550048828125,1.8333003997802735,75.9800033569336,70.61118576049805,70.97289581298828,71.33460586547852,,,,,,,,,,0.0,0.0,0.0
2017-05-19,76.08999633789062,76.49500274658203,75.23999786376953,75.51000213623047,75.51000213623047,2091000,-0.05294627916816882,3.6570877967493094,2.7722545882970455,2.3595120799057314,1.7454518801319534,73.99600067138672,70.34000091552734,69.79633382161458,68.63400026957194,65.68320014953613,73.65267040176157,71.81864863453919,69.83751065990006,68.18919339651794,65.98311484845125,71.3956959157345,70.06008813856779,1.3356077771667145,0.45444293416141346,3.3902761040519653,3.3902761040519653,3.3902761040519653,3.3902761040519653,-3.3902761040519653,3.3902761040519653,3.3902761040519653,3.3902761040519653,3.3902761040519653,3.0849990844726562,1.9470500946044922,76.49500274658203,71.94674247741699,72.31340255737305,72.6800626373291,,,,,,,,,,0.0,0.0,0.0
2017-05-22,75.77999877929688,78.83000183105469,75.74500274658203,78.06999969482422,78.06999969482422,2953900,3.3902761040519653,3.2841353429945532,2.6084671879022174,2.4492764884823126,1.7780974313063678,75.3020004272461,71.58200073242188,70.02100041707357,68.83200022379557,65.9085001373291,75.12511349944913,72.95525791822737,70.36863898473388,68.51315425875748,66.22245910283488,72.4225118817483,70.65341492051272,1.76909696123559,0.7173737395762487,0.6148371446265246,0.6148371446265246,0.6148371446265246,0.6148371446265246,-0.6148371446265246,0.6148371446265246,0.6148371446265246,0.6148371446265246,0.6148371446265246,2.25,2.0301002502441405,78.83000183105469,72.21149253845215,72.60090255737305,72.99031257629395,,,,,,,,,,0.0,0.0,0.0
2017-05-23,78.26000213623047,78.61000061035156,76.36000061035156,78.55000305175781,78.55000305175781,1858100,0.6148371446265246,2.8931107267048692,2.615868811525471,2.449391992767639,1.7616743275548514,76.04400177001953,72.82100067138671,70.28466720581055,69.0141668955485,66.14700016021729,76.26674335021869,73.972484306142,70.89646892454188,68.84223126836405,66.46656888400167,73.36520283098054,71.23834737467901,2.126855456301527,0.9992700829213045,-0.20369657020120815,-0.20369657020120815,-0.20369657020120815,-0.20369657020120815,0.20369657020120815,-0.20369657020120815,-0.20369657020120815,-0.20369657020120815,-0.20369657020120815,1.8299942016601562,2.0570499420166017,78.61000061035156,74.36378128051757,74.76980133056641,75.17582138061523,,,,,,,,,,0.0,0.0,0.0
2017-05-24,78.80999755859375,79.19999694824219,77.37000274658203,78.38999938964844,78.38999938964844,1745400,-0.20369657020120815,2.040755685297368,2.68036169719746,2.4443404259431945,1.7317622962124242,77.21400146484375,73.98100051879882,70.55766728719075,69.21900024414063,66.39480014801025,76.97449536336194,74.77566886677953,71.37992250293586,69.15527284611107,66.70267641876696,74.13824845539098,71.76809937578786,2.3701490796031237,1.2734458822576684,0.561299202490303,0.561299202490303,0.561299202490303,0.561299202490303,-0.561299202490303,0.561299202490303,0.561299202490303,0.561299202490303,0.561299202490303,1.4759979248046875,2.086849594116211,79.19999694824219,74.08449073791503,74.49590072631835,74.90731071472167,,,,,,,,,,0.0,0.0,0.0
2017-05-25,78.6500015258789,79.32599639892578,77.8499984741211,78.83000183105469,78.83000183105469,1907900,0.561299202490303,1.4591544099156497,2.6695101583316805,2.443217635158635,1.7045450070495203,77.87000122070313,75.16200103759766,70.8933339436849,69.40200030008951,66.65580017089843,77.59299751925953,75.51282031482955,71.86057278216933,69.47247707512561,66.94282147643602,74.86005666703156,72.29120326136317,2.568853405668392,1.5325273869398133,-1.2558739948856055,-1.2558739948856055,-1.2558739948856055,-1.2558739948856055,1.2558739948856055,-1.2558739948856055,-1.2558739948856055,-1.2558739948856055,-1.2558739948856055,1.1199951171875,2.0058494567871095,79.32599639892578,74.60892784118653,75.02629776000977,75.44366767883301,,,,,,,,,,0.0,0.0,0.0
2017-05-26,78.86000061035156,78.87999725341797,77.76000213623047,77.83999633789062,77.83999633789062,1349500,-1.2558739948856055,1.7230258307374196,2.8253881699416152,2.2038119749069947,1.6758647528692245,78.33600006103515,76.16600036621094,71.2053337097168,69.59750022888184,66.90520011901856,77.67533045880323,75.93594322811339,72.24634204382878,69.74682196898677,67.1586071172569,75.3185089240868,72.70222497073557,2.6162839533512283,1.7492787002220964,1.0406028084484769,1.0406028084484769,1.0406028084484769,1.0406028084484769,-1.0406028084484769,1.0406028084484769,1.0406028084484769,1.0406028084484769,1.0406028084484769,1.6599960327148438,2.0273494720458984,78.87999725341797,74.91312759399415,75.31429748535156,75.71546737670899,,,,,,,,,,0.0,0.0,0.0
2017-05-30,77.70999908447266,79.0999984741211,77.44000244140625,78.6500015258789,78.6500015258789,1878700,1.0406028084484769,0.905536670011192,2.4326505786525394,2.204904661244651,1.6785808137993334,78.45200042724609,76.87700042724609,71.52466710408528,69.80483360290528,67.14660015106202,78.00022081449512,76.42940837316166,72.65948136525137,70.03872949544224,67.38615948178408,75.83104624743943,73.1428010118573,2.68824523558213,1.9370720072941032,-0.8900248748328251,-0.8900248748328251,-0.8900248748328251,-0.8900248748328251,0.8900248748328251,-0.8900248748328251,-0.8900248748328251,-0.8900248748328251,-0.8900248748328251,2.1389999389648438,2.0727996826171875,79.0999984741211,74.41982841491699,74.82529830932617,75.23076820373535,,,,,,,,,,0.0,0.0,0.0
2017-05-31,78.93000030517578,79.33899688720703,77.19999694824219,77.94999694824219,77.94999694824219,1409200,-0.8900248748328251,0.9613737525647514,2.1216772205011245,2.220696531991297,1.685605472200265,78.33199920654297,77.18800048828125,71.80500030517578,69.99700024922689,67.39250011444092,77.98347952574414,76.7058790231763,73.00080495125079,70.29811531356683,67.59534438210997,76.15703866294754,73.49888959973765,2.6581490632098905,2.081287418477261,1.423990575764344,1.423990575764344,1.423990575764344,1.423990575764344,-1.423990575764344,1.423990575764344,1.423990575764344,1.423990575764344,1.423990575764344,1.4499969482421875,2.0982994079589843,79.33899688720703,74.53983917236329,74.95439910888672,75.36895904541015,,,,,,,,,,0.0,0.0,0.0
2017-06-01,78.06999969482422,79.05999755859375,77.61000061035156,79.05999755859375,79.05999755859375,1285700,1.423990575764344,1.1874495926140807,1.7392205603528086,2.210621890230497,1.6912062603270468,78.46599884033203,77.84000015258789,72.10733362833659,70.19983355204265,67.64450008392333,78.34231887002736,77.13390057507037,73.39172060333743,70.58539014127263,67.82236721728786,76.6036477238162,73.91082352261589,2.6928242012003096,2.203594775021871,-0.1391356106102049,-0.1391356106102049,-0.1391356106102049,-0.1391356106102049,0.1391356106102049,-0.1391356106102049,-0.1391356106102049,-0.1391356106102049,-0.1391356106102049,1.5500030517578125,1.9992992401123046,79.05999755859375,74.72273818969727,75.14239807128907,75.56205795288086,,,,,,,,,,0.0,0.0,0.0
2017-06-02,78.94999694824219,79.11000061035156,77.55999755859375,78.94999694824219,78.94999694824219,1573400,-0.1391356106102049,1.1718444405951134,1.32141624280068,2.156413464305684,1.6868370398435708,78.48999786376953,78.17999954223633,72.37133356730143,70.40900014241537,67.89030006408692,78.5448782294323,77.46409991564707,73.75031907720226,70.85963954477981,68.04271632087111,76.96462452757405,74.28409562821783,2.6805288993562186,2.2989815998887404,-2.0899226855779025,-2.0899226855779025,-2.0899226855779025,-2.0899226855779025,2.0899226855779025,-2.0899226855779025,-2.0899226855779025,-2.0899226855779025,-2.0899226855779025,2.0699996948242188,2.0292995452880858,79.11000061035156,74.66153923034668,75.06139907836913,75.46125892639161,,,,,,,,,,0.0,0.0,0.0
2017-06-05,78.69000244140625,79.08999633789062,77.0199966430664,77.30000305175781,77.30000305175781,1444000,-2.0899226855779025,1.4321497666326237,1.5453962262570444,2.244663878137719,1.714831754110562,78.38199920654297,78.35899963378907,72.60933354695638,70.58650016784668,68.09930007934571,78.12991983687414,77.43426412221265,73.97933094652842,71.07079900402499,68.22602892940353,77.01622122360232,74.50749617810969,2.508725045492625,2.3409302890095174,0.2587282540057281,0.2587282540057281,0.2587282540057281,0.2587282540057281,-0.2587282540057281,0.2587282540057281,0.2587282540057281,0.2587282540057281,0.2587282540057281,1.8700027465820312,2.0397994995117186,79.08999633789062,74.64554161071777,75.0514015197754,75.45726142883301,,,,,,,,,,0.0,0.0,0.0
2017-06-06,77.08999633789062,78.20999908447266,76.33999633789062,77.5,77.5,1070900,0.2587282540057281,1.3097080583833682,1.086405188785232,2.1630413989585144,1.7139090790299718,78.1519989013672,78.30199966430663,72.82800013224283,70.75966682434083,68.3063000869751,77.91994655791609,77.44621609999217,74.20647088546208,71.28159247930286,68.4096719209005,77.09064872766349,74.72916312787933,2.36148559978416,2.345041351164446,-0.21935247605846775,0.21935247605846775,0.21935247605846775,0.21935247605846775,-0.21935247605846775,0.21935247605846775,0.21935247605846775,0.21935247605846775,0.21935247605846775,1.2900009155273438,2.0422996520996093,78.20999908447266,74.60243743896484,75.0103973388672,75.41835723876953,,,,,,,,,,0.0,0.0,0.0
2017-06-07,77.44999694824219,78.37000274658203,77.08000183105469,77.66999816894531,77.66999816894531,1133200,0.21935247605846775,1.2755936294035461,1.065792026237927,2.167689170179277,1.7121321833523961,78.09599914550782,78.2139991760254,73.0400001525879,70.92616678873698,68.51460006713867,77.83663042825917,77.48690374889273,74.42992425859003,71.49104840355344,68.59304471789147,77.17977941093761,74.94700276055087,2.2327766503867394,2.322588411008905,-0.5278790675616447,0.5278790675616447,0.5278790675616447,0.5278790675616447,-0.5278790675616447,0.5278790675616447,0.5278790675616447,0.5278790675616447,-0.5278790675616447,1.5400009155273438,2.0620494842529298,78.37000274658203,73.71693984985352,74.12539978027344,74.53385971069336,,,,,,,,,,0.0,0.0,0.0
2017-06-08,77.62999725341797,78.18000030517578,76.63999938964844,78.08000183105469,78.08000183105469,1445300,0.5278790675616447,1.0584958302397272,1.0834153567536302,2.168477159641259,1.7125243380470205,77.9,78.18299942016601,73.27700017293294,71.09666684468587,68.70970008850098,77.91775422919102,77.59473976383126,74.66541313423292,71.7070796634715,68.7809052547858,77.3182751678787,75.17907676577337,2.139198402105322,2.285910409228188,3.598879510874525,-3.598879510874525,-3.598879510874525,-3.598879510874525,3.598879510874525,-3.598879510874525,-3.598879510874525,-3.598879510874525,3.598879510874525,5.599998474121094,2.280549240112305,78.18000030517578,73.83349388122559,74.24590377807617,74.65831367492676,,,,,,,,,,0.0,0.0,0.0
2017-06-09,77.77999877929688,78.98999786376953,73.38999938964844,75.2699966430664,75.2699966430664,2088000,-3.598879510874525,1.8253506585845094,1.5342313429008694,2.381457887918018,1.773137817539943,77.16399993896485,77.82699890136719,73.41533330281575,71.20200017293294,68.88980007171631,77.03516836714948,77.17205919641945,74.7044185218996,71.82389661362215,68.90940211395966,77.00315539483064,75.18581157149877,1.8173438233318677,2.192197092048924,0.8502715799010095,-0.8502715799010095,-0.8502715799010095,-0.8502715799010095,0.8502715799010095,0.8502715799010095,-0.8502715799010095,-0.8502715799010095,0.8502715799010095,3.5600051879882812,2.4093994140625,78.98999786376953,73.16279197692872,73.61890182495117,74.07501167297363,,1.0,1.0,,73.61890182495117,74.07501167297363,,75.2699966430664,75.2699966430664,0.0,2.2427593691103462,1.6132092902913002
2017-06-12,74.19999694824219,74.76000213623047,71.19999694824219,74.62999725341797,74.62999725341797,2174400,-0.8502715799010095,1.7100799955907786,1.51581997577731,2.3992695263920445,1.770908861024495,76.62999877929687,77.50599899291993,73.63533325195313,71.30883344014485,69.04440006256104,76.23344466257231,76.70986611587372,74.6996171497395,71.91589991328759,69.0226812256321,76.63805414230562,75.14464014052982,1.493414001775804,2.0524404739943,-0.026804600290965878,0.026804600290965878,0.026804600290965878,0.026804600290965878,-0.026804600290965878,-0.026804600290965878,0.026804600290965878,0.026804600290965878,-0.026804600290965878,2.089996337890625,2.270499420166016,74.76000213623047,73.68931915283203,74.17119903564453,74.65307891845703,1.0,1.0,1.0,73.68931915283203,74.17119903564453,74.19999694824219,74.62999725341797,74.62999725341797,74.62999725341797,1.2765460604066245,0.618566537603025,0.5795152599207324
2017-06-13,75.04000091552734,76.38999938964844,74.30000305175781,74.6500015258789,74.6500015258789,1147300,0.026804600290965878,1.6808548289609964,1.44004757037,2.0902880429834836,1.762300110986376,76.05999908447265,77.10599899291992,73.83666661580403,71.42933349609375,69.20780006408691,75.70563028367451,76.33534528132921,74.6964161417485,72.00554258911025,69.1341133107855,76.33219989362458,75.10800024314825,1.2241996504763222,1.8867923092907046,3.3757591707313335,-3.3757591707313335,-3.3757591707313335,-3.3757591707313335,3.3757591707313335,3.3757591707313335,-3.3757591707313335,-3.3757591707313335,3.3757591707313335,4.430000305175781,2.3292495727539064,76.38999938964844,69.76490341186523,70.21900329589843,70.67310317993164,,,,,,,,,,0.0,0.0,0.0
2017-06-14,74.91999816894531,75.30999755859375,70.87999725341797,72.12999725341797,72.12999725341797,2132500,-3.3757591707313335,1.9221590285475543,1.7032059760764613,1.9691844188220802,1.8212304582690604,74.95199890136719,76.5239990234375,73.96299997965495,71.50516675313314,69.31890003204346,74.51375260692234,75.57073654898171,74.53084072959815,72.00962306990722,69.19343774529307,75.68570717974663,74.88740742909417,0.7982997506524612,1.669093797563056,0.6238693544673105,-0.6238693544673105,-0.6238693544673105,-0.6238693544673105,0.6238693544673105,0.6238693544673105,-0.6238693544673105,-0.6238693544673105,0.6238693544673105,2.0200042724609375,2.325749969482422,75.30999755859375,71.26565032958985,71.73150024414062,72.1973501586914,1.0,1.0,1.0,71.26565032958985,71.73150024414062,72.1973501586914,72.12999725341797,72.12999725341797,72.12999725341797,1.212852082076969,0.5555397669378881,-0.09328999627464839
2017-06-15,70.75,72.30000305175781,70.27999877929688,71.68000030517578,71.68000030517578,2756000,-0.6238693544673105,1.6788868557200547,1.525293425273875,1.8514997433717026,1.7764212858429798,73.6719985961914,75.7859992980957,74.08399988810221,71.60766677856445,69.417200050354,73.56916850634016,74.86332995919881,74.34691554092575,71.99881576614554,69.242676607865,75.06944458365881,74.64982171621132,0.41962286744748667,1.4191996115399421,-0.055804848433371745,0.055804848433371745,0.055804848433371745,0.055804848433371745,-0.055804848433371745,-0.055804848433371745,0.055804848433371745,0.055804848433371745,-0.055804848433371745,1.0999984741210938,2.169249725341797,72.30000305175781,70.19334762573243,70.6584976196289,71.12364761352539,,1.0,1.0,,70.6584976196289,70.75,,71.68000030517578,71.68000030517578,0.0,1.445689789564822,1.3144880638526943
2017-06-16,72.05000305175781,72.33000183105469,71.2300033569336,71.72000122070312,71.72000122070312,1685100,0.055804848433371745,1.411235747230089,1.5382052527048884,1.5681933286772292,1.7674475617179994,72.96199951171874,75.0629997253418,74.24066670735677,71.69416681925456,69.50940006256104,72.95277941112782,74.29181564310868,74.17743719768558,71.98967430563923,69.29173254079248,74.55414560474254,74.4327979758033,0.12134762893924744,1.1596292150198033,-1.0317872994624533,1.0317872994624533,1.0317872994624533,1.0317872994624533,-1.0317872994624533,-1.0317872994624533,1.0317872994624533,1.0317872994624533,-1.0317872994624533,1.029998779296875,2.1579994201660155,72.33000183105469,67.52765365600585,67.96150360107421,68.39535354614257,,,,,,,,,,0.0,0.0,0.0
2017-06-19,72.29000091552734,72.83000183105469,71.80000305175781,72.45999908447266,72.45999908447266,1734400,1.0317872994624533,1.6724583827289856,1.5957267384864604,1.5938440871589605,1.770764085890215,72.52799987792969,74.57899932861328,74.42599995930989,71.78800010681152,69.5936000442505,72.78851930224278,73.95875808699303,74.06663473876861,72.00509479019115,69.35447049215247,74.23196921700871,74.28666472459362,-0.05469550758490982,0.9167642704988608,2.2081127440477086,-2.2081127440477086,-2.2081127440477086,-2.2081127440477086,2.2081127440477086,2.2081127440477086,2.2081127440477086,-2.2081127440477086,2.2081127440477086,1.7300033569335938,2.0902496337890626,72.83000183105469,67.58240310668945,68.01400299072266,68.44560287475586,,,,,,,,,,0.0,0.0,0.0
2017-06-20,72.25,72.51000213623047,70.77999877929688,70.86000061035156,70.86000061035156,1044900,-2.2081127440477086,1.7667228594288238,1.632827909855329,1.4125594017033087,1.7909384757753184,71.76999969482422,73.91499938964844,74.59966659545898,71.84166679382324,69.66880004882813,72.14567973827904,73.39534763669457,73.85975511758042,71.967550718721,69.38428296974058,73.71320481598454,74.03283775316828,-0.31963293718374075,0.6694848289623405,-0.45159425919828694,-0.45159425919828694,0.45159425919828694,0.45159425919828694,-0.45159425919828694,-0.45159425919828694,-0.45159425919828694,0.45159425919828694,-0.45159425919828694,1.55999755859375,2.05574951171875,72.51000213623047,68.23145263671876,68.64950256347656,69.06755249023438,,,,,,,,,,0.0,0.0,0.0
2017-06-21,71.30000305175781,72.18000030517578,70.62000274658203,71.18000030517578,71.18000030517578,1316500,0.45159425919828694,1.245225613021553,1.6517363474203122,1.406396545789076,1.7869100753523557,71.58000030517579,73.26599960327148,74.76699981689453,71.88850008646646,69.74410003662109,71.8237865939113,72.99255721278206,73.68686771032851,71.94172939368673,69.4198417288581,73.32348104509089,73.8215164607244,-0.4980354156335096,0.4359807800431705,0.9693768452485904,0.9693768452485904,-0.9693768452485904,-0.9693768452485904,0.9693768452485904,0.9693768452485904,0.9693768452485904,-0.9693768452485904,0.9693768452485904,1.7950057983398438,2.0540000915527346,72.18000030517578,67.98735321044921,68.39850311279297,68.80965301513672,,,,,,,,,,0.0,0.0,0.0
2017-06-22,71.0999984741211,71.12000274658203,69.32499694824219,70.48999786376953,70.48999786376953,1089000,-0.9693768452485904,1.27967598267577,1.5785628884182905,1.408844610825701,1.7917873396071011,71.34199981689453,72.50699920654297,74.8903330485026,71.92583338419597,69.80610000610352,71.3791903505307,72.5375464220525,73.48061804280859,71.89413163860748,69.44103293945041,72.88756055565683,73.57473730539441,-0.6871767497375743,0.21134927408702156,0.7802460477105051,0.7802460477105051,-0.7802460477105051,-0.7802460477105051,0.7802460477105051,0.7802460477105051,0.7802460477105051,-0.7802460477105051,0.7802460477105051,1.0,2.0302001953125,71.12000274658203,67.66120010375977,68.0720001220703,68.48280014038086,,,,,,,,,,0.0,0.0,0.0
2017-06-23,70.70999908447266,70.79000091552734,69.79000091552734,69.94000244140625,69.94000244140625,2683700,-0.7802460477105051,1.2716400865383637,1.2892881408355157,1.386401981402955,1.7931663024679358,70.98600006103516,71.97399978637695,74.98766657511393,71.96066678365072,69.86340003967285,70.89946104748923,72.06526569829863,73.25219122981488,71.83006182886317,69.45091352364756,72.43409007654137,73.30549768583974,-0.8714076092983731,-0.005202102590057378,5.047181378431046,5.047181378431046,-5.047181378431046,-5.047181378431046,5.047181378431046,5.047181378431046,5.047181378431046,-5.047181378431046,5.047181378431046,4.30999755859375,2.1897003173828127,70.79000091552734,66.65356231689454,67.05960235595703,67.46564239501953,,,,,,,,,,0.0,0.0,0.0
2017-06-26,69.94999694824219,70.41999816894531,66.11000061035156,66.41000366210938,66.41000366210938,3320600,-5.047181378431046,2.089877296681478,1.8818295519538308,1.705183353422797,1.895688090596247,69.7760009765625,71.1520004272461,74.94133326212565,71.91616681416829,69.88200004577637,69.40297525236261,71.03703623717331,72.81075977383388,71.65235500372368,69.39069748678543,71.50730755124414,72.7947203507486,-1.287412799504466,-0.2616442419729391,2.8911394254828426,2.8911394254828426,-2.8911394254828426,-2.8911394254828426,-2.8911394254828426,2.8911394254828426,2.8911394254828426,-2.8911394254828426,2.8911394254828426,2.2399978637695312,2.218700408935547,70.41999816894531,65.97266021728515,66.41060028076171,66.84854034423829,,1.0,1.0,,66.41060028076171,66.84854034423829,,66.41000366210938,66.41000366210938,0.0,-0.0008983786471071822,-0.656015344345077
2017-06-27,66.08000183105469,66.33999633789062,64.0999984741211,64.48999786376953,64.48999786376953,2499400,-2.8911394254828426,2.151924115495738,1.9062079502956362,1.7112600906359565,1.9289709137224953,68.50200042724609,70.13600006103516,74.70633316040039,71.84833348592123,69.89340003967285,67.76531612283159,69.84666562382716,72.27393642479747,71.41752362208584,69.29365392989402,70.42772144547882,72.17955572208349,-1.7518342766046686,-0.5596822488992851,-2.2639155416888044,-2.2639155416888044,2.2639155416888044,2.2639155416888044,2.2639155416888044,-2.2639155416888044,-2.2639155416888044,2.2639155416888044,-2.2639155416888044,2.384002685546868,2.230950546264648,66.33999633789062,65.5388572692871,65.98259735107422,66.42633743286133,1.0,1.0,1.0,65.5388572692871,65.98259735107422,66.08000183105469,64.48999786376953,64.48999786376953,64.48999786376953,-1.600362669138409,-2.2621108401704766,-2.406180271226815
2017-06-28,65.06999969482422,66.19000244140625,63.80599975585938,65.94999694824219,65.94999694824219,2362500,2.2639155416888044,2.7149252833890736,2.093503858216625,1.858348125689207,1.9504858187689107,67.45599975585938,69.51800003051758,74.40999984741211,71.81333338419596,69.91330001831055,67.16020973130179,69.13818041008443,71.86594032953585,71.23826045245163,69.22744290055438,69.73884075359626,71.71810692402117,-1.979266170424907,-0.8435990332044094,2.5170524784369817,2.5170524784369817,-2.5170524784369817,-2.5170524784369817,-2.5170524784369817,2.5170524784369817,2.5170524784369817,-2.5170524784369817,2.5170524784369817,2.720001220703118,2.2944507598876944,66.19000244140625,61.4319051361084,61.87809524536133,62.32428535461426,,,,,,,,,,0.0,0.0,0.0
2017-06-29,65.56999969482422,65.75,63.02999877929688,64.29000091552734,64.29000091552734,1957500,-2.5170524784369817,2.7296558356859,2.153349918738583,1.816843387222577,1.9757019136388059,66.21600036621093,68.77900009155273,74.1349998474121,71.74616673787435,69.91260002136231,66.20347345937698,68.25669322925586,71.3771700447611,71.01044866435575,69.12967177213801,68.90055770158567,71.16787684931792,-2.267319147732252,-1.128343056109978,1.508790180260909,1.508790180260909,-1.508790180260909,-1.508790180260909,-1.508790180260909,1.508790180260909,1.508790180260909,-1.508790180260909,1.508790180260909,1.7400016784667898,2.3039506912231436,65.75,61.142210769653325,61.60110092163086,62.0599910736084,,,,,,,,,,0.0,0.0,0.0
2017-06-30,64.44999694824219,64.80000305175781,63.06000137329102,63.31999969482422,63.31999969482422,1584900,-1.508790180260909,2.6810016629072555,2.1197669653690747,1.8079724472986403,1.9831176227911782,64.89199981689453,67.93899993896484,73.72733306884766,71.6581667582194,69.89830001831055,65.2423155378594,67.35911258663192,70.85735260282969,70.75830279650225,69.01462876070605,68.04201031593006,70.58655261565173,-2.5445422997216696,-1.4115829048323165,0.505369071962228,0.505369071962228,-0.505369071962228,-0.505369071962228,-0.505369071962228,0.505369071962228,0.505369071962228,-0.505369071962228,0.505369071962228,1.2700004577636719,2.263950729370116,64.80000305175781,60.68130847930908,61.142098617553714,61.60288875579834,,,,,,,,,,0.0,0.0,0.0
2017-07-03,63.4900016784668,63.95000076293945,62.68000030517578,63.0,63.0,807200,-0.505369071962228,2.063341225169811,1.9903205318972492,1.7961238792190326,1.9782436018972334,64.20999908447266,66.99300003051758,73.31033299763997,71.55333340962729,69.86630004882812,64.4948770252396,66.56654666178976,70.35042662845359,70.50393221301037,68.8955272010881,67.26631642117158,70.02458575523309,-2.7582693340615094,-1.6809201906781552,-3.2063438778831848,-3.2063438778831848,3.2063438778831848,3.2063438778831848,3.2063438778831848,-3.2063438778831848,-3.2063438778831848,-3.2063438778831848,-3.2063438778831848,1.9799957275390625,2.2694503784179676,63.95000076293945,59.819311447143555,60.27210159301758,60.7248917388916,,,,,,,,,,0.0,0.0,0.0
2017-07-05,63.43000030517578,65.33999633789062,63.36000061035156,65.0199966430664,65.0199966430664,2265800,3.2063438778831848,2.4544343246908444,2.426107345812892,2.0128732129009266,1.9854467444416632,64.31599884033203,66.40899963378907,72.87533289591471,71.44816665649414,69.85370002746582,64.66991689784854,66.2853557492946,70.00652791971893,70.3241310467827,68.81878402172134,66.92072876300155,69.65387545062815,-2.7331466876266006,-1.8913654900678445,1.5533598261783994,1.5533598261783994,-1.5533598261783994,-1.5533598261783994,-1.5533598261783994,1.5533598261783994,1.5533598261783994,1.5533598261783994,1.5533598261783994,1.4900016784667969,2.2794504165649405,65.33999633789062,58.95720993041992,59.41110000610352,59.86499008178711,,,,,,,,,,0.0,0.0,0.0
2017-07-06,64.08000183105469,65.08000183105469,63.59000015258789,64.01000213623047,64.01000213623047,1964400,-1.5533598261783994,2.230702119546473,2.3910442897312025,2.0020933581276714,1.9910447167635599,63.927999877929686,65.69199981689454,72.39066619873047,71.33766670227051,69.83110008239746,64.44994531064252,65.87165509237384,69.61965528852615,70.11711042676458,68.72356061804825,66.47292466657522,69.23581076067276,-2.7628860940975386,-2.0656696108737833,-2.8901709301365126,-2.8901709301365126,2.8901709301365126,2.8901709301365126,2.8901709301365126,-2.8901709301365126,-2.8901709301365126,-2.8901709301365126,-2.8901709301365126,1.9800033569335938,2.301450538635253,65.08000183105469,60.325205421447755,60.78109550476074,61.23698558807373,,,,,,,,,,0.0,0.0,0.0
2017-07-07,64.41999816894531,66.26000213623047,64.27999877929688,65.86000061035156,65.86000061035156,1948900,2.8901709301365126,2.361108725000421,2.6942331523001752,2.1571316033637196,2.028053714659329,64.24199981689453,65.22900009155273,71.9729995727539,71.26533342997233,69.824400100708,64.91996374387887,65.86953609564252,69.37709692219231,69.97753305573464,68.66685645948,66.37862865792543,68.98575074953786,-2.6071220916124247,-2.1739601070215118,1.3058010968441924,1.3058010968441924,-1.3058010968441924,-1.3058010968441924,-1.3058010968441924,1.3058010968441924,1.3058010968441924,1.3058010968441924,1.3058010968441924,2.010002136230476,2.121950721740722,66.26000213623047,60.01681064605713,60.477100753784185,60.93739086151123,,,,,,,,,,0.0,0.0,0.0
2017-07-10,65.62000274658203,65.9800033569336,63.97000122070312,65.0,65.0,2001200,-1.3058010968441924,2.3191820766120834,2.702294143852387,2.0607312808509777,2.0180693221094157,64.57799987792968,64.73499984741211,71.51199951171876,71.20266672770182,69.81000007629395,64.94664249591925,65.71143862370751,69.09470357237345,69.81433525062859,68.5942454404804,66.16653194132152,68.6905099532758,-2.52397801195427,-2.243963688008064,-1.4307697002704327,-1.4307697002704327,1.4307697002704327,1.4307697002704327,1.4307697002704327,-1.4307697002704327,-1.4307697002704327,-1.4307697002704327,-1.4307697002704327,1.3170013427734375,2.0098005294799797,65.9800033569336,61.59171054840088,62.01610069274903,62.44049083709717,,,,,,,,,,0.0,0.0,0.0
2017-07-11,64.98999786376953,66.1500015258789,64.83300018310547,65.93000030517578,65.93000030517578,997700,1.4307697002704327,2.2605640168161214,2.2882849791686515,2.114996281853783,2.0268514027325777,65.16399993896485,64.68699951171875,71.11499964396158,71.1601666768392,69.79760009765624,65.2744284323381,65.75117711124719,68.89052916803813,69.68698000651538,68.54148811106843,66.13014245883757,68.48602775712024,-2.355885298282672,-2.2663480100629854,2.3358120861504794,-2.3358120861504794,-2.3358120861504794,2.3358120861504794,2.3358120861504794,-2.3358120861504794,-2.3358120861504794,-2.3358120861504794,-2.3358120861504794,2.0799942016601562,2.0093004226684563,66.1500015258789,61.558442192077635,61.96040229797364,62.36236240386963,,,,,,,,,,0.0,0.0,0.0
2017-07-12,66.29000091552734,67.80999755859375,65.7300033569336,67.47000122070312,67.47000122070312,2382700,2.3358120861504794,2.0669972551061004,2.160350523697344,2.211621032405895,2.0468409804662384,65.65400085449218,64.98499984741211,70.7423329671224,71.13350003560384,69.8008000946045,66.00628602845978,66.06369058569372,68.79888220369394,69.61429217747236,68.52027054888298,66.33627457604766,68.41076653220046,-2.074491956152798,-2.227976799280948,-0.1482117567983818,0.1482117567983818,0.1482117567983818,-0.1482117567983818,-0.1482117567983818,0.1482117567983818,0.1482117567983818,0.1482117567983818,-0.1482117567983818,1.4599990844726562,1.8608003616333,67.80999755859375,61.729540596008306,62.131400680541994,62.53326076507568,,,,,,,,,,0.0,0.0,0.0
2017-07-13,67.30000305175781,67.77999877929688,66.31999969482422,67.37000274658203,67.37000274658203,2169400,-0.1482117567983818,1.7442470335050642,2.07106849185088,2.1044352034858558,2.044839600245721,66.3260009765625,65.12700042724609,70.38966649373373,71.09733339945475,69.8033000946045,66.46085826783387,66.30120188767341,68.70669643226736,69.54070891744317,68.49749296863939,66.4953096792068,68.33367291845094,-1.8383632392441456,-2.150054087273588,-0.07422153735974037,0.07422153735974037,0.07422153735974037,-0.07422153735974037,-0.07422153735974037,-0.07422153735974037,0.07422153735974037,0.07422153735974037,-0.07422153735974037,0.8499984741210938,1.8023000717163078,67.77999877929688,63.71623676300049,64.08839683532715,64.46055690765381,,,,,,,,,,0.0,0.0,0.0
2017-07-14,67.70999908447266,68.08000183105469,67.2300033569336,67.31999969482422,67.31999969482422,789100,-0.07422153735974037,1.4347188130853339,1.842144209006743,2.1038416644435936,2.0428970510541484,66.61800079345703,65.43000030517578,69.99833323160807,71.05283342997232,69.8008000946045,66.74723874349732,66.48643785260992,68.61723212662588,69.46789877899664,68.474176270148,66.62218506622486,68.25858601299711,-1.6364009467722553,-2.0473234591733216,-0.4753412006459372,0.4753412006459372,0.4753412006459372,-0.4753412006459372,-0.4753412006459372,-0.4753412006459372,0.4753412006459372,0.4753412006459372,-0.4753412006459372,0.94000244140625,1.7943002700805657,68.08000183105469,63.814938621520994,64.17539863586425,64.53585865020752,,,,,,,,,,0.0,0.0,0.0
2017-07-17,67.30000305175781,67.55000305175781,66.61000061035156,67.0,67.0,1196500,-0.4753412006459372,1.211716676547706,1.7447953134654193,2.102570403349842,2.033667054819623,67.01800079345703,65.79800033569336,69.6,70.98566678365071,69.79530006408692,66.83149249566489,66.57981278849903,68.51289457006938,69.38698406493118,68.44498466083814,66.68031044065181,68.16535741944178,-1.485046978789967,-1.9348681630966507,-0.02984573592000933,0.02984573592000933,0.02984573592000933,-0.02984573592000933,-0.02984573592000933,-0.02984573592000933,0.02984573592000933,0.02984573592000933,-0.02984573592000933,1.0099945068359375,1.7933000564575188,67.55000305175781,64.13254123687744,64.49140129089355,64.85026134490967,,,,,,,,,,0.0,0.0,0.0
2017-07-18,66.88999938964844,67.16999816894531,66.16000366210938,66.9800033569336,66.9800033569336,909400,-0.02984573592000933,1.1394162408312558,1.7182030146219731,2.0799611776083973,2.0280792630880553,67.22800140380859,66.19600067138671,69.25600001017253,70.93266677856445,69.79310012817383,66.8809961160878,66.65257471003258,68.4139983627703,69.30806666466897,68.41597513006776,66.7264170431567,68.07755341481155,-1.351136371654846,-1.8181218048082899,0.9853627943219904,-0.9853627943219904,-0.9853627943219904,0.9853627943219904,0.9853627943219904,0.9853627943219904,-0.9853627943219904,-0.9853627943219904,0.9853627943219904,0.839996337890625,1.7487997055053703,67.16999816894531,63.60474292755127,63.963402938842776,64.32206295013428,,,,,,,,,,0.0,0.0,0.0
2017-07-19,67.25,67.69999694824219,66.86000061035156,67.63999938964844,67.63999938964844,911600,0.9853627943219904,0.5504473583053764,1.4740320004288534,2.0539856718545737,2.0269100492566263,67.26200103759766,66.45800094604492,68.92733332316081,70.87766672770182,69.80760009765625,67.13399720727469,66.83210646996274,68.36406294514954,69.25337593434043,68.40060927382183,66.8669681733862,68.0451420055402,-1.1781738321540018,-1.6901322102774325,1.5966910715554647,-1.5966910715554647,-1.5966910715554647,1.5966910715554647,1.5966910715554647,1.5966910715554647,-1.5966910715554647,-1.5966910715554647,1.5966910715554647,1.9199981689453125,1.7667997360229486,67.69999694824219,63.322638816833496,63.67239875793457,64.02215869903564,,,,,,,,,,0.0,0.0,0.0
2017-07-20,67.72000122070312,68.95999908447266,67.04000091552734,68.72000122070312,68.72000122070312,1202100,1.5966910715554647,0.858864564822362,1.3393300431643567,2.0891191125861512,2.0368591248034935,67.53200073242188,66.92900085449219,68.62900009155274,70.83450012207031,69.81860008239747,67.66266521175083,67.17536006100644,68.38702670486268,69.23588823881133,68.40693386682938,67.15205018066573,68.09513157703375,-0.9430813963680293,-1.540722047495552,0.8294523933339166,-0.8294523933339166,-0.8294523933339166,0.8294523933339166,0.8294523933339166,0.8294523933339166,-0.8294523933339166,-0.8294523933339166,0.8294523933339166,1.9000015258789062,1.7720495223999015,68.95999908447266,63.8130375289917,64.1663974761963,64.51975742340088,,,,,,,,,,0.0,0.0,0.0
2017-07-21,68.72000122070312,69.41999816894531,67.5199966430664,69.29000091552734,69.29000091552734,1563600,0.8294523933339166,0.828531096455353,1.1067543163690798,2.0909270076202127,2.0391048592812693,67.9260009765625,67.27200088500976,68.33600006103515,70.80650011698405,69.85050010681152,68.20511044634301,67.55984021637389,68.44528310555073,69.23766242493316,68.42442034304122,67.48096567833674,68.18364041692217,-0.7026747385854293,-1.3731125857135276,-0.1731891254097813,0.1731891254097813,0.1731891254097813,-0.1731891254097813,-0.1731891254097813,-0.1731891254097813,0.1731891254097813,0.1731891254097813,-0.1731891254097813,0.6999969482421875,1.757049369812011,69.41999816894531,65.06149013519287,65.41590003967285,65.77030994415283,,,,,,,,,,0.0,0.0,0.0
2017-07-24,69.27999877929688,69.5,68.80000305175781,69.16999816894531,69.16999816894531,1642800,-0.1731891254097813,0.7383056592858944,0.9460655843654969,2.0843921547854722,2.03897126545704,68.36000061035156,67.68900070190429,68.13266677856446,70.7740000406901,69.86370010375977,68.52673968721045,67.85259620775051,68.49203891609233,69.23544392473684,68.43918426038584,67.74081683073807,68.25670395410907,-0.5158871233710016,-1.2016674932450224,0.18071418723286917,-0.18071418723286917,-0.18071418723286917,0.18071418723286917,0.18071418723286917,0.18071418723286917,-0.18071418723286917,-0.18071418723286917,0.18071418723286917,1.3230056762695312,1.6076997756958,69.5,65.55448955535888,65.9058994293213,66.25730930328369,,,,,,,,,,0.0,0.0,0.0
2017-07-25,69.19999694824219,69.7300033569336,68.40699768066406,69.29499816894531,69.29499816894531,1076100,0.18071418723286917,0.6951709399512567,0.910069715248437,1.7183596068372762,1.9586212000158185,68.8229995727539,68.02550048828125,67.9548334757487,70.7950833638509,69.8955500793457,68.78282584778874,68.11485110978592,68.54384273885704,69.2373965229076,68.45613107045632,67.97992165200073,68.33361463668953,-0.3536929846888057,-1.0320725915337792,0.3535648359275514,0.3535648359275514,-0.3535648359275514,0.3535648359275514,0.3535648359275514,0.3535648359275514,-0.3535648359275514,-0.3535648359275514,0.3535648359275514,1.2899932861328125,1.5601995468139642,69.7300033569336,65.96306049346924,66.2846004486084,66.60614040374756,,,,,,,,,,0.0,0.0,0.0
2017-07-26,69.52999877929688,70.2699966430664,68.9800033569336,69.54000091552734,69.54000091552734,746300,0.3535648359275514,0.683984625386693,0.6431814517059218,1.5537773525541176,1.9562114116428972,69.20299987792968,68.23250045776368,67.78450012207031,70.81058336893717,69.92885009765625,69.03521753703495,68.37396925628435,68.60811100831964,69.24731797840333,68.47759383966564,68.21993384638944,68.42297658327011,-0.20304273688067553,-0.8662666206031584,-0.6327328668585096,-0.6327328668585096,0.6327328668585096,-0.6327328668585096,-0.6327328668585096,-0.6327328668585096,0.6327328668585096,0.6327328668585096,-0.6327328668585096,1.3350067138671875,1.5077497482299802,70.2699966430664,66.29756435394287,66.60960426330567,66.92164417266846,,,,,,,,,,0.0,0.0,0.0
2017-07-27,69.62000274658203,69.66000366210938,68.32499694824219,69.0999984741211,69.0999984741211,2024100,-0.6327328668585096,0.5508566207941932,0.6970669126884133,1.5040266349581437,1.9573557788784153,69.27899932861328,68.40550003051757,67.68350016276041,70.82325007120768,69.95565010070801,69.05681118273034,68.50597456861831,68.63984568353264,69.24248783072194,68.48991868391228,68.355328404502,68.47312635296278,-0.11779794846077607,-0.716572886174682,-0.1447155952666838,-0.1447155952666838,0.1447155952666838,-0.1447155952666838,-0.1447155952666838,-0.1447155952666838,0.1447155952666838,0.1447155952666838,-0.1447155952666838,0.9799957275390625,1.4207494735717774,69.66000366210938,66.95294719696045,67.25449714660644,67.55604709625244,,,,,,,,,,0.0,0.0,0.0
2017-07-28,68.87000274658203,69.3499984741211,68.37000274658203,69.0,69.0,789400,-0.1447155952666838,0.37890723710516827,0.7011226491678965,1.361596157491223,1.956570956023462,69.22099914550782,68.57350006103516,67.59416681925455,70.83908335367839,69.97675010681152,69.03787412182024,68.59579737432406,68.66308144588538,69.23453741004253,68.50001930403283,68.45450864996323,68.51215403052109,-0.05764538055785806,-0.5847873850513172,-0.6376846976902174,-0.6376846976902174,0.6376846976902174,-0.6376846976902174,-0.6376846976902174,-0.6376846976902174,0.6376846976902174,0.6376846976902174,-0.6376846976902174,1.2300033569335938,1.3952495574951176,69.3499984741211,66.53435482025147,66.81850471496583,67.10265460968017,,,,,,,,,,0.0,0.0,0.0
2017-07-31,69.19000244140625,69.26000213623047,68.02999877929688,68.55999755859375,68.55999755859375,1448400,-0.6376846976902174,0.45563696257105674,0.7213459245296264,1.3115880858752391,1.9480174218315416,69.0989990234375,68.72949981689453,67.48883336385092,70.86475003560385,69.99835006713867,68.87858193407808,68.58928831691856,68.65643087251172,69.2124213493393,68.50120699224196,68.47073771282946,68.51569799556351,-0.044960282734052726,-0.47682196458786436,-0.7146993600032762,-0.7146993600032762,0.7146993600032762,-0.7146993600032762,-0.7146993600032762,-0.7146993600032762,0.7146993600032762,0.7146993600032762,-0.7146993600032762,0.9899978637695312,1.3812494277954106,69.26000213623047,66.28044944763184,66.55949935913085,66.83854927062988,,,,,,,,,,0.0,0.0,0.0
2017-08-01,68.66999816894531,68.66999816894531,67.68000030517578,68.06999969482422,68.06999969482422,1396500,-0.7146993600032762,0.45626558861342376,0.7792358698308918,1.3200550502554538,1.9503410860759491,68.85399932861328,68.8384994506836,67.34250005086263,70.88425000508626,70.01255004882813,68.60905452099347,68.49487220381049,68.6185966029835,69.17496490165028,68.49266823387725,68.40908571005941,68.48268330661986,-0.07359759656044673,-0.39617709098238085,-1.7775805639744406,-1.7775805639744406,1.7775805639744406,-1.7775805639744406,-1.7775805639744406,-1.7775805639744406,1.7775805639744406,1.7775805639744406,-1.7775805639744406,2.7400054931640625,1.4192499160766605,68.66999816894531,66.22125339508057,66.49750328063965,66.77375316619873,,,,,,,,,,0.0,0.0,0.0
2017-08-02,69.37000274658203,69.37000274658203,66.62999725341797,66.86000061035156,66.86000061035156,2264100,-1.7775805639744406,0.6010298855119193,0.9308369393215369,1.2288708341137,1.9488626016954111,68.31799926757813,68.7604995727539,67.2091667175293,70.90441665649413,70.01005004882812,68.02603655077951,68.19762282318159,68.50513879700726,69.0990644330831,68.46033818192625,68.17076492548898,68.36248458837777,-0.1917196628887865,-0.355285605363662,-0.04486805118609355,0.04486805118609355,-0.04486805118609355,0.04486805118609355,0.04486805118609355,-0.04486805118609355,-0.04486805118609355,-0.04486805118609355,0.04486805118609355,4.275001525878906,1.558499908447266,69.37000274658203,65.54764835357666,65.831498336792,66.11534832000733,,,,,,,,,,0.0,0.0,0.0
2017-08-03,66.30000305175781,68.9749984741211,64.69999694824219,66.88999938964844,66.88999938964844,2459100,0.04486805118609355,0.7095505673671612,0.7197397545239359,1.1626786719613844,1.9465191068501295,67.8759994506836,68.57749938964844,67.06616668701172,70.91658325195313,70.00215003967286,67.64735749706915,67.95987310799374,68.40093625459703,69.02663607100327,68.42924236425738,67.9737240738212,68.25341161069412,-0.27968753687291326,-0.34016599166551226,0.40364276503221136,-0.40364276503221136,0.40364276503221136,-0.40364276503221136,-0.40364276503221136,0.40364276503221136,0.40364276503221136,0.40364276503221136,-0.40364276503221136,1.8799972534179688,1.5534996032714847,68.9749984741211,65.94130294799804,66.2530029296875,66.56470291137695,1.0,1.0,1.0,65.94130294799804,66.2530029296875,66.30000305175781,66.88999938964844,66.88999938964844,66.88999938964844,1.4386983563223634,0.9614605101552413,0.8898888548014666
2017-08-04,66.69999694824219,68.0999984741211,66.22000122070312,66.62000274658203,66.62000274658203,965500,-0.40364276503221136,0.6722926825097326,0.6079240578882631,0.9852919143895127,1.943580225067487,67.4,68.31049957275391,66.93716684977214,70.91374994913737,69.98985008239747,67.30490591357345,67.71626031500979,68.28603731859606,68.9477300603665,68.39341583717469,67.76545925424594,68.13241836150063,-0.3669591072546865,-0.3455246147833471,-3.2722909265980586,3.2722909265980586,-3.2722909265980586,3.2722909265980586,3.2722909265980586,-3.2722909265980586,-3.2722909265980586,-3.2722909265980586,-3.2722909265980586,2.3600006103515625,1.570999526977539,68.0999984741211,65.55729934692383,65.86799926757813,66.17869918823241,,,,,,,,,,0.0,0.0,0.0
2017-08-07,66.81999969482422,69.18000030517578,66.81999969482422,68.80000305175781,68.80000305175781,1366900,3.2722909265980586,1.9044637280930816,1.3126687184989954,1.1660220734072795,1.988252295135733,67.44800109863282,68.27350006103515,66.89916687011718,70.94341672261557,69.98835014343261,67.80327162630158,67.91330444896397,68.31919639815489,68.94288655188753,68.40146706914663,67.92461983847853,68.18186907929746,-0.257249240818922,-0.3278695399904621,-0.5232566778823197,0.5232566778823197,-0.5232566778823197,0.5232566778823197,0.5232566778823197,-0.5232566778823197,-0.5232566778823197,-0.5232566778823197,0.5232566778823197,2.2450027465820312,1.6173995971679687,69.18000030517578,64.6437995147705,64.95799942016602,65.27219932556153,,,,,,,,,,0.0,0.0,0.0
2017-08-08,68.41000366210938,69.80000305175781,67.55500030517578,69.16000366210938,69.16000366210938,1369100,0.5232566778823197,1.8544429695379443,1.3236643837340898,1.1366159133839284,1.9839564157183665,67.66600189208984,68.26000061035157,66.99083353678385,70.96608339945475,69.99775016784668,68.25551563823751,68.13997703317222,68.37344202808744,68.95000514566529,68.41648759573995,68.11467888826789,68.25432349283908,-0.13964460457118832,-0.2902245529066073,0.144601067409161,-0.144601067409161,0.144601067409161,-0.144601067409161,-0.144601067409161,-0.144601067409161,0.144601067409161,0.144601067409161,-0.144601067409161,1.029998779296875,1.5648998260498046,69.80000305175781,65.62172119140625,65.94520111083985,66.26868103027344,,,,,,,,,,0.0,0.0,0.0
2017-08-09,68.80999755859375,69.41999816894531,68.38999938964844,69.05999755859375,69.05999755859375,865000,-0.144601067409161,1.4999880407017354,1.3177508812553504,1.026522165693454,1.8497826343167454,68.10600128173829,68.21200027465821,67.14316685994466,70.92475001017253,70.01415016174316,68.52367627835626,68.30725349233977,68.4177359332814,68.95361145428589,68.42923036728162,68.26011252985649,68.31400305326535,-0.05389052340886735,-0.24295774700705935,1.8679423126721753,-1.8679423126721753,1.8679423126721753,-1.8679423126721753,-1.8679423126721753,-1.8679423126721753,1.8679423126721753,1.8679423126721753,-1.8679423126721753,1.1800003051757812,1.5508998870849608,69.41999816894531,66.35722343444824,66.6702033996582,66.98318336486817,,,,,,,,,,0.0,0.0,0.0
2017-08-10,68.63999938964844,68.66999816894531,67.48999786376953,67.7699966430664,67.7699966430664,1277900,-1.8679423126721753,1.889060830548933,1.4303262824073488,1.1182322602788588,1.7604284447431144,68.28200073242188,68.07900009155273,67.2038335164388,70.80691668192546,70.01605010986329,68.27244973325965,68.20957042883552,68.37594630165464,68.91480441129508,68.41617623412884,68.18471008573493,68.2737062821395,-0.08899619640456535,-0.21216543688656056,1.6674117438193965,1.6674117438193965,-1.6674117438193965,1.6674117438193965,1.6674117438193965,1.6674117438193965,-1.6674117438193965,-1.6674117438193965,1.6674117438193965,2.220001220703125,1.6194000244140625,68.66999816894531,66.0080184173584,66.3181983947754,66.62837837219239,,,,,,,,,,0.0,0.0,0.0
2017-08-11,67.66999816894531,69.05000305175781,66.83000183105469,68.9000015258789,68.9000015258789,961000,1.6674117438193965,1.9294423588235834,1.5461094075433794,1.1755817474633954,1.7331779073908247,68.73800048828124,68.06900024414062,67.35750020345053,70.74625002543131,70.0497501373291,68.48163366413274,68.33510335557068,68.40975631612072,68.91431907078963,68.42575693297537,68.29475492268016,68.32009852241649,-0.025343599736331157,-0.1748010694565147,3.657469647689185,3.657469647689185,-3.657469647689185,3.657469647689185,3.657469647689185,3.657469647689185,-3.657469647689185,-3.657469647689185,3.657469647689185,2.1100006103515625,1.6778999328613282,69.05000305175781,65.10731811523438,65.43119812011719,65.755078125,,,,,,,,,,0.0,0.0,0.0
2017-08-14,69.54000091552734,71.61000061035156,69.5,71.41999816894531,71.41999816894531,1537900,3.657469647689185,2.061486376754521,1.9053321967980443,1.4056609193801881,1.7139300718312476,69.26199951171876,68.35500030517578,67.62750015258788,70.67741661071777,70.09865013122558,69.46108849907027,68.8959933216388,68.60396546791586,68.9964724838439,68.48504883863815,68.77556157595171,68.54972071845566,0.22584085749605265,-0.09467268406600121,0.47606269392624545,0.47606269392624545,-0.47606269392624545,0.47606269392624545,0.47606269392624545,0.47606269392624545,0.47606269392624545,-0.47606269392624545,0.47606269392624545,1.8700027465820312,1.7209003448486329,71.61000061035156,65.3586231994629,65.69420318603515,66.02978317260742,,,,,,,,,,0.0,0.0,0.0
2017-08-15,71.33999633789062,72.30000305175781,70.43000030517578,71.76000213623047,71.76000213623047,1694200,0.47606269392624545,2.062989566566272,1.862879835932347,1.403409471548209,1.7154272683482203,69.78199920654296,68.7240005493164,67.91950022379557,70.61491661071777,70.14795013427734,70.22739304479035,69.4167221970191,68.80758073683938,69.08708001343035,68.54989939898651,69.23470627753306,68.78751934199454,0.4471869355385252,0.013699239854904066,0.9197268855453704,0.9197268855453704,-0.9197268855453704,0.9197268855453704,-0.9197268855453704,0.9197268855453704,0.9197268855453704,-0.9197268855453704,0.9197268855453704,1.0100021362304688,1.729400634765625,72.30000305175781,67.82401985168457,68.1681999206543,68.51237998962402,,,,,,,,,,0.0,0.0,0.0
2017-08-16,71.9000015258789,72.47000122070312,71.45999908447266,72.41999816894531,72.41999816894531,1281500,0.9197268855453704,2.000580714253743,1.6750682582948142,1.4019325994775775,1.6596984177490104,70.45399932861328,69.28000030517578,68.16616694132487,70.52074991861979,70.19575012207031,70.95826141950867,69.96277237373295,69.04063992600751,69.1963560185292,68.62653501819362,69.72475118390417,69.05659184769459,0.6681593362095839,0.14459125912584003,-1.6984199925960528,-1.6984199925960528,1.6984199925960528,-1.6984199925960528,1.6984199925960528,-1.6984199925960528,-1.6984199925960528,1.6984199925960528,-1.6984199925960528,1.5749969482421875,1.7121505737304688,72.47000122070312,68.49532165527344,68.84120178222656,69.18708190917968,,,,,,,,,,0.0,0.0,0.0
2017-08-17,72.11000061035156,72.73500061035156,71.16000366210938,71.19000244140625,71.19000244140625,1388600,-1.6984199925960528,1.9409990258248244,1.846052140946704,1.440941377475555,1.6693790751265436,71.13800048828125,69.71000061035156,68.40550028483072,70.3980832417806,70.22395011901855,71.03550842680787,70.1859051133099,69.17930847538807,69.26172147501698,68.67729674934634,69.95017445428911,69.2146222620436,0.7355521922455068,0.2627834457497734,-2.1351372669385627,-2.1351372669385627,2.1351372669385627,-2.1351372669385627,2.1351372669385627,-2.1351372669385627,-2.1351372669385627,2.1351372669385627,-2.1351372669385627,2.2099990844726562,1.7276504516601563,72.73500061035156,68.7032699584961,69.04570007324219,69.38813018798828,,,,,,,,,,0.0,0.0,0.0
2017-08-18,71.70999908447266,71.80999755859375,69.5999984741211,69.66999816894531,69.66999816894531,1285200,-2.1351372669385627,2.3235492515903644,2.0271524707661355,1.5215467464410877,1.6889378669674155,71.29199981689453,70.01500015258789,68.53250020345052,70.25274988810222,70.23815010070801,70.58033834085369,70.09210385069815,69.21096587497242,69.27510759612939,68.69695420319978,69.90707041039008,69.248353810703,0.6587165996870823,0.3419700765372352,-0.4880096839763875,-0.4880096839763875,0.4880096839763875,-0.4880096839763875,0.4880096839763875,-0.4880096839763875,-0.4880096839763875,0.4880096839763875,-0.4880096839763875,1.4600067138671875,1.7656509399414062,71.80999755859375,68.93416961669922,69.27969970703126,69.62522979736327,,,1.0,,,69.62522979736327,,,69.66999816894531,0.0,0.0,0.06429906473893303
2017-08-21,69.62000274658203,69.9800033569336,68.5199966430664,69.33000183105469,69.33000183105469,828100,-0.4880096839763875,1.3268471716189503,1.7830253066656614,1.5254727190249289,1.6865388266865244,70.8740005493164,70.06800003051758,68.67683359781901,70.09441655476888,70.25295013427734,70.16355950425402,69.9535398471266,69.2186456140745,69.27690740711054,68.70948979979096,69.81829062895386,69.25440181221053,0.5638888167433294,0.386353824578454,2.423193798940974,2.423193798940974,-2.423193798940974,-2.423193798940974,2.423193798940974,2.423193798940974,2.423193798940974,-2.423193798940974,2.423193798940974,1.4000015258789062,1.769500732421875,69.9800033569336,67.92556549072266,68.27869567871093,68.63182586669922,,,1.0,,,68.63182586669922,,,69.33000183105469,0.0,0.0,1.0172772697487453
2017-08-22,69.73999786376953,71.11000061035156,69.70999908447266,71.01000213623047,71.01000213623047,806900,2.423193798940974,1.88466250975705,1.9294210008255164,1.6173580117893465,1.7141450951716444,70.7240005493164,70.25299987792968,68.8461669921875,69.98058331807455,70.2722501373291,70.44570704824618,70.14562389969093,69.3342170026007,69.33373018511446,68.75504449952243,70.00163086084257,69.38444628065645,0.6171845801861195,0.4325199756999871,-0.4788113745340682,-0.4788113745340682,0.4788113745340682,0.4788113745340682,0.4788113745340682,-0.4788113745340682,-0.4788113745340682,-0.4788113745340682,-0.4788113745340682,0.839996337890625,1.7470008850097656,71.11000061035156,66.08710174560547,66.44100189208984,66.79490203857422,,,,,,,,,,0.0,0.0,0.0
2017-08-23,70.52999877929688,70.88999938964844,70.05000305175781,70.66999816894531,70.66999816894531,752600,-0.4788113745340682,1.7785192115640853,1.9404747293117606,1.6221304016744447,1.7076425038709973,70.3740005493164,70.41399993896485,68.95283355712891,69.84758326212565,70.29335014343262,70.5204707551459,70.240964675919,69.42039643268745,69.3775422501581,68.79296437416447,70.10445660055069,69.47967234645562,0.6247842540950757,0.47097283137900486,0.5943090134815843,-0.5943090134815843,0.5943090134815843,0.5943090134815843,0.5943090134815843,-0.5943090134815843,-0.5943090134815843,-0.5943090134815843,-0.5943090134815843,1.0699996948242188,1.7337505340576171,70.88999938964844,67.26659866333007,67.61599884033203,67.96539901733398,,,,,,,,,,0.0,0.0,0.0
2017-08-24,70.98999786376953,71.19999694824219,70.12999725341797,70.25,70.25,827500,-0.5943090134815843,1.6528122303966435,1.8245295596999602,1.6212481264569933,1.7059367484381693,70.18600006103516,70.6620002746582,69.04883346557617,69.71924997965495,70.31535011291504,70.43031383676393,70.24260746211554,69.47391924348182,69.40614742228405,68.82181656477508,70.12684789277367,69.53673365412557,0.5901142386480984,0.4948011128328236,-0.9679719646630338,0.9679719646630338,-0.9679719646630338,-0.9679719646630338,-0.9679719646630338,0.9679719646630338,0.9679719646630338,0.9679719646630338,0.9679719646630338,1.0600051879882812,1.7377510070800781,71.19999694824219,67.07574821472168,67.4224983215332,67.76924842834472,,,,,,,,,,0.0,0.0,0.0
2017-08-25,70.5199966430664,71.26000213623047,70.19999694824219,70.93000030517578,70.93000030517578,837500,0.9679719646630338,1.319057312309463,1.7823961399181552,1.6316494518767353,1.6997700678785381,70.43800048828125,70.8650001525879,69.16916681925456,69.58375002543131,70.34145011901856,70.59687599290122,70.36758797903559,69.56785995713949,69.45610981188705,68.86356277745628,70.250409802374,69.6399385912404,0.6104712111335999,0.5179351324929788,0.4652500065344102,-0.4652500065344102,0.4652500065344102,0.4652500065344102,0.4652500065344102,-0.4652500065344102,-0.4652500065344102,-0.4652500065344102,-0.4652500065344102,1.0900039672851562,1.7307510375976562,71.26000213623047,67.37694473266602,67.72449493408203,68.07204513549804,,,,,,,,,,0.0,0.0,0.0
2017-08-28,71.1500015258789,71.1500015258789,70.05999755859375,70.5999984741211,70.5999984741211,721300,-0.4652500065344102,1.3154076250492641,1.3435755895714374,1.6277158781851062,1.7002026226492697,70.69199981689454,70.78300018310547,69.28916676839192,69.44458338419597,70.36145011901856,70.59791681997451,70.40984443268749,69.63444953888025,69.4936143581898,68.89794764273678,70.30419267495047,69.71105413812045,0.5931385368300255,0.5329758133603882,0.19829942305134074,-0.19829942305134074,0.19829942305134074,0.19829942305134074,0.19829942305134074,-0.19829942305134074,-0.19829942305134074,-0.19829942305134074,-0.19829942305134074,1.3800048828125,1.7502513885498048,71.1500015258789,67.45234985351563,67.79850006103516,68.14465026855468,,,,,,,,,,0.0,0.0,0.0
2017-08-29,69.91000366210938,70.69000244140625,69.30999755859375,70.45999908447266,70.45999908447266,510700,-0.19829942305134074,0.6436292046284535,1.3278743727501487,1.617185676311228,1.681468290338692,70.58199920654297,70.65299987792969,69.40516662597656,69.33058331807455,70.373150100708,70.5519442414739,70.41896346028479,69.68771079988622,69.52529910331383,68.92887935445432,70.32816289180003,69.76653154155395,0.5616313502460883,0.5387069207375282,-3.7751968445534128,3.7751968445534128,3.7751968445534128,-3.7751968445534128,-3.7751968445534128,3.7751968445534128,3.7751968445534128,3.7751968445534128,3.7751968445534128,2.5499954223632812,1.7407508850097657,70.69000244140625,67.29944847106934,67.6494987487793,67.99954902648926,,,,,,,,,,0.0,0.0,0.0
2017-08-30,70.76000213623047,73.16999816894531,70.62000274658203,73.12000274658203,73.12000274658203,832000,3.7751968445534128,1.8281538982735142,1.8091739574446284,1.7348818641263049,1.7552774420291317,71.0720001220703,70.72300033569336,69.58783340454102,69.25758336385091,70.39105010986329,71.40796374317662,70.91006151233883,69.90914898999563,69.64315823915868,69.01187189687269,70.75767671561265,70.01493681600047,0.7427398996121752,0.5795135165124576,0.13675939601324502,0.13675939601324502,0.13675939601324502,-0.13675939601324502,-0.13675939601324502,0.13675939601324502,0.13675939601324502,0.13675939601324502,0.13675939601324502,0.8400039672851562,1.5690010070800782,73.16999816894531,66.86035049438476,67.20850067138672,67.55665084838867,,,,,,,,,,0.0,0.0,0.0
2017-08-31,73.19000244140625,73.66000366210938,72.81999969482422,73.22000122070312,73.22000122070312,811000,0.13675939601324502,1.7253980921601968,1.694715841604806,1.7338385624650332,1.7550696865120223,71.66600036621094,70.92600021362304,69.73783340454102,69.18341674804688,70.41685012817383,72.01197623568547,71.33005055022323,70.1227523597187,69.76043177953719,69.09520119041389,71.13649587024196,70.25234899412659,0.8841468761153664,0.6404401884330394,0.05463113201373916,0.05463113201373916,0.05463113201373916,-0.05463113201373916,-0.05463113201373916,0.05463113201373916,0.05463113201373916,0.05463113201373916,0.05463113201373916,1.160003662109375,1.5330013275146483,73.66000366210938,69.71819595336915,70.03199615478516,70.34579635620118,,,,,,,,,,0.0,0.0,0.0
2017-09-01,73.38999938964844,74.2300033569336,73.06999969482422,73.26000213623047,73.26000213623047,703000,0.05463113201373916,1.7569552646054594,1.4728728369031976,1.7247277466272988,1.753339829748622,72.13200073242187,71.28500061035156,69.87016677856445,69.1030834197998,70.4474501800537,72.42798486920047,71.68095083858819,70.32515557110656,69.87517179123205,69.17767249627164,71.4631891419325,70.47513811576393,0.9880510261685771,0.709962355980147,0.16379349397828757,0.16379349397828757,0.16379349397828757,-0.16379349397828757,-0.16379349397828757,0.16379349397828757,0.16379349397828757,0.16379349397828757,0.16379349397828757,1.75,1.5025012969970704,74.2300033569336,70.28740074157714,70.59400100708008,70.900601272583,,,,,,,,,,0.0,0.0,0.0
2017-09-05,72.93000030517578,73.98999786376953,72.23999786376953,73.37999725341797,73.37999725341797,869800,0.16379349397828757,1.6768793175334806,1.4376380675870468,1.5960832383072485,1.6919630587820895,72.68800048828125,71.69000015258788,70.01050008138021,69.07158342997234,70.49365013122559,72.74532233060631,71.98986836855724,70.5222421312557,69.99008410146766,69.2608868478983,71.75808269754566,70.69031286670126,1.067769830844398,0.7815238509529971,-0.08176282480162586,-0.08176282480162586,-0.08176282480162586,0.08176282480162586,0.08176282480162586,-0.08176282480162586,-0.08176282480162586,-0.08176282480162586,-0.08176282480162586,1.9399948120117188,1.4872509002685548,73.98999786376953,70.92450050354005,71.22500076293946,71.52550102233887,,,,,,,,,,0.0,0.0,0.0
2017-09-06,73.2699966430664,73.9749984741211,72.03500366210938,73.31999969482422,73.31999969482422,726000,-0.08176282480162586,1.6605007352219137,1.2912843830776135,1.5980544025870729,1.6885404722414832,73.26000061035157,71.92099990844727,70.14466679890951,69.0497501373291,70.54205009460449,72.93688145201229,72.23171042787851,70.70274261922786,70.09926166190559,69.34126532011466,71.99837762020391,70.88510448359926,1.113273136604647,0.8478737080833272,-0.1363863537060991,-0.1363863537060991,-0.1363863537060991,0.1363863537060991,0.1363863537060991,-0.1363863537060991,-0.1363863537060991,-0.1363863537060991,-0.1363863537060991,2.5699996948242188,1.5642509460449219,73.9749984741211,70.71804588317872,71.01549606323242,71.31294624328613,,,,,,,,,,0.0,0.0,0.0
2017-09-07,73.41000366210938,75.70999908447266,73.13999938964844,73.22000122070312,73.22000122070312,2006600,-0.1363863537060991,0.1323316751414156,1.2719070672564565,1.597933953912605,1.6886026307688597,73.28000030517578,72.17600021362304,70.2673334757487,69.0259167989095,70.58355010986328,73.03125470824257,72.41139966293753,70.86514639996821,70.20158099170223,69.41807197161145,72.1863197125884,71.05805979745881,1.1282599151295898,0.9039509494925797,-2.198853569393729,-2.198853569393729,-2.198853569393729,2.198853569393729,2.198853569393729,-2.198853569393729,-2.198853569393729,-2.198853569393729,-2.198853569393729,1.9599990844726562,1.6032508850097655,75.70999908447266,70.53364639282226,70.84649658203125,71.15934677124024,,,,,,,,,,0.0,0.0,0.0
2017-09-08,73.29000091552734,73.4000015258789,71.44000244140625,71.61000061035156,71.61000061035156,707000,-2.198853569393729,0.9903669943838104,1.4887156522663805,1.623130908010156,1.6554497691203998,72.95800018310547,72.3120002746582,70.35100021362305,69.01725018819174,70.60425010681152,72.5575033422789,72.26569074428554,70.91320151031552,70.24775868411696,69.46147649911126,72.09765523532118,71.09894430211753,0.9987109332036539,0.9229029462347946,1.4243773696029838,1.4243773696029838,1.4243773696029838,-1.4243773696029838,-1.4243773696029838,1.4243773696029838,1.4243773696029838,1.4243773696029838,1.4243773696029838,1.0200042724609375,1.5432510375976562,73.4000015258789,72.18284713745118,72.50349731445313,72.82414749145508,1.0,1.0,1.0,72.18284713745118,72.50349731445313,72.82414749145508,71.61000061035156,71.61000061035156,71.61000061035156,-0.7936047825999365,-1.2323497999364126,-1.6672311629133458
2017-09-11,72.33999633789062,73.16000366210938,72.13999938964844,72.62999725341797,72.62999725341797,780400,1.4243773696029838,1.3017805266101798,1.5214515069547068,1.6131420471217581,1.66343659731448,72.83199920654297,72.48199996948242,70.47200012207031,69.03308347066243,70.63065010070801,72.58166797932526,72.33192829140052,71.02396252599955,70.32586486671698,69.52421948434505,72.17955400733607,71.2123556318435,0.9671983754925719,0.9317620320863502,0.44058888465558843,0.44058888465558843,0.44058888465558843,-0.44058888465558843,-0.44058888465558843,0.44058888465558843,0.44058888465558843,0.44058888465558843,0.44058888465558843,1.089996337890625,1.4922508239746093,73.16000366210938,70.00484924316406,70.3134994506836,70.62214965820313,,,,,,,,,,0.0,0.0,0.0
2017-09-12,72.9000015258789,73.63999938964844,72.55000305175781,72.94999694824219,72.94999694824219,915000,0.44058888465558843,1.3249777370666265,1.501136323833909,1.4052331347541838,1.6642575437220328,72.74599914550781,72.71699981689453,70.61833343505859,69.05358339945475,70.64985008239746,72.70444430229757,72.44430441082628,71.14822281130553,70.41190198414404,69.59205666184796,72.29808369055239,71.34106980342858,0.9570138871238072,0.9368124030938416,0.0822552302926822,0.0822552302926822,0.0822552302926822,-0.0822552302926822,-0.0822552302926822,0.0822552302926822,0.0822552302926822,0.0822552302926822,0.0822552302926822,0.9300003051757812,1.4452507019042968,73.63999938964844,69.87705184936523,70.17550201416016,70.47395217895507,,,,,,,,,,0.0,0.0,0.0
2017-09-13,72.9000015258789,73.23999786376953,72.30999755859375,73.01000213623047,73.01000213623047,522600,0.0822552302926822,1.3278913711794844,1.4925968074742035,1.402669503346016,1.6591925701972237,72.68399963378906,72.97200012207031,70.78300018310547,69.06275011698405,70.67835006713867,72.80629691360855,72.54715854271795,71.26833760646198,70.49708559568785,69.65973875044959,72.40760960527209,71.46469442067317,0.9429151845989168,0.9380329593948568,-0.6437490849899479,0.6437490849899479,0.6437490849899479,-0.6437490849899479,-0.6437490849899479,0.6437490849899479,0.6437490849899479,0.6437490849899479,0.6437490849899479,2.1300048828125,1.5012508392333985,73.23999786376953,70.46044784545899,70.74949798583984,71.0385481262207,,,,,,,,,,0.0,0.0,0.0
2017-09-14,72.55999755859375,74.69000244140625,72.55999755859375,73.4800033569336,73.4800033569336,645300,0.6437490849899479,1.3645836484922496,0.9143854958128819,1.3954750508635534,1.634772076469924,72.73600006103516,73.00800018310547,71.00366694132487,69.10641682942709,70.70375007629394,73.03086572805023,72.71676669075715,71.41102571939564,70.59488617802377,69.73538755453838,72.57259325937386,71.61397656409987,0.9586166952739887,0.9421497065706832,-2.7354306137851774,2.7354306137851774,2.7354306137851774,-2.7354306137851774,-2.7354306137851774,2.7354306137851774,2.7354306137851774,2.7354306137851774,2.7354306137851774,2.3250045776367188,1.538751220703125,74.69000244140625,69.93724601745606,70.23749618530273,70.53774635314942,,,,,,,,,,0.0,0.0,0.0
2017-09-15,73.37000274658203,75.55000305175781,73.2249984741211,75.48999786376953,75.48999786376953,1440900,2.7354306137851774,1.0550614903099358,1.2489309865295064,1.4489327447524205,1.66993112945675,73.51199951171876,73.23499984741211,71.2903335571289,69.17825012207031,70.7455500793457,73.85057643995667,73.22099054039576,71.67418521258105,70.75538164313019,69.8493402339291,73.02142473697319,71.90108925296428,1.1203354840089048,0.9777868620583275,-1.5101330267695845,-1.5101330267695845,-1.5101330267695845,1.5101330267695845,1.5101330267695845,-1.5101330267695845,-1.5101330267695845,-1.5101330267695845,-1.5101330267695845,2.2700042724609375,1.5417514801025392,75.55000305175781,71.30474975585938,71.6125,71.92025024414062,,,,,,,,,,0.0,0.0,0.0
2017-09-18,75.5,76.47000122070312,74.19999694824219,74.3499984741211,74.3499984741211,1000800,-1.5101330267695845,1.5193873326647542,1.3763876665234256,1.3994628082068694,1.6773076889018472,73.85599975585937,73.34399948120117,71.54800008138021,69.24258346557617,70.77935005187989,74.01705045134482,73.426264710164,71.8468183262288,70.87323793267088,69.93846217927944,73.22582069653441,72.08248993601293,1.1433307605214793,1.0108956417509578,-0.040348056371940125,-0.040348056371940125,-0.040348056371940125,0.040348056371940125,0.040348056371940125,-0.040348056371940125,-0.040348056371940125,-0.040348056371940125,-0.040348056371940125,0.9749984741210938,1.5175010681152343,76.47000122070312,72.15814979553222,72.46650009155273,72.77485038757324,,,,,,,,,,0.0,0.0,0.0
2017-09-19,74.44000244140625,74.61000061035156,73.63500213623047,74.31999969482422,74.31999969482422,645500,-0.040348056371940125,1.537493110074824,1.3777774538195007,1.389151978875489,1.6734214488242625,74.13000030517578,73.4379997253418,71.73199996948242,69.31558341979981,70.8113500213623,74.11803353250463,73.58876198010222,72.00637841452529,70.98624651503656,70.02522529839914,73.39415592704054,72.24823139962858,1.1459245274119638,1.037901418883159,-5.3821313461046305,-5.3821313461046305,-5.3821313461046305,5.3821313461046305,5.3821313461046305,-5.3821313461046305,-5.3821313461046305,-5.3821313461046305,-5.3821313461046305,4.3899993896484375,1.667000961303711,74.61000061035156,73.13149887084961,73.43499908447265,73.7384992980957,,,1.0,,,73.7384992980957,,,74.31999969482422,0.0,0.0,0.7885980895512099
2017-09-20,74.30000305175781,74.31999969482422,69.93000030517578,70.31999969482422,70.31999969482422,2221800,-5.3821313461046305,3.02576784652166,2.2280098489394247,1.8106468663661741,1.6913965825597503,73.59199981689453,73.1379997253418,71.77066650390626,69.38075002034505,70.83425003051758,72.85202225327782,72.99444156459712,71.8975797874478,70.9644023569968,70.03106241516002,72.92120881439187,72.10539942149492,0.8158093928969521,0.9934830136859177,0.41240175879677765,0.41240175879677765,0.41240175879677765,-0.41240175879677765,-0.41240175879677765,-0.41240175879677765,0.41240175879677765,0.41240175879677765,-0.41240175879677765,1.660003662109375,1.7080013275146484,74.31999969482422,70.9425984954834,71.27599868774413,71.60939888000489,1.0,1.0,1.0,70.9425984954834,71.27599868774413,71.60939888000489,70.31999969482422,70.31999969482422,70.31999969482422,-0.8776092416445874,-1.341263553679676,-1.800600487292601
2017-09-21,70.20999908447266,70.72000122070312,69.05999755859375,70.61000061035156,70.61000061035156,1653600,0.41240175879677765,3.001550074084327,2.2417803546435633,1.8100662646279833,1.645202362781194,73.01799926757812,72.87699966430664,71.82233327229818,69.48275006612143,70.85425003051758,72.10468170563574,72.56090684564339,71.81451016311901,70.9527826275986,70.04252653783708,72.5656383214626,71.99462913918802,0.5710091822745795,0.9089882474036501,0.835570503881472,0.835570503881472,0.835570503881472,-0.835570503881472,-0.835570503881472,-0.835570503881472,0.835570503881472,0.835570503881472,-0.835570503881472,1.339996337890625,1.7215011596679688,70.72000122070312,70.562396774292,70.90399703979492,71.24559730529785,1.0,1.0,1.0,70.20999908447266,70.20999908447266,70.20999908447266,70.61000061035156,70.61000061035156,70.61000061035156,0.569721593925172,0.569721593925172,0.569721593925172
2017-09-22,70.37999725341797,71.56999969482422,70.2300033569336,71.19999694824219,71.19999694824219,1035700,0.835570503881472,2.532523152108351,2.1661952363561205,1.8131154211185179,1.6245135983052028,72.15999908447266,72.8359992980957,71.93666661580404,69.57025006612142,70.8828500366211,71.8031201198379,72.31346868247952,71.77486414925599,70.96088801516068,70.06544674398371,72.35553964865946,71.93576749541425,0.419772153245205,0.8111450285719612,3.5674064536536765,-3.5674064536536765,-3.5674064536536765,3.5674064536536765,3.5674064536536765,3.5674064536536765,-3.5674064536536765,-3.5674064536536765,3.5674064536536765,2.3799972534179688,1.787500762939453,71.56999969482422,66.93269866943359,67.2769989013672,67.62129913330078,,,,,,,,,,0.0,0.0,0.0
2017-09-25,70.63999938964844,70.63999938964844,68.26000213623047,68.66000366210938,68.66000366210938,1932800,-3.5674064536536765,2.764785826147524,2.358900714941099,1.9731616801656626,1.658934123963116,71.02200012207031,72.43899993896484,71.92866668701171,69.64308344523111,70.88895004272462,70.7554146339284,71.64920231513949,71.57390540814976,70.8854491839131,70.03761618790699,71.78699565072868,71.69311832257685,0.0938773281518337,0.6676914884879357,0.6117182871221251,-0.6117182871221251,-0.6117182871221251,0.6117182871221251,-0.6117182871221251,0.6117182871221251,-0.6117182871221251,-0.6117182871221251,0.6117182871221251,1.6720046997070312,1.8166007995605469,70.63999938964844,67.63749801635743,67.99499816894532,68.3524983215332,,,1.0,,,68.3524983215332,,,68.66000366210938,0.0,0.0,0.4498816402140151
2017-09-26,69.0,69.37000274658203,67.697998046875,68.23999786376953,68.23999786376953,1113300,-0.6117182871221251,2.6978714565541595,2.333882921751652,1.9746887930471468,1.647982623515096,69.80599975585938,71.96800003051757,71.82266667683919,69.72508341471354,70.90115005493163,69.91694237720878,71.02934696034495,71.3588145988349,70.79871307505593,70.00201978544882,71.2413036835042,71.43733162192446,-0.1960279384202579,0.49494760310629704,-2.9454897408454253,2.9454897408454253,2.9454897408454253,-2.9454897408454253,2.9454897408454253,-2.9454897408454253,-2.9454897408454253,2.9454897408454253,-2.9454897408454253,2.1199951171875,1.853600311279297,69.37000274658203,66.64347763061524,67.00679779052734,67.37011795043945,,,,,,,,,,0.0,0.0,0.0
2017-09-27,69.2300033569336,70.7699966430664,68.6500015258789,70.25,70.25,1041500,2.9454897408454253,2.379322910409071,2.59355381591914,2.0923555107943486,1.6849453584969842,69.79199981689453,71.69199981689454,71.77233327229818,69.84591674804688,70.93465003967285,70.02796158480587,70.88764751300951,71.28727817310362,70.78072248243113,70.00693028474686,71.08879542450356,71.34938113141155,-0.2605857069079889,0.3438409411034399,0.07117872136343416,0.07117872136343416,-0.07117872136343416,0.07117872136343416,-0.07117872136343416,0.07117872136343416,0.07117872136343416,-0.07117872136343416,0.07117872136343416,1.1500015258789062,1.7836006164550782,70.7699966430664,65.29208206176757,65.66280212402344,66.0335221862793,,,,,,,,,,0.0,0.0,0.0
2017-09-28,70.25,70.72000122070312,69.56999969482422,70.19999694824219,70.19999694824219,883500,-0.07117872136343416,2.3683171514658543,2.5727675190108563,1.895160597094496,1.638165028636487,69.70999908447266,71.36399917602539,71.69833323160807,69.93225008646647,70.98014999389649,70.08530670595131,70.76262013759727,71.21713099730611,70.76168230098232,70.0107533869943,70.95205719738642,71.26424156228788,-0.31218436490145507,0.21263587990246088,-0.6837654954422517,-0.6837654954422517,0.6837654954422517,-0.6837654954422517,0.6837654954422517,-0.6837654954422517,-0.6837654954422517,0.6837654954422517,-0.6837654954422517,1.8699951171875,1.8351001739501953,70.72000122070312,66.84607528686523,67.20279541015626,67.55951553344727,,,,,,,,,,0.0,0.0,0.0
2017-09-29,70.19999694824219,71.08999633789062,69.22000122070312,70.68000030517578,70.68000030517578,1020400,0.6837654954422517,2.3543555044406967,2.3662123921582374,1.9039939208595746,1.6243464146259656,69.60599975585937,70.88299942016602,71.68133316040038,70.04341672261556,71.02534996032715,70.28353790569281,70.74759834988427,71.18247740426546,70.75900420275914,70.02400580121572,70.91020229089249,71.22096443213142,-0.3107621412389392,0.10795627567418088,-0.8630455683612852,-0.8630455683612852,0.8630455683612852,-0.8630455683612852,0.8630455683612852,-0.8630455683612852,-0.8630455683612852,0.8630455683612852,-0.8630455683612852,1.220001220703125,1.838100051879883,71.08999633789062,66.68278083801269,67.04980087280273,67.41682090759278,,,,,,,,,,0.0,0.0,0.0
2017-10-02,70.83999633789062,72.05999755859375,70.83999633789062,71.29000091552734,71.29000091552734,801500,0.8630455683612852,1.3569494220475595,2.3871112932535783,1.9173000998005305,1.5876530221058682,70.13199920654297,70.57699966430664,71.73533325195312,70.13391672770182,71.07034996032715,70.61902557563766,70.84621699818301,71.18941440499202,70.77641393104663,70.0490750114001,70.96863284852861,71.22607824571631,-0.2574453971876949,0.03487594110180573,-0.14026998574398045,-0.14026998574398045,0.14026998574398045,-0.14026998574398045,0.14026998574398045,-0.14026998574398045,-0.14026998574398045,0.14026998574398045,-0.14026998574398045,0.7400054931640625,1.787600326538086,72.05999755859375,67.04617622375488,67.41379623413086,67.78141624450683,,,,,,,,,,0.0,0.0,0.0
2017-10-03,71.5199966430664,71.76000213623047,71.0199966430664,71.38999938964844,71.38999938964844,428600,0.14026998574398045,1.199142951970863,2.3907587079553814,1.9171250363349484,1.5761975165918525,70.76199951171876,70.28399963378907,71.80399983723959,70.2404167175293,71.11404998779297,70.8760168469746,70.945086523904,71.20235537174405,70.79653148706636,70.07562796938521,71.03345847023935,71.23822055267424,-0.2047620824348826,-0.013051663605531935,1.0785884284131095,-1.0785884284131095,1.0785884284131095,-1.0785884284131095,1.0785884284131095,-1.0785884284131095,-1.0785884284131095,1.0785884284131095,-1.0785884284131095,1.641998291015625,1.7727005004882812,71.76000213623047,68.12727684020996,68.48479690551758,68.8423169708252,,,,,,,,,,0.0,0.0,0.0
2017-10-04,71.0199966430664,72.16999816894531,70.52799987792969,72.16000366210938,72.16000366210938,642800,1.0785884284131095,0.48693477374544497,1.6435548944143183,1.9357987045400376,1.5720681463352504,71.14400024414063,70.46800003051757,71.84233322143555,70.34425010681153,71.15764999389648,71.30401245201952,71.16598054903224,71.26413913241278,70.84123549280547,70.11690273557777,71.20677311514244,71.30650078300276,-0.09972766786032139,-0.030386864456489828,-0.6374815556013244,0.6374815556013244,-0.6374815556013244,0.6374815556013244,0.6374815556013244,-0.6374815556013244,0.6374815556013244,-0.6374815556013244,0.6374815556013244,1.5699996948242188,1.7227005004882812,72.16999816894531,67.86006103515625,68.2146011352539,68.56914123535157,,,,,,,,,,0.0,0.0,0.0
2017-10-05,72.23999786376953,72.68000030517578,71.11000061035156,71.69999694824219,71.69999694824219,759900,-0.6374815556013244,0.6884688699914839,1.6668775503945592,1.9400552947499732,1.5491033250008832,71.44400024414062,70.57699966430664,71.87666651407878,70.41475003560384,71.15924995422364,71.43600728409375,71.26307443979768,71.29225899149856,70.86939160609847,70.14825113582854,71.28265370485009,71.33564864709457,-0.052994942244481535,-0.034908480014088174,1.3807608581611435,-1.3807608581611435,1.3807608581611435,-1.3807608581611435,-1.3807608581611435,1.3807608581611435,-1.3807608581611435,1.3807608581611435,-1.3807608581611435,1.160003662109375,1.6827007293701173,72.68000030517578,68.38005706787109,68.72459716796875,69.06913726806641,,,,,,,,,,0.0,0.0,0.0
2017-10-06,71.63999938964844,72.80000305175781,71.63999938964844,72.69000244140625,72.69000244140625,607200,1.3807608581611435,0.8130847868119396,1.6998051525602513,1.899639055255895,1.5572839255306055,71.84600067138672,70.72600021362305,71.95799992879232,70.50341669718425,71.13775001525879,71.85400566986459,71.5225158946356,71.3824359882668,70.92908376463315,70.19858284484988,71.4991688950895,71.43597115037691,0.063197744712582,-0.015287235068754141,-0.041269470751574576,0.041269470751574576,-0.041269470751574576,0.041269470751574576,0.041269470751574576,-0.041269470751574576,-0.041269470751574576,-0.041269470751574576,-0.041269470751574576,0.8300018310546875,1.6732006072998047,72.80000305175781,68.97805870056152,69.31459884643554,69.65113899230957,,,,,,,,,,0.0,0.0,0.0
2017-10-09,72.6500015258789,72.94000244140625,72.11000061035156,72.66000366210938,72.66000366210938,417900,-0.041269470751574576,0.8306124477627316,1.079175186166145,1.8736388980453418,1.5572133663149246,72.12000122070313,71.12600021362304,72.01566670735677,70.59241676330566,71.13895004272462,72.12267166727952,71.7293318523581,71.46485970915988,70.98583523668155,70.24732385113225,71.6777588592464,71.52664022532005,0.15111863392634461,0.017993938730265613,-1.1285539263554512,1.1285539263554512,-1.1285539263554512,1.1285539263554512,1.1285539263554512,-1.1285539263554512,-1.1285539263554512,-1.1285539263554512,-1.1285539263554512,1.7999954223632812,1.7087005615234374,72.94000244140625,69.11896171569825,69.4536018371582,69.78824195861816,,,,,,,,,,0.0,0.0,0.0
2017-10-10,72.75,72.80999755859375,71.01000213623047,71.83999633789062,71.83999633789062,986600,-1.1285539263554512,1.0801089123685093,1.152129250986094,1.8878559707815268,1.5638522932402923,72.21000061035156,71.48600006103516,72.05699996948242,70.67308336893717,71.10184997558594,72.02844655748322,71.74945266790947,71.48906207230381,71.01384051868841,70.27886192017696,71.7027184713455,71.54985178921416,0.15286668213134647,0.04496848741048179,1.5311889749296215,-1.5311889749296215,1.5311889749296215,-1.5311889749296215,-1.5311889749296215,1.5311889749296215,1.5311889749296215,1.5311889749296215,1.5311889749296215,1.0999984741210938,1.717200469970703,72.80999755859375,69.18086120605469,69.52260131835938,69.86434143066407,,,,,,,,,,0.0,0.0,0.0
2017-10-11,71.9000015258789,73.0,71.9000015258789,72.94000244140625,72.94000244140625,839500,1.5311889749296215,1.1925510502348748,0.8749536442455448,1.921088908161024,1.5741268174809113,72.36600036621094,71.75500030517578,72.13966674804688,70.77241668701171,71.0761499786377,72.3322985187909,71.9659162630907,71.58267112837494,71.07699336861359,70.33155777208249,71.89306985135485,71.65282591159875,0.24024393975609826,0.08402357787960509,-0.7951765994532443,0.7951765994532443,-0.7951765994532443,0.7951765994532443,0.7951765994532443,-0.7951765994532443,-0.7951765994532443,-0.7951765994532443,-0.7951765994532443,0.80999755859375,1.6512001037597657,73.0,69.0321565246582,69.37559661865234,69.71903671264648,,,,,,,,,,0.0,0.0,0.0
2017-10-12,72.72000122070312,73.06999969482422,72.26000213623047,72.36000061035156,72.36000061035156,1233000,-0.7951765994532443,1.2226344899459263,0.9436825187266222,1.9231669974235768,1.5749790219516913,72.49800109863281,71.97100067138672,72.11433334350586,70.85108337402343,71.01904998779297,72.34153254931113,72.03756796259268,71.63282141753471,71.11905917981811,70.3717249569987,71.96490535273897,71.70520922261748,0.2596961301214833,0.11915808832798072,0.041457682481809546,-0.041457682481809546,0.041457682481809546,-0.041457682481809546,-0.041457682481809546,0.041457682481809546,0.041457682481809546,0.041457682481809546,0.041457682481809546,0.9499969482421875,1.582449722290039,73.06999969482422,69.36735977172852,69.69759979248047,70.02783981323242,,,,,,,,,,0.0,0.0,0.0
2017-10-13,72.58000183105469,73.02999877929688,72.08000183105469,72.38999938964844,72.38999938964844,663400,0.041457682481809546,1.0275107233091274,0.9370636656341437,1.8080453202543156,1.5630960856489868,72.43800048828125,72.14200057983399,72.08666661580403,70.91225001017253,70.95744995117188,72.3576881627569,72.10164640387553,71.68167160928398,71.16072935063221,70.4116907873482,72.03030443534043,71.75593442017532,0.27437001516510406,0.1502004736954054,0.19339603650895598,0.19339603650895598,0.19339603650895598,-0.19339603650895598,-0.19339603650895598,0.19339603650895598,0.19339603650895598,0.19339603650895598,0.19339603650895598,0.6100006103515625,1.4994495391845704,73.02999877929688,69.58861030578613,69.90510025024415,70.22159019470215,,,,,,,,,,0.0,0.0,0.0
2017-10-16,72.2699966430664,72.73999786376953,72.12999725341797,72.52999877929688,72.52999877929688,721400,0.19339603650895598,1.0349670455943711,0.9114295750362713,1.7827105636148926,1.5602109980453969,72.41199951171875,72.26600036621093,72.06233317057291,70.96624997456868,70.89884994506836,72.41512503493689,72.17952865395213,71.7364023944461,71.20562343026056,70.45363748025808,72.1071804882568,71.81327252085099,0.29390796740581493,0.17894197243748733,-0.35847530760566393,-0.35847530760566393,-0.35847530760566393,-0.35847530760566393,0.35847530760566393,-0.35847530760566393,-0.35847530760566393,-0.35847530760566393,-0.35847530760566393,1.6100006103515625,1.5311996459960937,72.73999786376953,69.73120979309083,70.03109970092774,70.33098960876465,,,,,,,,,,0.0,0.0,0.0
2017-10-17,72.5199966430664,73.19000244140625,71.58000183105469,72.2699966430664,72.2699966430664,1020900,-0.35847530760566393,0.8759946230763346,0.9271320539602602,1.7834898694266068,1.5609203305850574,72.49799957275391,72.35400009155273,72.02533315022787,71.01791661580404,70.83324989318848,72.3667489043134,72.19597737924563,71.77082782984097,71.24052091264764,70.48960498843249,72.13222912745829,71.84710393731139,0.28512519014689985,0.20017861597936984,-0.3459250195274293,-0.3459250195274293,-0.3459250195274293,-0.3459250195274293,0.3459250195274293,-0.3459250195274293,-0.3459250195274293,-0.3459250195274293,-0.3459250195274293,1.43499755859375,1.3834495544433594,73.19000244140625,69.37135864257813,69.67759857177734,69.98383850097656,,,,,,,,,,0.0,0.0,0.0
2017-10-18,72.2699966430664,72.34500122070312,70.91000366210938,72.0199966430664,72.0199966430664,797400,-0.3459250195274293,0.38719836570678556,0.8724036298845773,1.2890791948389797,1.5618540257553721,72.31399841308594,72.33999938964844,71.98199971516927,71.06333325703939,70.77504989624023,72.25116481723107,72.1639808817585,71.78690323714584,71.26607749397284,70.51990977367277,72.114962591398,71.85991080440435,0.25505178699364706,0.2111532501822253,3.249092539517501,-3.249092539517501,-3.249092539517501,-3.249092539517501,3.249092539517501,-3.249092539517501,-3.249092539517501,-3.249092539517501,-3.249092539517501,2.3799972534179688,1.419449234008789,72.34500122070312,70.14641342163085,70.42310333251953,70.69979324340821,,,,,,,,,,0.0,0.0,0.0
2017-10-19,71.5,71.5,69.12000274658203,69.68000030517578,69.68000030517578,1596200,-3.249092539517501,1.421111918527074,1.3430623705580034,1.4907116206377633,1.6192128267607502,71.77799835205079,72.1379997253418,71.86399968465169,71.0656665802002,70.6853498840332,71.39410997987932,71.71234804965255,71.65097401572842,71.21407496319262,70.50327790300946,71.74035300890228,71.69843595260964,0.04191705629263254,0.17730601140430677,-0.3444286204340105,0.3444286204340105,0.3444286204340105,0.3444286204340105,-0.3444286204340105,-0.3444286204340105,0.3444286204340105,0.3444286204340105,-0.3444286204340105,0.8300018310546875,1.3939495086669922,71.5,69.2222129058838,69.50610275268555,69.7899925994873,1.0,1.0,1.0,69.2222129058838,69.50610275268555,69.7899925994873,69.68000030517578,69.68000030517578,69.68000030517578,0.661330200342492,0.2501903366802026,-0.15760467971783765
2017-10-20,70.12999725341797,70.55000305175781,69.72000122070312,69.91999816894531,69.91999816894531,779600,0.3444286204340105,1.4686257380112453,1.2366892477772828,1.479259096627532,1.6174875679527614,71.28399810791015,71.8609992980957,71.80766626993815,71.0793332417806,70.60504989624023,70.90273937623465,71.38646625316032,71.53929815464565,71.17164621584024,70.49172780926563,71.46029841813966,71.56669982048636,-0.10640140234670525,0.12056452865410436,0.17161773502562155,-0.17161773502562155,-0.17161773502562155,-0.17161773502562155,0.17161773502562155,0.17161773502562155,0.17161773502562155,-0.17161773502562155,0.17161773502562155,1.029998779296875,1.3264495849609375,70.55000305175781,68.43331108093261,68.71210098266602,68.99089088439942,,,,,,,,,,0.0,0.0,0.0
2017-10-23,70.08000183105469,70.52999877929688,69.5,69.80000305175781,69.80000305175781,1163800,-0.17161773502562155,1.422510410202489,1.233395461094131,1.2321799847002572,1.6175412733279553,70.73799896240234,71.57499923706055,71.71333312988281,71.09266662597656,70.51244995117187,70.53516060140905,71.09801839835987,71.42708556736257,71.12667430882114,70.47803028931497,71.20486836177322,71.43583339317314,-0.23096503139991853,0.05025861664329978,-2.3495692234172996,-2.3495692234172996,2.3495692234172996,2.3495692234172996,-2.3495692234172996,-2.3495692234172996,-2.3495692234172996,2.3495692234172996,-2.3495692234172996,1.8900070190429688,1.3373497009277344,70.52999877929688,67.63181396484374,67.89710388183593,68.16239379882812,,,,,,,,,,0.0,0.0,0.0
2017-10-24,70.11000061035156,71.66000366210938,69.7699966430664,71.44000244140625,71.44000244140625,1220400,2.3495692234172996,2.007156912571856,1.47075618575202,1.3183774736387723,1.6423583761378988,70.5720001220703,71.53499984741211,71.66299997965494,71.14066670735677,70.43735000610351,70.83677454807479,71.16019731527739,71.42791891407508,71.13694736234851,70.49707924282173,71.24104283556292,71.43614221156078,-0.19509937599785587,0.001187018115068654,-0.47591870978655637,-0.47591870978655637,0.47591870978655637,0.47591870978655637,-0.47591870978655637,-0.47591870978655637,-0.47591870978655637,0.47591870978655637,-0.47591870978655637,2.0800018310546875,1.3353500366210938,71.66000366210938,67.58782943725586,67.85529937744141,68.12276931762695,,,,,,,,,,0.0,0.0,0.0
2017-10-25,71.80000305175781,73.38999938964844,71.30999755859375,71.77999877929688,71.77999877929688,1460300,0.47591870978655637,2.027256810801437,1.380079559131175,1.1572141642432918,1.6397609644214717,70.52400054931641,71.41899948120117,71.62199986775717,71.20250002543132,70.38214996337891,71.15118262514882,71.27288849055365,71.45063374408939,71.1580310153632,70.52248359007865,71.32395913459891,71.46161306843011,-0.13765393383120283,-0.026581172274185647,0.3064937648990025,0.3064937648990025,-0.3064937648990025,-0.3064937648990025,0.3064937648990025,0.3064937648990025,0.3064937648990025,-0.3064937648990025,0.3064937648990025,1.0749969482421875,1.331599807739258,73.38999938964844,68.72223358154297,68.98930358886719,69.25637359619141,,,,,,,,,,0.0,0.0,0.0
2017-10-26,72.12999725341797,72.5199966430664,71.44499969482422,71.55999755859375,71.55999755859375,594600,-0.3064937648990025,1.0653442417813606,1.3633068147297576,1.1603898655017102,1.6220871588639678,70.9,71.3389991760254,71.55799967447916,71.28083330790201,70.32274993896485,71.28745426963047,71.3250901392882,71.45768947405742,71.17121024628881,70.54302842113836,71.36027273829042,71.46890080844223,-0.1086280701518092,-0.04299055184971036,-3.018451279768073,-3.018451279768073,3.018451279768073,3.018451279768073,-3.018451279768073,-3.018451279768073,-3.018451279768073,3.018451279768073,-3.018451279768073,2.5600051879882812,1.3661003112792969,72.5199966430664,70.46047981262207,70.72679977416992,70.99311973571777,,,,,,,,,,0.0,0.0,0.0
2017-10-27,72.73999786376953,73.76000213623047,71.19999694824219,73.72000122070312,73.72000122070312,1237400,3.018451279768073,1.5184689614842466,1.6852927620873681,1.3273707411422384,1.6644311340599172,71.66000061035156,71.47199935913086,71.49899978637696,71.39466667175293,70.28324996948243,72.09830325332136,71.76052851772728,71.60364507061522,71.25477716348271,70.60593877360499,71.72330788943083,71.63564898712822,0.08765890230260709,-0.01686066101924687,3.431902790834957,-3.431902790834957,3.431902790834957,3.431902790834957,-3.431902790834957,3.431902790834957,3.431902790834957,3.431902790834957,3.431902790834957,2.839996337890625,1.4471000671386718,73.76000213623047,69.51457595825195,69.78779602050781,70.06101608276367,,,,,,,,,,0.0,0.0,0.0
2017-10-30,74.0199966430664,76.58999633789062,73.75,76.25,76.25,1620300,3.431902790834957,1.630956460929516,1.9717602524930413,1.5053165244225355,1.714694859745239,72.95,71.84399948120117,71.56233317057291,71.55516662597657,70.26494995117187,73.48220216888092,72.57679605995868,71.90340990476908,71.41855496140131,70.71770236224647,72.41972206028763,71.97745276585947,0.4422692944281579,0.07496533007023408,-0.5770523821721312,-0.5770523821721312,-0.5770523821721312,-0.5770523821721312,0.5770523821721312,-0.5770523821721312,-0.5770523821721312,-0.5770523821721312,-0.5770523821721312,1.7750015258789062,1.498849868774414,76.58999633789062,70.57638198852538,70.86580200195313,71.15522201538086,,,,,,,,,,0.0,0.0,0.0
2017-10-31,76.44999694824219,77.05500030517578,75.27999877929688,75.80999755859375,75.80999755859375,1417400,-0.5770523821721312,1.8867645824988637,1.9837416512450017,1.5189996129860217,1.670758017782718,73.8239990234375,72.1979995727539,71.6119997660319,71.67199986775717,70.27034996032715,74.25813396545186,73.16465087789233,72.15544781791905,71.56253668589942,70.81853989088701,72.94130290618088,72.26134497272868,0.6799579334522008,0.19596385074662745,-1.7807657533265007,-1.7807657533265007,1.7807657533265007,-1.7807657533265007,1.7807657533265007,-1.7807657533265007,-1.7807657533265007,-1.7807657533265007,-1.7807657533265007,2.7299957275390625,1.5532497406005858,77.05500030517578,73.29252662658692,73.5922966003418,73.89206657409667,,,,,,,,,,0.0,0.0,0.0
2017-11-01,76.16000366210938,76.58999633789062,73.86000061035156,74.45999908447266,74.45999908447266,1953100,-1.7807657533265007,2.3248782967648305,2.0999714677429875,1.5764965542919698,1.6890101107557616,74.35999908447266,72.44199981689454,71.74999974568685,71.76033312479655,70.2686499786377,74.3254223384588,73.4001687336342,72.30412854479349,71.65753545306575,70.89064799373028,73.17494847207192,72.42420824026526,0.7507402318066596,0.3069191269586339,-0.21487514730336352,-0.21487514730336352,0.21487514730336352,-0.21487514730336352,0.21487514730336352,-0.21487514730336352,-0.21487514730336352,-0.21487514730336352,-0.21487514730336352,3.6199951171875,1.65574951171875,76.58999633789062,73.6378508758545,73.94850082397461,74.25915077209473,,1.0,1.0,,73.94850082397461,74.25915077209473,,74.45999908447266,74.45999908447266,0.0,0.6916952403343555,0.2704694442228981
2017-11-02,71.7300033569336,74.80999755859375,71.19000244140625,74.30000305175781,74.30000305175781,2612300,-0.21487514730336352,2.3147376582425063,1.7033463959752775,1.56793038685271,1.6892331896871786,74.90800018310547,72.90400009155273,71.87299982706706,71.84766654968261,70.26514999389649,74.31694924289181,73.56377497329304,72.43289464201699,71.74417373499007,70.95815997507736,73.3480337920236,72.56315600407952,0.7848777879440831,0.40251085915572377,-0.6191207200176616,-0.6191207200176616,-0.6191207200176616,-0.6191207200176616,0.6191207200176616,-0.6191207200176616,-0.6191207200176616,-0.6191207200176616,-0.6191207200176616,2.75,1.7352493286132813,74.80999755859375,72.94734741210938,73.27849731445312,73.60964721679687,1.0,1.0,1.0,71.7300033569336,71.7300033569336,71.7300033569336,74.30000305175781,74.30000305175781,74.30000305175781,3.582879652236621,3.582879652236621,3.582879652236621
2017-11-03,74.3499984741211,74.4800033569336,71.7300033569336,73.83999633789062,73.83999633789062,2903500,-0.6191207200176616,1.9811629258714119,1.7496138639429528,1.5516723100307936,1.6717258220813134,74.93199920654297,73.29599990844727,71.960999806722,71.94883321126302,70.28224998474121,74.15796494122475,73.61399703958351,72.52367539658948,71.81288923016713,71.01522604166772,73.42372033754161,72.657736769547,0.7659835679946099,0.47520540092350105,6.297402162102737,6.297402162102737,6.297402162102737,6.297402162102737,-6.297402162102737,6.297402162102737,6.297402162102737,6.297402162102737,6.297402162102737,5.5,1.9687492370605468,74.4800033569336,70.99244903564453,71.3394989013672,71.68654876708985,,,,,,,,,,0.0,0.0,0.0
2017-11-06,73.77999877929688,78.97000122070312,73.47000122070312,78.48999786376953,78.48999786376953,3093600,6.297402162102737,3.227302911996147,2.488649354347461,2.0806509424488455,1.8409315334798781,75.37999877929687,74.16499938964844,72.28866628011068,72.1086664835612,70.35034996032715,75.60197591540634,74.50054264398096,72.90859942673013,72.03181082471147,71.16324132527369,74.20314764926898,73.08975610985978,1.113391539409207,0.6028426286206423,-0.03821987528773044,-0.03821987528773044,-0.03821987528773044,-0.03821987528773044,0.03821987528773044,-0.03821987528773044,-0.03821987528773044,-0.03821987528773044,-0.03821987528773044,3.2800064086914062,2.042749786376953,78.97000122070312,70.14875503540038,70.5425048828125,70.9362547302246,,,,,,,,,,0.0,0.0,0.0
2017-11-07,77.58000183105469,79.9800033569336,76.69999694824219,78.45999908447266,78.45999908447266,1758100,-0.03821987528773044,3.186023493903876,2.481435344605696,2.0523963703351593,1.7854360109137302,75.90999908447266,74.86699905395508,72.62933298746745,72.22599983215332,70.41774993896485,76.55465030509512,75.22044381497945,73.26675424335869,72.2425710955233,71.3077315779311,74.85804787006956,73.48755188575703,1.3704959843125266,0.7563732997590191,3.0079029287404238,3.0079029287404238,3.0079029287404238,3.0079029287404238,-3.0079029287404238,3.0079029287404238,3.0079029287404238,3.0079029287404238,3.0079029287404238,2.8300018310546875,2.1292499542236327,79.9800033569336,74.47595169067382,74.88450164794922,75.2930516052246,,,,,,,,,,0.0,0.0,0.0
2017-11-08,78.4800033569336,80.94000244140625,78.11000061035156,80.81999969482422,80.81999969482422,1716700,3.0079029287404238,2.9543314549433757,2.5536909781992607,2.1184110631004898,1.82227303486576,77.18199920654297,75.77099914550782,72.98166631062826,72.37699979146322,70.50134994506836,77.97643343500482,76.23854488404213,73.75406040151776,72.52379826271348,71.49609332282006,75.77527122772412,74.03069616791015,1.7445750598139682,0.9540136517700091,-1.6703767374643395,-1.6703767374643395,-1.6703767374643395,-1.6703767374643395,1.6703767374643395,-1.6703767374643395,-1.6703767374643395,-1.6703767374643395,-1.6703767374643395,2.6399993896484375,2.2207500457763674,80.94000244140625,75.2956534576416,75.72150344848633,76.14735343933106,,,,,,,,,,0.0,0.0,0.0
2017-11-09,80.4800033569336,80.95999908447266,78.31999969482422,79.47000122070312,79.47000122070312,1463200,-1.6703767374643395,3.245856493498381,2.6777962318458117,2.156043862047275,1.8359141405348325,78.21599884033203,76.56199951171875,73.29066645304361,72.49449984232585,70.58744995117188,78.47428936357093,76.82608239979866,74.12283077694907,72.75154262199183,71.65399248911477,76.34369122664397,74.43360765330222,1.9100835733417512,1.1452276360843576,0.12583172591551772,0.12583172591551772,0.12583172591551772,0.12583172591551772,-0.12583172591551772,0.12583172591551772,0.12583172591551772,0.12583172591551772,0.12583172591551772,2.1699981689453125,2.2817501068115233,80.95999908447266,76.05435234069824,76.49850234985351,76.94265235900879,,,,,,,,,,0.0,0.0,0.0
2017-11-10,81.19999694824219,81.19999694824219,79.02999877929688,79.56999969482422,79.56999969482422,928200,0.12583172591551772,3.1458179145755425,2.600927515785137,2.1551994680481745,1.8194545524823764,79.36199951171875,77.14699935913086,73.5869997660319,72.63416646321615,70.67134994506836,78.83952614065537,77.32497645343967,74.47426102971521,72.97509859159288,71.8107451070496,76.84004637559478,74.8140811378594,2.0259652377353774,1.3213751564145617,-0.6158072962785296,-0.6158072962785296,-0.6158072962785296,-0.6158072962785296,0.6158072962785296,-0.6158072962785296,-0.6158072962785296,-0.6158072962785296,-0.6158072962785296,1.3600006103515625,2.3192501068115234,81.19999694824219,75.9401488494873,76.39649887084961,76.85284889221191,,,,,,,,,,0.0,0.0,0.0
2017-11-13,79.16000366210938,79.91999816894531,78.55999755859375,79.08000183105469,79.08000183105469,1005900,-0.6158072962785296,1.7394789615634976,2.456111750646654,2.1687254617536946,1.7968100525503774,79.48000030517578,77.42999954223633,73.84666646321615,72.79099985758464,70.75724998474121,78.9196847041218,77.64407197664241,74.77140559754356,73.17525935354244,71.95469078475267,77.18465490720399,75.13007526328127,2.0545796439227217,1.4680160539161937,-0.8472409628627556,-0.8472409628627556,-0.8472409628627556,-0.8472409628627556,0.8472409628627556,-0.8472409628627556,-0.8472409628627556,-0.8472409628627556,-0.8472409628627556,1.7099990844726562,2.324250030517578,79.91999816894531,76.09764671325684,76.56149673461914,77.02534675598145,,,,,,,,,,0.0,0.0,0.0
2017-11-14,79.0,79.77999877929688,78.06999969482422,78.41000366210938,78.41000366210938,784300,-0.8472409628627556,1.7993407093404357,2.469400405675139,2.181095240652417,1.7998294831584798,79.47000122070312,77.69000015258788,74.0806666056315,72.94233322143555,70.84194999694824,78.749791023451,77.78333228309094,75.00615385977362,73.34689031447907,72.08251876252211,77.37317010026635,75.37303292245372,2.0001371778126327,1.5744402786954816,-2.2063554089203485,-2.2063554089203485,-2.2063554089203485,-2.2063554089203485,2.2063554089203485,-2.2063554089203485,-2.2063554089203485,-2.2063554089203485,-2.2063554089203485,2.0400009155273438,2.3545001983642577,79.77999877929688,74.80664810180664,75.27149810791016,75.73634811401367,,,,,,,,,,0.0,0.0,0.0
2017-11-15,78.26000213623047,78.37000274658203,76.33000183105469,76.68000030517578,76.68000030517578,1128600,-2.2063554089203485,0.9129594688923937,2.513749789621006,2.2544034073439803,1.8030609112399087,78.64200134277344,77.9120002746582,74.2313331604004,73.03683319091797,70.94464996337891,78.05986078402593,77.58272646892455,75.11414395302538,73.456172609256,72.1735580009905,77.26652859332934,75.46984532117386,1.7966832721554766,1.6188888773874808,1.6040732290536657,1.6040732290536657,1.6040732290536657,1.6040732290536657,-1.6040732290536657,1.6040732290536657,1.6040732290536657,1.6040732290536657,1.6040732290536657,1.1700057983398438,2.2940006256103516,78.37000274658203,74.6000983428955,75.07099838256836,75.54189842224122,,,,,,,,,,0.0,0.0,0.0
2017-11-16,77.05000305175781,78.16000366210938,76.98999786376953,77.91000366210938,77.91000366210938,872600,1.6040732290536657,1.3965666437347912,2.5363003279172425,2.1041954385330643,1.8109001026245632,78.33000183105469,78.27300033569335,74.43833338419596,73.15749994913737,71.0788500213623,78.00990841005375,77.64223141313997,75.29452199877274,73.60219985689054,72.28715098437898,77.36552475775703,75.6505977908728,1.714926966884235,1.6380964952868318,-0.7444510381107383,-0.7444510381107383,-0.7444510381107383,-0.7444510381107383,0.7444510381107383,-0.7444510381107383,-0.7444510381107383,-0.7444510381107383,-0.7444510381107383,1.7170028686523438,2.3383506774902343,78.16000366210938,73.32320137023926,73.78200149536133,74.2408016204834,,,,,,,,,,0.0,0.0,0.0
2017-11-17,78.04000091552734,78.39700317382812,76.68000030517578,77.33000183105469,77.33000183105469,927100,-0.7444510381107383,1.3705221585451923,2.5427672011758586,2.124609521962848,1.812089782390515,77.88200225830079,78.62200088500977,74.59300003051757,73.27549997965495,71.19265007019042,77.78327288372074,77.58546239821537,75.4258432782748,73.72442287243689,72.38700941698642,77.36005969211051,75.77499809014553,1.5850616019649806,1.6274895166224617,-2.340614917542753,2.340614917542753,2.340614917542753,2.340614917542753,-2.340614917542753,2.340614917542753,2.340614917542753,2.340614917542753,-2.340614917542753,1.6300048828125,2.3683509826660156,78.39700317382812,73.01563217163086,73.48330230712891,73.95097244262695,,,,,,,,,,0.0,0.0,0.0
2017-11-20,77.5999984741211,79.2300033569336,77.5999984741211,79.13999938964844,79.13999938964844,726600,2.340614917542753,1.8832987815948794,1.7105658985229852,2.155241722415422,1.830822601344883,77.89400177001953,78.68700103759765,74.8089998881022,73.41233329772949,71.34115005493165,78.23551505236331,77.86810548756682,75.66546625320213,73.9019827582471,72.5207319907025,77.6338965686548,76.02425744566426,1.6096391229905436,1.6239194378960782,-1.8321922661422816,1.8321922661422816,1.8321922661422816,1.8321922661422816,-1.8321922661422816,1.8321922661422816,1.8321922661422816,1.8321922661422816,-1.8321922661422816,1.4399948120117188,2.345850372314453,79.2300033569336,73.18663101196289,73.6603012084961,74.1339714050293,,,,,,,,,,0.0,0.0,0.0
2017-11-21,79.47000122070312,80.83999633789062,79.4000015258789,80.58999633789062,80.58999633789062,1177200,1.8321922661422816,1.9514949617657273,1.7945080628465047,2.1368142658052154,1.8406905259194206,78.33000030517579,78.90000076293946,75.10066655476888,73.57883326212566,71.5138500213623,79.02034214753908,78.36299473308024,75.98317787156913,74.1212618920059,72.6805194035181,78.08868114853723,76.36246032656992,1.726220821967317,1.644379714710326,1.216026519507735,-1.216026519507735,-1.216026519507735,-1.216026519507735,1.216026519507735,-1.216026519507735,-1.216026519507735,-1.216026519507735,-1.216026519507735,1.412994384765625,2.3125,80.83999633789062,74.0691325378418,74.53830261230469,75.00747268676758,,,,,,,,,,0.0,0.0,0.0
2017-11-22,80.54000091552734,80.71299743652344,79.30000305175781,79.61000061035156,79.61000061035156,637400,-1.216026519507735,1.6223747494242966,1.5640795717794682,2.176184949619045,1.8494420677319665,78.91600036621094,78.77900085449218,75.32299982706705,73.73133328755696,71.67995002746582,79.21689496847658,78.5897230744023,76.21716643536153,74.30122053850903,72.81773685315837,78.32273029650867,76.6030188661093,1.7197114303993715,1.6594460578481351,1.2686875122308938,1.2686875122308938,1.2686875122308938,1.2686875122308938,-1.2686875122308938,1.2686875122308938,1.2686875122308938,1.2686875122308938,1.2686875122308938,0.9000015258789062,2.303750228881836,80.71299743652344,75.75249633789062,76.21499633789062,76.67749633789063,,,,,,,,,,0.0,0.0,0.0
2017-11-24,79.75,80.6500015258789,79.75,80.62000274658203,80.62000274658203,238700,1.2686875122308938,1.585434205264602,1.5200219021806365,2.172396343836885,1.7953025538706084,79.45800018310547,78.89400100708008,75.59833323160807,73.85633328755696,71.83595008850098,79.6845975611784,78.95886483298044,76.50122039092416,74.50839372565896,72.97223716787963,78.67615682728919,76.9005732276258,1.775583599663392,1.6826735662111865,-1.0915465800449986,-1.0915465800449986,-1.0915465800449986,-1.0915465800449986,1.0915465800449986,-1.0915465800449986,-1.0915465800449986,-1.0915465800449986,-1.0915465800449986,1.2089996337890625,2.236199951171875,80.6500015258789,75.6447469329834,76.10549697875976,76.56624702453612,,,,,,,,,,0.0,0.0,0.0
2017-11-27,80.0,80.43000030517578,79.22100067138672,79.73999786376953,79.73999786376953,905900,-1.0915465800449986,1.6696463857767592,1.570455021994683,2.1274855665199843,1.8027761659768966,79.93999938964843,78.9110008239746,75.84333318074545,73.96499989827474,71.99325004577636,79.70306432870879,79.10088902039664,76.71017377626903,74.67992173018717,73.10625223116458,78.8398246790554,77.11090097845127,1.7289237006041276,1.691923593089775,-0.8903926554972355,-0.8903926554972355,-0.8903926554972355,-0.8903926554972355,0.8903926554972355,-0.8903926554972355,-0.8903926554972355,-0.8903926554972355,-0.8903926554972355,2.2060012817382812,2.204500198364258,80.43000030517578,75.73036163330079,76.17760162353515,76.62484161376953,,,,,,,,,,0.0,0.0,0.0
2017-11-28,79.98999786376953,80.0,77.79399871826172,79.02999877929688,79.02999877929688,1120900,-0.8903926554972355,1.4515168686538054,1.5853777101321487,2.0217269681045495,1.8078175087719537,79.91799926757812,78.90600051879883,76.05999984741212,74.06116650899251,72.12495002746581,79.47870914557149,79.08799988565123,76.85983990549664,74.82254720720717,73.22355414300877,78.8690822329387,77.2530563711065,1.616025861832199,1.6767440468382597,-2.9608963356122726,-2.9608963356122726,-2.9608963356122726,-2.9608963356122726,2.9608963356122726,-2.9608963356122726,-2.9608963356122726,-2.9608963356122726,2.9608963356122726,3.8350067138671875,2.307500457763672,80.0,75.58009986877441,76.02099990844727,76.46189994812012,,,,,,,,,,0.0,0.0,0.0
2017-11-29,78.97000122070312,79.1050033569336,75.2699966430664,76.69000244140625,76.69000244140625,1501600,-2.9608963356122726,1.5047181751031489,1.8331541321092737,2.1368332380059103,1.851667163520094,79.13800048828125,78.73400039672852,76.20733337402343,74.11633326212565,72.24185005187988,78.54914024418308,78.65200035033395,76.84888264974887,74.88377524767272,73.29219668357109,78.53383918808755,77.21134867261019,1.3224905154773694,1.6058933405660818,-0.14343539816106626,-0.14343539816106626,-0.14343539816106626,-0.14343539816106626,0.14343539816106626,0.14343539816106626,-0.14343539816106626,-0.14343539816106626,0.14343539816106626,1.3149948120117188,2.2367504119873045,79.1050033569336,74.92349899291992,75.38499908447265,75.84649917602539,,1.0,1.0,,75.38499908447265,75.84649917602539,,76.69000244140625,76.69000244140625,0.0,1.731118090843611,1.1121189172136328
2017-11-30,76.88999938964844,77.48999786376953,76.17500305175781,76.58000183105469,76.58000183105469,1252300,-0.14343539816106626,1.5383865861990322,1.6938682608540934,2.092740241680459,1.8517814492170799,78.53200073242188,78.7240005493164,76.35933354695638,74.17066663106283,72.34835006713867,77.89276077314028,78.27527334682861,76.83153550015571,74.9393892340131,73.3573017359965,78.23324882546711,77.16458223990237,1.068666585564742,1.4984479895658138,3.0948063331345455,-3.0948063331345455,-3.0948063331345455,-3.0948063331345455,3.0948063331345455,3.0948063331345455,-3.0948063331345455,-3.0948063331345455,3.0948063331345455,4.6399993896484375,2.2877506256103515,77.48999786376953,74.18415245056153,74.63150253295899,75.07885261535644,,,,,,,,,,0.0,0.0,0.0
2017-12-01,76.08999633789062,76.30000305175781,71.66000366210938,74.20999908447266,74.20999908447266,2124900,-3.0948063331345455,1.3194293193399889,1.8444639711043873,2.215440763415108,1.8967347179704066,77.25,78.35400009155273,76.51033350626628,74.18716659545899,72.41575004577636,76.66517354358442,77.5361325718548,76.66240411849874,74.91547480288062,73.37418683200593,77.61428732685259,76.94572422838905,0.6685630984635367,1.3324710113453586,2.4390211304725176,-2.4390211304725176,-2.4390211304725176,-2.4390211304725176,2.4390211304725176,2.4390211304725176,-2.4390211304725176,-2.4390211304725176,2.4390211304725176,3.4599990844726562,2.323250579833984,76.30000305175781,72.45694648742676,72.91449661254883,73.3720467376709,1.0,1.0,1.0,72.45694648742676,72.91449661254883,73.3720467376709,74.20999908447266,74.20999908447266,74.20999908447266,2.4194403463442886,1.7767419815127201,1.14205938645505
2017-12-04,74.76000213623047,75.30999755859375,71.8499984741211,72.4000015258789,72.4000015258789,2211700,-2.4390211304725176,1.3179785787861635,1.9474476097925162,2.2793905853545833,1.9017863531927568,75.78200073242188,77.86100006103516,76.59300028483072,74.20033327738444,72.46605003356933,75.24344953768258,76.60229056349554,76.38741040284586,74.83300026920844,73.3548960338648,76.81208951131818,76.60900402820312,0.20308548311506058,1.106593905699299,0.8563573667335012,-0.8563573667335012,-0.8563573667335012,-0.8563573667335012,0.8563573667335012,0.8563573667335012,-0.8563573667335012,-0.8563573667335012,0.8563573667335012,2.4300003051757812,2.1697505950927733,75.30999755859375,71.18885177612304,71.65350189208985,72.11815200805664,,,1.0,,,72.11815200805664,,,72.4000015258789,0.0,0.0,0.3908163339942204
2017-12-05,72.04000091552734,73.26000213623047,70.83000183105469,71.77999877929688,71.77999877929688,1862400,-0.8563573667335012,1.3246046693731885,1.6423927384228534,1.7194548140308454,1.896351754753763,74.33200073242188,77.125,76.65900014241537,74.18616663614908,72.51065002441406,74.08896595155402,75.72551023909578,76.09015804003624,74.73290185970315,73.32370994961593,76.03792170639183,76.25129993569153,-0.21337822929970685,0.8425994786994979,2.3404852796686515,-2.3404852796686515,-2.3404852796686515,-2.3404852796686515,2.3404852796686515,2.3404852796686515,2.3404852796686515,-2.3404852796686515,2.3404852796686515,3.4800033569335938,2.179750442504883,73.26000213623047,70.53654624938964,70.9704963684082,71.40444648742675,,1.0,1.0,,70.9704963684082,71.40444648742675,,71.77999877929688,71.77999877929688,0.0,1.1406182178669542,0.5259508480837406
2017-12-06,70.0,71.01000213623047,67.52999877929688,70.0999984741211,70.0999984741211,3573600,-2.3404852796686515,1.2256114390196735,1.3602439041526324,1.7680975520116424,1.9192012850308156,73.01399993896484,76.07600021362305,76.61433334350586,74.1386666615804,72.54165000915528,72.75931012574304,74.7026899181913,75.70369613255785,74.58100338804472,73.25987407881405,75.12439505527325,75.7956479755752,-0.6712529203019528,0.5398289988992078,1.9686123872419543,1.9686123872419543,-1.9686123872419543,-1.9686123872419543,1.9686123872419543,1.9686123872419543,1.9686123872419543,-1.9686123872419543,1.9686123872419543,3.2099990844726562,2.198750305175781,71.01000213623047,68.46455116271973,68.9005012512207,69.33645133972168,1.0,1.0,1.0,68.46455116271973,68.9005012512207,69.33645133972168,70.0999984741211,70.0999984741211,70.0999984741211,2.3887505046434847,1.740912186584621,1.101220382131085
2017-12-07,71.52999877929688,71.55999755859375,68.3499984741211,68.72000122070312,68.72000122070312,1864300,-1.9686123872419543,0.8243747840653137,1.3711587338509725,1.5818646335047868,1.9350338570226513,71.44199981689454,74.9870002746582,76.51233342488607,74.06716664632161,72.55904998779297,71.41287382406307,73.6149283368298,75.25313517050272,74.3888393825581,73.16997560637621,74.13910369610862,75.27152599373284,-1.1324222976242169,0.20537873959452282,1.2223573229973839,1.2223573229973839,-1.2223573229973839,-1.2223573229973839,-1.2223573229973839,1.2223573229973839,1.2223573229973839,-1.2223573229973839,1.2223573229973839,1.7099990844726562,2.152250289916992,71.55999755859375,66.17275146484376,66.61250152587891,67.05225158691407,,,,,,,,,,0.0,0.0,0.0
2017-12-08,69.27999877929688,69.37000274658203,67.66000366210938,67.87999725341797,67.87999725341797,2150000,-1.2223573229973839,0.6976814518883542,0.9973471842384505,1.5719678935860413,1.938157242562207,70.17599945068359,73.7129997253418,76.38966674804688,73.97383321126303,72.56144996643066,70.23524830051471,72.57221359439129,74.77744885327144,74.17543472258629,73.06522355978298,73.17616424338698,74.7240053463021,-1.5478411029151289,-0.14526522890740753,-1.090167240875663,-1.090167240875663,1.090167240875663,1.090167240875663,1.090167240875663,-1.090167240875663,-1.090167240875663,1.090167240875663,-1.090167240875663,1.2600021362304688,2.10675048828125,69.37000274658203,66.82504692077637,67.25549697875977,67.68594703674316,,,1.0,,,67.68594703674316,,,67.87999725341797,0.0,0.0,0.28669203161103834
2017-12-11,67.63999938964844,68.9000015258789,67.63999938964844,68.62000274658203,68.62000274658203,1559000,1.090167240875663,1.3375600265736793,1.32893418519093,1.6151941564231815,1.90857864514351,69.41999969482421,72.60100021362305,76.2196667989095,73.85933329264323,72.56044998168946,69.69683311587049,71.85362980388051,74.38019426574309,73.99328941189762,72.97719938526416,72.4752163208016,74.27185700558209,-1.796640684780499,-0.47554032008202585,1.3552903934007852,1.3552903934007852,-1.3552903934007852,-1.3552903934007852,-1.3552903934007852,1.3552903934007852,1.3552903934007852,-1.3552903934007852,1.3552903934007852,1.94000244140625,2.135750579833984,68.9000015258789,64.73515167236329,65.15650177001953,65.57785186767578,,,,,,,,,,0.0,0.0,0.0
2017-12-12,68.11000061035156,68.45999908447266,66.5199966430664,67.69000244140625,67.69000244140625,1913700,-1.3552903934007852,1.337224413841006,1.3139618423956112,1.621013980366232,1.9067998816233978,68.6020004272461,71.46700057983398,75.93433354695638,73.74833335876465,72.54444999694825,69.02788955771575,71.096606647067,73.94856898675361,73.78662426532414,72.87250241607885,71.73902957012538,73.78431222305055,-2.0452826529251666,-0.789488786650654,0.5909314691267077,0.5909314691267077,-0.5909314691267077,-0.5909314691267077,-0.5909314691267077,0.5909314691267077,0.5909314691267077,-0.5909314691267077,0.5909314691267077,2.0250015258789062,2.151500701904297,68.45999908447266,64.20135025024415,64.62850036621094,65.05565048217774,,,,,,,,,,0.0,0.0,0.0
2017-12-13,68.13999938964844,69.08499908447266,67.05999755859375,67.29000091552734,67.29000091552734,1565300,-0.5909314691267077,1.1692291940025195,1.2385902604033092,1.6213183935057371,1.9076443874537472,68.04000091552734,70.5270004272461,75.65033365885417,73.63116671244303,72.52565002441406,68.44859334365296,70.40449651405979,73.51898394990032,73.57362022106851,72.76195783190951,71.05456362326414,73.30325212619698,-2.2486885029328363,-1.0813287299070904,3.0613724633170576,3.0613724633170576,-3.0613724633170576,-3.0613724633170576,-3.0613724633170576,3.0613724633170576,3.0613724633170576,3.0613724633170576,3.0613724633170576,2.1200027465820312,2.155500793457031,69.08499908447266,63.726697540283205,64.15699768066406,64.58729782104493,,,,,,,,,,0.0,0.0,0.0
2017-12-14,67.19999694824219,67.33000183105469,65.20999908447266,65.2300033569336,65.2300033569336,1991800,-3.0613724633170576,1.4964256327073022,1.2808996723562427,1.672234166265366,1.8212840045795298,67.34200134277344,69.39200057983399,75.34266713460286,73.54633344014486,72.48500007629394,67.37573001474651,69.46367957640047,72.9842110084186,73.30005901240834,72.61281021854366,70.15847742844406,72.70523369884414,-2.5467562704000812,-1.3744142380056887,-0.45990404250284833,-0.45990404250284833,0.45990404250284833,0.45990404250284833,0.45990404250284833,-0.45990404250284833,-0.45990404250284833,-0.45990404250284833,-0.45990404250284833,1.4300003051757812,2.168500518798828,67.33000183105469,64.34289733886719,64.7739974975586,65.20509765625,,,,,,,,,,0.0,0.0,0.0
2017-12-15,65.56999969482422,66.1500015258789,64.72000122070312,65.52999877929688,65.52999877929688,4164800,0.45990404250284833,1.6253535487976798,1.3079705965389279,1.604132613085813,1.8215247846497162,66.87200164794922,68.52400054931641,75.05033365885417,73.46166674296062,72.44490005493164,66.76048626959664,68.748464886018,72.50329409041075,73.04530293919156,72.47255652667738,69.44640379011372,72.17373481591471,-2.727331025800993,-1.6449975955647496,-2.3195548615532062,-2.3195548615532062,2.3195548615532062,2.3195548615532062,2.3195548615532062,-2.3195548615532062,-2.3195548615532062,-2.3195548615532062,-2.3195548615532062,2.029998779296875,2.1841503143310548,66.1500015258789,62.55930068969727,62.99300079345703,63.4267008972168,,,,,,,,,,0.0,0.0,0.0
2017-12-18,66.0,67.33000183105469,65.30000305175781,67.05000305175781,67.05000305175781,1824100,2.3195548615532062,2.0097849638272565,1.6416590077045612,1.7539780869736596,1.844486373473788,66.55800170898438,67.9890007019043,74.82400054931641,73.3925001780192,72.42440010070801,66.85699186365036,68.43965364342523,72.15146886211056,72.8487357297675,72.36517923014432,69.07772675344359,71.79419912968086,-2.7164723762372773,-1.8592925516992551,0.3877734890329023,0.3877734890329023,-0.3877734890329023,-0.3877734890329023,-0.3877734890329023,0.3877734890329023,0.3877734890329023,0.3877734890329023,0.3877734890329023,0.9150009155273438,2.1484001159667967,67.33000183105469,61.34487083435059,61.781700897216794,62.21853096008301,,,,,,,,,,0.0,0.0,0.0
2017-12-19,66.75,67.27999877929688,66.36499786376953,66.79000091552734,66.79000091552734,878500,-0.3877734890329023,1.9458664081797714,1.6450516309963519,1.6051561596646386,1.787487973206872,66.3780014038086,67.49000091552735,74.43400065104167,73.36133346557617,72.40230010986328,66.83466154760936,68.13971678380743,71.8055677042665,72.65008868667765,72.25477965955784,68.7257689322257,71.42351778048432,-2.6977488482586125,-2.0269838110111267,-0.4192226013756213,-0.4192226013756213,0.4192226013756213,0.4192226013756213,0.4192226013756213,-0.4192226013756213,-0.4192226013756213,-0.4192226013756213,-0.4192226013756213,1.3899993896484375,2.145900344848633,67.27999877929688,62.603521575927736,63.03320159912109,63.462881622314455,,,,,,,,,,0.0,0.0,0.0
2017-12-20,67.22000122070312,67.5199966430664,66.12999725341797,67.06999969482422,67.06999969482422,845000,0.4192226013756213,1.9543168386733254,1.5701093929383132,1.5099768165606509,1.7867604712191787,66.33400115966796,67.18700103759765,74.05433400472005,73.34183349609376,72.38740013122559,66.91310759668099,67.94522276762866,71.5000471875283,72.46713494923982,72.1521107493651,68.4710352033947,71.10103495932432,-2.6299997559296173,-2.147586999994825,-0.6113070880795232,-0.6113070880795232,0.6113070880795232,0.6113070880795232,0.6113070880795232,-0.6113070880795232,-0.6113070880795232,-0.6113070880795232,-0.6113070880795232,0.4900054931640625,2.0997509002685546,67.5199966430664,62.55901802062988,62.98819808959961,63.417378158569335,,,,,,,,,,0.0,0.0,0.0
2017-12-21,67.25,67.55000305175781,67.05999755859375,67.4800033569336,67.4800033569336,913400,0.6113070880795232,0.9936482607088455,1.4995291752207038,1.5449250692884968,1.7461987094974571,66.78400115966797,67.0630012512207,73.6096674601237,73.29566688537598,72.38150016784668,67.10207285009852,67.86063742022955,71.24068952103832,72.30362243801666,72.05959377129713,68.31856876547761,70.83281039618427,-2.514241630706664,-2.2209179261371927,-0.31120194728188133,-0.31120194728188133,0.31120194728188133,0.31120194728188133,0.31120194728188133,-0.31120194728188133,-0.31120194728188133,-0.31120194728188133,-0.31120194728188133,0.8600006103515625,2.0977508544921877,67.55000305175781,62.90054466247558,63.3204948425293,63.74044502258301,,,,,,,,,,0.0,0.0,0.0
2017-12-22,67.48999786376953,68.20999908447266,67.3499984741211,67.69000244140625,67.69000244140625,877400,0.31120194728188133,1.004218122176267,1.4579893847710554,1.4909568086706473,1.7468257634415534,67.21600189208985,67.04400177001953,73.21700083414713,73.25383364359537,72.38980018615723,67.29804938053444,67.82961287862531,71.01161293525561,72.1523562086196,71.97306721030918,68.22186625408202,70.60000980694146,-2.3781435528594415,-2.2523630514816424,-2.644409589254783,2.644409589254783,2.644409589254783,-2.644409589254783,-2.644409589254783,2.644409589254783,2.644409589254783,2.644409589254783,2.644409589254783,3.160003662109375,2.195301055908203,68.20999908447266,62.934951171875,63.35450134277344,63.77405151367187,,,,,,,,,,0.0,0.0,0.0
2017-12-26,65.83999633789062,67.69000244140625,64.52999877929688,65.9000015258789,65.9000015258789,1260000,-2.644409589254783,1.3433201160486379,1.612585520429456,1.5431901522474598,1.7758675878080996,66.98600158691406,66.77200164794922,72.76133422851562,73.17416699727376,72.37990020751953,66.8320334289826,67.47877445085324,70.68183155400551,71.9473609731199,71.85280848388481,67.86465629589692,70.25186104538128,-2.3872047494843542,-2.279331391082185,2.0637338070735716,-2.0637338070735716,-2.0637338070735716,2.0637338070735716,2.0637338070735716,-2.0637338070735716,-2.0637338070735716,-2.0637338070735716,-2.0637338070735716,2.0099945068359375,2.185500717163086,67.69000244140625,63.38033676147461,63.81939697265625,64.25845718383789,,,,,,,,,,0.0,0.0,0.0
2017-12-27,66.25,67.98999786376953,65.9800033569336,67.26000213623047,67.26000213623047,1135400,2.0637338070735716,1.7162712997136216,1.7428154022680002,1.6829576449130146,1.793594525970732,67.08000183105469,66.72900161743163,72.36733423868814,73.10700035095215,72.38630020141602,66.9746896647319,67.43899766637637,70.46106836576196,71.79367707682844,71.76186182353523,67.77163257902517,70.03024186692566,-2.258609287900498,-2.275186970445848,0.14867450333788837,-0.14867450333788837,-0.14867450333788837,0.14867450333788837,0.14867450333788837,-0.14867450333788837,-0.14867450333788837,-0.14867450333788837,0.14867450333788837,1.0500030517578125,2.0462505340576174,67.98999786376953,62.88190086364746,63.319001007080075,63.75610115051269,,,,,,,,,,0.0,0.0,0.0
2017-12-28,67.51000213623047,67.9000015258789,66.8499984741211,67.36000061035156,67.36000061035156,850200,0.14867450333788837,1.7100019624426763,1.7329726564024204,1.6140260951847254,1.7936124465753633,67.13800201416015,66.73600158691406,71.99900080362956,73.03983370463054,72.37190017700195,67.10312664660512,67.42463456528094,70.26099947831614,71.64831063530461,71.67469625495733,67.70830458384461,69.83244621829054,-2.124141634445934,-2.244977903245865,-1.1282691943943886,1.1282691943943886,1.1282691943943886,-1.1282691943943886,-1.1282691943943886,1.1282691943943886,1.1282691943943886,1.1282691943943886,-1.1282691943943886,0.9899978637695312,2.030000686645508,67.9000015258789,63.48824668884277,63.8974967956543,64.30674690246582,,,,,,,,,,0.0,0.0,0.0
2017-12-29,67.36000061035156,67.56999969482422,66.58000183105469,66.5999984741211,66.5999984741211,714800,-1.1282691943943886,1.7558336339648255,1.432295885798723,1.6132929874745334,1.7920550252330265,66.96200103759766,66.87300109863281,71.6630007425944,72.9471669514974,72.34630012512207,66.93541725577711,67.2747007305246,70.02480586514226,71.4827922037904,71.57420718999028,67.53779595157945,69.59300564464837,-2.0552096930689174,-2.2070242612104756,3.423421668970186,-3.423421668970186,-3.423421668970186,3.423421668970186,3.423421668970186,-3.423421668970186,-3.423421668970186,-3.423421668970186,3.423421668970186,2.8899993896484375,1.942500686645508,67.56999969482422,63.43400001525879,63.84000015258789,64.24600028991699,,,,,,,,,,0.0,0.0,0.0
2018-01-02,67.05999755859375,68.97000122070312,66.08000183105469,68.87999725341797,68.87999725341797,1345800,3.423421668970186,2.427578229074498,1.7576901643678629,1.752846622071606,1.8479131293176323,67.2,67.20800094604492,71.36200052897135,72.90016695658366,72.34450012207031,67.58361058832406,67.56657282559613,69.95094724503102,71.39745466443392,71.52085649817697,67.74428845955461,69.54019020826094,-1.7959017487063278,-2.124799758709646,0.7113790408074044,0.7113790408074044,0.7113790408074044,-0.7113790408074044,-0.7113790408074044,-0.7113790408074044,0.7113790408074044,0.7113790408074044,-0.7113790408074044,1.8680038452148438,1.8629009246826171,68.97000122070312,63.296498184204104,63.6849983215332,64.0734984588623,,,,,,,,,,0.0,0.0,0.0
2018-01-03,69.08000183105469,70.00800323486328,68.13999938964844,68.38999938964844,68.38999938964844,1552800,-0.7113790408074044,1.9298814475069646,1.6708653684019863,1.686163793713134,1.840176662885141,67.6979995727539,67.34200057983398,71.06400044759114,72.82850023905436,72.35070014953614,67.85240685543219,67.7162867463329,69.85024093178053,71.29884957345735,71.45885932771105,67.84362860264596,69.45499088836372,-1.6113622857177603,-2.022112264111269,0.48252936686622755,-0.48252936686622755,-0.48252936686622755,0.48252936686622755,0.48252936686622755,0.48252936686622755,-0.48252936686622755,-0.48252936686622755,0.48252936686622755,1.7900009155273438,1.8309009552001954,70.00800323486328,64.87161918640136,65.24419937133788,65.61677955627441,,,,,,,,,,0.0,0.0,0.0
2018-01-04,68.69000244140625,69.87999725341797,68.08999633789062,68.72000122070312,68.72000122070312,1346900,0.48252936686622755,1.7869374110963194,1.6588590021019667,1.6882778136767522,1.8416298679653784,67.98999938964843,67.53500061035156,70.71666717529297,72.7628335316976,72.34890014648437,68.14160497718917,67.89878028712748,69.77732224074329,71.21429716844901,71.4046245137109,67.97845515927014,69.40054720927776,-1.4220920500076204,-1.9021082212905396,-1.0040780400894034,1.0040780400894034,1.0040780400894034,-1.0040780400894034,-1.0040780400894034,-1.0040780400894034,1.0040780400894034,1.0040780400894034,-1.0040780400894034,1.51800537109375,1.7328010559082032,69.87999725341797,65.98002113342285,66.3462013244629,66.71238151550293,,,,,,,,,,0.0,0.0,0.0
2018-01-05,69.05999755859375,69.43800354003906,67.91999816894531,68.02999877929688,68.02999877929688,1556400,-1.0040780400894034,1.9048760097699975,1.707607921752586,1.624512385829601,1.8404942153034245,68.1239990234375,67.63100051879883,70.29800059000651,72.6993335723877,72.31500015258788,68.10440291122508,67.92263819479464,69.66459169484352,71.10989394257516,71.3378002417423,67.98638494696657,69.29902510335326,-1.312640156386692,-1.78421460830977,1.1906476159459394,-1.1906476159459394,-1.1906476159459394,1.1906476159459394,1.1906476159459394,1.1906476159459394,-1.1906476159459394,-1.1906476159459394,1.1906476159459394,1.6800003051757812,1.6563011169433595,69.43800354003906,66.06783493041992,66.41439514160156,66.7609553527832,,,,,,,,,,0.0,0.0,0.0
2018-01-08,67.88999938964844,68.97000122070312,67.29000091552734,68.83999633789062,68.83999633789062,1390100,1.1906476159459394,1.774690215547241,1.7344161040974801,1.5903007003965506,1.835978973928593,68.5719985961914,67.76699981689453,69.93900044759114,72.6310001373291,72.2858000946045,68.3496007201136,68.08943058444845,69.61139199439495,71.03547107029041,71.28833877829969,68.1177097763395,69.26502297257825,-1.1473131962387555,-1.6568343258955673,0.2324283419830841,-0.2324283419830841,-0.2324283419830841,0.2324283419830841,0.2324283419830841,0.2324283419830841,-0.2324283419830841,-0.2324283419830841,0.2324283419830841,1.529998779296875,1.6473011016845702,68.97000122070312,65.79414108276367,66.12540130615234,66.45666152954101,,,,,,,,,,0.0,0.0,0.0
2018-01-09,69.13999938964844,69.97000122070312,68.44000244140625,69.0,69.0,1513600,0.2324283419830841,0.896033041907689,1.7341004382532756,1.563494972781719,1.8339857316780233,68.59599914550782,67.8979995727539,69.55166702270508,72.57500012715657,72.25160011291504,68.56640048007574,68.25498866000328,69.57194734959528,70.96873431388744,71.24302513912544,68.25344673382573,69.24539164127616,-0.9919449074504314,-1.5238564422065404,-1.8260900525079258,1.8260900525079258,1.8260900525079258,-1.8260900525079258,-1.8260900525079258,-1.8260900525079258,1.8260900525079258,1.8260900525079258,-1.8260900525079258,1.6300048828125,1.6658012390136718,69.97000122070312,65.34593879699707,65.67539901733399,66.0048592376709,,,,,,,,,,0.0,0.0,0.0
2018-01-10,68.69999694824219,68.9800033569336,67.3499984741211,67.73999786376953,67.73999786376953,1691600,-1.8260900525079258,1.2120554440226823,1.5987017676855162,1.6011814616842035,1.847980421016675,68.46599884033203,68.08199920654297,69.15166702270508,72.49750010172527,72.21710006713867,68.290932941307,68.16135396977896,69.45375706018716,70.86287410240817,71.17365826238571,68.17445459997093,69.13388099109048,-0.9594263911195497,-1.4109704319891423,1.6829043779143098,-1.6829043779143098,-1.6829043779143098,1.6829043779143098,1.6829043779143098,1.6829043779143098,-1.6829043779143098,-1.6829043779143098,1.6829043779143098,1.720001220703125,1.6548011779785157,68.9800033569336,66.30523849487305,66.63839874267578,66.97155899047851,,,,,,,,,,0.0,0.0,0.0
2018-01-11,68.0,69.38999938964844,67.66999816894531,68.87999725341797,68.87999725341797,1022400,1.6829043779143098,1.4689617878344556,1.5556353576753672,1.6151221617298726,1.8618584442283226,68.497998046875,68.24399871826172,68.81333363850912,72.43666674296061,72.2092000579834,68.48728771201067,68.29201638498606,69.41674029846013,70.79786174670357,71.12823923250517,68.28299962357816,69.11507478829992,-0.8320751647217577,-1.2951913785356655,3.13589394343681,-3.13589394343681,-3.13589394343681,3.13589394343681,3.13589394343681,3.13589394343681,-3.13589394343681,-3.13589394343681,3.13589394343681,2.5250015258789062,1.6798011779785156,69.38999938964844,65.33944076538086,65.67040100097657,66.00136123657227,,,,,,,,,,0.0,0.0,0.0
2018-01-12,69.12000274658203,71.2300033569336,68.70500183105469,71.04000091552734,71.04000091552734,1621700,3.13589394343681,1.8420394581541888,1.8015821448360652,1.7413220369943756,1.9067645759321386,69.0999984741211,68.6119987487793,68.62500025431315,72.41616681416829,72.22630004882812,69.3381921131829,68.79164993599356,69.52146678988382,70.80580073584534,71.12649193909967,68.70715366849342,69.25766190883529,-0.5505082403418697,-1.1462547508969063,-2.449321285677541,2.449321285677541,2.449321285677541,-2.449321285677541,-2.449321285677541,-2.449321285677541,2.449321285677541,2.449321285677541,-2.449321285677541,2.6999969482421875,1.7088008880615235,71.2300033569336,65.69443679809571,66.0303970336914,66.3663572692871,,,,,,,,,,0.0,0.0,0.0
2018-01-16,71.37000274658203,71.61000061035156,68.91000366210938,69.30000305175781,69.30000305175781,1188400,-2.449321285677541,2.341656607000596,1.9779421570507494,1.6838288964647459,1.932195341767042,69.19199981689454,68.88199920654297,68.38233362833658,72.37083358764649,72.2092000579834,69.32546242604121,68.88407777522342,69.50717880677891,70.75643031997362,71.09032384232063,68.79836126591871,69.26079828979252,-0.4624370238738038,-1.0094912054922858,2.23664553262089,2.23664553262089,-2.23664553262089,2.23664553262089,2.23664553262089,2.23664553262089,-2.23664553262089,-2.23664553262089,2.23664553262089,1.7699966430664062,1.7258007049560546,71.61000061035156,67.47064140319824,67.81240158081054,68.15416175842284,,,,,,,,,,0.0,0.0,0.0
2018-01-17,69.47000122070312,71.08999633789062,69.31999969482422,70.8499984741211,70.8499984741211,1025700,2.23664553262089,2.522728913837909,1.8055130263167096,1.7377973133731623,1.9076904515600979,69.56199951171875,69.07899932861328,68.27033360799153,72.39033355712891,72.21100006103515,69.83364110873451,69.24151790229571,69.59381233370422,70.75949812830632,71.08556492413845,69.11399775948831,69.37851682196501,-0.264519062476694,-0.8604967768891675,-0.21171704884890902,-0.21171704884890902,0.21171704884890902,-0.21171704884890902,-0.21171704884890902,-0.21171704884890902,0.21171704884890902,0.21171704884890902,-0.21171704884890902,1.4000015258789062,1.6943008422851562,71.08999633789062,67.81323905944824,68.15839920043945,68.50355934143066,,,,,,,,,,0.0,0.0,0.0
2018-01-18,70.83999633789062,71.98999786376953,70.58999633789062,70.69999694824219,70.69999694824219,1233500,-0.21171704884890902,2.227690513943726,1.7812566121600206,1.6823391597146404,1.9075644942805832,70.15399932861328,69.30999908447265,68.21366678873697,72.40333353678385,72.21550003051757,70.1224263885704,69.50669591064961,69.66517908302926,70.75754726994356,71.07792991471477,69.35799763468123,69.47640423872627,-0.11840660404504888,-0.7120787423203437,-3.253176126792557,-3.253176126792557,3.253176126792557,-3.253176126792557,-3.253176126792557,-3.253176126792557,3.253176126792557,3.253176126792557,-3.253176126792557,3.3700027465820312,1.8170509338378906,71.98999786376953,67.36253448486327,67.7013946533203,68.04025482177734,,,,,,,,,,0.0,0.0,0.0
2018-01-19,70.5,70.5,67.12999725341797,68.4000015258789,68.4000015258789,2820300,-3.253176126792557,2.8020030998521612,2.110900517674676,1.8552191260966795,1.9541700948869662,70.05800018310546,69.27799911499024,68.10100021362305,72.3800001780192,72.19020004272461,69.54828476767324,69.30547874978221,69.58355472450343,70.68025068817094,71.02490162978732,69.21061361794241,69.39667070444128,-0.1860570864988631,-0.6068744111560477,-3.011703424025342,-3.011703424025342,3.011703424025342,-3.011703424025342,-3.011703424025342,-3.011703424025342,3.011703424025342,3.011703424025342,-3.011703424025342,2.9599990844726562,1.8955509185791015,70.5,67.99248580932617,68.35589599609375,68.71930618286133,1.0,1.0,1.0,67.99248580932617,68.35589599609375,68.71930618286133,68.4000015258789,68.4000015258789,68.4000015258789,0.5993540487629009,0.06452337306452204,-0.46465058324768077
2018-01-22,68.12000274658203,68.5199966430664,65.55999755859375,66.33999633789062,66.33999633789062,3155900,-3.011703424025342,2.331888805897285,2.3010984632282856,1.981902445785301,1.9667433063683266,69.11799926757813,69.1089988708496,67.97566680908203,72.29500007629395,72.14760002136231,68.47885529107904,68.76630012943828,69.37429289310906,70.53794726685028,70.93213122796759,68.76898019024215,69.17025038099308,-0.4012701907509353,-0.5657535670750252,1.4772436102379718,1.4772436102379718,-1.4772436102379718,1.4772436102379718,1.4772436102379718,-1.4772436102379718,-1.4772436102379718,-1.4772436102379718,1.4772436102379718,1.69000244140625,1.955550765991211,68.5199966430664,66.32978797912598,66.70889816284179,67.08800834655761,1.0,1.0,1.0,66.32978797912598,66.70889816284179,67.08800834655761,66.33999633789062,66.33999633789062,66.33999633789062,0.0153903081491168,-0.5530024256294073,-1.1149712550758284
2018-01-23,66.44000244140625,67.79000091552734,66.0999984741211,67.31999969482422,67.31999969482422,2130400,1.4772436102379718,2.5177697451908574,2.3224076340316064,2.0060996678963923,1.9759784414926234,68.72199859619141,68.95699920654297,67.92900009155274,72.2206667582194,72.11620002746582,68.09257009232743,68.5033364140539,69.24175784805843,70.43244078907892,70.86060387087565,68.546060114024,69.0331947746102,-0.48713466058619304,-0.5500297857772588,0.6238832009050104,-0.6238832009050104,0.6238832009050104,-0.6238832009050104,-0.6238832009050104,0.6238832009050104,0.6238832009050104,0.6238832009050104,-0.6238832009050104,2.0849990844726562,2.0168006896972654,67.79000091552734,64.21778495788574,64.60889511108398,65.00000526428222,,,,,,,,,,0.0,0.0,0.0
2018-01-24,66.76000213623047,67.88500213623047,65.80000305175781,66.9000015258789,66.9000015258789,2797900,-0.6238832009050104,1.996600762351892,2.3205314430218595,2.009536758734365,1.9769984100204738,67.93199920654297,68.74699935913085,67.89633356730143,72.14300015767415,72.0540000152588,67.6950472368446,68.21182097984027,69.09067679501459,70.31662310831827,70.7821761016678,68.29282033123245,68.87518045988936,-0.5823601286569158,-0.5564958543531902,1.2556112826996242,-1.2556112826996242,1.2556112826996242,-1.2556112826996242,-1.2556112826996242,1.2556112826996242,1.2556112826996242,1.2556112826996242,1.2556112826996242,1.7999954223632812,1.948800277709961,67.88500213623047,63.35303939819336,63.75639953613281,64.15975967407226,,,,,,,,,,0.0,0.0,0.0
2018-01-25,67.45999908447266,67.5199966430664,65.72000122070312,66.05999755859375,66.05999755859375,1914900,-1.2556112826996242,1.9307657440251853,2.2851599331358763,1.9374894642355633,1.9396321301110566,67.00399932861328,68.57899932861328,67.81100006103516,72.01533342997233,71.9823999786377,67.15003067742765,67.82058035779544,68.89514910234227,70.17706161488466,70.68866761566633,67.94930913544188,68.66664839312672,-0.7173392576848414,-0.5886645350195204,-2.8459051654444543,2.8459051654444543,-2.8459051654444543,2.8459051654444543,2.8459051654444543,-2.8459051654444543,-2.8459051654444543,-2.8459051654444543,-2.8459051654444543,1.8400039672851562,1.940300750732422,67.5199966430664,63.59764152526856,63.98740158081055,64.37716163635254,,,,,,,,,,0.0,0.0,0.0
2018-01-26,66.41999816894531,67.94000244140625,66.0999984741211,67.94000244140625,67.94000244140625,1932000,2.8459051654444543,2.305050779664686,2.41886087591331,1.987939804500752,1.9226178777396528,66.91199951171875,68.48499984741211,67.81933339436848,71.87683347066243,71.92919998168945,67.41335459875386,67.84229346390649,68.8335267371206,70.10371541247554,70.63423860231465,67.94787733635948,68.61282276707335,-0.6649454307138711,-0.6039207141583907,-0.3679717265474172,0.3679717265474172,-0.3679717265474172,-0.3679717265474172,0.3679717265474172,-0.3679717265474172,-0.3679717265474172,-0.3679717265474172,-0.3679717265474172,1.149993896484375,1.94530029296875,67.94000244140625,63.25133499145508,63.63939514160156,64.02745529174804,,,,,,,,,,0.0,0.0,0.0
2018-01-29,67.31999969482422,68.44999694824219,67.30000305175781,68.19000244140625,68.19000244140625,2286200,0.3679717265474172,1.6432870910253827,2.1493952237953535,1.9890065861955235,1.9231315809199583,67.28200073242188,68.2,67.84933344523112,71.74983355204265,71.87730003356934,67.67223721297132,67.90551327799734,68.7920090406229,70.0409707248995,70.58583788625705,67.98512735252052,68.58150274294987,-0.5963753904293441,-0.6024116494125814,-3.6368905099688957,3.6368905099688957,-3.6368905099688957,-3.6368905099688957,3.6368905099688957,-3.6368905099688957,-3.6368905099688957,-3.6368905099688957,3.6368905099688957,7.680000305175781,2.2798004150390625,68.44999694824219,63.660341796875,64.04940185546874,64.4384619140625,,,,,,,,,,0.0,0.0,0.0
2018-01-30,67.4800033569336,75.08000183105469,67.4000015258789,70.66999816894531,70.66999816894531,6126500,3.6368905099688957,2.149687828476578,2.3528407001640814,2.1178793053924623,1.9722220984008991,67.95200042724609,68.33699951171874,68.03066660563151,71.6866668701172,71.85080001831055,68.67149086496266,68.40814689453333,68.91316962954693,70.06159457552394,70.5875044265083,68.39818440120126,68.73620610783841,-0.33802170663715003,-0.5495336608574951,-1.5565282335106507,1.5565282335106507,-1.5565282335106507,-1.5565282335106507,1.5565282335106507,1.5565282335106507,-1.5565282335106507,-1.5565282335106507,1.5565282335106507,2.0699996948242188,2.2388004302978515,75.08000183105469,63.43443603515625,63.89039611816406,64.34635620117187,,,,,,,,,,0.0,0.0,0.0
2018-01-31,71.5,71.94999694824219,69.87999725341797,71.7699966430664,71.7699966430664,3927000,1.5565282335106507,1.9513824588202673,2.297271132537922,2.0123293277799235,1.9832147593067826,68.92599945068359,68.42899932861329,68.23866653442383,71.64450009663899,71.83629997253418,69.70432612433058,69.01939230335752,69.097481049774,70.11760775806631,70.61092011396491,68.91692474610359,68.96093133267011,-0.044006586566524675,-0.44842824599930103,16.120942226548063,16.120942226548063,-16.120942226548063,-16.120942226548063,16.120942226548063,16.120942226548063,-16.120942226548063,-16.120942226548063,16.120942226548063,7.349998474121094,2.512900161743164,71.94999694824219,70.15464088439941,70.60240097045899,71.05016105651856,1.0,1.0,1.0,70.15464088439941,70.60240097045899,71.05016105651856,71.7699966430664,71.7699966430664,71.7699966430664,2.3025643611073017,1.653761991884606,1.013137163721887
2018-02-01,79.31999969482422,85.23999786376953,77.88999938964844,83.33999633789062,83.33999633789062,10691400,16.120942226548063,6.392226135588418,5.534425048512201,4.0690102675238045,2.8764851459695655,72.38199920654297,69.69299926757813,68.78166631062825,71.80283342997232,71.95359992980957,74.2495495288506,71.62313849145444,70.01635300384605,70.55112869510974,70.86298102929017,71.13585883714775,70.02604725898274,1.109811578165008,-0.13678028116643925,-3.0837530690600303,-3.0837530690600303,3.0837530690600303,3.0837530690600303,3.0837530690600303,-3.0837530690600303,-3.0837530690600303,3.0837530690600303,-3.0837530690600303,3.2699966430664062,2.5868999481201174,85.23999786376953,66.42161659240723,66.92419662475587,67.4267766571045,,,,,,,,,,0.0,0.0,0.0
2018-02-02,82.41000366210938,83.88999938964844,80.62000274658203,80.7699966430664,80.7699966430664,4082300,-3.0837530690600303,7.348435791806143,5.517517925589641,4.172769153551034,2.7954968748551234,74.947998046875,70.92999877929688,69.24766616821289,71.84083340962728,72.03499992370605,76.42303190025586,73.28620360992934,70.71013646444092,70.88617354586242,71.05915955629564,72.61803388421217,70.82189536150746,1.7961385227047089,0.24980347960779037,-6.425646932916205,-6.425646932916205,6.425646932916205,6.425646932916205,6.425646932916205,-6.425646932916205,-6.425646932916205,6.425646932916205,-6.425646932916205,6.620002746582031,2.841999816894531,83.88999938964844,79.54881797790527,80.06619796752929,80.58357795715332,,,,,,,,,,0.0,0.0,0.0
2018-02-05,80.19999694824219,81.97000122070312,75.3499984741211,75.58000183105469,75.58000183105469,4736300,-6.425646932916205,8.638020343239926,5.9381175375355655,4.4678405128030585,2.919123442256897,76.42599792480469,71.85399932861328,69.53133290608724,71.79283345540365,72.06129997253419,76.14202187718881,73.70325783195213,71.0243213268031,71.040069555213,71.14868118549879,73.07372126064948,71.17434769258503,1.8993735680644477,0.5797174972991219,4.617620771657012,4.617620771657012,-4.617620771657012,-4.617620771657012,-4.617620771657012,4.617620771657012,4.617620771657012,-4.617620771657012,4.617620771657012,5.1399993896484375,3.014999771118164,81.97000122070312,77.63759979248047,78.20599975585938,78.77439971923827,1.0,1.0,1.0,77.63759979248047,78.20599975585938,78.77439971923827,75.58000183105469,75.58000183105469,75.58000183105469,-2.6502596253949,-3.357795991359278,-4.055121841066155
2018-02-06,74.98999786376953,79.25,74.11000061035156,79.06999969482422,79.06999969482422,3857200,4.617620771657012,8.685241382040566,6.021487596298308,4.555840692299482,2.954626508345665,78.10599822998047,73.02899932861328,69.91766611735027,71.76366678873698,72.12189994812012,77.11801448306728,74.67902907974705,71.5433973505464,71.30334595323303,71.30553897776267,73.9962256351379,71.759210803862,2.2370148312759,0.9111769640944776,-1.2394123696926522,-1.2394123696926522,1.2394123696926522,1.2394123696926522,1.2394123696926522,-1.2394123696926522,-1.2394123696926522,-1.2394123696926522,-1.2394123696926522,1.9499969482421875,3.0359996795654296,79.25,75.33700172424317,75.9400016784668,76.54300163269043,1.0,1.0,1.0,74.98999786376953,74.98999786376953,74.98999786376953,79.06999969482422,79.06999969482422,79.06999969482422,5.440728026778474,5.440728026778474,5.440728026778474
2018-02-07,78.75,80.0199966430664,78.06999969482422,78.08999633789062,78.08999633789062,3619000,-1.2394123696926522,8.854134498442555,6.05181172951847,4.577133736501437,2.951007465034527,79.36999816894532,74.14799880981445,70.2643325805664,71.74066670735677,72.16799987792969,77.44200843467507,75.29920494486406,71.96575857553636,71.52585908059885,71.43988466806222,74.62603651248448,72.2281578804567,2.397878632027769,1.208517297681136,-1.5879087231662,-1.5879087231662,1.5879087231662,1.5879087231662,1.5879087231662,-1.5879087231662,-1.5879087231662,-1.5879087231662,-1.5879087231662,3.8100051879882812,3.144999694824219,80.0199966430664,72.57080070495606,73.17800064086914,73.78520057678223,,,,,,,,,,0.0,0.0,0.0
2018-02-08,78.08999633789062,80.62000274658203,76.80999755859375,76.8499984741211,76.8499984741211,2670100,-1.5879087231662,4.008166297188398,6.070812595624305,4.570479458533107,2.9581687597181117,78.0719985961914,75.22699890136718,70.62933247884115,71.69533335367838,72.1815998840332,77.24467178115708,75.58116740472897,72.28087082705795,71.70042102792745,71.54701563451883,74.96818450658242,72.57051644295036,2.3976680636320538,1.4463474508713197,1.3012362002020672,1.3012362002020672,-1.3012362002020672,-1.3012362002020672,-1.3012362002020672,1.3012362002020672,1.3012362002020672,1.3012362002020672,1.3012362002020672,4.3000030517578125,3.273999786376953,80.62000274658203,73.10099731445312,73.72999725341796,74.35899719238282,,,,,,,,,,0.0,0.0,0.0
2018-02-09,77.76000213623047,79.80000305175781,75.5,77.8499984741211,77.8499984741211,3382800,1.3012362002020672,4.066291725188184,6.057513607773579,4.567072889155137,2.961940602186493,77.48799896240234,76.21799850463867,70.98233235677084,71.67483329772949,72.2165998840332,77.44644734547842,75.99368214461845,72.640169384933,71.90204651796658,71.67182717589708,75.41154050158836,72.96158918600005,2.449951315588308,1.6470682238147174,1.6955680419994013,1.6955680419994013,-1.6955680419994013,-1.6955680419994013,-1.6955680419994013,1.6955680419994013,1.6955680419994013,1.6955680419994013,1.6955680419994013,2.0099945068359375,3.2482494354248046,79.80000305175781,73.41720321655274,74.07200317382812,74.72680313110351,,,,,,,,,,0.0,0.0,0.0
2018-02-12,78.33999633789062,79.94999694824219,77.94000244140625,79.16999816894531,79.16999816894531,1615200,1.6955680419994013,2.518179529430376,6.043835483127153,4.5380327203860045,2.967579464913969,78.20599822998047,77.31599807739258,71.3759989420573,71.68749987284342,72.26509986877441,78.02096428663405,76.5711941490415,73.0614486613209,72.14034001471998,71.82030580942279,75.98976475810481,73.42147133288489,2.5682934252199203,1.831313264095758,0.22735923877586617,0.22735923877586617,-0.22735923877586617,-0.22735923877586617,-0.22735923877586617,0.22735923877586617,0.22735923877586617,0.22735923877586617,0.22735923877586617,1.1899948120117188,3.172749328613281,79.94999694824219,72.65385429382324,73.3035041809082,73.95315406799317,,,,,,,,,,0.0,0.0,0.0
2018-02-13,78.80000305175781,79.69999694824219,78.51000213623047,79.3499984741211,79.3499984741211,1184900,0.22735923877586617,1.4702005999416958,6.015978614726034,4.481377380680909,2.9527076443741795,78.26199798583984,78.18399810791016,71.80099894205729,71.73199984232585,72.35539985656739,78.46397568246307,77.07643129905597,73.46716155246929,72.3767222592905,71.96940863446632,76.50672379133809,73.86062149149498,2.6461022998431076,1.9942710712452278,-0.6679253805779553,-0.6679253805779553,-0.6679253805779553,0.6679253805779553,0.6679253805779553,-0.6679253805779553,-0.6679253805779553,-0.6679253805779553,-0.6679253805779553,1.3800048828125,3.153249740600586,79.69999694824219,72.96994842529297,73.60449829101563,74.23904815673828,,,,,,,,,,0.0,0.0,0.0
2018-02-14,78.80999755859375,79.83000183105469,78.44999694824219,78.81999969482422,78.81999969482422,1748000,-0.6679253805779553,1.3601383135354008,6.047233526622527,4.4783942709192734,2.9476301542270344,78.40799865722656,78.88899841308594,72.13233235677083,71.74716644287109,72.43749984741211,78.58265035325013,77.39344373465019,73.81250594875026,72.58797725717686,72.10506390298825,76.8626123918744,74.22798283988975,2.634629551984659,2.122342767393114,0.3298682279080775,-0.3298682279080775,-0.3298682279080775,0.3298682279080775,0.3298682279080775,-0.3298682279080775,-0.3298682279080775,-0.3298682279080775,-0.3298682279080775,2.2399978637695312,3.195249557495117,79.83000183105469,72.76284751892089,73.39349746704102,74.02414741516114,,,,,,,,,,0.0,0.0,0.0
2018-02-15,78.97000122070312,79.72000122070312,77.4800033569336,78.55999755859375,78.55999755859375,1393900,-0.3298682279080775,1.0226743930986506,2.9502594549210857,4.479632917448779,2.946197651157708,78.7499984741211,78.41099853515625,72.47133229573568,71.76766637166341,72.51109985351563,78.57509942169801,77.60554442991265,74.11879573003048,72.7837812014856,72.23288437141608,77.12374857136969,74.548872819053,2.574875752316686,2.2128493643778286,-1.591140578979386,-1.591140578979386,-1.591140578979386,1.591140578979386,1.591140578979386,-1.591140578979386,-1.591140578979386,-1.591140578979386,-1.591140578979386,1.529998779296875,3.103249359130859,79.72000122070312,72.80045280456542,73.43950271606445,74.07855262756348,,,,,,,,,,0.0,0.0,0.0
2018-02-16,78.37000274658203,78.81999969482422,77.29000091552734,77.30999755859375,77.30999755859375,1387000,-1.591140578979386,1.2170246374286044,2.8436163873141234,4.419037151179661,2.9384870994806276,78.64199829101562,78.06499862670898,72.75766550699869,71.73716634114584,72.59759979248047,78.15339880066327,77.5518086351274,74.32467971897006,72.93218173778422,72.33342126621167,77.15240226171186,74.75340057753749,2.3990016841743653,2.250079828337136,3.6993929642591823,3.6993929642591823,3.6993929642591823,-3.6993929642591823,-3.6993929642591823,3.6993929642591823,3.6993929642591823,3.6993929642591823,3.6993929642591823,3.5099945068359375,3.1307491302490233,78.81999969482422,72.89285263061524,73.51350250244141,74.13415237426757,,,,,,,,,,0.0,0.0,0.0
2018-02-20,77.37000274658203,80.87999725341797,77.37000274658203,80.16999816894531,80.16999816894531,2328000,3.6993929642591823,2.0289107190059417,2.186335968852845,4.376835930517706,2.967942960153306,78.84199829101563,78.52399826049805,73.1623321533203,71.73016637166342,72.71689979553223,78.82559859009062,78.02784309582157,74.7017970383233,73.16948719454359,72.48860100685985,77.61664778590162,75.15463002875289,2.462017757148729,2.2924674140994545,-0.2744183930745614,-0.2744183930745614,-0.2744183930745614,0.2744183930745614,0.2744183930745614,-0.2744183930745614,-0.2744183930745614,-0.2744183930745614,-0.2744183930745614,1.1199951171875,3.102248764038086,80.87999725341797,71.93235160827636,72.55850143432617,73.18465126037597,,,,,,,,,,0.0,0.0,0.0
2018-02-21,80.37999725341797,80.83999633789062,79.72000122070312,79.94999694824219,79.94999694824219,1735700,-0.2744183930745614,2.0437518659137885,1.6790518310414901,4.385082454843461,2.9637149180324474,78.96199798583984,78.61199798583985,73.5326655069987,71.73583297729492,72.81389976501465,79.20039804280782,78.37732561444349,75.04039058089873,73.39179898974683,72.6363514215407,77.97562458010786,75.5098423931595,2.46578218694836,2.327130368669236,-1.8136297730954043,-1.8136297730954043,-1.8136297730954043,1.8136297730954043,1.8136297730954043,-1.8136297730954043,-1.8136297730954043,-1.8136297730954043,-1.8136297730954043,2.4799957275390625,3.121998596191406,80.83999633789062,74.05504997253418,74.6754997253418,75.29594947814941,,,,,,,,,,0.0,0.0,0.0
2018-02-22,80.16999816894531,80.5999984741211,78.12000274658203,78.5,78.5,1632400,-1.8136297730954043,2.2176242773808146,1.7395612914300747,4.415514352633099,2.9689127134752207,78.897998046875,78.65299835205079,73.84933217366536,71.70049959818522,72.89689979553222,78.96693202853855,78.39963004818102,75.26359118858268,73.559280990083,72.75246327457948,78.05629772162973,75.73133554922175,2.3249621724079788,2.3266967294169847,2.0764296221884955,2.0764296221884955,2.0764296221884955,-2.0764296221884955,-2.0764296221884955,2.0764296221884955,2.0764296221884955,2.0764296221884955,-2.0764296221884955,1.5900039672851562,3.1114990234375,80.5999984741211,73.97159942626953,74.59599914550782,75.22039886474609,,,,,,,,,,0.0,0.0,0.0
2018-02-23,78.9800033569336,80.16000366210938,78.56999969482422,80.12999725341797,80.12999725341797,1073600,2.0764296221884955,2.398654848941761,1.7384320885462354,4.3931009439679904,2.9773840396426188,79.21199798583984,78.98099822998047,74.26233215332032,71.70699958801269,72.99139976501465,79.3546204368317,78.71424226731502,75.57755287018496,73.77471431019234,72.89855305633866,78.37532841882792,76.05716234212518,2.318166076702738,2.3249905988741357,1.6847699360903696,1.6847699360903696,1.6847699360903696,-1.6847699360903696,-1.6847699360903696,1.6847699360903696,1.6847699360903696,1.6847699360903696,-1.6847699360903696,1.6299972534179688,3.1009986877441404,80.16000366210938,73.75470062255859,74.37700042724609,74.99930023193359,,,,,,,,,,0.0,0.0,0.0
2018-02-26,80.12999725341797,81.48999786376953,79.86000061035156,81.4800033569336,81.4800033569336,1029400,1.6847699360903696,2.146347470329149,1.763778641365825,4.375848617352779,2.9821585790085465,80.0459991455078,79.34399871826172,74.68233235677083,71.74783299763997,73.09329978942871,80.063081410199,79.21710791997293,75.95835612739455,74.02734673795435,73.06848276526132,78.85297071699802,76.45885426914802,2.3941164478499957,2.338815768669308,-0.33137489118422,-0.33137489118422,-0.33137489118422,0.33137489118422,0.33137489118422,-0.33137489118422,-0.33137489118422,-0.33137489118422,-0.33137489118422,1.0999984741210938,3.0984989166259767,81.48999786376953,73.33780654907227,73.9580062866211,74.57820602416992,,,,,,,,,,0.0,0.0,0.0
2018-02-27,81.58000183105469,82.27999877929688,81.18000030517578,81.20999908447266,81.20999908447266,1143700,-0.33137489118422,1.6018976718717193,1.7233759180535289,4.383939520758316,2.955727327972907,80.25399932861328,79.54799880981446,75.02133229573568,71.82316627502442,73.19149978637695,80.44538730162355,79.57945176806379,76.29717180204476,74.26284353620085,73.22970091019619,79.21559046584026,76.81079092213503,2.404799543705238,2.352012523676494,-0.6156877301278039,-0.6156877301278039,-0.6156877301278039,0.6156877301278039,0.6156877301278039,-0.6156877301278039,-0.6156877301278039,-0.6156877301278039,-0.6156877301278039,1.779998779296875,2.8034988403320313,82.27999877929688,74.67330024719239,75.29300003051758,75.91269981384278,,,,,,,,,,0.0,0.0,0.0
2018-02-28,81.25,81.93000030517578,80.1500015258789,80.70999908447266,80.70999908447266,989300,-0.6156877301278039,1.6376767423593983,1.7460537136876306,4.350456058190276,2.9571139114882805,80.40599975585937,79.6839988708496,75.40166549682617,71.89199956258138,73.27699974060059,80.53359122923993,79.78500582559268,76.58187033639494,74.47422568532451,73.3778256265185,79.44549948409141,77.09962115638226,2.3458783277091584,2.350785684483027,-2.601906204859691,-2.601906204859691,-2.601906204859691,2.601906204859691,2.601906204859691,-2.601906204859691,-2.601906204859691,-2.601906204859691,2.601906204859691,2.92999267578125,2.846498489379883,81.93000030517578,76.11230133056641,76.67300109863281,77.23370086669922,,,,,,,,,,0.0,0.0,0.0
2018-03-01,80.83000183105469,81.08999633789062,78.16000366210938,78.61000061035156,78.61000061035156,1488400,-2.601906204859691,1.8973532838634914,1.9464630341474907,4.408908348679222,2.9486798566715255,80.4279998779297,79.66299896240234,75.66033223470052,71.96533292134603,73.34609977722168,79.89239435627715,79.57136851373065,76.71271745084375,74.60982486319425,73.48143305194094,79.31696119582375,77.21150111593553,2.1054600798882177,2.301720563564065,3.2056947252263055,3.2056947252263055,3.2056947252263055,-3.2056947252263055,-3.2056947252263055,3.2056947252263055,3.2056947252263055,3.2056947252263055,-3.2056947252263055,3.4300003051757812,2.6504985809326174,81.08999633789062,75.66770362854004,76.23700332641602,76.80630302429199,,,,,,,,,,0.0,0.0,0.0
2018-03-02,77.87000274658203,81.30000305175781,77.87000274658203,81.12999725341797,81.12999725341797,1667300,3.2056947252263055,2.236839443957707,2.1879723355558913,2.5691417496192908,2.9551437490912225,80.62799987792968,79.91999893188476,76.00799891153972,72.11083285013835,73.4304997253418,80.30492865532409,79.85475555731016,76.99770324455822,74.823601007136,73.63288976880186,79.59588982006902,77.50176008908238,2.094129730986637,2.26020239704858,2.539141202672103,2.539141202672103,2.539141202672103,-2.539141202672103,-2.539141202672103,2.539141202672103,2.539141202672103,2.539141202672103,-2.539141202672103,2.88299560546875,2.6311485290527346,81.30000305175781,75.25889945983887,75.78899917602538,76.31909889221191,,,,,,,,,,0.0,0.0,0.0
2018-03-05,80.6500015258789,83.53299713134766,80.6500015258789,83.19000244140625,83.19000244140625,1692500,2.539141202672103,2.3988615451494075,2.171904042865905,2.533163568306755,2.9664594884119007,80.96999969482422,80.50799942016602,76.5009989420573,72.30099957784017,73.53579971313476,81.26661991735148,80.46116408169127,77.39720641854842,75.09790925088257,73.82213952469502,80.14883022335167,77.92311137443971,2.225718848911953,2.2533056874212543,0.5890105173571243,0.5890105173571243,0.5890105173571243,-0.5890105173571243,-0.5890105173571243,0.5890105173571243,0.5890105173571243,0.5890105173571243,-0.5890105173571243,0.9899978637695312,2.349648284912109,83.53299713134766,75.5114762878418,76.03770599365234,76.56393569946289,,,,,,,,,,0.0,0.0,0.0
2018-03-06,83.45999908447266,84.23999786376953,83.25,83.68000030517578,83.68000030517578,1261300,0.5890105173571243,2.359948698932623,1.9106895951677518,2.000212145081138,2.9465130954325787,81.46399993896485,80.85899963378907,77.07899907430013,72.52733294169109,73.65419975280761,82.07108004662625,81.04640703141573,77.80254795962117,75.37928928544956,74.01734468866493,80.69208715901692,78.34954759153128,2.3425395674856446,2.2711524634341322,-0.43021105286647054,-0.43021105286647054,-0.43021105286647054,0.43021105286647054,0.43021105286647054,-0.43021105286647054,-0.43021105286647054,-0.43021105286647054,-0.43021105286647054,1.5300064086914062,2.169148635864258,84.23999786376953,78.36377090454101,78.83370056152344,79.30363021850586,,,,,,,,,,0.0,0.0,0.0
2018-03-07,82.83000183105469,84.30000305175781,82.7699966430664,83.31999969482422,83.31999969482422,1778500,-0.43021105286647054,2.3369512420752043,1.9178363723918959,1.7613817720778888,2.932777160209778,81.98600006103516,81.19599990844726,77.61233240763346,72.7706662495931,73.75799972534179,82.48738659602557,81.4597875156718,78.1585125876988,75.63964044641267,74.2015556788859,81.09638139529496,78.71772922881223,2.3786521664827234,2.2926524040438507,1.0921791471944806,1.0921791471944806,1.0921791471944806,-1.0921791471944806,-1.0921791471944806,1.0921791471944806,1.0921791471944806,1.0921791471944806,1.0921791471944806,1.5900039672851562,2.1511489868164064,84.30000305175781,79.46787086486816,79.90170059204101,80.33553031921387,,,,,,,,,,0.0,0.0,0.0
2018-03-08,83.5,84.29000091552734,82.69999694824219,84.2300033569336,84.2300033569336,1383400,1.0921791471944806,1.4714196149580716,1.7531495973307691,1.7326763877889313,2.926800308674573,83.11000061035156,81.76900024414063,78.18999913533528,73.04316635131836,73.87669975280761,83.06825884966159,81.96346312317394,78.55022166958491,75.92129168938057,74.40013880122348,81.5784770817009,79.1260458308953,2.4524312508056028,2.3246081733962014,1.5196470714511836,1.5196470714511836,1.5196470714511836,-1.5196470714511836,-1.5196470714511836,1.5196470714511836,1.5196470714511836,1.5196470714511836,1.5196470714511836,1.6259994506835938,2.041948699951172,84.29000091552734,79.56747528076171,79.997705078125,80.42793487548828,,,,,,,,,,0.0,0.0,0.0
2018-03-09,84.44999694824219,85.51000213623047,83.88400268554688,85.51000213623047,85.51000213623047,1437600,1.5196470714511836,1.1003079820763833,1.7137104295461572,1.6843175342213528,2.929039749044802,83.98600158691406,82.30700073242187,78.83833262125651,73.32466634114583,74.00789978027343,83.88217327851788,82.60828839827512,78.9992397642072,76.23567563845761,74.62013609498598,82.18332709009006,79.59893148314235,2.5843956069477088,2.376565660106503,1.0291161635290325,1.0291161635290325,1.0291161635290325,-1.0291161635290325,-1.0291161635290325,1.0291161635290325,1.0291161635290325,1.0291161635290325,1.0291161635290325,2.8799972534179688,1.9709484100341796,85.51000213623047,79.79771377563476,80.206103515625,80.61449325561523,,,,,,,,,,0.0,0.0,0.0
2018-03-12,86.0,86.83999633789062,83.95999908447266,86.38999938964844,86.38999938964844,1861700,1.0291161635290325,0.742574896673588,1.6826255336893647,1.6790094088902086,2.9208783435646626,84.6260009765625,82.79800033569336,79.45333251953124,73.63633295694987,74.14649978637695,84.7181153155614,83.29587221488845,79.47606296584858,76.56860428603763,74.8532026948803,82.83050744386827,80.10197355029095,2.728533893577321,2.4469593068006668,-3.4378993421534867,-3.4378993421534867,-3.4378993421534867,3.4378993421534867,3.4378993421534867,-3.4378993421534867,-3.4378993421534867,-3.4378993421534867,-3.4378993421534867,3.4899978637695312,2.0449485778808594,86.83999633789062,81.17391563415528,81.5681053161621,81.96229499816894,,,,,,,,,,0.0,0.0,0.0
2018-03-13,86.55999755859375,86.55999755859375,83.06999969482422,83.41999816894531,83.41999816894531,1774700,-3.4378993421534867,2.034402551423217,2.1068790106791138,1.8733992154385384,2.9608834285853067,84.57400054931641,83.01900024414063,79.96099904378255,73.90516624450683,74.25799980163575,84.28540960002272,83.3184405701715,79.73051039830645,76.793240151051,75.02284220921823,82.92119832464935,80.34775315167276,2.573445172976591,2.4722564800358517,-1.4385003291559761,-1.4385003291559761,-1.4385003291559761,1.4385003291559761,1.4385003291559761,-1.4385003291559761,-1.4385003291559761,-1.4385003291559761,-1.4385003291559761,2.5,2.1104488372802734,86.55999755859375,82.34110946655274,82.7500991821289,83.15908889770508,,,1.0,,,83.15908889770508,,,83.41999816894531,0.0,0.0,0.3137471498289076
2018-03-14,83.45999908447266,83.75,81.25,82.22000122070312,82.22000122070312,1390900,-1.4385003291559761,2.1298137671213957,2.161491184710455,1.9124160535802541,2.9360357127253542,84.35400085449218,83.17000045776368,80.34599914550782,74.18833287556966,74.35999984741211,83.59694014024953,83.11872432481361,79.89112270942883,76.9711667434986,75.16536020944565,82.81332184711917,80.48643819382316,2.326883653296008,2.443181914687883,-3.91632348929268,-3.91632348929268,-3.91632348929268,3.91632348929268,3.91632348929268,-3.91632348929268,-3.91632348929268,-3.91632348929268,3.91632348929268,5.2299957275390625,2.3029483795166015,83.75,81.91701011657715,82.3390998840332,82.76118965148926,1.0,1.0,1.0,81.91701011657715,82.3390998840332,82.76118965148926,82.22000122070312,82.22000122070312,82.22000122070312,0.369875687228805,-0.1446441162191684,-0.6539157219284815
2018-03-15,79.4800033569336,80.0199966430664,74.79000091552734,79.0,79.0,6676800,-3.91632348929268,2.4898305638034475,2.380160836486179,2.1166137311836426,2.9890841241785164,83.30800018310546,83.20900039672851,80.5869992574056,74.41283289591472,74.45319984436036,82.06462676016636,82.36986535666567,79.83363092172374,77.03768586666257,75.24129367064474,82.22665694756238,80.37633166094737,1.8503252866150035,2.3246105890733073,2.2151898734177213,2.2151898734177213,2.2151898734177213,-2.2151898734177213,-2.2151898734177213,-2.2151898734177213,2.2151898734177213,2.2151898734177213,-2.2151898734177213,2.6300048828125,2.32244873046875,80.0199966430664,78.68351356506348,79.1441032409668,79.60469291687012,1.0,1.0,1.0,78.68351356506348,79.1441032409668,79.4800033569336,79.0,79.0,79.0,0.40222712560340707,-0.18207704056997714,-0.603929713965871
2018-03-16,79.29000091552734,81.62000274658203,78.98999786376953,80.75,80.75,2831900,2.2151898734177213,2.694215307573872,2.252601239907199,2.1695118673831555,2.987951164702451,82.35599975585937,83.17100067138672,80.50066604614258,74.64116617838542,74.5614998626709,81.62641784011092,82.07534438272646,79.89275150741898,77.15940108414904,75.35037696429534,81.9994789556297,80.4040107971735,1.5954681584561996,2.178782102949886,2.885451183968653,-2.885451183968653,-2.885451183968653,-2.885451183968653,2.885451183968653,2.885451183968653,-2.885451183968653,-2.885451183968653,2.885451183968653,2.8899993896484375,2.3904487609863283,81.62000274658203,74.91060943603516,75.3750991821289,75.83958892822265,,,,,,,,,,0.0,0.0,0.0
2018-03-19,79.80000305175781,80.30999755859375,77.41999816894531,78.41999816894531,78.41999816894531,2532000,-2.885451183968653,2.47736273316245,2.2197338502487933,2.242570228018154,3.0157076926458553,80.76199951171876,82.69400024414062,80.42233276367188,74.83499946594239,74.64769981384278,80.55761128305572,81.41073598022079,79.79773516300133,77.20073213610956,75.41116154260524,81.4487896038321,80.25704689878621,1.1917427050458826,1.9813742233690854,4.2718675750335695,-4.2718675750335695,-4.2718675750335695,-4.2718675750335695,4.2718675750335695,4.2718675750335695,-4.2718675750335695,-4.2718675750335695,4.2718675750335695,3.1400070190429688,2.37194938659668,80.30999755859375,76.3610154724121,76.83910522460937,77.31719497680663,,,,,,,,,,0.0,0.0,0.0
2018-03-20,75.05000305175781,76.66000366210938,73.5199966430664,75.06999969482422,75.06999969482422,4309600,-4.2718675750335695,2.630740065120935,2.458057148295228,2.2764036454578878,3.0731120519160737,79.09199981689453,81.83300018310547,80.4053326924642,74.96833279927571,74.68399978637696,78.7284074203119,80.25787483742141,79.49271997150605,77.13087205606743,75.40440586245116,80.46743731013858,79.87282117997421,0.5946161301643684,1.7040226047281422,1.1855593356420373,-1.1855593356420373,-1.1855593356420373,-1.1855593356420373,1.1855593356420373,1.1855593356420373,-1.1855593356420373,-1.1855593356420373,1.1855593356420373,2.0,2.4159496307373045,76.66000366210938,75.09170890808106,75.56609878540038,76.04048866271972,1.0,1.0,1.0,75.05000305175781,75.05000305175781,75.05000305175781,75.06999969482422,75.06999969482422,75.06999969482422,0.026644426719897238,0.026644426719897238,0.026644426719897238
2018-03-21,75.06999969482422,75.91999816894531,73.91999816894531,74.18000030517578,74.18000030517578,2088200,-1.1855593356420373,2.6480395414289917,2.4483995562138667,2.2848964934012885,3.0781099964492986,77.48399963378907,80.91900024414062,80.24233271280924,75.07999941507975,74.70799980163574,77.21227171526652,79.15280674064948,79.14996386400088,77.03412216259558,75.38016020785165,79.50013930937507,79.45113074480395,0.04900856457112468,1.3730197966967388,2.0625488986283034,-2.0625488986283034,-2.0625488986283034,-2.0625488986283034,2.0625488986283034,2.0625488986283034,-2.0625488986283034,-2.0625488986283034,2.0625488986283034,2.2399978637695312,2.403949737548828,75.91999816894531,71.34491447448731,71.82810440063477,72.31129432678223,,,,,,,,,,0.0,0.0,0.0
2018-03-22,73.43000030517578,74.43000030517578,72.19000244140625,72.6500015258789,72.6500015258789,2639800,-2.0625488986283034,2.4354367868337756,2.3309805711600617,2.2939550772166193,3.0919146706574536,76.21399993896485,79.76100006103516,80.06099955240886,75.16266606648763,74.7188998413086,75.69151498547066,77.9704785197821,78.7306114550898,76.89038050237535,75.32609765969377,78.44627195806797,78.94734339525395,-0.5010714371859848,0.9982015499201942,1.51410660842073,1.51410660842073,-1.51410660842073,-1.51410660842073,1.51410660842073,1.51410660842073,1.51410660842073,-1.51410660842073,1.51410660842073,2.7900009155273438,2.4639495849609374,74.43000030517578,70.6313087463379,71.11209869384766,71.59288864135742,,,,,,,,,,0.0,0.0,0.0
2018-03-23,72.76000213623047,73.4000015258789,70.61000061035156,71.55000305175781,71.55000305175781,2167400,-1.51410660842073,1.2361030070886416,2.0871591428560503,2.2328192396126023,3.0779311123860813,74.3740005493164,78.3650001525879,79.88433303833008,75.25683275858562,74.69719985961915,74.31101100756638,76.80311934377768,78.26734639681032,76.71528615973214,75.25132350904157,77.38530751094333,78.39939225869868,-1.0140847477553478,0.5957442903850858,-2.5017375398823782,-2.5017375398823782,2.5017375398823782,2.5017375398823782,2.5017375398823782,-2.5017375398823782,-2.5017375398823782,2.5017375398823782,-2.5017375398823782,2.2699966430664062,2.495949554443359,73.4000015258789,69.00931121826171,69.50210113525391,69.99489105224609,,,,,,,,,,0.0,0.0,0.0
2018-03-26,72.55000305175781,73.52999877929688,71.26000213623047,73.33999633789062,73.33999633789062,1813800,2.5017375398823782,2.4456806361261507,2.341262346705921,2.282596754443361,3.0829852395003616,73.35800018310547,77.05999984741212,79.73399963378907,75.35816599527995,74.66809982299804,73.9873394510078,76.17346061543458,77.94945284462196,76.60462091967177,75.21347544624649,76.76295194585829,78.02462219049067,-1.2616702446323842,0.2242613833815918,4.240514229955414,4.240514229955414,-4.240514229955414,-4.240514229955414,-4.240514229955414,4.240514229955414,4.240514229955414,-4.240514229955414,4.240514229955414,3.93499755859375,2.637699508666992,73.52999877929688,67.90891250610352,68.4081024169922,68.90729232788085,,,,,,,,,,0.0,0.0,0.0
2018-03-27,73.48999786376953,73.56999969482422,69.63500213623047,70.2300033569336,70.2300033569336,1855900,-4.240514229955414,2.436198431487115,2.4235959617575915,2.430007190616299,3.1355878952292406,72.39000091552734,75.74100036621094,79.43599980672201,75.40599937438965,74.61229988098144,72.7348940863164,75.09283202297985,77.45142384541626,76.39561706515576,75.11479283061654,75.75788293217757,77.44724301763459,-1.6893600854570252,-0.15846291038613164,2.406382401574243,2.406382401574243,-2.406382401574243,-2.406382401574243,-2.406382401574243,2.406382401574243,2.406382401574243,-2.406382401574243,2.406382401574243,2.7400054931640625,2.6856998443603515,73.56999969482422,67.72705986022949,68.2545997619629,68.78213966369628,,,,,,,,,,0.0,0.0,0.0
2018-03-28,69.93000030517578,70.87000274658203,68.12999725341797,68.54000091552734,68.54000091552734,1717600,-2.406382401574243,2.482572786298801,2.432200287613102,2.4597217150216406,3.1484994842292857,71.26200103759766,74.37300033569336,79.07566655476889,75.43833274841309,74.553099899292,71.33659636272006,73.9014081852612,76.87649333381053,76.13805587992205,74.98459893130784,74.64743954500061,76.78744730636738,-2.1400077613667747,-0.5547718805822602,-2.7866880758709547,-2.7866880758709547,2.7866880758709547,2.7866880758709547,2.7866880758709547,-2.7866880758709547,-2.7866880758709547,2.7866880758709547,-2.7866880758709547,2.80999755859375,2.6797000885009767,70.87000274658203,67.66146003723145,68.19860000610352,68.73573997497559,,1.0,1.0,,68.19860000610352,68.73573997497559,,68.54000091552734,68.54000091552734,0.0,0.500598119892888,-0.28477042586506734
2018-03-29,69.12000274658203,71.05999755859375,68.25,70.44999694824219,70.44999694824219,1542200,2.7866880758709547,3.099965190448696,2.6872599913460657,2.543910245640772,3.138145869872005,70.8220001220703,73.51800003051758,78.79666646321614,75.4644994099935,74.51459983825684,71.04106322456077,73.27387886943956,76.46188066377387,75.95156214445714,74.89480483263327,74.00167914549931,76.31800653909885,-2.3163273935995363,-0.9070829831857155,2.7253346374959904,2.7253346374959904,-2.7253346374959904,-2.7253346374959904,-2.7253346374959904,2.7253346374959904,2.7253346374959904,-2.7253346374959904,2.7253346374959904,2.3800048828125,2.6272003173828127,71.05999755859375,64.97466255187989,65.51060256958007,66.04654258728027,,,,,,,,,,0.0,0.0,0.0
2018-04-02,70.06999969482422,70.44000244140625,68.05999755859375,68.52999877929688,68.52999877929688,1275200,-2.7253346374959904,3.236082257580696,2.452676074459061,2.4304511324857203,3.1575100192345262,70.21799926757812,72.29599990844727,78.46233317057292,75.46683273315429,74.4614998626709,70.20404174280614,72.41135521668635,75.95014634864633,75.70823219805844,74.76876906920086,73.15988216608355,75.74111707540982,-2.5812349093262696,-1.2419133684138264,-1.7218741079742483,-1.7218741079742483,1.7218741079742483,1.7218741079742483,1.7218741079742483,-1.7218741079742483,-1.7218741079742483,1.7218741079742483,-1.7218741079742483,1.279998779296875,2.5470504760742188,70.44000244140625,65.28015686035157,65.80559692382812,66.33103698730469,,,,,,,,,,0.0,0.0,0.0
2018-04-03,69.01000213623047,69.93000030517578,68.6500015258789,69.70999908447266,69.70999908447266,1093800,1.7218741079742483,3.0495701158229442,2.612010178452872,2.3774330828540804,3.164429860294553,69.49199981689453,71.425,78.20899988810221,75.48333269755045,74.37369987487793,70.03936085669498,71.92019955628385,75.54755620257062,75.51156881728514,74.66859540613693,72.62913092275879,75.29436759459966,-2.665236671840873,-1.5265780290992357,-2.582130362068458,-2.582130362068458,2.582130362068458,2.582130362068458,2.582130362068458,-2.582130362068458,-2.582130362068458,2.582130362068458,-2.582130362068458,3.779998779296875,2.686550521850586,69.93000030517578,64.83649139404297,65.34590148925781,65.85531158447266,,,,,,,,,,0.0,0.0,0.0
2018-04-04,68.22000122070312,71.58999633789062,67.80999755859375,71.51000213623047,71.51000213623047,1231800,2.582130362068458,2.73168840757362,2.597987290314778,2.4805933603727324,3.1776159930768593,69.74799957275391,71.06900024414062,77.92033335367839,75.54133275349935,74.3041999053955,70.52957461654015,71.84561820718324,75.28706884345189,75.38036990970957,74.60604900475265,72.45695726329289,75.01404422731305,-2.557086964020158,-1.7326798160834205,0.13983844376146318,0.13983844376146318,-0.13983844376146318,-0.13983844376146318,-0.13983844376146318,0.13983844376146318,0.13983844376146318,0.13983844376146318,0.13983844376146318,1.4650039672851562,2.6833003997802733,71.58999633789062,64.01958915710449,64.55689926147461,65.09420936584473,,,,,,,,,,0.0,0.0,0.0
2018-04-05,71.66000366210938,72.4000015258789,70.93499755859375,71.41000366210938,71.41000366210938,1622900,-0.13983844376146318,2.306180761024631,2.5862978364471423,2.4834320664231204,3.1747370207008547,70.3220001220703,70.79200057983398,77.63566691080729,75.584166208903,74.21009994506836,70.82305096506323,71.76641556262435,75.03693560594593,75.2501939671653,74.54276097816566,72.29588747849543,74.74707825952018,-2.4511907810247493,-1.8763820090716863,2.366618617473866,2.366618617473866,-2.366618617473866,-2.366618617473866,-2.366618617473866,2.366618617473866,2.366618617473866,2.366618617473866,2.366618617473866,2.1999969482421875,2.713800048828125,72.4000015258789,65.68673545837402,66.22339553833008,66.76005561828613,,,,,,,,,,0.0,0.0,0.0
2018-04-06,70.69999694824219,71.52999877929688,69.33000183105469,69.72000122070312,69.72000122070312,1291500,-2.366618617473866,2.372128642134913,2.610349803625049,2.469609899289535,3.190712971688195,70.1760009765625,70.4990005493164,77.34300028483072,75.59616622924804,74.11259994506835,70.4553677169432,71.39434022772957,74.69390758109155,75.06887617219932,74.44726078494857,71.89959728498891,74.37470218257077,-2.4751048975818577,-1.9961265867737208,0.18646712641464425,0.18646712641464425,-0.18646712641464425,-0.18646712641464425,-0.18646712641464425,0.18646712641464425,0.18646712641464425,0.18646712641464425,0.18646712641464425,1.8700027465820312,2.726000213623047,71.52999877929688,66.42964141845704,66.97240142822265,67.51516143798828,,,,,,,,,,0.0,0.0,0.0
2018-04-09,70.0999984741211,71.44000244140625,69.56999969482422,69.58999633789062,69.58999633789062,1157500,-0.18646712641464425,1.92147990981729,2.579845522262992,2.4099504802588543,3.1812449712884727,70.38800048828125,70.3029998779297,76.99166692097982,75.62699953715007,74.01279991149903,70.16691059059235,71.0662777023043,74.36462298475601,74.88924076779577,74.35107733055138,71.54427406235841,74.02027952740929,-2.476005465050875,-2.0921023624291517,2.3710326378915285,-2.3710326378915285,2.3710326378915285,2.3710326378915285,2.3710326378915285,-2.3710326378915285,-2.3710326378915285,-2.3710326378915285,-2.3710326378915285,1.2299957275390625,2.6435001373291014,71.44000244140625,65.53279830932617,66.07799835205078,66.62319839477539,,,,,,,,,,0.0,0.0,0.0
2018-04-10,70.80000305175781,71.63999938964844,70.41000366210938,71.23999786376953,71.23999786376953,1072900,2.3710326378915285,2.056858377422289,2.5646568641516847,2.486785241460243,3.1883071023144676,70.69400024414062,70.09300003051757,76.65033340454102,75.66633288065593,73.93439987182617,70.52460634831809,71.09786318620706,74.16303426727302,74.76959345946703,74.28947179655569,71.49746233949858,73.81433273751004,-2.31687039801146,-2.1370559695456137,1.3475563072144365,-1.3475563072144365,1.3475563072144365,1.3475563072144365,1.3475563072144365,-1.3475563072144365,-1.3475563072144365,-1.3475563072144365,-1.3475563072144365,2.4000015258789062,2.5890003204345704,71.63999938964844,65.62430213928222,66.15300216674805,66.68170219421387,,,,,,,,,,0.0,0.0,0.0
2018-04-11,70.91000366210938,72.81999969482422,70.41999816894531,72.19999694824219,72.19999694824219,1026600,1.3475563072144365,1.7946110018806092,2.181184889816244,2.462882315091781,3.1677791457185998,70.83199920654297,70.28999938964844,76.35,75.68566614786783,73.8722998046875,71.08306988162613,71.29825114294071,74.03638669830329,74.68534439352523,74.24809605698512,71.6055445869976,73.69475230867539,-2.089207721677795,-2.12748631997205,0.4293700846144271,-0.4293700846144271,0.4293700846144271,0.4293700846144271,0.4293700846144271,-0.4293700846144271,-0.4293700846144271,-0.4293700846144271,0.4293700846144271,1.3700027465820312,2.532500457763672,72.81999969482422,65.94419868469238,66.4619987487793,66.9797988128662,,,,,,,,,,0.0,0.0,0.0
2018-04-12,72.72000122070312,73.38999938964844,72.0199966430664,72.51000213623047,72.51000213623047,1486400,0.4293700846144271,1.7852865281837311,1.9639784082529517,2.4684404976779826,3.15065993234428,71.05199890136718,70.68699951171875,76.07666676839193,75.73916613260904,73.83059982299805,71.55871396649425,71.51856950535702,73.93791027494376,74.61402169656473,74.21367835558404,71.7446919022642,73.60699303664244,-1.8623011343782423,-2.074449282853289,0.05516606585142662,-0.05516606585142662,0.05516606585142662,0.05516606585142662,0.05516606585142662,0.05516606585142662,-0.05516606585142662,-0.05516606585142662,0.05516606585142662,1.279998779296875,2.3350006103515626,73.38999938964844,67.24849868774415,67.75499877929687,68.2614988708496,,,,,,,,,,0.0,0.0,0.0
2018-04-13,72.9000015258789,72.9000015258789,71.62000274658203,72.55000305175781,72.55000305175781,829500,0.05516606585142662,1.0527544201329864,1.8069587244635819,2.3439923762638526,3.138412425757741,71.61799926757813,70.89700012207031,75.87466684977214,75.76749954223632,73.77699981689453,71.88914366158211,71.70610287742988,73.8483678734479,74.54634895411205,74.18073429016174,71.8685859252632,73.52869748220654,-1.6601115569433347,-1.991581737671298,-0.3721630063451742,0.3721630063451742,-0.3721630063451742,-0.3721630063451742,-0.3721630063451742,-0.3721630063451742,0.3721630063451742,0.3721630063451742,-0.3721630063451742,1.69000244140625,2.28800048828125,72.9000015258789,68.252998046875,68.71999816894531,69.18699829101563,,,,,,,,,,0.0,0.0,0.0
2018-04-16,72.75,72.91000366210938,71.22000122070312,72.27999877929688,72.27999877929688,1075300,-0.3721630063451742,1.0986761275413601,1.494043158378342,2.2621052563274677,3.1387388350717753,72.15599975585937,71.27200012207031,75.57966690063476,75.79383290608725,73.72649978637695,72.01942870082037,71.81044758686025,73.74718277059945,74.47204239100334,74.14309596321391,71.93188021049916,73.436201281991,-1.5043210714918445,-1.8941296044354075,1.6463786130376938,-1.6463786130376938,-1.6463786130376938,1.6463786130376938,1.6463786130376938,1.6463786130376938,-1.6463786130376938,-1.6463786130376938,1.6463786130376938,1.2700042724609375,2.207000732421875,72.91000366210938,67.86640045166016,68.32400054931641,68.78160064697266,,,,,,,,,,0.0,0.0,0.0
2018-04-17,72.86000061035156,73.83000183105469,72.55999755859375,73.47000122070312,73.47000122070312,810300,1.6463786130376938,0.8547730470860411,1.487607949588744,2.2404104834350846,3.1140982233691443,72.6020004272461,71.64800033569335,75.25566685994467,75.87833290100097,73.6697998046875,72.50295287411463,72.11218461119532,73.72930008996099,74.43918858214103,74.12976735445133,72.168514212069,73.43870498115486,-1.2701907690858576,-1.7693418373654977,-0.4763828342260428,0.4763828342260428,0.4763828342260428,-0.4763828342260428,-0.4763828342260428,-0.4763828342260428,0.4763828342260428,0.4763828342260428,-0.4763828342260428,1.6399993896484375,2.1320003509521483,73.83000183105469,68.05460205078126,68.49600219726562,68.93740234375,,,,,,,,,,0.0,0.0,0.0
2018-04-18,73.26000213623047,73.7699966430664,72.12999725341797,73.12000274658203,73.12000274658203,950400,-0.4763828342260428,0.8565215115494523,1.3259638294936347,2.0380023938419924,3.0873474344375187,72.78600158691407,71.80900039672852,74.90366694132487,75.9913330078125,73.59509986877441,72.7086361649371,72.29542427217471,73.68999058393655,74.39593658753253,74.10977201568164,72.31489706353254,73.41509740822355,-1.1002003446910038,-1.635513538830599,-3.4053684349464235,3.4053684349464235,3.4053684349464235,-3.4053684349464235,-3.4053684349464235,-3.4053684349464235,3.4053684349464235,3.4053684349464235,-3.4053684349464235,2.05999755859375,2.135000228881836,73.7699966430664,69.13960105895995,69.5660011291504,69.99240119934082,,,,,,,,,,0.0,0.0,0.0
2018-04-19,71.4000015258789,71.7699966430664,69.70999908447266,70.62999725341797,70.62999725341797,2796700,-3.4053684349464235,1.828432922374874,1.7588386986230562,2.156560682545389,3.1175092744146227,72.41000061035156,71.73099975585937,74.48066685994466,76.04649963378907,73.50529983520508,72.01575652776407,71.99261935967348,73.49257165938697,74.27246316674189,74.04086558474572,72.0556817081303,73.20879369305277,-1.1531119849224751,-1.5390332280489742,-1.0618717671884172,1.0618717671884172,1.0618717671884172,-1.0618717671884172,-1.0618717671884172,-1.0618717671884172,1.0618717671884172,1.0618717671884172,-1.0618717671884172,2.4899978637695312,2.147500228881836,71.7699966430664,69.07299613952637,69.49999618530273,69.9269962310791,,,1.0,,,69.9269962310791,,,70.62999725341797,0.0,0.0,1.0053356503627677
2018-04-20,70.77999877929688,71.02999877929688,68.54000091552734,69.87999725341797,69.87999725341797,1670400,-1.0618717671884172,1.8101936426944263,1.614102148225162,2.12297460445265,3.119806818738384,71.8759994506836,71.74699935913085,74.00233332316081,76.09616622924804,73.39789978027343,71.30383676964871,71.6085062494452,73.25950234287285,74.12844789089519,73.9584721524422,71.72096102278994,72.96221617900575,-1.2412551562158143,-1.4794776136823424,-1.7172252367017562,1.7172252367017562,1.7172252367017562,-1.7172252367017562,-1.7172252367017562,1.7172252367017562,1.7172252367017562,1.7172252367017562,-1.7172252367017562,2.3699951171875,2.1264999389648436,71.02999877929688,67.04549613952636,67.47499618530273,67.90449623107911,,,,,,,,,,0.0,0.0,0.0
2018-04-23,70.20999908447266,70.66999816894531,68.30000305175781,68.68000030517578,68.68000030517578,2354700,-1.7172252367017562,1.8426536767117776,1.7073050077430885,2.1302031519212297,3.1238199159416427,71.15599975585937,71.65599975585937,73.44133326212565,76.13983294169108,73.2872998046875,70.4292246148244,71.07605062321439,72.9640505985053,73.94981026513389,73.85394795744682,71.25312091238776,72.64501500316649,-1.3918940907787345,-1.461960909101621,0.9027413276457242,0.9027413276457242,0.9027413276457242,-0.9027413276457242,-0.9027413276457242,0.9027413276457242,0.9027413276457242,0.9027413276457242,-0.9027413276457242,1.714996337890625,2.0987499237060545,70.66999816894531,66.35169891357423,66.7769989013672,67.20229888916016,,,,,,,,,,0.0,0.0,0.0
2018-04-24,68.88999938964844,69.45999908447266,67.74500274658203,68.05999755859375,68.05999755859375,2218200,-0.9027413276457242,1.1481804432495324,1.47499502023537,2.038439992925291,3.105627650511069,70.0739990234375,71.3379997253418,72.8303332010905,76.14183286031087,73.17759979248046,69.63948226274752,70.5276773387379,72.64766007980133,73.7567016518047,73.73921626638042,70.76187116565022,72.30538408134629,-1.5435129156960699,-1.478271310420511,0.5877077737771221,0.5877077737771221,0.5877077737771221,-0.5877077737771221,-0.5877077737771221,0.5877077737771221,0.5877077737771221,0.5877077737771221,0.5877077737771221,1.5100021362304688,1.9775001525878906,69.45999908447266,66.05274833679199,66.47249832153321,66.89224830627441,,,,,,,,,,0.0,0.0,0.0
2018-04-25,68.11000061035156,68.6500015258789,67.13999938964844,67.66000366210938,67.66000366210938,1453400,-0.5877077737771221,1.1238825598330069,1.3337606455337683,1.8241789155263222,3.106412060493357,68.98199920654297,70.88400039672851,72.30500005086263,76.1329995473226,73.0872998046875,68.97965606253481,70.00628212480544,72.32587579478894,73.55680991443765,73.6188358187711,70.28466078049009,71.96128182806947,-1.6766210475793883,-1.5179412578522866,-1.2119415466177856,-1.2119415466177856,-1.2119415466177856,1.2119415466177856,1.2119415466177856,-1.2119415466177856,-1.2119415466177856,-1.2119415466177856,-1.2119415466177856,1.8549957275390625,1.9332496643066406,68.6500015258789,65.1094987487793,65.50499877929687,65.90049880981445,,,,,,,,,,0.0,0.0,0.0
2018-04-26,68.43000030517578,69.1449966430664,67.29000091552734,68.4800033569336,68.4800033569336,1250200,1.2119415466177856,1.0995214505027193,1.4233756326130405,1.7693523762647,3.0743327737535666,68.5520004272461,70.48100051879882,71.84700012207031,76.09649963378907,73.00629981994629,68.81310516066775,69.72877689428329,72.07775499234666,73.39035724042112,73.51707676012086,70.007021176866,71.70340934872607,-1.6963881718600646,-1.5536306406538423,1.6063172453163286,1.6063172453163286,1.6063172453163286,-1.6063172453163286,-1.6063172453163286,1.6063172453163286,1.6063172453163286,1.6063172453163286,1.6063172453163286,1.3699951171875,1.8612495422363282,69.1449966430664,64.3968522644043,64.78350219726562,65.17015213012695,,,,,,,,,,0.0,0.0,0.0
2018-04-27,68.58999633789062,68.58999633789062,67.22000122070312,67.37999725341797,67.37999725341797,1451000,-1.6063172453163286,1.1793334300598,1.440330485034166,1.676834198722495,3.074170660218477,68.0520004272461,69.96399993896485,71.45966669718425,76.02333297729493,72.93799980163574,68.33540252491782,69.30172605048959,71.77467384789965,73.19329625724069,73.39555043325545,69.60286365018169,71.38315660092546,-1.780292950743771,-1.5989631026718283,-0.029688740392346556,-0.029688740392346556,-0.029688740392346556,0.029688740392346556,0.029688740392346556,-0.029688740392346556,-0.029688740392346556,-0.029688740392346556,-0.029688740392346556,2.1399993896484375,1.849249267578125,68.58999633789062,65.05024765014649,65.42249755859375,65.79474746704102,,,,,,,,,,0.0,0.0,0.0
2018-04-30,67.33999633789062,68.44000244140625,66.30000305175781,67.4000015258789,67.4000015258789,2140100,0.029688740392346556,1.0632468196873737,1.4568460746609382,1.5689406908293235,2.2225082089120636,67.79600067138672,69.47600021362305,71.01466674804688,75.75766639709472,72.88799980163574,68.02360219190486,68.95595795510583,71.49243692389831,73.00335216768784,73.27682669251531,69.26396178490434,71.08810807684794,-1.824146291943606,-1.643999740526184,-6.528192027101783,-6.528192027101783,-6.528192027101783,6.528192027101783,6.528192027101783,-6.528192027101783,-6.528192027101783,-6.528192027101783,-6.528192027101783,4.120002746582031,1.9912494659423827,68.44000244140625,64.52164794921875,64.89149780273438,65.26134765625,,,,,,,,,,0.0,0.0,0.0
2018-05-01,68.6500015258789,72.45999908447266,68.33999633789062,71.80000305175781,71.80000305175781,2421000,6.528192027101783,3.1935375096188916,2.652720813344792,2.126938266091966,2.3625630209358173,68.54400177001953,69.30900039672852,70.79400024414062,75.60816650390625,72.88819984436036,69.28240247852251,69.473057063588,71.51227989988925,72.96389809831308,73.24758266002507,69.65412197980487,71.14084103795237,-1.4867190581475,-1.6125436040504473,-3.3983213207565215,-3.3983213207565215,-3.3983213207565215,3.3983213207565215,3.3983213207565215,-3.3983213207565215,-3.3983213207565215,-3.3983213207565215,3.3983213207565215,2.8300018310546875,1.9437496185302734,72.45999908447266,64.05925361633301,64.45750350952149,64.85575340270996,,,,,,,,,,0.0,0.0,0.0
2018-05-02,72.0,74.69000244140625,71.86000061035156,74.23999786376953,74.23999786376953,3812100,3.3983213207565215,3.1595139257234504,2.880838705205538,2.182774341383641,2.259755054908993,69.86000061035156,69.42099990844727,70.7663335164388,75.5858331044515,72.92959983825683,70.93493427360485,70.3397735727119,71.68826170401056,73.00573743488542,73.26723444623784,70.35964134656867,71.37040821023511,-1.010766863666447,-1.4921882559736472,3.35399456467284,-3.35399456467284,-3.35399456467284,3.35399456467284,3.35399456467284,3.35399456467284,-3.35399456467284,-3.35399456467284,3.35399456467284,6.970001220703125,2.218999481201172,74.69000244140625,68.18374992370606,68.5724998474121,68.96124977111816,,,,,,,,,,0.0,0.0,0.0
2018-05-03,74.02999877929688,77.75,70.77999877929688,76.7300033569336,76.7300033569336,3988000,3.35399456467284,3.185911814458425,2.733050126125384,2.290475818891358,2.2215095878299804,71.51000061035157,70.03100051879883,70.85133361816406,75.54683316548666,73.00969985961915,72.86662396804778,71.50163353347948,72.01353535903785,73.12784451429684,73.33580412763774,71.33969704047097,71.7674152581387,-0.42771821766773144,-1.2792942483124643,3.597021225187441,-3.597021225187441,-3.597021225187441,3.597021225187441,3.597021225187441,3.597021225187441,-3.597021225187441,-3.597021225187441,3.597021225187441,3.7000045776367188,2.2939998626708986,77.75,69.80820358276367,70.2520034790039,70.69580337524414,,,,,,,,,,0.0,0.0,0.0
2018-05-04,76.19000244140625,79.54000091552734,75.83999633789062,79.48999786376953,79.48999786376953,1760900,3.597021225187441,2.3012930235984106,2.765062079261548,2.3016404614705683,2.264066899348494,73.93200073242187,70.99200057983398,71.07933349609375,75.5701665242513,73.12579986572266,75.0744152666217,72.95406341171403,72.49588777869796,73.33643970608283,73.45766935013539,72.5935894748246,72.33945841411136,0.25413106071323455,-0.9726091865073246,0.18870490616439545,-0.18870490616439545,-0.18870490616439545,0.18870490616439545,-0.18870490616439545,0.18870490616439545,0.18870490616439545,-0.18870490616439545,0.18870490616439545,2.25,2.312999725341797,79.54000091552734,72.70320030212402,73.1620002746582,73.62080024719238,,,,,,,,,,0.0,0.0,0.0
2018-05-07,79.83000183105469,81.41000366210938,79.16000366210938,79.63999938964844,79.63999938964844,2452200,0.18870490616439545,2.243772539141388,2.59190750623096,2.295705702278572,2.2538139896514404,76.38000030517578,72.08800048828125,71.3490000406901,75.61666653951009,73.23599983215333,76.59627664096395,74.16968813497483,72.9567982052109,73.54311379406859,73.58009172715545,73.67765253864364,72.8802392271141,0.7974133115295388,-0.618604686899952,0.3139126091360755,0.3139126091360755,-0.3139126091360755,0.3139126091360755,-0.3139126091360755,0.3139126091360755,0.3139126091360755,-0.3139126091360755,0.3139126091360755,1.5400009155273438,2.328499984741211,81.41000366210938,74.45140151977539,74.91400146484375,75.37660140991211,,,,,,,,,,0.0,0.0,0.0
2018-05-08,79.19999694824219,80.41999816894531,78.87999725341797,79.88999938964844,79.88999938964844,1702100,0.3139126091360755,1.75482163342916,2.492123297734841,2.2628095100078145,2.2483765088789016,77.99799957275391,73.27100067138672,71.5673334757487,75.65066655476888,73.35799980163574,77.69418422385878,75.20974472673366,73.40410150743269,73.75120840375973,73.70504039373947,74.63339820802899,73.39948072063517,1.2339174873938248,-0.24810025204119665,0.4005503783564704,0.4005503783564704,-0.4005503783564704,0.4005503783564704,-0.4005503783564704,0.4005503783564704,0.4005503783564704,-0.4005503783564704,0.4005503783564704,1.3600006103515625,2.276499938964844,80.41999816894531,76.28730369567872,76.75300369262695,77.2187036895752,,,,,,,,,,0.0,0.0,0.0
2018-05-09,79.94000244140625,80.86000061035156,79.5,80.20999908447266,80.20999908447266,1249200,0.4005503783564704,1.742468955304866,2.412156932183172,2.256209360953401,2.238681566780694,79.19199981689454,74.52600021362305,71.9,75.66799990336101,73.4871997833252,78.53278917739675,76.1188818826862,73.84319167369333,73.96297203263556,73.8338514569223,75.49133680440494,73.90396356240092,1.5873732420040199,0.11899444676784665,2.219173169946406,2.219173169946406,-2.219173169946406,2.219173169946406,-2.219173169946406,2.219173169946406,2.219173169946406,-2.219173169946406,2.219173169946406,2.0500030517578125,2.3104999542236326,80.86000061035156,75.41169830322265,75.86699829101562,76.32229827880859,,,,,,,,,,0.0,0.0,0.0
2018-05-10,80.79000091552734,82.05000305175781,80.0,81.98999786376953,81.98999786376953,1204500,2.219173169946406,1.510622107977441,2.4086094204204054,2.286416996935815,2.25611196932925,80.24399871826172,75.87699966430664,72.34833323160807,75.71199989318848,73.65479972839356,79.68519207285435,77.18635751561044,74.36879207305309,74.22615320742683,73.99535930656283,76.49113081353795,74.502929066206,1.9882017473319564,0.49283590688066864,-0.4268794770584501,-0.4268794770584501,0.4268794770584501,-0.4268794770584501,0.4268794770584501,-0.4268794770584501,-0.4268794770584501,-0.4268794770584501,-0.4268794770584501,0.8299942016601562,2.287999725341797,82.05000305175781,75.77690071105957,76.2390007019043,76.70110069274902,,,,,,,,,,0.0,0.0,0.0
2018-05-11,81.26000213623047,82.08999633789062,81.26000213623047,81.63999938964844,81.63999938964844,854200,-0.4268794770584501,0.9935346353578335,2.244243111646627,2.2954368147803668,2.254972786150487,80.6739990234375,77.3029998779297,72.72133331298828,75.75899988810221,73.81589973449707,80.33679451178571,77.99611058361735,74.83790222251085,74.46923013143409,74.14673831810909,77.28326444063187,75.03160094201655,2.251663498615315,0.844601425227598,0.03674519784560251,0.03674519784560251,-0.03674519784560251,0.03674519784560251,-0.03674519784560251,0.03674519784560251,0.03674519784560251,0.03674519784560251,0.03674519784560251,2.375,2.3222496032714846,82.08999633789062,77.01640365600586,77.47400360107422,77.93160354614258,,,,,,,,,,0.0,0.0,0.0
2018-05-14,82.33000183105469,83.41999816894531,81.04499816894531,81.66999816894531,81.66999816894531,1202300,0.03674519784560251,1.009134186639291,2.2435696510431526,2.2879757091593005,2.2543302420516755,81.07999877929687,78.72999954223633,73.15933329264323,75.81083323160807,73.96209968566895,80.78119573083892,78.66409014458607,75.27868260615178,74.70532088676232,74.29571376069991,77.95814655268008,75.5233340699372,2.4348124827428705,1.1626436367306525,-1.9223701849196375,-1.9223701849196375,1.9223701849196375,-1.9223701849196375,1.9223701849196375,-1.9223701849196375,-1.9223701849196375,-1.9223701849196375,-1.9223701849196375,1.8000030517578125,2.348749542236328,83.41999816894531,76.98104721069336,77.44549713134765,77.90994705200195,,,,,,,,,,0.0,0.0,0.0
2018-05-15,81.12999725341797,81.26000213623047,79.45999908447266,80.0999984741211,80.0999984741211,1158800,-1.9223701849196375,1.495441145284742,1.896842918031728,2.343598253407943,2.258916860922122,81.1219985961914,79.55999908447265,73.5056666056315,75.85733324686686,74.09519966125488,80.55412997859965,78.9251643863197,75.58973524279496,74.88219556175768,74.41065009165874,78.28766223290177,75.8623462480249,2.4253159848768604,1.415178106359894,1.186023215647936,1.186023215647936,-1.186023215647936,1.186023215647936,-1.186023215647936,1.186023215647936,1.186023215647936,1.186023215647936,1.186023215647936,1.0400009155273438,2.3187496185302736,81.26000213623047,78.25274917602539,78.72249908447266,79.19224899291993,,,,,,,,,,0.0,0.0,0.0
2018-05-16,80.37999725341797,81.23999786376953,80.19999694824219,81.05000305175781,81.05000305175781,1106600,1.186023215647936,1.5788974732852843,1.7220220107712456,2.338167044936324,2.2135879158035516,81.28999938964844,80.24099960327149,73.82366663614908,75.87199999491374,74.23499969482423,80.71942100298571,79.31149868912661,75.9420105853087,75.08441875815113,74.54212242750229,78.71263774349501,76.2466171223755,2.4660206211195117,1.6253466093118178,-0.5428777604428568,-0.5428777604428568,0.5428777604428568,-0.5428777604428568,0.5428777604428568,-0.5428777604428568,-0.5428777604428568,-0.5428777604428568,-0.5428777604428568,2.0250015258789062,2.316999816894531,81.23999786376953,76.15875297546387,76.62250289916992,77.08625282287598,,,,,,,,,,0.0,0.0,0.0
2018-05-17,79.16500091552734,81.19000244140625,79.16500091552734,80.61000061035156,80.61000061035156,686400,-0.5428777604428568,1.120613543563109,1.534350386232565,2.1650429114105374,2.214509928324435,81.01399993896484,80.62899932861328,74.1303332010905,75.8830000559489,74.3662996673584,80.68294753877433,79.54758994753115,76.24317123208567,75.26558537625607,74.66227843112307,79.0045397230114,76.56983071407743,2.4347090089339787,1.78721908923625,-1.2653569839198753,-1.2653569839198753,1.2653569839198753,-1.2653569839198753,1.2653569839198753,-1.2653569839198753,-1.2653569839198753,-1.2653569839198753,-1.2653569839198753,1.4000015258789062,2.2625,81.19000244140625,76.14259826660157,76.60599822998047,77.06939819335938,,,,,,,,,,0.0,0.0,0.0
2018-05-18,80.0199966430664,80.1500015258789,78.75,79.58999633789062,79.58999633789062,1734400,-1.2653569839198753,1.1980718015880796,1.1736637587694496,2.1741421866082904,2.2078621655807225,80.60399932861328,80.6389991760254,74.45933303833007,75.9011666615804,74.48529960632324,80.3186304718131,79.55530020032379,76.45909543246019,75.4073693422113,74.75985700353431,79.09460997145436,76.79354668621174,2.30106328524262,1.8899879284375243,-1.9600518403914104,1.9600518403914104,-1.9600518403914104,1.9600518403914104,-1.9600518403914104,1.9600518403914104,1.9600518403914104,1.9600518403914104,1.9600518403914104,2.0200042724609375,2.245000457763672,80.1500015258789,76.21250244140624,76.66500244140624,77.11750244140624,,,,,,,,,,0.0,0.0,0.0
2018-05-21,80.47000122070312,81.83000183105469,79.80999755859375,81.1500015258789,81.1500015258789,1344700,1.9600518403914104,1.640995958095353,1.3259519192027716,2.1159312901046654,2.2060993919464638,80.5,80.78999938964844,74.84466654459635,75.91816673278808,74.63779960632324,80.5957541565017,79.84524589587926,76.76173453526141,75.59565236462662,74.88639451882825,79.41082405675044,77.1162470447056,2.29457701204484,1.9709057451589875,0.4559491554218105,-0.4559491554218105,0.4559491554218105,-0.4559491554218105,0.4559491554218105,-0.4559491554218105,-0.4559491554218105,-0.4559491554218105,-0.4559491554218105,1.660003662109375,2.2422508239746093,81.83000183105469,75.21100051879883,75.66000061035156,76.1090007019043,,,,,,,,,,0.0,0.0,0.0
2018-05-22,81.56999969482422,82.29000091552734,80.62999725341797,80.77999877929688,80.77999877929688,1061200,-0.4559491554218105,1.3413278937912287,1.3406069831624445,2.0986456853872997,2.196418966499717,80.63600006103516,80.87899932861328,75.16266657511393,75.90649998982748,74.7729995727539,80.65716903076677,80.01520096559155,77.02097738971531,75.7656309355994,75.00309955368901,79.6214663217576,77.38763606208273,2.2338302596748605,2.023490648062162,-0.6437289927196799,0.6437289927196799,-0.6437289927196799,0.6437289927196799,-0.6437289927196799,0.6437289927196799,0.6437289927196799,0.6437289927196799,0.6437289927196799,1.339996337890625,2.2337505340576174,82.29000091552734,76.89705001831055,77.34550018310547,77.79395034790039,,,,,,,,,,0.0,0.0,0.0
2018-05-23,81.18000030517578,81.33999633789062,80.0,81.30000305175781,81.30000305175781,1259300,0.6437289927196799,1.2586559507598578,1.3484659325089414,2.071177139603862,2.19746296310358,80.68600006103516,80.9879997253418,75.46600011189778,75.90800005594889,74.91239959716796,80.87144703776379,80.24880134489449,77.29704356146,75.94708575908001,75.12779071206661,79.87970274175763,77.67744102428088,2.2022617174767447,2.0592448619450785,0.08610048240669195,-0.08610048240669195,0.08610048240669195,-0.08610048240669195,0.08610048240669195,-0.08610048240669195,-0.08610048240669195,-0.08610048240669195,-0.08610048240669195,1.44000244140625,2.2130008697509767,81.33999633789062,77.37574974060058,77.8224998474121,78.26924995422362,,,,,,,,,,0.0,0.0,0.0
2018-05-24,81.31999969482422,81.94000244140625,80.5,81.2300033569336,81.2300033569336,1370100,-0.08610048240669195,1.2191984127225008,1.1341595990851436,2.0825929419119675,2.195906810434742,80.81000061035157,80.9120002746582,75.75666681925456,75.91666679382324,75.0586996459961,80.9909658108204,80.42720171071977,77.55078290310347,76.12029617212438,75.24862660602437,80.08744129793855,77.94059378966257,2.1468475082759824,2.0767653912112594,-0.32007201291558857,0.32007201291558857,-0.32007201291558857,0.32007201291558857,-0.32007201291558857,0.32007201291558857,0.32007201291558857,0.32007201291558857,0.32007201291558857,0.81500244140625,2.185251235961914,81.94000244140625,76.47139442443847,76.91399459838867,77.35659477233887,,,,,,,,,,0.0,0.0,0.0
2018-05-25,81.4800033569336,82.08499908447266,81.2699966430664,81.48999786376953,81.48999786376953,1066500,0.32007201291558857,0.9272731457646916,1.1339069027779127,2.0047634518232167,2.168682626388179,81.19000091552735,80.89700012207031,76.05466664632162,75.96466674804688,75.18479965209961,81.15730982847012,80.62043737491062,77.8049258037916,76.29635196529308,75.37221811607874,80.30321923114332,78.20351260996678,2.099706621176537,2.081353637204315,-1.9020683065355797,-1.9020683065355797,-1.9020683065355797,-1.9020683065355797,1.9020683065355797,-1.9020683065355797,-1.9020683065355797,-1.9020683065355797,-1.9020683065355797,2.0699996948242188,2.181751251220703,82.08499908447266,77.13244972229003,77.56949996948242,78.00655021667481,,,,,,,,,,0.0,0.0,0.0
2018-05-29,80.86000061035156,81.05000305175781,78.9800033569336,79.94000244140625,79.94000244140625,1582600,-1.9020683065355797,0.9889049789830537,1.2807743584097953,2.097056413931369,2.1441400492769325,80.94800109863282,80.7240005493164,76.31000010172527,75.94483350118001,75.3002996826172,80.75154069944884,80.49672193245527,77.94267268363772,76.41581591532957,75.4626692908377,80.24733972502992,78.33214148636971,1.91519823866021,2.048122557495494,1.2384261115017747,1.2384261115017747,1.2384261115017747,1.2384261115017747,-1.2384261115017747,1.2384261115017747,1.2384261115017747,1.2384261115017747,-1.2384261115017747,1.3899993896484375,2.0452510833740236,81.05000305175781,77.2851463317871,77.72149658203125,78.1578468322754,,,,,,,,,,0.0,0.0,0.0
2018-05-30,79.91000366210938,81.04000091552734,79.6500015258789,80.93000030517578,80.93000030517578,1143500,1.2384261115017747,1.190235825938816,1.1975849507639273,1.6279374910510749,2.124496809661374,80.97800140380859,80.80700073242187,76.55866673787435,75.9071667989095,75.42239967346191,80.81102723469115,80.57549981840444,78.1354034979305,76.5638219608983,75.57093327131963,80.35236442966773,78.52457547294793,1.8277889567198002,2.0040558373403554,-0.8402326734358021,-0.8402326734358021,-0.8402326734358021,-0.8402326734358021,0.8402326734358021,-0.8402326734358021,-0.8402326734358021,-0.8402326734358021,0.8402326734358021,1.5200042724609375,1.979751205444336,81.04000091552734,76.55045066833496,76.95950088500976,77.36855110168457,,,,,,,,,,0.0,0.0,0.0
2018-05-31,80.80999755859375,81.54000091552734,80.0199966430664,80.25,80.25,1120600,-0.8402326734358021,1.1879480745023496,1.1662280524415998,1.5184300289841046,2.125522148477931,80.76800079345703,80.7270004272461,76.79633331298828,75.85000012715658,75.54459968566894,80.62401815646078,80.51631803324,78.27182907870917,76.68468025726229,75.66358805802616,80.3366160558727,78.65238469717401,1.684231358698682,1.940090941612021,1.9439221913940812,1.9439221913940812,1.9439221913940812,1.9439221913940812,-1.9439221913940812,1.9439221913940812,1.9439221913940812,1.9439221913940812,-1.9439221913940812,1.6999969482421875,1.7162509918212892,81.54000091552734,76.6845482635498,77.08049850463867,77.47644874572754,,,,,,,,,,0.0,0.0,0.0
2018-06-01,80.62999725341797,82.0,80.30000305175781,81.80999755859375,81.80999755859375,1218500,1.9439221913940812,1.5510703820739586,1.3152603392707893,1.4023945372248947,2.140325250016826,80.88399963378906,80.84700012207031,77.16899998982747,75.82483342488607,75.67429969787598,81.01934462383844,80.75153249239521,78.50009801289528,76.85272344746987,75.78529913724532,80.5632901332144,78.88628194616807,1.6770081870463258,1.887474390698882,-0.14667537069849856,-0.14667537069849856,-0.14667537069849856,-0.14667537069849856,0.14667537069849856,-0.14667537069849856,-0.14667537069849856,-0.14667537069849856,0.14667537069849856,1.082000732421875,1.585350799560547,82.0,77.7642487335205,78.10749893188476,78.45074913024902,,,,,,,,,,0.0,0.0,0.0
2018-06-04,82.0,82.0,80.91799926757812,81.69000244140625,81.69000244140625,794600,-0.14667537069849856,1.55247284613765,1.2254787821952369,1.1748002977161778,2.1355020667658886,80.9240005493164,81.05700073242187,77.56266682942709,75.78250007629394,75.80119972229004,81.24289722969438,80.9221633922154,78.70589829860567,77.01132275874647,75.9022239551495,80.73663048832084,79.09396494581534,1.6426655425054975,1.8385126210602052,-0.03672270583954531,0.03672270583954531,0.03672270583954531,-0.03672270583954531,-0.03672270583954531,0.03672270583954531,0.03672270583954531,0.03672270583954531,-0.03672270583954531,1.0100021362304688,1.5233509063720703,82.0,78.51222824096679,78.82929840087891,79.14636856079102,,,,,,,,,,0.0,0.0,0.0
2018-06-05,81.97000122070312,82.25,81.23999786376953,81.72000122070312,81.72000122070312,735700,0.03672270583954531,1.1230400245248624,1.071595825539957,1.174981581146606,2.1258384478492722,81.28000030517578,81.1140007019043,77.99733352661133,75.71933339436849,75.94099975585938,81.40193189336397,81.0672248155768,78.90035655164422,77.1657056591385,76.01742746535848,80.88791829330273,79.28848615136259,1.5994321419401416,1.7906965252361926,-1.9946217063926706,-1.9946217063926706,-1.9946217063926706,1.9946217063926706,1.9946217063926706,-1.9946217063926706,-1.9946217063926706,-1.9946217063926706,1.9946217063926706,2.55999755859375,1.5743507385253905,82.25,78.64862800598145,78.95329818725585,79.25796836853027,,,,,,,,,,0.0,0.0,0.0
2018-06-06,81.41000366210938,81.72000122070312,79.16000366210938,80.08999633789062,80.08999633789062,2314900,-1.9946217063926706,1.4392574740903348,1.251670097008927,1.2663740683857918,2.13556029710251,81.11199951171875,81.04500045776368,78.39833348592123,75.61433334350586,76.0530997467041,80.96462004153952,80.88954691054293,78.97710750559561,77.2615840420484,76.09807239352743,80.76516106939319,79.3478572762906,1.4173037931025902,1.7160179788094723,1.1861713335942194,1.1861713335942194,1.1861713335942194,-1.1861713335942194,-1.1861713335942194,1.1861713335942194,1.1861713335942194,1.1861713335942194,-1.1861713335942194,2.5900039672851562,1.6358509063720703,81.72000122070312,78.78642837524414,79.10129852294922,79.4161686706543,,,1.0,,,79.4161686706543,,,80.08999633789062,0.0,0.0,0.8484766748579191
2018-06-07,79.94999694824219,82.11000061035156,79.5199966430664,81.04000091552734,81.04000091552734,1684500,1.1861713335942194,1.4980717593798225,1.2973757674372188,1.2907456005536255,2.0962742664422467,81.26999969482422,81.01900024414063,78.84433339436849,75.57466672261556,76.1530997467041,80.98974699953547,80.91690218417645,79.11019740301057,77.38546656249034,76.1959323642601,80.8074441226446,79.47320124956738,1.3342428730772156,1.639662957663021,-1.0858801128781337,-1.0858801128781337,-1.0858801128781337,1.0858801128781337,1.0858801128781337,-1.0858801128781337,-1.0858801128781337,-1.0858801128781337,1.0858801128781337,2.5600051879882812,1.6613510131835938,82.11000061035156,78.12112922668457,78.44829940795898,78.7754695892334,,,,,,,,,,0.0,0.0,0.0
2018-06-08,79.08999633789062,80.9800033569336,78.41999816894531,80.16000366210938,80.16000366210938,1682500,-1.0858801128781337,1.2025063238697868,1.3404624105568734,1.2086379007172579,2.092740444176138,80.94000091552735,80.9120002746582,79.23366673787434,75.54033342997234,76.26169975280762,80.71316588706011,80.77928427107335,79.17792683908147,77.47643499198605,76.27442882560365,80.70783789794687,79.52407550234827,1.183762395598606,1.5484828452501382,-0.41167891214889657,-0.41167891214889657,-0.41167891214889657,0.41167891214889657,0.41167891214889657,0.41167891214889657,-0.41167891214889657,-0.41167891214889657,0.41167891214889657,0.660003662109375,1.6528514862060546,80.9800033569336,78.45502838134766,78.78729858398438,79.11956878662109,1.0,1.0,1.0,78.45502838134766,78.78729858398438,79.08999633789062,80.16000366210938,80.16000366210938,80.16000366210938,2.1731880236844905,1.7422923526965972,1.3528984369242263
2018-06-11,79.98999786376953,80.30000305175781,79.63999938964844,79.83000183105469,79.83000183105469,599400,-0.41167891214889657,1.194314601512632,1.3334566257245972,1.2084301690810595,2.03014284872096,80.56800079345703,80.74600067138672,79.64866689046224,75.55416679382324,76.35149978637695,80.41877786839164,80.60668746379721,79.21999619340232,77.55360111785716,76.3448362118502,80.57278619534807,79.54673671188208,1.0260494834659966,1.4439961728933102,-1.1273976014476257,1.1273976014476257,1.1273976014476257,-1.1273976014476257,-1.1273976014476257,-1.1273976014476257,1.1273976014476257,1.1273976014476257,-1.1273976014476257,1.6949996948242188,1.6188514709472657,80.30000305175781,77.34373008728028,77.67430038452149,78.0048706817627,,,,,,,,,,0.0,0.0,0.0
2018-06-12,79.83999633789062,81.23999786376953,79.54499816894531,80.7300033569336,80.7300033569336,916400,1.1273976014476257,1.389904091020625,1.2443448772879913,1.2393804580319925,2.0151684730518467,80.37000122070313,80.82500076293945,80.09300028483072,75.5538335164388,76.45179985046387,80.52251969790564,80.62910853527654,79.31741601040434,77.65774545356459,76.43167120482214,80.59697345097662,79.634386092997,0.9625873579796149,1.3477144099105711,0.40877222511145217,-0.40877222511145217,-0.40877222511145217,0.40877222511145217,0.40877222511145217,0.40877222511145217,-0.40877222511145217,-0.40877222511145217,0.40877222511145217,1.4800033569335938,1.6028514862060548,81.23999786376953,76.73852981567383,77.06230010986329,77.38607040405273,,,,,,,,,,0.0,0.0,0.0
2018-06-13,81.01000213623047,81.5,80.0199966430664,80.4000015258789,80.4000015258789,1176600,-0.40877222511145217,1.0198736632868253,1.1853128218801647,1.1629210644921635,1.9797105643537376,80.43200225830078,80.77200088500976,80.37966690063476,75.58683357238769,76.57179985046386,80.48168030723006,80.58745271538605,79.38726023720916,77.74765548872243,76.51025200325891,80.56667007788467,79.69109834728457,0.8755717306001003,1.2532858740484771,-4.042288480496981,4.042288480496981,4.042288480496981,-4.042288480496981,-4.042288480496981,-4.042288480496981,4.042288480496981,4.042288480496981,-4.042288480496981,3.4599990844726562,1.7238513946533203,81.5,77.71372459411621,78.03429489135742,78.35486518859864,,,,,,,,,,0.0,0.0,0.0
2018-06-14,80.83999633789062,83.95999908447266,80.5,83.6500015258789,83.6500015258789,2586200,4.042288480496981,2.061366927425153,1.715115845622173,1.4523553339519384,1.9622072723667712,80.9540023803711,81.11200103759765,80.69333368937174,75.72983360290527,76.74489990234375,81.53778738011302,81.1442797718393,79.66227580422012,77.94117503092427,76.65163318192465,81.04102876219147,79.98435043458785,1.0566783276036205,1.213964364759506,-1.7573236029748893,1.7573236029748893,1.7573236029748893,-1.7573236029748893,-1.7573236029748893,1.7573236029748893,1.7573236029748893,1.7573236029748893,-1.7573236029748893,2.3699951171875,1.74110107421875,83.95999908447266,77.7075269317627,78.05229721069335,78.39706748962402,,,,,,,,,,0.0,0.0,0.0
2018-06-15,83.66999816894531,85.23999786376953,82.87000274658203,85.12000274658203,85.12000274658203,2787000,1.7573236029748893,1.8424081087271331,1.697728276175046,1.4838387236704733,1.9637840001092435,81.94600219726563,81.44300155639648,80.97300033569336,75.91216697692872,76.92289993286133,82.73185916893603,81.86713849451979,80.01438721985637,78.17654643143764,76.8193236683535,81.66856322132848,80.3647691243652,1.303794096963287,1.2319303112002622,0.7871218836071009,0.7871218836071009,0.7871218836071009,-0.7871218836071009,-0.7871218836071009,0.7871218836071009,0.7871218836071009,0.7871218836071009,0.7871218836071009,2.279998779296875,1.7851009368896484,85.23999786376953,80.12957672119141,80.47779693603516,80.82601715087891,,,,,,,,,,0.0,0.0,0.0
2018-06-18,85.01000213623047,86.5,84.22000122070312,85.79000091552734,85.79000091552734,2090300,0.7871218836071009,1.6441037316173412,1.6893536719750262,1.441492620420122,1.941278024608758,83.13800201416015,81.85300140380859,81.18300043741861,76.13116696675618,77.11179992675781,83.75123975113314,82.58038620743025,80.38700745828676,78.42616788993239,76.99696084156487,82.30263055889755,80.76663814593276,1.535992412964788,1.2927427315531674,-2.657650955781972,-2.657650955781972,-2.657650955781972,2.657650955781972,2.657650955781972,-2.657650955781972,-2.657650955781972,-2.657650955781972,-2.657650955781972,2.3849945068359375,1.8033504486083984,86.5,81.31277580261231,81.66979598999023,82.02681617736816,,,,,,,,,,0.0,0.0,0.0
2018-06-19,84.7300033569336,85.21499633789062,82.83000183105469,83.51000213623047,83.51000213623047,1037200,-2.657650955781972,2.4899562743805848,1.9645426345291577,1.5423169516590691,1.9648197788259552,83.69400177001953,82.03200149536133,81.31200052897135,76.33050028483073,77.28629997253418,83.67082721283225,82.74940728539393,80.58849098589603,78.59285097997494,77.12593195631072,82.48838003233338,80.96985029336221,1.5185297389711678,1.3379001330367677,-0.05987672192397044,-0.05987672192397044,-0.05987672192397044,0.05987672192397044,0.05987672192397044,-0.05987672192397044,-0.05987672192397044,-0.05987672192397044,-0.05987672192397044,1.2999954223632812,1.7853500366210937,85.21499633789062,82.53262901306152,82.8932991027832,83.25396919250488,,1.0,1.0,,82.8932991027832,83.25396919250488,,83.51000213623047,83.51000213623047,0.0,0.7439721185214105,0.3075324170233506
2018-06-20,84.30000305175781,84.48999786376953,83.19000244140625,83.45999908447266,83.45999908447266,872700,-0.05987672192397044,2.4556254614373128,1.8098335542110735,1.536595949677551,1.9433680180756687,84.30600128173828,82.36900177001954,81.43100051879883,76.49916699727376,77.44149993896484,83.60055117004572,82.87860579431732,80.77374957290098,78.75242960635191,77.2513590281555,82.63785988650865,81.15430575937039,1.4835541271382624,1.3670309318570666,-1.473754781969435,-1.473754781969435,-1.473754781969435,1.473754781969435,1.473754781969435,-1.473754781969435,-1.473754781969435,-1.473754781969435,-1.473754781969435,1.7400054931640625,1.8053504943847656,84.48999786376953,81.28722625732422,81.64429626464843,82.00136627197266,,,,,,,,,,0.0,0.0,0.0
2018-06-21,83.83000183105469,83.83000183105469,82.08999633789062,82.2300033569336,82.2300033569336,704000,-1.473754781969435,1.7609642020787453,1.880068334397285,1.5750307471702285,1.866707017220778,84.02200164794922,82.48800201416016,81.49833399454752,76.69916699727376,77.58189994812011,83.14370189900835,82.76067807842936,80.86770142993535,78.8664484178464,77.34994604456695,82.57511272811249,81.23398706289359,1.3411256652188968,1.3618498785294326,-0.21889857451964181,-0.21889857451964181,-0.21889857451964181,0.21889857451964181,0.21889857451964181,-0.21889857451964181,-0.21889857451964181,-0.21889857451964181,0.21889857451964181,1.4800033569335938,1.8073505401611327,83.83000183105469,80.51822677612304,80.879296875,81.24036697387696,,,,,,,,,,0.0,0.0,0.0
2018-06-22,82.83000183105469,82.94000244140625,81.45999908447266,82.05000305175781,82.05000305175781,1599600,-0.21889857451964181,1.3491490749564259,1.8356116000953453,1.5759969014747588,1.8344291806809965,83.40800170898437,82.677001953125,81.50033416748047,76.92433369954428,77.69569999694824,82.7791356165915,82.63146443721635,80.9439789539239,78.9708272583025,77.4430164803529,82.49432662405792,81.29443269169835,1.199893932359572,1.3294586892954607,-2.059722582021335,-2.059722582021335,-2.059722582021335,2.059722582021335,2.059722582021335,-2.059722582021335,-2.059722582021335,-2.059722582021335,2.059722582021335,2.5589981079101562,1.8945503234863281,82.94000244140625,79.85383064270019,80.21530075073242,80.57677085876465,,,,,,,,,,0.0,0.0,0.0
2018-06-25,81.69999694824219,81.97000122070312,79.41100311279297,80.36000061035156,80.36000061035156,984000,-2.059722582021335,1.1354613734254062,1.9704817629801505,1.6438615441994806,1.8305202326272016,82.32200164794922,82.7300018310547,81.45766754150391,77.0895004272461,77.7816000366211,81.97275728117819,82.21847101415003,80.90630293175795,79.0163739255828,77.50077854233307,82.16596877579539,81.22521550048748,0.9407532753079124,1.2517176064979512,-1.6923850174490593,1.6923850174490593,1.6923850174490593,-1.6923850174490593,-1.6923850174490593,-1.6923850174490593,1.6923850174490593,1.6923850174490593,-1.6923850174490593,2.2549972534179688,1.9038002014160156,81.97000122070312,78.77199172973633,79.1509017944336,79.52981185913086,,,1.0,,,79.52981185913086,,,80.36000061035156,0.0,0.0,1.043871136890397
2018-06-26,80.43000030517578,82.11499786376953,79.86000061035156,81.72000122070312,81.72000122070312,858100,1.6923850174490593,1.451836024018581,2.0114119315973524,1.6279397035898617,1.7979493077823754,81.96400146484375,82.82900161743164,81.45933430989584,77.30933380126953,77.76540008544922,81.88850526101984,82.12784014261422,80.95879959556088,79.10501744345558,77.58432750626119,82.09735838270427,81.26186629457753,0.8354920881267418,1.1684725028237093,2.2393560985301,-2.2393560985301,-2.2393560985301,2.2393560985301,2.2393560985301,2.2393560985301,-2.2393560985301,-2.2393560985301,2.2393560985301,2.44000244140625,1.9563003540039063,82.11499786376953,77.7816407775879,78.16240081787109,78.5431608581543,,,,,,,,,,0.0,0.0,0.0
2018-06-27,81.80999755859375,82.31999969482422,79.87999725341797,79.88999938964844,79.88999938964844,670700,-2.2393560985301,1.6312826764948773,2.1457255863202773,1.6871539366839263,1.8178269750848994,81.2500015258789,82.77800140380859,81.45233434041342,77.47900047302247,77.75660011291504,81.22233663722938,81.72096000571135,80.88984474356653,79.13075455644551,77.62998437523915,81.75776469146491,81.16024652384203,0.59751816762288,1.0542816357835434,-0.7385204303326164,0.7385204303326164,0.7385204303326164,-0.7385204303326164,-0.7385204303326164,-0.7385204303326164,0.7385204303326164,0.7385204303326164,-0.7385204303326164,1.3199996948242188,1.9463001251220704,82.31999969482422,77.81113708496093,78.20239715576172,78.5936572265625,,,,,,,,,,0.0,0.0,0.0
2018-06-28,79.62000274658203,80.62999725341797,79.30999755859375,80.4800033569336,80.4800033569336,597300,0.7385204303326164,1.720718975049935,1.6420466741005764,1.68522540987881,1.7930393203508777,80.9000015258789,82.46100158691407,81.43333435058594,77.62850049336751,77.80560012817382,80.97489221046412,81.49533152411539,80.86340336378376,79.17499222203529,77.68642039467865,81.56118602461393,81.10985814110808,0.4513278835058543,0.9336908853280056,0.3851952970396756,-0.3851952970396756,-0.3851952970396756,0.3851952970396756,0.3851952970396756,0.3851952970396756,-0.3851952970396756,-0.3851952970396756,0.3851952970396756,1.25,1.923800277709961,80.62999725341797,78.03813941955566,78.42739944458008,78.81665946960449,,,,,,,,,,0.0,0.0,0.0
2018-06-29,80.83000183105469,81.3499984741211,80.0999984741211,80.16999816894531,80.16999816894531,981500,-0.3851952970396756,1.7175268407547295,1.463178121622004,1.6252492827955998,1.7941365847207091,80.52400054931641,81.96600112915038,81.41866760253906,77.77450040181478,77.81660011291504,80.70659419662452,81.25436182317537,80.81866754476192,79.20761536783561,77.73560015258491,81.34715712374184,81.04023888391083,0.3069182398310062,0.8083363562286058,0.08731407811274451,-0.08731407811274451,-0.08731407811274451,0.08731407811274451,0.08731407811274451,0.08731407811274451,-0.08731407811274451,-0.08731407811274451,0.08731407811274451,1.529998779296875,1.946200180053711,81.3499984741211,76.39763664245605,76.78239669799805,77.16715675354004,,,,,,,,,,0.0,0.0,0.0
2018-07-02,79.75,80.29000091552734,78.76000213623047,80.0999984741211,80.0999984741211,710400,-0.08731407811274451,1.463258919945134,1.3964995550689978,1.625192051587439,1.7625361004534197,80.47200012207031,81.39700088500976,81.43566767374675,77.94750035603842,77.83670013427735,80.50439562245671,81.04447757789276,80.77230179826897,79.23687383033678,77.7824199213282,81.15528656226172,80.97059144614863,0.1846951161130903,0.6836081082055028,3.320844049172163,3.320844049172163,-3.320844049172163,-3.320844049172163,3.320844049172163,3.320844049172163,-3.320844049172163,-3.320844049172163,3.320844049172163,3.220001220703125,2.0567001342773437,80.29000091552734,77.06835807800293,77.45759811401368,77.84683815002441,,,,,,,,,,0.0,0.0,0.0
2018-07-03,80.19999694824219,80.22000122070312,77.0,77.44000244140625,77.44000244140625,938100,-3.320844049172163,1.668715441334069,1.512076861863189,1.7780973906217854,1.8210693016171486,79.61600036621094,80.79000091552734,81.31200103759765,78.07833379109701,77.84260017395019,79.48293122877323,80.38911846216794,80.5573147429875,79.17796001430627,77.77563937717133,80.58370438982242,80.70906633468624,-0.12536194486382612,0.521814097591637,-5.655988010501451,-5.655988010501451,5.655988010501451,5.655988010501451,-5.655988010501451,-5.655988010501451,-5.655988010501451,5.655988010501451,-5.655988010501451,3.4339981079101562,2.1004001617431642,80.22000122070312,75.76526062011719,76.17660064697266,76.58794067382813,,,,,,,,,,0.0,0.0,0.0
2018-07-05,79.51000213623047,82.04000091552734,78.60600280761719,81.81999969482422,81.81999969482422,2329300,5.655988010501451,3.2544744460892865,2.5336061519446313,2.164750288226736,1.9335242750953545,80.00200042724609,80.6260009765625,81.3466677347819,78.25466715494791,77.88230018615722,80.26195405079022,80.64927868628726,80.6387782882673,79.26458426612653,77.85572572009515,80.773903667515,80.79135769469646,-0.017454027181457832,0.4139604726370181,0.354437688351261,0.354437688351261,-0.354437688351261,-0.354437688351261,0.354437688351261,0.354437688351261,-0.354437688351261,-0.354437688351261,0.354437688351261,1.8479995727539062,2.0632999420166014,82.04000091552734,75.59912086486817,76.01920089721679,76.43928092956543,,,,,,,,,,0.0,0.0,0.0
2018-07-06,81.7699966430664,81.90799713134766,80.05999755859375,81.52999877929688,81.52999877929688,774400,-0.354437688351261,3.2728007591876915,2.4940148379658327,2.1525247117146455,1.9296179782936185,80.21199951171874,80.55600051879883,81.35433425903321,78.4101671854655,77.90590019226075,80.6846356269591,80.809409612289,80.69627638446276,79.33886015180425,77.92848360245557,80.89022599240452,80.84607184911131,0.044154143293212655,0.339999206768257,-1.2878732582839711,-1.2878732582839711,1.2878732582839711,1.2878732582839711,-1.2878732582839711,-1.2878732582839711,1.2878732582839711,1.2878732582839711,-1.2878732582839711,1.6100006103515625,2.015799713134766,81.90799713134766,77.50074104309083,77.91340103149415,78.32606101989747,,,,,,,,,,0.0,0.0,0.0
2018-07-09,82.01000213623047,82.73999786376953,81.12999725341797,82.58000183105469,82.58000183105469,771500,1.2878732582839711,3.2705497607337204,2.528484425225387,2.1519309060997864,1.9343677550204534,80.69400024414062,80.60900039672852,81.39933420817057,78.57800051371257,77.93820022583007,81.31642436165764,81.13133547024638,80.81780705843644,79.44512709210755,78.02059287430902,81.150191506043,80.97451110703305,0.17568039900994847,0.3071354452165953,0.8597712142525735,-0.8597712142525735,0.8597712142525735,0.8597712142525735,-0.8597712142525735,0.8597712142525735,0.8597712142525735,0.8597712142525735,-0.8597712142525735,1.3600006103515625,2.050799560546875,82.73999786376953,77.47323776245118,77.87639770507812,78.27955764770508,,,,,,,,,,0.0,0.0,0.0
2018-07-10,82.30000305175781,83.41000366210938,82.05000305175781,83.29000091552734,83.29000091552734,639100,0.8597712142525735,3.245496870413076,2.4184868675942424,2.1526052952129184,1.9358874176277727,81.33200073242188,80.9020004272461,81.45933430989584,78.75700047810872,77.9829002380371,81.97428321294754,81.5238200966611,80.97730343631328,79.571188528941,78.12493758799651,81.47939295365597,81.14602887062522,0.3333640830307587,0.312381172779428,-3.6378901980922023,3.6378901980922023,-3.6378901980922023,-3.6378901980922023,3.6378901980922023,-3.6378901980922023,-3.6378901980922023,-3.6378901980922023,-3.6378901980922023,2.4000015258789062,2.0860496520996095,83.41000366210938,78.22823883056641,78.63839874267578,79.04855865478515,,,,,,,,,,0.0,0.0,0.0
2018-07-11,82.55999755859375,82.5999984741211,80.19999694824219,80.26000213623047,80.26000213623047,665100,-3.6378901980922023,3.3482341266662887,2.672330100549629,2.3067385729823684,1.9985301081069191,81.89600067138672,80.75600051879883,81.47000096638997,78.89000053405762,77.99990028381347,81.40285618737519,81.29403501294644,80.93102593308214,79.59377258163902,78.16721609390214,81.29179436635975,81.08039726067005,0.2113971056896986,0.2921843593614821,2.1430365997046152,-2.1430365997046152,2.1430365997046152,2.1430365997046152,-2.1430365997046152,2.1430365997046152,2.1430365997046152,2.1430365997046152,-2.1430365997046152,2.0099945068359375,2.1125492095947265,82.5999984741211,78.82069442749024,79.23790435791015,79.65511428833008,,,,,,,,,,0.0,0.0,0.0
2018-07-12,80.47000122070312,82.05999755859375,80.05000305175781,81.9800033569336,81.9800033569336,1184700,2.1430365997046152,2.254578573788116,2.650559762467029,2.3532818765165335,2.00566298276308,81.9280014038086,80.96500091552734,81.50500106811523,79.03183390299479,78.04660034179688,81.595238577228,81.41875653003501,80.99870189591127,79.67200965623884,78.24271683178395,81.39767267260189,81.14703474928216,0.25063792331972934,0.28387507215313157,-0.7440846369518607,0.7440846369518607,-0.7440846369518607,-0.7440846369518607,0.7440846369518607,-0.7440846369518607,-0.7440846369518607,-0.7440846369518607,0.7440846369518607,1.410003662109375,2.0100494384765626,82.05999755859375,77.95239021301269,78.37490005493164,78.79740989685058,,,,,,,,,,0.0,0.0,0.0
2018-07-13,81.83999633789062,82.58000183105469,81.16999816894531,81.37000274658203,81.37000274658203,626000,-0.7440846369518607,2.2790716349004696,2.664111407887639,2.1700206769746218,2.0074954468836235,81.89600219726563,81.05400085449219,81.5423344930013,79.1693339029948,78.05860038757324,81.52015996701269,81.40989220577082,81.02265678950293,79.72768156084027,78.30464328554233,81.39341576090652,81.1635508972303,0.2298648636762266,0.2730730304577506,-0.04915928988219679,0.04915928988219679,-0.04915928988219679,-0.04915928988219679,0.04915928988219679,-0.04915928988219679,-0.04915928988219679,-0.04915928988219679,0.04915928988219679,1.134002685546875,1.9482498168945312,82.58000183105469,77.63788879394531,78.03989868164062,78.44190856933594,,,,,,,,,,0.0,0.0,0.0
2018-07-16,81.72000122070312,82.34400177001953,81.20999908447266,81.33000183105469,81.33000183105469,598500,-0.04915928988219679,2.1629905729402976,2.658841214753331,2.1250796058581543,1.9513656601614418,81.64600219726563,81.17000122070313,81.52633463541666,79.34766731262206,78.07240043640137,81.45677392169335,81.39536668309516,81.04248550186112,79.78021665166696,78.36455137555247,81.38365977169855,81.1758805960321,0.20777917566644533,0.2600142594994896,1.709085649027597,-1.709085649027597,1.709085649027597,1.709085649027597,-1.709085649027597,1.709085649027597,1.709085649027597,1.709085649027597,-1.709085649027597,1.9899978637695312,1.9337497711181642,82.34400177001953,78.29385223388672,78.68350219726562,79.07315216064453,,,,,,,,,,0.0,0.0,0.0
2018-07-17,81.20999908447266,82.75,80.76000213623047,82.72000122070312,82.72000122070312,742000,1.709085649027597,2.3041729725074718,2.6995015667013194,2.1575130179787596,1.9524882594440331,81.53200225830078,81.43200149536133,81.5606679280599,79.5616673787435,78.1146004486084,81.87784968802995,81.63620932629661,81.15071232243159,79.87660303097962,78.45079790713962,81.5892507638531,81.29025990156329,0.29899086228981275,0.26780958005755423,-0.38684682072288146,0.38684682072288146,-0.38684682072288146,-0.38684682072288146,0.38684682072288146,-0.38684682072288146,-0.38684682072288146,-0.38684682072288146,-0.38684682072288146,1.3700027465820312,1.8830001831054688,82.75,78.08975227355957,78.4765022277832,78.86325218200683,,,,,,,,,,0.0,0.0,0.0
2018-07-18,82.80000305175781,83.5,82.12999725341797,82.4000015258789,82.4000015258789,985300,-0.38684682072288146,1.3030117229100349,2.3982363794776265,2.0774238080956384,1.9366814385654898,81.96000213623047,81.9280014038086,81.5833346048991,79.7903340657552,78.13730049133301,82.05190030064628,81.77508063531155,81.23131162587981,79.95933740786155,78.52899995899584,81.7139816503186,81.37246298484592,0.34151866547267673,0.28255139714057875,1.650486147047503,1.650486147047503,1.650486147047503,1.650486147047503,-1.650486147047503,1.650486147047503,1.650486147047503,1.650486147047503,1.650486147047503,1.9300003051757812,1.9145004272460937,83.5,78.60739959716797,78.98399963378907,79.36059967041015,,,,,,,,,,0.0,0.0,0.0
2018-07-19,82.36000061035156,84.20999908447266,82.27999877929688,83.76000213623047,83.76000213623047,1360000,1.650486147047503,1.1619788933722865,1.702519119804496,2.1117658255220766,1.9373601726709564,82.31600189208984,82.12200164794922,81.70566813151042,80.05200080871582,78.16010047912597,82.62126757917434,82.13597545366045,81.39445294912825,80.08394936616872,78.63258416052524,82.02875403276659,81.54931773680033,0.47943629596625215,0.32192837690571346,-3.056357596343647,-3.056357596343647,-3.056357596343647,-3.056357596343647,3.056357596343647,-3.056357596343647,-3.056357596343647,-3.056357596343647,-3.056357596343647,4.180000305175781,2.03650016784668,84.20999908447266,79.2880990600586,79.6709991455078,80.05389923095703,,,,,,,,,,0.0,0.0,0.0
2018-07-20,84.30000305175781,85.23999786376953,81.05999755859375,81.19999694824219,81.19999694824219,1618800,-3.056357596343647,1.9451825360491068,1.9975480156059848,2.1992710102009743,1.9835929779894768,82.28200073242188,82.08900146484375,81.71100133260092,80.2776673634847,78.16000045776367,82.14751070219697,81.9657975435844,81.38190740068399,80.12054109017113,78.68342401770775,81.90125294283975,81.52344212283306,0.37781082000668675,0.3331048655259081,1.65025125325964,1.65025125325964,1.65025125325964,1.65025125325964,-1.65025125325964,1.65025125325964,1.65025125325964,1.65025125325964,1.65025125325964,2.9899978637695312,2.1119998931884765,85.23999786376953,79.72969871520996,80.13699874877929,80.54429878234863,,,,,,,,,,0.0,0.0,0.0
2018-07-23,80.79000091552734,82.68000030517578,79.69000244140625,82.54000091552734,82.54000091552734,1127700,1.65025125325964,2.083777873708576,2.027028567020274,2.2307643069784375,1.9877227173016918,82.52400054931641,82.08500137329102,81.7903345743815,80.51200065612792,78.17830047607421,82.2783407733071,82.07019815666493,81.45662311131905,80.19986764182215,78.75979187707051,81.99952186171477,81.59874277414374,0.4007790875710242,0.3466397099349314,-1.5992242308976057,-1.5992242308976057,-1.5992242308976057,-1.5992242308976057,1.5992242308976057,-1.5992242308976057,-1.5992242308976057,-1.5992242308976057,-1.5992242308976057,2.7300033569335938,2.1205501556396484,82.68000030517578,80.59359809875488,81.01599807739258,81.43839805603028,1.0,1.0,1.0,80.59359809875488,80.79000091552734,80.79000091552734,82.54000091552734,82.54000091552734,82.54000091552734,2.4150836576218486,2.1661096424912416,2.1661096424912416
2018-07-24,83.23999786376953,83.7300033569336,81.0,81.22000122070312,81.22000122070312,858500,-1.5992242308976057,2.0548251993885445,2.0618562586278877,2.210087384826418,1.9876057570546424,82.2240005493164,81.8780014038086,81.83666788736979,80.74266738891602,78.20440048217773,81.9255609224391,81.91561689558095,81.44135718289222,80.23331464440841,78.80850889377611,81.87959560925142,81.57068784425925,0.30890776499217054,0.33909332094637923,0.03693521158089844,0.03693521158089844,0.03693521158089844,0.03693521158089844,-0.03693521158089844,0.03693521158089844,0.03693521158089844,0.03693521158089844,-0.03693521158089844,2.0,2.10780029296875,83.7300033569336,78.01478996276856,78.43889999389648,78.86301002502441,,,,,,,,,,0.0,0.0,0.0
2018-07-25,81.0199966430664,81.5999984741211,79.5999984741211,81.25,81.25,998100,0.03693521158089844,2.061568631392745,1.6794040536940251,2.177131691623931,1.9875873550280243,81.99400024414062,81.97700119018555,81.85400110880533,80.97350069681804,78.20560050964356,81.70037394829274,81.79459564183895,81.4290115581895,80.26664859049338,78.8568552523152,81.78273474628966,81.54693318912894,0.23580155716072682,0.31843496818924877,1.1692270132211537,1.1692270132211537,1.1692270132211537,1.1692270132211537,-1.1692270132211537,-1.1692270132211537,1.1692270132211537,1.1692270132211537,-1.1692270132211537,1.7000045776367188,2.0708003997802735,81.5999984741211,79.09284271240234,79.5144027709961,79.93596282958984,,,1.0,,,79.93596282958984,,,81.25,0.0,0.0,1.6438623166539796
2018-07-26,81.22000122070312,82.45500183105469,80.75499725341797,82.19999694824219,82.19999694824219,843200,1.1692270132211537,1.9585213660351815,1.5750473947865833,2.1259485740575386,1.8175244285306138,81.68199920654297,81.9990005493164,81.91400095621745,81.1468339284261,78.19570045471191,81.86691494827589,81.8683049702759,81.47875255109612,80.33003706123924,78.92305607797711,81.84692893120544,81.59530828239659,0.2516206488088528,0.3050721043131696,0.5839364298776012,-0.5839364298776012,-0.5839364298776012,-0.5839364298776012,0.5839364298776012,0.5839364298776012,-0.5839364298776012,-0.5839364298776012,0.5839364298776012,2.0849990844726562,2.1090503692626954,82.45500183105469,77.0442375946045,77.45839767456054,77.8725577545166,,,,,,,,,,0.0,0.0,0.0
2018-07-27,82.54000091552734,82.95999908447266,80.875,81.72000122070312,81.72000122070312,713700,-0.5839364298776012,1.313357457132006,1.5670050147192753,2.1277039309415238,1.772457043696114,81.78600006103515,82.03400039672852,81.84966761271158,81.27150065104166,78.17610046386719,81.81794370575165,81.84134065217175,81.49431698139335,80.3756096566315,78.97844113030831,81.82740159112815,81.60454479634522,0.22285679478292764,0.28862904240712123,1.089083916243216,-1.089083916243216,-1.089083916243216,-1.089083916243216,1.089083916243216,1.089083916243216,-1.089083916243216,-1.089083916243216,1.089083916243216,1.7450027465820312,2.133800506591797,82.95999908447266,77.81509101867675,78.2369010925293,78.65871116638183,,,,,,,,,,0.0,0.0,0.0
2018-07-30,81.4000015258789,81.69499969482422,79.94999694824219,80.83000183105469,80.83000183105469,1140100,-1.089083916243216,1.0723013140578184,1.6085705519227573,2.1418890870680474,1.7297094896703311,81.44400024414062,81.98400039672852,81.70666758219402,81.33983395894369,78.1512004852295,81.48862974751933,81.6574608665141,81.45145793943603,80.39050776071095,79.01510569863991,81.67395547419378,81.54717124336074,0.1267842308330387,0.2562600800923047,-1.1505632612994416,1.1505632612994416,1.1505632612994416,1.1505632612994416,-1.1505632612994416,-1.1505632612994416,1.1505632612994416,1.1505632612994416,-1.1505632612994416,1.7099990844726562,2.142800521850586,81.69499969482422,78.2656379699707,78.69239807128906,79.11915817260743,,,,,,,,,,0.0,0.0,0.0
2018-07-31,81.41999816894531,82.33999633789062,80.62999725341797,81.76000213623047,81.76000213623047,768400,1.1505632612994416,1.0156090320127196,1.5493126787029905,2.15517099745677,1.6738445131895674,81.5520004272461,81.88800048828125,81.57233428955078,81.3776673634847,78.12650047302246,81.57908721042304,81.67610473373526,81.47136401664858,80.43540921564602,79.0694600835427,81.68719342219941,81.56293649468441,0.12425692751500605,0.229859449576845,-0.513696377166798,0.513696377166798,0.513696377166798,0.513696377166798,-0.513696377166798,-0.513696377166798,0.513696377166798,0.513696377166798,-0.513696377166798,1.9300003051757812,2.0783004760742188,82.33999633789062,76.98083854675293,77.40939865112304,77.83795875549316,,,,,,,,,,0.0,0.0,0.0
2018-08-01,82.66000366210938,83.30000305175781,81.37000274658203,82.18000030517578,82.18000030517578,2660400,0.513696377166798,1.0262213109387215,1.557313075144309,1.9973120490476635,1.6747914644828314,81.73800048828124,81.86600036621094,81.52800089518229,81.42000071207683,78.09320045471192,81.77939157534063,81.76772211036081,81.51708248687615,80.49260892349945,79.13105493941661,81.76300986573423,81.60864492509117,0.15436494064306316,0.21476054779008866,-2.713559684415267,2.713559684415267,2.713559684415267,2.713559684415267,-2.713559684415267,2.713559684415267,2.713559684415267,2.713559684415267,-2.713559684415267,5.910003662109375,2.2021007537841797,83.30000305175781,77.76773529052734,78.18339538574219,78.59905548095703,,,,,,,,,,0.0,0.0,0.0
2018-08-02,79.0,84.91000366210938,79.0,84.41000366210938,84.41000366210938,2535600,2.713559684415267,1.5012481454502207,1.7122687973384547,1.6638179508493214,1.709110444343144,82.18000183105468,81.93100051879883,81.55966771443686,81.49533411661784,78.07340049743652,82.65626227093021,82.24813693795146,81.70372256269765,80.62104809525714,79.23558857748974,82.17023968056117,81.81615297968511,0.3540867008760529,0.2426257784072815,-0.27248352914932933,-0.27248352914932933,-0.27248352914932933,-0.27248352914932933,0.27248352914932933,-0.27248352914932933,-0.27248352914932933,-0.27248352914932933,-0.27248352914932933,1.1899948120117188,2.1692005157470704,84.91000366210938,78.45538139343262,78.89580154418945,79.33622169494629,,,1.0,,,79.0,,,84.41000366210938,0.0,0.0,6.8481059014042724
2018-08-03,84.69999694824219,84.69999694824219,83.51000213623047,84.18000030517578,84.18000030517578,846800,-0.27248352914932933,1.4484372543914685,1.3266699170841398,1.6625609568647406,1.7093535410815166,82.67200164794922,82.22900085449218,81.62466761271159,81.56150080362956,78.08100051879883,83.16417494901208,82.59938482290133,81.86348241705109,80.7377350529594,79.33349772061223,82.47943362280957,81.99125278157331,0.4881808412362574,0.2917367909730767,1.2116852451516231,1.2116852451516231,1.2116852451516231,1.2116852451516231,-1.2116852451516231,1.2116852451516231,1.2116852451516231,1.2116852451516231,1.2116852451516231,2.7800064086914062,2.2277008056640626,84.69999694824219,80.13776252746582,80.57160263061523,81.00544273376465,,,,,,,,,,0.0,0.0,0.0
2018-08-06,83.45999908447266,85.37000274658203,82.58999633789062,85.19999694824219,85.19999694824219,942600,1.2116852451516231,1.09992861227893,1.2862397309525242,1.659957917709549,1.6930022269728644,83.54600067138672,82.49500045776367,81.72966740926107,81.61500078837076,78.11080047607422,83.84278228208879,83.07222339114512,82.07874141906343,80.88403872165719,79.44966602214944,82.89798182672227,82.22893753465989,0.6690442920623809,0.36719829119093755,1.0093904238916827,1.0093904238916827,1.0093904238916827,1.0093904238916827,-1.0093904238916827,1.0093904238916827,1.0093904238916827,1.0093904238916827,1.0093904238916827,1.7249984741210938,2.245950698852539,85.37000274658203,79.79905517578125,80.24459533691406,80.69013549804687,,,,,,,,,,0.0,0.0,0.0
2018-08-07,85.20999908447266,86.49600219726562,84.77100372314453,86.05999755859375,86.05999755859375,1310600,1.0093904238916827,1.098943429239385,1.10425884620465,1.663565911052273,1.6958932099511703,84.40599975585937,82.97900009155273,81.9196673075358,81.68866742451986,78.18140045166015,84.58185404092379,83.61545505795395,82.33559665387185,81.05374229008133,79.58056367633645,83.38444578547173,82.512719758655,0.8717260268167308,0.46810383831609625,-0.592603440975825,-0.592603440975825,-0.592603440975825,-0.592603440975825,0.592603440975825,-0.592603440975825,-0.592603440975825,-0.592603440975825,-0.592603440975825,1.0900039672851562,2.1804508209228515,86.49600219726562,80.42891120910645,80.87810134887695,81.32729148864746,,,,,,,,,,0.0,0.0,0.0
2018-08-08,85.66999816894531,86.47000122070312,85.37999725341797,85.55000305175781,85.55000305175781,502300,-0.592603440975825,1.3194352603578166,1.1557794000740402,1.417134675299845,1.698248260698143,85.08000030517579,83.40900039672852,82.04733403523763,81.75333417256674,78.22940048217774,84.90457037786847,83.96719105682737,82.54297771179998,81.20116067571007,79.69877039664182,83.71760844182343,82.73770370629224,0.9799047355311927,0.5704640177591156,-0.046757351373959824,-0.046757351373959824,-0.046757351373959824,-0.046757351373959824,0.046757351373959824,-0.046757351373959824,-0.046757351373959824,-0.046757351373959824,-0.046757351373959824,1.5400009155273438,2.156951141357422,86.47000122070312,81.69901039123535,82.13510055541992,82.57119071960449,,,,,,,,,,0.0,0.0,0.0
2018-08-09,85.0,86.04000091552734,84.5,85.51000213623047,85.51000213623047,684100,-0.046757351373959824,0.8018486731774072,1.1441440301887054,1.3527506851570335,1.677687911884027,85.3,83.74000091552735,82.2346674601237,81.84350090026855,78.30030052185059,85.10638096398914,84.24770216217338,82.7343986424084,81.34243416621894,79.81384429247527,83.99336131788606,82.94305914554693,1.05030217233913,0.6664316486751185,-2.713132542235358,-2.713132542235358,-2.713132542235358,-2.713132542235358,2.713132542235358,-2.713132542235358,-2.713132542235358,-2.713132542235358,-2.713132542235358,2.0100021362304688,2.1869510650634765,86.04000091552734,81.7247087097168,82.15609893798828,82.58748916625977,,,,,,,,,,0.0,0.0,0.0
2018-08-10,84.69000244140625,84.69000244140625,82.68000030517578,83.19000244140625,83.19000244140625,1277500,-2.713132542235358,1.5768229334870436,1.4928600603367446,1.4911597369756329,1.710991328718745,85.1020004272461,83.88700103759766,82.32500076293945,81.8791675567627,78.3815005493164,84.46758812312818,84.0553931220339,82.76379243589213,81.40301017524148,79.88069890928578,83.86976764458147,82.9613512415365,0.9084164030449671,0.7148285995490883,-0.09616760272490159,-0.09616760272490159,-0.09616760272490159,-0.09616760272490159,0.09616760272490159,-0.09616760272490159,-0.09616760272490159,-0.09616760272490159,-0.09616760272490159,1.350006103515625,2.1977512359619142,84.69000244140625,81.22870857238769,81.6660987854004,82.10348899841308,,,,,,,,,,0.0,0.0,0.0
2018-08-13,83.0,84.05000305175781,82.69999694824219,83.11000061035156,83.11000061035156,939900,-0.09616760272490159,1.3740962837472508,1.4301491787340395,1.491479517097242,1.7093044066797598,84.68400115966797,84.11500091552735,82.42300084431966,81.92083422342937,78.47080055236816,84.01505895220265,83.8835035744553,82.78612844714759,81.45897707475328,79.94464547762372,83.7528804085461,82.97236230589318,0.7805181026529198,0.7279665001698545,-0.3850315154303608,-0.3850315154303608,-0.3850315154303608,-0.3850315154303608,0.3850315154303608,-0.3850315154303608,-0.3850315154303608,-0.3850315154303608,-0.3850315154303608,1.7450027465820312,2.185501480102539,84.05000305175781,79.85494972229004,80.29449996948242,80.7340502166748,,,,,,,,,,0.0,0.0,0.0
2018-08-14,83.5199966430664,83.95999908447266,82.21499633789062,82.79000091552734,82.79000091552734,1534700,-0.3850315154303608,1.1104628754655756,1.4095074046481102,1.4468070498037395,1.7014497111410367,84.03000183105469,84.21800079345704,82.51266759236654,81.97416763305664,78.57220054626465,83.60670627331089,83.68468490919568,82.78637828381726,81.50261720068029,80.00098914966142,83.60474510192783,82.95885405475497,0.6458910471728672,0.7115514095704571,1.0146200724677281,-1.0146200724677281,-1.0146200724677281,-1.0146200724677281,1.0146200724677281,1.0146200724677281,-1.0146200724677281,-1.0146200724677281,1.0146200724677281,1.3079986572265625,2.1824012756347657,83.95999908447266,79.24189979553222,79.67900009155274,80.11610038757324,,,,,,,,,,0.0,0.0,0.0
2018-08-15,82.33000183105469,82.41799926757812,81.11000061035156,81.94999694824219,81.94999694824219,1933900,-1.0146200724677281,1.1099565134345803,1.4461689874396992,1.4626885847608888,1.6890296621340275,83.31000061035157,84.19500045776367,82.6630007425944,81.98750089009603,78.67620048522949,83.05446983162133,83.36928709811322,82.73241819765113,81.51728538912494,80.0395833634947,83.35016846289926,82.88412389871698,0.46604456418228324,0.6624500404928224,-0.25626201548222527,0.25626201548222527,0.25626201548222527,0.25626201548222527,-0.25626201548222527,-0.25626201548222527,0.25626201548222527,0.25626201548222527,-0.25626201548222527,1.1500015258789062,2.143401336669922,82.41799926757812,79.15871627807617,79.59519653320312,80.03167678833007,,,,,,,,,,0.0,0.0,0.0
2018-08-16,82.5999984741211,82.5999984741211,81.44999694824219,82.16000366210938,82.16000366210938,1065400,0.25626201548222527,1.1714263292124043,1.0969444980965628,1.4113481168496629,1.6880566918806041,82.64000091552734,83.97000045776367,82.67433420817058,82.01050097147623,78.76440055847168,82.75631444178401,83.14941738247616,82.69548822761618,81.53835811938671,80.08157188425935,83.16706618585467,82.83048536267198,0.3365808231826861,0.5972761970307952,0.8033150349210075,-0.8033150349210075,-0.8033150349210075,-0.8033150349210075,0.8033150349210075,0.8033150349210075,-0.8033150349210075,-0.8033150349210075,0.8033150349210075,1.2400054931640625,1.996401596069336,82.5999984741211,77.7025163269043,78.13119659423828,78.55987686157226,,,,,,,,,,0.0,0.0,0.0
2018-08-17,81.56999969482422,81.9800033569336,80.73999786376953,81.5,81.5,1278200,-0.8033150349210075,0.5155752272276786,1.1101465595276068,1.2415586525764475,1.68965306091706,82.3020004272461,83.70200042724609,82.67333424886068,82.01383425394694,78.87710052490235,82.33754296118934,82.84952331293503,82.61835995486675,81.53710047612813,80.10965956971955,82.91059446495395,82.73193089136295,0.17866357359099538,0.5135536723428352,4.0736192574530286,-4.0736192574530286,-4.0736192574530286,-4.0736192574530286,4.0736192574530286,4.0736192574530286,-4.0736192574530286,-4.0736192574530286,4.0736192574530286,3.7399978637695312,2.033901596069336,81.9800033569336,78.20791496276856,78.60719528198243,79.00647560119629,,,,,,,,,,0.0,0.0,0.0
2018-08-20,81.70999908447266,81.86000061035156,78.12000274658203,78.18000030517578,78.18000030517578,1706600,-4.0736192574530286,1.6758730853303432,1.4932871678543997,1.4835182601117034,1.7703145841133314,81.31600036621094,83.00000076293945,82.52666753133138,81.96300086975097,78.97350051879883,80.95169540918482,82.00051912970608,82.33201417101571,81.42703161806412,80.07144849517414,82.182810748065,82.39475084794168,-0.21194009987668494,0.3684549178989312,-3.7349682240305633,3.7349682240305633,3.7349682240305633,3.7349682240305633,-3.7349682240305633,-3.7349682240305633,-3.7349682240305633,3.7349682240305633,-3.7349682240305633,2.6749954223632812,2.0311511993408202,81.86000061035156,77.50541984558106,77.91220016479492,78.31898048400879,,,1.0,,,78.31898048400879,,,78.18000030517578,0.0,0.0,-0.17745401941408825
2018-08-21,78.72000122070312,81.29499816894531,78.62000274658203,81.0999984741211,81.0999984741211,2007100,3.7349682240305633,2.8090280476666787,2.0239910186012064,1.6946337651096304,1.8360350419242195,80.97799987792969,82.50400085449219,82.45366744995117,81.9565008799235,79.08000053405762,81.00112976416358,81.8367881014179,82.2525292873451,81.41630921990206,80.09181582148992,82.0162242443813,82.2988432646957,-0.28261902031439945,0.23824013025626511,0.5918566418866561,-0.5918566418866561,-0.5918566418866561,-0.5918566418866561,0.5918566418866561,0.5918566418866561,0.5918566418866561,-0.5918566418866561,0.5918566418866561,1.2350006103515625,1.9929012298583983,81.29499816894531,77.39146797180176,77.79769821166992,78.20392845153809,,,,,,,,,,0.0,0.0,0.0
2018-08-22,80.75,81.20500183105469,79.97000122070312,80.62000274658203,80.62000274658203,787500,-0.5918566418866561,2.7914603668300533,2.023990245161901,1.6998597948917267,1.8206532850126147,80.71200103759766,82.01100082397461,82.46566747029622,81.9678342183431,79.20090057373046,80.87408742496973,81.61555440053864,82.14720499439265,81.39020081094074,80.10227496852144,81.80142093702757,82.1744847077984,-0.37306377077082686,0.11597935005084672,1.7613566732358445,1.7613566732358445,-1.7613566732358445,-1.7613566732358445,1.7613566732358445,1.7613566732358445,1.7613566732358445,-1.7613566732358445,1.7613566732358445,1.8199996948242188,1.9989009857177735,81.20500183105469,76.91061546325683,77.30919570922852,77.70777595520019,,,,,,,,,,0.0,0.0,0.0
2018-08-23,80.26000213623047,80.79000091552734,78.97000122070312,79.19999694824219,79.19999694824219,977500,-1.7613566732358445,2.8372122041238383,2.046921333628428,1.7176993409565071,1.8280897179515594,80.11999969482422,81.38000030517578,82.37300059000651,81.93900082906087,79.29580055236816,80.31605726606055,81.17636213648473,81.95706253980231,81.3183908482293,80.08440807703077,81.40120186182982,81.95415228116461,-0.5529504193347918,-0.017806603826280992,-0.5429296991725767,-0.5429296991725767,0.5429296991725767,0.5429296991725767,-0.5429296991725767,-0.5429296991725767,-0.5429296991725767,0.5429296991725767,-0.5429296991725767,0.8299942016601562,1.9361507415771484,80.79000091552734,76.80741966247558,77.20719985961914,77.6069800567627,,,,,,,,,,0.0,0.0,0.0
2018-08-24,79.55999755859375,79.98999786376953,79.16000366210938,79.62999725341797,79.62999725341797,702300,0.5429296991725767,2.888261663046518,1.9559771050899255,1.7219416319648437,1.8262864437078299,79.74599914550781,81.02399978637695,82.31500040690104,81.92866744995118,79.37700050354005,80.08737059517969,80.89520488501803,81.80692929551945,81.2630336811863,80.07540984289983,81.12870884515108,81.78199264947968,-0.6532838043285949,-0.14490204392674377,0.05023347596012479,0.05023347596012479,-0.05023347596012479,-0.05023347596012479,0.05023347596012479,0.05023347596012479,0.05023347596012479,-0.05023347596012479,0.05023347596012479,1.0799942016601562,1.9029003143310548,79.98999786376953,76.53046928405762,76.91769943237304,77.30492958068848,,,,,,,,,,0.0,0.0,0.0
2018-08-27,79.80000305175781,80.48999786376953,79.41000366210938,79.58999633789062,79.58999633789062,1141800,-0.05023347596012479,2.0613855716741165,1.9568736834879037,1.706623255108432,1.8084316223496573,80.02799835205079,80.67199935913087,82.25700022379557,81.89166742960612,79.45880043029786,79.92157917608334,80.65789424008577,81.66390136276921,81.20817999779955,80.06579769428579,80.89198384403409,81.61962255232493,-0.72763870829084,-0.26144937679956304,-0.30155233598095094,-0.30155233598095094,0.30155233598095094,0.30155233598095094,-0.30155233598095094,-0.30155233598095094,-0.30155233598095094,0.30155233598095094,-0.30155233598095094,1.1989974975585938,1.8773502349853515,80.48999786376953,75.80361717224122,76.18419723510742,76.56477729797363,,,,,,,,,,0.0,0.0,0.0
2018-08-28,79.91000366210938,80.20899963378906,79.01000213623047,79.83000183105469,79.83000183105469,832400,0.30155233598095094,0.9158093776188097,1.9700263443460795,1.6852631813415535,1.8088664350879977,79.7739990234375,80.3759994506836,82.1606669108073,81.8606674194336,79.55990043640136,79.89105339440712,80.50736834753465,81.54558526394892,81.16299382839809,80.06112846927131,80.72860199588341,81.48705805445306,-0.7584560585696494,-0.3608507131535803,-0.5762233169506353,-0.5762233169506353,0.5762233169506353,0.5762233169506353,-0.5762233169506353,-0.5762233169506353,-0.5762233169506353,0.5762233169506353,-0.5762233169506353,1.1949996948242188,1.8406002044677734,80.20899963378906,76.35982734680175,76.73529739379883,77.1107674407959,,,,,,,,,,0.0,0.0,0.0
2018-08-29,79.93000030517578,80.48999786376953,79.29499816894531,80.29000091552734,80.29000091552734,768500,0.5762233169506353,0.9736634850035153,1.9742557724959815,1.6865305318921846,1.8105051768421756,79.70799865722657,80.2099998474121,82.0903335571289,81.836834081014,79.66690048217774,80.0240359014472,80.46784699626059,81.46457982211527,81.1343711099433,80.06566059691994,80.66112490659786,81.39838715527338,-0.7372622486755205,-0.4361330202579684,1.108480980819518,1.108480980819518,-1.108480980819518,-1.108480980819518,1.108480980819518,1.108480980819518,1.108480980819518,-1.108480980819518,1.108480980819518,1.3499984741210938,1.6125999450683595,80.48999786376953,76.15967918395997,76.52779922485351,76.89591926574707,,,,,,,,,,0.0,0.0,0.0
2018-08-30,80.04000091552734,80.55999755859375,79.20999908447266,79.4000015258789,79.4000015258789,663400,-1.108480980819518,0.6955690874521081,1.9873486144155734,1.5626051931703577,1.7976378082262403,79.74799957275391,79.93399963378906,81.94500020345052,81.82533416748046,79.74850051879883,79.81602444292444,80.27369327437302,81.33138122235808,81.07750653341661,80.05247922917656,80.4671059249488,81.25035859013306,-0.7832526651842642,-0.5055569492432276,-0.8690110815512115,-0.8690110815512115,0.8690110815512115,0.8690110815512115,-0.8690110815512115,-0.8690110815512115,-0.8690110815512115,0.8690110815512115,-0.8690110815512115,1.0849990844726562,1.6073501586914063,80.55999755859375,76.94227798461914,77.26479797363281,77.58731796264648,,,,,,,,,,0.0,0.0,0.0
2018-08-31,79.4000015258789,80.48500061035156,79.4000015258789,80.08999633789062,80.08999633789062,954800,0.8690110815512115,0.7648913433254767,2.0126703515799305,1.5841245858328412,1.7945586321139517,79.83999938964844,79.79299926757812,81.90800018310547,81.80950075785319,79.8274005126953,79.90734840791318,80.2402938313762,81.25129187497309,81.04512914995674,80.05322214222039,80.40908906540139,81.1644058307077,-0.7553167653063042,-0.555508912455843,0.2372361719242079,-0.2372361719242079,0.2372361719242079,0.2372361719242079,-0.2372361719242079,-0.2372361719242079,-0.2372361719242079,0.2372361719242079,-0.2372361719242079,1.3199996948242188,1.5343498229980468,80.48500061035156,77.02382720947266,77.34529724121094,77.66676727294922,,,,,,,,,,0.0,0.0,0.0
2018-09-04,79.87999725341797,80.83999633789062,79.5199966430664,80.27999877929688,80.27999877929688,1247200,0.2372361719242079,0.7599085036383544,1.4684408812797207,1.551887970922789,1.7891585208247966,79.97799987792969,80.00299911499023,81.83266677856446,81.81150067647299,79.90510047912598,80.03156519837441,80.24751291281632,81.18862780428431,81.02004290829576,80.05771276869714,80.3892290213853,81.09889419726986,-0.7096651758845525,-0.5863401651415849,0.7473822661240813,0.7473822661240813,-0.7473822661240813,-0.7473822661240813,0.7473822661240813,0.7473822661240813,0.7473822661240813,-0.7473822661240813,0.7473822661240813,1.1199951171875,1.5040996551513672,80.83999633789062,77.10943099975586,77.41630096435547,77.72317092895508,,,,,,,,,,0.0,0.0,0.0
2018-09-05,80.41999816894531,80.48999786376953,79.37000274658203,79.68000030517578,79.68000030517578,665700,-0.7473822661240813,0.8551011496640376,0.8479779981350228,1.5242102485546611,1.7910494778520876,79.9479995727539,79.8609992980957,81.78133341471354,81.80900065104167,79.97640045166015,79.91437690064154,80.14432880233622,81.09129699789021,80.97610708524265,80.05023331397395,80.28011691119923,80.99379094600363,-0.7136740348043986,-0.6118069390741477,-5.710345173608462,5.710345173608462,5.710345173608462,-5.710345173608462,-5.710345173608462,5.710345173608462,5.710345173608462,-5.710345173608462,5.710345173608462,4.840003967285156,1.6915996551513672,80.48999786376953,77.53097709655762,77.8317970275879,78.13261695861816,,,,,,,,,,0.0,0.0,0.0
2018-09-06,79.55000305175781,79.93000030517578,75.08999633789062,75.12999725341797,75.12999725341797,1998500,-5.710345173608462,2.5913603543027954,1.953232223492265,1.936727061566506,1.9309853620608288,78.91599884033204,79.3119987487793,81.5773333231608,81.71566721598307,80.00490043640137,78.31958368490035,79.23263215707836,80.70669701437588,80.78443135305167,79.95280289693324,79.48779081000211,80.55943585766394,-1.071645047661832,-0.7037745607916847,0.2395851347746353,0.2395851347746353,0.2395851347746353,-0.2395851347746353,-0.2395851347746353,0.2395851347746353,0.2395851347746353,0.2395851347746353,0.2395851347746353,2.9650039672851562,1.7628498077392578,79.93000030517578,76.76847862243652,77.1067985534668,77.44511848449707,1.0,1.0,1.0,76.76847862243652,77.1067985534668,77.44511848449707,75.12999725341797,75.12999725341797,75.12999725341797,-2.134315279422098,-2.5637185528823316,-2.9893701196190223
2018-09-07,74.0,76.48500061035156,73.5199966430664,74.94999694824219,74.94999694824219,2422300,-0.2395851347746353,2.6355019572462126,1.9190441600921189,1.934153173243507,1.9306523667226385,78.02599792480468,78.88699874877929,81.33566665649414,81.6248338063558,80.01970039367676,77.1963881060143,78.45397121001723,80.33529701010919,80.59313842174643,79.85373743260273,78.78966867742366,80.14392186437344,-1.3542531869497765,-0.833870286023303,1.294187632827306,1.294187632827306,1.294187632827306,-1.294187632827306,-1.294187632827306,1.294187632827306,1.294187632827306,1.294187632827306,1.294187632827306,1.3800048828125,1.7313499450683594,76.48500061035156,76.05173072814941,76.40430068969727,76.75687065124512,1.0,1.0,1.0,74.0,74.0,74.0,74.94999694824219,74.94999694824219,74.94999694824219,1.28377965978674,1.28377965978674,1.28377965978674
2018-09-10,74.87999725341797,74.9000015258789,73.5199966430664,73.9800033569336,73.9800033569336,708500,-1.294187632827306,2.3942380716177825,1.892358797281033,1.8793078590926369,1.8582205207798481,76.80399932861329,78.32199935913086,81.07766672770182,81.4636671702067,80.02830039978028,76.12425985632073,77.64052250945656,79.92527806474303,80.37631432126076,79.7374258667479,78.04972016657905,79.6873353082668,-1.6376151416877462,-0.9946192571561918,0.8245479625196471,0.8245479625196471,0.8245479625196471,-0.8245479625196471,-0.8245479625196471,0.8245479625196471,0.8245479625196471,0.8245479625196471,0.8245479625196471,1.660003662109375,1.746849822998047,74.9000015258789,72.67603073120117,73.02230072021484,73.36857070922852,,,,,,,,,,0.0,0.0,0.0
2018-09-11,73.5199966430664,73.97000122070312,72.30999755859375,73.37000274658203,73.37000274658203,1306000,-0.8245479625196471,2.23798364577894,1.8778480233297108,1.8767409108264506,1.8422464271643635,75.42200012207032,77.7,80.82900009155273,81.26783383687338,80.05570045471191,75.2061741530745,76.86406437075209,79.50235707647458,80.14659918766473,79.61133828020995,77.32976364042567,79.219384748142,-1.8896211077163372,-1.1736196272682209,-0.12266094387575516,-0.12266094387575516,-0.12266094387575516,0.12266094387575516,0.12266094387575516,-0.12266094387575516,-0.12266094387575516,-0.12266094387575516,-0.12266094387575516,1.9929962158203125,1.759249496459961,73.97000122070312,71.0569319152832,71.40630187988282,71.75567184448242,,,,,,,,,,0.0,0.0,0.0
2018-09-12,72.87999725341797,73.52999877929688,71.53700256347656,73.45999908447266,73.45999908447266,1273000,0.12266094387575516,2.3668275577639557,1.8670723615120108,1.8832851712021865,1.838017617060562,74.1779998779297,77.0629997253418,80.55233332316081,81.0623338063558,80.09150047302246,74.6241157968739,76.24514340961038,79.1125275286035,79.92736639739614,79.48952958326466,76.73441524720212,78.79276358787021,-2.05834834066809,-1.3505653699481948,-2.5047699295085897,-2.5047699295085897,-2.5047699295085897,2.5047699295085897,2.5047699295085897,-2.5047699295085897,-2.5047699295085897,-2.5047699295085897,-2.5047699295085897,2.3100051879882812,1.809349822998047,73.52999877929688,70.09965232849122,70.45150222778321,70.8033521270752,,,,,,,,,,0.0,0.0,0.0
2018-09-13,74.55000305175781,75.9800033569336,73.66999816894531,75.30000305175781,75.30000305175781,1632500,2.5047699295085897,1.4736549851767378,2.1101677151543488,2.0011654795059974,1.8438229129403771,74.21200103759766,76.56399993896484,80.32300008138021,80.92550048828124,80.15770050048827,74.84941154850188,76.07329970818265,78.86655820751668,79.77564956639159,79.40656866184867,76.513736447903,78.53404058519521,-2.0203041372922144,-1.4845131234169988,-0.5843224358294995,-0.5843224358294995,-0.5843224358294995,0.5843224358294995,0.5843224358294995,-0.5843224358294995,-0.5843224358294995,-0.5843224358294995,-0.5843224358294995,1.1100006103515625,1.8073497772216798,75.9800033569336,69.54942916870117,69.91129913330079,70.2731690979004,,,,,,,,,,0.0,0.0,0.0
2018-09-14,75.75,76.4000015258789,75.29000091552734,75.73999786376953,75.73999786376953,766500,0.5843224358294995,1.4786999562816794,2.134306890126322,2.008185580353969,1.8462635090916,74.37000122070313,76.1979995727539,80.03399988810222,80.79683380126953,80.23450050354003,75.1462736535911,76.0126993728348,78.66484463695235,79.6433331171253,79.33396329951046,76.3946997426517,78.3270744576822,-1.9323747150305053,-1.5740854417397,2.3369378043157956,2.3369378043157956,2.3369378043157956,-2.3369378043157956,-2.3369378043157956,2.3369378043157956,2.3369378043157956,2.3369378043157956,2.3369378043157956,2.1999969482421875,1.855349349975586,76.4000015258789,72.0038338470459,72.36530380249023,72.72677375793457,,,,,,,,,,0.0,0.0,0.0
2018-09-17,75.37999725341797,75.98999786376953,73.79000091552734,73.97000122070312,73.97000122070312,1090800,-2.3369378043157956,1.7868270127875387,2.1548802024891,2.053700902254879,1.8601054103084427,74.36800079345703,75.58600006103515,79.69366658528646,80.65916709899902,80.29760047912598,74.75418284262844,75.64129970881086,78.36195151332338,79.45732223527538,79.22774622864299,76.02166920081345,78.00432829198004,-1.982659091166596,-1.6558001716250794,-1.4465319415524647,-1.4465319415524647,-1.4465319415524647,1.4465319415524647,1.4465319415524647,-1.4465319415524647,-1.4465319415524647,-1.4465319415524647,-1.4465319415524647,1.4300003051757812,1.7398494720458983,75.98999786376953,72.31823295593261,72.68930282592774,73.06037269592285,,,,,,,,,,0.0,0.0,0.0
2018-09-18,74.2699966430664,75.52999877929688,74.0999984741211,75.04000091552734,75.04000091552734,997500,1.4465319415524647,1.810134869400626,2.2495627794500734,1.908773097814026,1.8715902473167745,74.70200042724609,75.0620002746582,79.35500005086263,80.54233373006186,80.36320045471192,74.84945553359475,75.53197265548658,78.14763211991719,79.31249202807052,79.14482057887831,75.87064331076942,77.78474848631687,-1.9141051755474479,-1.7074611724095532,-2.35873750196098,-2.35873750196098,-2.35873750196098,2.35873750196098,2.35873750196098,-2.35873750196098,-2.35873750196098,-2.35873750196098,-2.35873750196098,2.029998779296875,1.7075996398925781,75.52999877929688,72.16232902526855,72.51029891967774,72.85826881408691,,,,,,,,,,0.0,0.0,0.0
2018-09-19,75.11000061035156,77.13999938964844,75.11000061035156,76.80999755859375,76.80999755859375,1060300,2.35873750196098,1.9734904331975789,2.4408496312010293,1.7804268601862876,1.8813338111968483,75.37200012207032,74.775,79.04666671752929,80.48316701253255,80.45750045776367,75.50296954192775,75.76434081968787,78.06133311596085,79.23044302907128,79.09858645966474,76.01515934889623,77.71254471389294,-1.6973853649967054,-1.7054460109269838,2.4215605643427853,-2.4215605643427853,-2.4215605643427853,2.4215605643427853,2.4215605643427853,-2.4215605643427853,-2.4215605643427853,-2.4215605643427853,2.4215605643427853,1.8000030517578125,1.7358497619628905,77.13999938964844,71.77327957153321,72.11479949951172,72.45631942749023,,,,,,,,,,0.0,0.0,0.0
2018-09-20,77.55000305175781,79.06999969482422,77.2699966430664,78.66999816894531,78.66999816894531,1422800,2.4215605643427853,1.9569775490723202,1.6922690537971496,1.8754824753176855,1.895135765412897,76.0459991455078,75.12900009155274,78.81733322143555,80.4323336283366,80.57020042419434,76.55864575093361,76.2926421559165,78.10060182905663,79.21206778775567,79.09009956281882,76.42359609044225,77.78346719204497,-1.359871101602721,-1.6363310290621313,-0.06355081165238512,0.06355081165238512,0.06355081165238512,0.06355081165238512,-0.06355081165238512,-0.06355081165238512,0.06355081165238512,0.06355081165238512,-0.06355081165238512,1.1699981689453125,1.7033496856689454,79.06999969482422,73.32112991333008,73.66829986572266,74.01546981811524,,,,,,,,,,0.0,0.0,0.0
2018-09-21,78.9800033569336,79.29000091552734,78.12000274658203,78.62000274658203,78.62000274658203,2267900,-0.06355081165238512,2.0035713204997014,1.6849171499918048,1.8345601238002454,1.873137246431105,76.62200012207032,75.49600067138672,78.58766657511393,80.41116701761881,80.63840042114258,77.24576474948309,76.7157986269466,78.13411156567116,79.19265581919261,79.08079071497255,76.76150480677144,77.84543278867734,-1.0839279819059016,-1.5258504196308853,-0.21623733452137878,0.21623733452137878,0.21623733452137878,0.21623733452137878,-0.21623733452137878,-0.21623733452137878,0.21623733452137878,0.21623733452137878,-0.21623733452137878,2.0400009155273438,1.7638500213623047,79.29000091552734,75.32263038635254,75.66330032348633,76.00397026062012,,,,,,,,,,0.0,0.0,0.0
2018-09-24,78.0199966430664,78.86000061035156,76.81999969482422,78.44999694824219,78.44999694824219,798600,-0.21623733452137878,1.2744987973170743,1.5897444437966202,1.83013762884618,1.8707297497146387,77.51799926757812,75.94300003051758,78.42966639200846,80.37733357747396,80.68050041198731,77.64717548240279,77.0311074126367,78.15449126777253,79.1683063480139,79.06829974929471,77.02127282853617,77.89021531901548,-0.8689424904793128,-1.3944688338005709,-2.8043301897049755,2.8043301897049755,2.8043301897049755,2.8043301897049755,-2.8043301897049755,-2.8043301897049755,2.8043301897049755,2.8043301897049755,-2.8043301897049755,2.9300003051757812,1.8563503265380858,78.86000061035156,75.40953086853027,75.76230087280274,76.1150708770752,,,,,,,,,,0.0,0.0,0.0
2018-09-25,78.25,78.25,75.31999969482422,76.25,76.25,1153200,-2.8043301897049755,2.1660596793342086,1.8830440658898204,1.9303564102369282,1.9043841732416202,77.75999908447265,76.23099975585937,78.20099970499675,80.3120002746582,80.67570037841797,77.18145032160186,76.88908788306638,78.03162086340011,79.07262417266918,79.0124918334671,76.90261547029984,77.7687178879773,-0.8661024176774674,-1.2887955505759503,-1.5606589395491803,1.5606589395491803,1.5606589395491803,1.5606589395491803,-1.5606589395491803,-1.5606589395491803,1.5606589395491803,1.5606589395491803,-1.5606589395491803,1.5699996948242188,1.8749004364013673,78.25,74.77602989196777,75.1472999572754,75.518570022583,,,1.0,,,75.518570022583,,,76.25,0.0,0.0,0.9685432036097449
2018-09-26,75.75,76.19999694824219,74.62999725341797,75.05999755859375,75.05999755859375,914100,-1.5606589395491803,1.9510342441176303,1.983333481736735,1.9498992001955326,1.9141424440783632,77.40999908447266,76.39099960327148,77.94333292643229,80.22800025939941,80.63140037536621,76.47429940059916,76.55652600588954,77.83990323083195,78.94106264433883,78.93422462010327,76.61913579157581,77.5680719376526,-0.9489361460767896,-1.2208236696761183,-0.45296609239190977,0.45296609239190977,0.45296609239190977,0.45296609239190977,-0.45296609239190977,0.45296609239190977,0.45296609239190977,0.45296609239190977,-0.45296609239190977,0.8700027465820312,1.8586505889892577,76.19999694824219,74.125219039917,74.50019912719726,74.87517921447754,,,1.0,,,74.87517921447754,,,75.05999755859375,0.0,0.0,0.24683526110408768
2018-09-27,75.12000274658203,75.47000122070312,74.5999984741211,74.72000122070312,74.72000122070312,876600,-0.45296609239190977,1.1574219434820094,1.8208601368110358,1.9394086007444304,1.867336985438304,76.61999969482422,76.33299942016602,77.70233306884765,80.18266690572104,80.58220039367676,75.88953334063382,76.2226124085829,77.63861923017849,78.80266718782619,78.85077465179832,76.32696124221079,77.3571037363971,-1.0301424941863075,-1.1826874345781562,2.9041730908645356,-2.9041730908645356,-2.9041730908645356,-2.9041730908645356,2.9041730908645356,-2.9041730908645356,-2.9041730908645356,-2.9041730908645356,2.9041730908645356,2.8850021362304688,1.9354007720947266,75.47000122070312,72.11096565246582,72.48269577026367,72.85442588806153,,,,,,,,,,0.0,0.0,0.0
2018-09-28,74.56999969482422,76.95500183105469,74.06999969482422,76.88999938964844,76.88999938964844,1030500,2.9041730908645356,2.125951890411154,2.0462350623304464,2.0596321232583095,1.7554488527621352,76.2739990234375,76.4479995727539,77.52666625976562,80.1005002339681,80.55220039367676,76.22302202363869,76.34395549604936,77.59032117595075,78.7399567682138,78.81194741888446,76.41358249566274,77.32250341441572,-0.9089209187529832,-1.1279341314131217,-0.2731162519698603,-0.2731162519698603,-0.2731162519698603,-0.2731162519698603,0.2731162519698603,-0.2731162519698603,-0.2731162519698603,-0.2731162519698603,0.2731162519698603,1.649993896484375,1.9636505126953125,76.95500183105469,71.21211952209472,71.59919967651368,71.98627983093262,,,,,,,,,,0.0,0.0,0.0
2018-10-01,77.19000244140625,78.30999755859375,76.66000366210938,77.0999984741211,77.0999984741211,1188200,0.2731162519698603,2.1491602629256543,1.847829927116334,2.0485464614559734,1.7557054877541556,76.00399932861328,76.7609992980957,77.37999954223633,80.0266668955485,80.52110038757324,76.51534750713283,76.48141785569877,77.55868745325206,78.68618764381732,78.77804743978022,76.51918495388709,77.30602156698649,-0.7868366130993962,-1.0597146277503766,-0.24643637505391783,-0.24643637505391783,-0.24643637505391783,-0.24643637505391783,0.24643637505391783,0.24643637505391783,-0.24643637505391783,-0.24643637505391783,0.24643637505391783,1.4470062255859375,1.9700008392333985,78.30999755859375,72.63497070312499,73.02770080566407,73.42043090820313,,,,,,,,,,0.0,0.0,0.0
2018-10-02,77.27999877929688,78.69000244140625,77.24299621582031,77.29000091552734,77.29000091552734,915000,0.24643637505391783,1.6441337029946235,1.8131661930633278,2.0486437236622095,1.74710227657656,76.21199951171874,76.9859992980957,77.35033289591472,79.93850021362304,80.47410041809081,76.773565309931,76.62843295748578,77.54135283791499,78.64041102977502,78.74858117197324,76.63777202490867,77.30483485206359,-0.6670628271549219,-0.9811842676312856,1.3455827444794486,1.3455827444794486,1.3455827444794486,1.3455827444794486,-1.3455827444794486,-1.3455827444794486,1.3455827444794486,1.3455827444794486,-1.3455827444794486,2.81500244140625,2.0547512054443358,78.69000244140625,73.97599571228028,74.36999588012695,74.76399604797363,,,,,,,,,,0.0,0.0,0.0
2018-10-03,77.37000274658203,77.875,75.05999755859375,76.25,76.25,1212400,-1.3455827444794486,1.5856446591150781,1.7244718273776385,2.061850293694656,1.7498681726194003,76.45,76.92999954223633,77.18866628011068,79.82116686503092,80.42020042419433,76.59904353995401,76.55962696521564,77.4580397515979,78.56203689765125,78.69910431708269,76.57811479030732,77.22669893709592,-0.6485841467885933,-0.9146642434627472,0.10492043417008197,0.10492043417008197,0.10492043417008197,0.10492043417008197,-0.10492043417008197,-0.10492043417008197,0.10492043417008197,0.10492043417008197,-0.10492043417008197,1.1199951171875,1.868750762939453,77.875,74.16954978942871,74.58050003051758,74.99145027160644,,,,,,,,,,0.0,0.0,0.0
2018-10-04,76.0999984741211,76.44999694824219,75.33000183105469,76.16999816894531,76.16999816894531,926800,-0.10492043417008197,1.5501955116707653,1.4896227189948301,1.6032845117471923,1.6882496455162936,76.73999938964843,76.67999954223633,77.04033279418945,79.75300013224283,80.36520042419434,76.45602841628445,76.48878536589376,77.37494029465257,78.48360939834942,78.64902300721857,76.51532761779009,77.14842480612181,-0.6330971883317176,-0.8583508324365413,-4.568722346323837,4.568722346323837,4.568722346323837,4.568722346323837,-4.568722346323837,4.568722346323837,4.568722346323837,4.568722346323837,-4.568722346323837,4.2299957275390625,1.9320003509521484,76.44999694824219,73.7637483215332,74.13749847412109,74.51124862670899,,,,,,,,,,0.0,0.0,0.0
2018-10-05,75.94999694824219,76.27999877929688,72.05000305175781,72.69000244140625,72.69000244140625,1466400,-4.568722346323837,2.048222892820603,1.9998613913547834,1.9114538022048178,1.7597701520853042,75.9,76.08699951171874,76.82333297729492,79.59816678365071,80.29110046386718,75.20068642465839,75.79809756144148,77.07268623960444,78.29365507189225,78.53102259997476,75.92681605219258,76.81817129762436,-0.8913552454317824,-0.8649517150355895,-0.39895571025892707,-0.39895571025892707,-0.39895571025892707,-0.39895571025892707,0.39895571025892707,-0.39895571025892707,-0.39895571025892707,-0.39895571025892707,-0.39895571025892707,2.029998779296875,1.9645000457763673,76.27999877929688,72.19959617614747,72.58599624633788,72.97239631652832,1.0,1.0,1.0,72.19959617614747,72.58599624633788,72.97239631652832,72.69000244140625,72.69000244140625,72.69000244140625,0.6792368534338135,0.1432868603406575,-0.3869872573420006
2018-10-08,72.48999786376953,73.31999969482422,71.29000091552734,72.9800033569336,72.9800033569336,865100,0.39895571025892707,2.0699700768248595,2.0278154042245498,1.8948581769359938,1.7598008940816805,75.0760009765625,75.5400001525879,76.60166651407877,79.45833346048991,80.21040046691894,74.4604587354168,75.2857167969855,76.80864218265793,78.1194369828772,78.42110142684523,75.47346025292197,76.5338625612769,-1.0604023083549379,-0.9040418336994592,-1.8635145497397716,-1.8635145497397716,-1.8635145497397716,-1.8635145497397716,1.8635145497397716,-1.8635145497397716,-1.8635145497397716,-1.8635145497397716,-1.8635145497397716,1.9900054931640625,1.9810001373291015,73.31999969482422,71.95809867858887,72.35099868774414,72.74389869689941,1.0,1.0,1.0,71.95809867858887,72.35099868774414,72.48999786376953,72.9800033569336,72.9800033569336,72.9800033569336,1.4201385210429318,0.8693793874278696,0.6759629019232831
2018-10-09,73.0,74.66000366210938,72.66999816894531,74.33999633789062,74.33999633789062,1108400,1.8635145497397716,2.424048019800924,2.027214229326433,1.932059343674329,1.779167169497953,74.48600006103516,75.34899978637695,76.42666651407878,79.34183336893717,80.14770042419434,74.42030460290808,75.1137676226046,76.64937470880199,77.99552089615634,78.3402874646877,75.29908118907099,76.37135395213718,-1.072272763066195,-0.9376880195728065,5.447935999290633,5.447935999290633,5.447935999290633,5.447935999290633,-5.447935999290633,5.447935999290633,5.447935999290633,5.447935999290633,5.447935999290633,3.30999755859375,2.0468502044677734,74.66000366210938,68.9617993927002,69.35799942016601,69.75419944763183,,,,,,,,,,0.0,0.0,0.0
2018-10-10,73.44999694824219,73.44999694824219,70.13999938964844,70.29000091552734,70.29000091552734,1899300,-5.447935999290633,3.234307252656972,2.6011795724817444,2.2937945125554364,1.8899762873450918,73.29400024414062,74.87200012207032,76.1086664835612,79.13466669718424,80.0547004699707,73.0435367071145,74.23671913040873,76.23909252859072,77.74288089679145,78.18087584985285,74.52845345467966,75.92088335683275,-1.3924299021530828,-1.0286363960888618,-1.564943035700117,-1.564943035700117,-1.564943035700117,-1.564943035700117,1.564943035700117,-1.564943035700117,-1.564943035700117,-1.564943035700117,-1.564943035700117,3.279998779296875,2.095349884033203,73.44999694824219,70.15693321228028,70.56630325317383,70.97567329406738,1.0,1.0,1.0,70.15693321228028,70.56630325317383,70.97567329406738,70.29000091552734,70.29000091552734,70.29000091552734,0.1896714938271738,-0.3915499677731202,-0.9660667475448189
2018-10-11,70.16000366210938,73.33999633789062,70.05999755859375,71.38999938964844,71.38999938964844,1628400,1.564943035700117,3.499027668989303,2.6925368196270734,2.244676462967926,1.9043796475650128,72.33800048828125,74.53899993896485,75.8119997660319,78.9511666615804,79.9571004486084,72.49235760129248,73.71913372299777,75.92624780994929,77.53458969983593,78.04640304866068,74.04561436775178,75.5852623222265,-1.5396479544747166,-1.1308387077660327,-1.8069770647937478,-1.8069770647937478,-1.8069770647937478,-1.8069770647937478,1.8069770647937478,-1.8069770647937478,-1.8069770647937478,-1.8069770647937478,-1.8069770647937478,2.029998779296875,2.1413497924804688,73.33999633789062,68.84022720336914,69.25929718017578,69.67836715698242,,,,,,,,,,0.0,0.0,0.0
2018-10-12,72.69999694824219,73.58000183105469,71.55000305175781,72.68000030517578,72.68000030517578,1118600,1.8069770647937478,3.1232642603581247,2.561101997091307,2.2846579290620417,1.9070910475781748,72.33600006103515,74.11800003051758,75.5879997253418,78.76649996439616,79.87610046386719,72.55490516925359,73.53020037430286,75.71681248706068,77.37542283443725,77.94013764779959,73.83551989658625,75.3700577283709,-1.5345378317846468,-1.2115785325697557,0.068798915173163,0.068798915173163,0.068798915173163,0.068798915173163,-0.068798915173163,0.068798915173163,0.068798915173163,0.068798915173163,0.068798915173163,1.2900009155273438,2.0958499908447266,73.58000183105469,68.6290267944336,69.05729675292969,69.48556671142578,,,,,,,,,,0.0,0.0,0.0
2018-10-15,72.01000213623047,73.0999984741211,71.80999755859375,72.62999725341797,72.62999725341797,695400,-0.068798915173163,3.1167215656091813,2.5514333043783783,2.2275803473974256,1.8703783801246665,72.26599884033203,73.67099990844727,75.3393330891927,78.62366663614908,79.78940040588378,72.57993586397505,73.36652707959652,75.51766311714825,77.21983511046939,77.83498635286134,73.65005487456035,75.1670902857818,-1.5170354112214426,-1.2726699083000932,-3.8826928286734987,-3.8826928286734987,-3.8826928286734987,-3.8826928286734987,3.8826928286734987,-3.8826928286734987,-3.8826928286734987,-3.8826928286734987,-3.8826928286734987,2.5,2.1493499755859373,73.0999984741211,68.9691318511963,69.38830184936523,69.80747184753417,,,,,,,,,,0.0,0.0,0.0
2018-10-16,73.30999755859375,75.55000305175781,73.05000305175781,75.44999694824219,75.44999694824219,1070200,3.8826928286734987,3.530942238404905,2.9134429243465587,2.3763622565110194,1.9284708207542987,72.48799896240234,73.48699951171875,75.17833302815755,78.505499903361,79.73160034179688,73.5366228920641,73.74533978298663,75.51329755786398,77.16180762974062,77.78775883989857,73.92696903974218,75.18804633485294,-1.2610772951107663,-1.270351385662228,0.03975981512292679,0.03975981512292679,0.03975981512292679,0.03975981512292679,-0.03975981512292679,0.03975981512292679,0.03975981512292679,0.03975981512292679,-0.03975981512292679,1.3700027465820312,2.1163501739501953,75.55000305175781,68.37142852783204,68.80129852294922,69.23116851806641,,,,,,,,,,0.0,0.0,0.0
2018-10-17,75.66999816894531,76.13999938964844,74.7699966430664,75.41999816894531,75.41999816894531,590500,-0.03975981512292679,1.6265463742617363,2.88561714697397,2.313643356467747,1.918833520709993,73.51399841308594,73.40399932861328,75.03633295694986,78.40883318583171,79.67090034484863,74.16441465102452,74.04982312588821,75.50727824244987,77.10469912282929,77.74087248997871,74.15666582885035,75.20522795219313,-1.0485621233427764,-1.2259935331983378,-2.6783302732804275,2.6783302732804275,2.6783302732804275,2.6783302732804275,-2.6783302732804275,-2.6783302732804275,2.6783302732804275,2.6783302732804275,-2.6783302732804275,1.9199981689453125,2.1223499298095705,76.13999938964844,70.89403266906739,71.31730270385742,71.74057273864746,,,,,,,,,,0.0,0.0,0.0
2018-10-18,75.0199966430664,75.06999969482422,73.1500015258789,73.4000015258789,73.4000015258789,697300,-2.6783302732804275,2.4410555873422006,3.0013752700387273,2.3061288535123357,1.9472354158522331,73.91599884033204,73.12699966430664,74.97866643269857,78.27799987792969,79.60550033569336,73.90961027597598,73.93167374406833,75.37132490589691,76.98323362784731,77.65491464910545,74.04025593608552,75.07150747616986,-1.031251540084341,-1.1870451345755386,-1.4305218391413916,1.4305218391413916,1.4305218391413916,1.4305218391413916,-1.4305218391413916,1.4305218391413916,1.4305218391413916,1.4305218391413916,-1.4305218391413916,2.1999969482421875,2.173849868774414,75.06999969482422,71.47082954406739,71.89529953002929,72.31976951599121,,,,,,,,,,0.0,0.0,0.0
2018-10-19,73.58999633789062,74.33999633789062,72.13999938964844,72.3499984741211,72.3499984741211,938300,-1.4305218391413916,2.463689118512416,2.652573947347064,2.318335790973097,1.9462988155837104,73.8499984741211,73.09299926757812,74.89199981689453,78.11383323669433,79.51970031738281,73.38973967535769,73.64409642225974,75.1764006199759,76.83132427854481,77.54986680405625,73.78021632655253,74.86991421675884,-1.0896978902063097,-1.167575685701693,0.7325484318931265,-0.7325484318931265,-0.7325484318931265,-0.7325484318931265,0.7325484318931265,-0.7325484318931265,-0.7325484318931265,-0.7325484318931265,0.7325484318931265,1.5100021362304688,2.1473499298095704,74.33999633789062,70.28752998352051,70.7222999572754,71.15706993103028,,,,,,,,,,0.0,0.0,0.0
2018-10-22,72.66999816894531,73.31999969482422,71.80999755859375,72.87999725341797,72.87999725341797,626500,0.7325484318931265,2.4894682588830035,2.6604419429511217,2.3317235126462252,1.9492432705613398,73.89999847412109,73.08299865722657,74.85533294677734,77.96649983723958,79.446000289917,73.21982553471112,73.50516930065214,75.02824556406894,76.70177257280294,77.45739413968717,73.64172108453184,74.72251296021508,-1.0807918756832464,-1.1502189236980038,-0.7958208335867566,0.7958208335867566,0.7958208335867566,0.7958208335867566,-0.7958208335867566,0.7958208335867566,0.7958208335867566,0.7958208335867566,-0.7958208335867566,3.1200027465820312,2.156850051879883,73.31999969482422,69.61582649230957,70.04529647827148,70.4747664642334,,,,,,,,,,0.0,0.0,0.0
2018-10-23,71.05000305175781,72.76000213623047,69.63999938964844,72.30000305175781,72.30000305175781,779800,-0.7958208335867566,1.3079937606495422,2.587439108684253,2.2622852788812997,1.9472707545190748,73.26999969482422,72.87899932861328,74.81966629028321,77.82433319091797,79.35090034484864,72.91321804039336,73.28604816448953,74.8522299181134,76.55745226063752,77.35526758349054,73.43530292564353,74.54306778181083,-1.1077648561673072,-1.1417281101918646,-5.698482119886802,5.698482119886802,5.698482119886802,5.698482119886802,-5.698482119886802,5.698482119886802,5.698482119886802,5.698482119886802,-5.698482119886802,3.5500030517578125,2.2558502197265624,72.76000213623047,68.57492958068848,69.00629959106445,69.43766960144043,,,,,,,,,,0.0,0.0,0.0
2018-10-24,71.4800033569336,71.55000305175781,68.0,68.18000030517578,68.18000030517578,1413800,-5.698482119886802,2.4174742602196626,2.643987187225208,2.55906045516208,2.0658700247354447,71.8220001220703,72.66799926757812,74.6436663309733,77.59799982706706,79.21580032348633,71.33547879532084,72.35767582643248,74.42176349147226,76.28278170472073,77.17357912253382,72.62679483018695,74.07172945020824,-1.4449346200212858,-1.2023694121577488,-4.106780638346894,-4.106780638346894,-4.106780638346894,-4.106780638346894,4.106780638346894,-4.106780638346894,-4.106780638346894,-4.106780638346894,-4.106780638346894,2.6500015258789062,2.3448501586914063,71.55000305175781,67.79713165283204,68.24830169677735,68.69947174072266,,1.0,1.0,,68.24830169677735,68.69947174072266,,68.18000030517578,68.18000030517578,0.0,-0.10007778934195882,-0.756150553103819
2018-10-25,69.08000183105469,71.7300033569336,69.08000183105469,70.9800033569336,70.9800033569336,1283200,4.106780638346894,3.558463139057084,2.9452710655970957,2.754257604771267,2.1400432476090594,71.33800048828125,72.62699966430664,74.49966634114584,77.41133321126303,79.10840034484863,71.2169869825251,72.10718992288723,74.19971445053429,76.10892011954739,77.05093405786847,72.37344229584028,73.84271270255826,-1.4692704067179818,-1.2557496110697954,1.7469786341492672,1.7469786341492672,1.7469786341492672,1.7469786341492672,-1.7469786341492672,1.7469786341492672,1.7469786341492672,1.7469786341492672,1.7469786341492672,2.0199966430664062,2.301599884033203,71.7300033569336,66.39133270263672,66.860302734375,67.32927276611328,,,,,,,,,,0.0,0.0,0.0
2018-10-26,69.25,71.18000030517578,69.16000366210938,69.73999786376953,69.73999786376953,1380200,-1.7469786341492672,3.5793009739500428,2.914817144808607,2.6717124118913493,2.1136823687882775,70.81600036621094,72.33299942016602,74.29966634114584,77.16683311462403,79.00490036010743,70.72465727627325,71.676791366684,73.91199079977528,75.90010299640713,76.90616304412394,71.96829699859863,73.53880789968503,-1.5705109010863936,-1.3187018690731152,0.6022342727422204,0.6022342727422204,0.6022342727422204,0.6022342727422204,-0.6022342727422204,0.6022342727422204,0.6022342727422204,0.6022342727422204,0.6022342727422204,2.7899932861328125,2.358599853515625,71.18000030517578,66.66648361206055,67.12680358886719,67.58712356567383,,,,,,,,,,0.0,0.0,0.0
2018-10-29,70.87999725341797,71.08999633789062,68.30000305175781,69.31999969482422,69.31999969482422,1511700,-0.6022342727422204,3.496389739291057,2.9134987358326825,2.66636452887398,2.1140502504180745,70.10400085449218,72.00199966430664,74.1446662902832,76.91916643778482,78.88770034790039,70.25643808245691,71.24828378998221,73.61573330913329,75.68436190455195,76.75594198770217,71.5608666441718,73.22630358821385,-1.6654369440420567,-1.3880488840669036,-2.351409781583817,-2.351409781583817,-2.351409781583817,-2.351409781583817,2.351409781583817,-2.351409781583817,-2.351409781583817,-2.351409781583817,-2.351409781583817,2.2399978637695312,2.3982494354248045,71.08999633789062,65.9910806274414,66.46280059814453,66.93452056884766,,,,,,,,,,0.0,0.0,0.0
2018-10-30,69.41000366210938,71.16999816894531,68.93000030517578,70.94999694824219,70.94999694824219,1699300,2.351409781583817,3.8005522339358797,2.693776106012879,2.7378111135629264,2.1329085543372126,69.83399963378906,71.55199966430663,74.00833282470703,76.68166643778483,78.79560028076172,70.48762437105201,71.19404981875674,73.44375031810806,75.5291368240172,76.640972779,71.46688669095185,73.05768828154928,-1.5908015905974224,-1.4285994253730074,-3.6081822383386393,-3.6081822383386393,-3.6081822383386393,-3.6081822383386393,3.6081822383386393,-3.6081822383386393,-3.6081822383386393,-3.6081822383386393,-3.6081822383386393,4.045005798339844,2.4597496032714843,71.16999816894531,65.81384757995606,66.29349746704102,66.77314735412598,,,,,,,,,,0.0,0.0,0.0
2018-10-31,71.51000213623047,74.69000244140625,70.6449966430664,73.51000213623047,73.51000213623047,2470300,3.6081822383386393,2.59410214618052,3.0042034184944306,2.8678981577750946,2.185319871428685,70.9,71.36100006103516,73.89833297729493,76.47249984741211,78.73240028381348,71.4950836261115,71.6151320582974,73.44802462895467,75.46293568671271,76.57897336033129,71.78121214407165,73.09119301152566,-1.3099808674540157,-1.4048757137892092,-6.774582482408335,-6.774582482408335,-6.774582482408335,-6.774582482408335,6.774582482408335,-6.774582482408335,-6.774582482408335,-6.774582482408335,6.774582482408335,4.555000305175781,2.6314998626708985,74.69000244140625,65.75854904174804,66.25049896240235,66.74244888305664,,,,,,,,,,0.0,0.0,0.0
2018-11-01,75.04000091552734,78.88500213623047,74.33000183105469,78.48999786376953,78.48999786376953,2720300,6.774582482408335,3.401771958723641,3.57590969808696,3.2586851469938227,2.3647031262099074,72.4019989013672,71.86999969482422,73.8923329671224,76.35483309427897,78.71000022888184,73.82672170533084,72.86510765929233,73.77331322474919,75.56218362694408,76.6168154297063,72.81333302402517,73.49110448206224,-0.6777714580370713,-1.2594548626387816,-5.72047137975791,5.72047137975791,5.72047137975791,5.72047137975791,-5.72047137975791,-5.72047137975791,5.72047137975791,5.72047137975791,-5.72047137975791,3.7350006103515625,2.6067501068115235,78.88500213623047,68.90070274353027,69.42700271606445,69.95330268859863,,,,,,,,,,0.0,0.0,0.0
2018-11-02,77.4000015258789,77.43499755859375,73.69999694824219,74.0,74.0,2260100,-5.72047137975791,4.72514992355717,4.084987052092854,3.3561254962026714,2.472861766647336,73.25399932861328,72.03499984741211,73.73833287556967,76.16299972534179,78.64600021362304,73.88448113688723,73.07145172123919,73.78793817799118,75.51096449163444,76.5649973023854,72.99589717417514,73.52880044635393,-0.5329032721787854,-1.1141445445467824,-6.324324736724028,6.324324736724028,6.324324736724028,6.324324736724028,-6.324324736724028,-6.324324736724028,6.324324736724028,6.324324736724028,-6.324324736724028,6.209999084472656,2.8157501220703125,77.43499755859375,73.15015190124512,73.67150192260742,74.19285194396973,,,1.0,,,74.19285194396973,,,74.0,0.0,0.0,-0.2599333209557298
2018-11-05,72.19999694824219,73.0,66.79000091552734,69.31999969482422,69.31999969482422,2554900,-6.324324736724028,5.853821454984302,4.58151040393116,3.652752975617661,2.576577977616043,73.25399932861328,71.67900009155274,73.43399963378906,75.93183301289876,78.5027001953125,72.36298732286623,72.38936953461828,73.49968408230299,75.30798203928,76.42153200322576,72.43037448504423,73.21703742772209,-0.7866629426778644,-1.0486482241729989,0.9953872539583538,-0.9953872539583538,-0.9953872539583538,-0.9953872539583538,0.9953872539583538,-0.9953872539583538,-0.9953872539583538,-0.9953872539583538,0.9953872539583538,1.6599960327148438,2.7992496490478516,73.0,71.24034729003907,71.80349731445312,72.36664733886718,1.0,1.0,1.0,71.24034729003907,71.80349731445312,72.19999694824219,69.31999969482422,69.31999969482422,69.31999969482422,-2.695589884474574,-3.4587418614900947,-3.988916032063747
2018-11-06,69.5999984741211,70.95999908447266,69.30000305175781,70.01000213623047,70.01000213623047,1182700,0.9953872539583538,5.756230015408846,4.599501086911179,3.6321273714244575,2.581679172162023,73.06600036621094,71.45,73.22599970499674,75.71349970499675,78.35160018920898,71.57865892732099,71.95675728036595,73.27454331158863,75.13427778016363,76.29457101576051,72.05800950830364,72.97947925798196,-0.9214697496783231,-1.0232125292740637,0.38565438484207937,-0.38565438484207937,-0.38565438484207937,-0.38565438484207937,0.38565438484207937,-0.38565438484207937,-0.38565438484207937,-0.38565438484207937,0.38565438484207937,1.9599990844726562,2.731749725341797,70.95999908447266,66.84165077209472,67.4015007019043,67.96135063171387,,,,,,,,,,0.0,0.0,0.0
2018-11-07,70.5199966430664,70.68000030517578,68.72000122070312,70.27999877929688,70.27999877929688,1266200,0.38565438484207937,5.4020884230371955,4.178229220373618,3.419612151950961,2.582925155618408,72.41999969482421,71.65999984741211,73.06666641235351,75.5049996693929,78.19650016784668,71.14577221131296,71.65189209835339,73.08134689015046,74.97512109161062,76.1754705754345,71.78446939614875,72.77951774104234,-0.9950483448935898,-1.017579692397969,0.6403024835698793,-0.6403024835698793,-0.6403024835698793,-0.6403024835698793,0.6403024835698793,-0.6403024835698793,-0.6403024835698793,-0.6403024835698793,0.6403024835698793,1.8300018310546875,2.6592498779296876,70.68000030517578,64.9501496887207,65.49649963378906,66.04284957885741,,,,,,,,,,0.0,0.0,0.0
2018-11-08,69.9000015258789,71.19000244140625,69.36000061035156,70.7300033569336,70.7300033569336,1246700,0.6403024835698793,3.680233367833933,3.9737334100555275,3.4043425734295427,2.5833446616845497,70.86800079345703,71.6349998474121,72.9336664835612,75.31799977620443,78.06870018005371,71.00718259318651,71.48427596354978,72.92964730736229,74.83593690358842,76.06763954140479,71.6222438516541,72.62770186073799,-1.0054580090838812,-1.0151553557351516,3.6476766698778507,3.6476766698778507,3.6476766698778507,3.6476766698778507,-3.6476766698778507,3.6476766698778507,3.6476766698778507,3.6476766698778507,-3.6476766698778507,2.8000030517578125,2.6977500915527344,71.19000244140625,64.82965057373048,65.3615005493164,65.89335052490235,,,,,,,,,,0.0,0.0,0.0
2018-11-09,68.87000274658203,69.0,66.19999694824219,68.1500015258789,68.1500015258789,2442300,-3.6476766698778507,3.248443880291229,4.111566131496836,3.470565415411944,2.6202506494938707,69.69800109863282,71.47600021362305,72.64233322143555,75.08449974060059,77.91560020446778,70.05478890408398,70.87804424760962,72.62128306339562,74.61672590759794,75.91085463020626,71.08805272461177,72.29602035445212,-1.207967629840354,-1.0537178105561922,6.382981938990145,6.382981938990145,6.382981938990145,6.382981938990145,-6.382981938990145,6.382981938990145,6.382981938990145,6.382981938990145,6.382981938990145,2.8199996948242188,2.774250030517578,69.0,65.25495223999023,65.79450225830078,66.33405227661133,,,1.0,,,66.33405227661133,,,68.1500015258789,0.0,0.0,2.737582262719474
2018-11-12,64.8499984741211,65.20999908447266,62.38999938964844,63.79999923706055,63.79999923706055,2912500,-6.382981938990145,3.269850614824692,4.5631777481287585,3.729432492586507,2.7357132183645994,68.59400100708008,70.92400016784669,72.19899991353353,74.78949972788493,77.73130016326904,67.96985901507617,69.59112697296433,72.05216797782562,74.26207913151474,75.67103571153011,69.96681372652696,71.66668545686757,-1.699871730340604,-1.1829485945130747,0.2351061331902053,0.2351061331902053,0.2351061331902053,0.2351061331902053,-0.2351061331902053,0.2351061331902053,0.2351061331902053,0.2351061331902053,0.2351061331902053,4.629997253417969,2.8807498931884767,65.20999908447266,62.89664993286133,63.451499938964844,64.00634994506837,1.0,1.0,1.0,62.89664993286133,63.451499938964844,64.00634994506837,63.79999923706055,63.79999923706055,63.79999923706055,1.4362439099117241,0.5492372890017272,-0.3223909943074599
2018-11-13,63.88999938964844,65.62999725341797,61.0,63.65000152587891,63.65000152587891,3719800,-0.2351061331902053,3.06541942815106,4.44064353044645,3.5808281841867924,2.692172524270067,67.32200088500977,70.19400062561036,71.74433326721191,74.54733308156331,77.54730014801025,66.52990651867708,68.51092234622152,71.51009272286132,73.91414216083815,75.43299543062612,68.9949964648888,71.07285701753507,-2.0778605526462712,-1.361930986139714,1.209741460022775,1.209741460022775,1.209741460022775,1.209741460022775,-1.209741460022775,1.209741460022775,1.209741460022775,1.209741460022775,1.209741460022775,2.7500038146972656,2.9497499465942383,65.62999725341797,58.87234931945801,59.448499298095705,60.0246492767334,,,,,,,,,,0.0,0.0,0.0
2018-11-14,64.30000305175781,64.4800033569336,61.72999954223633,62.88000106811523,62.88000106811523,3144700,-1.209741460022775,2.8502812212808792,4.137247946707493,3.5775612198518205,2.641580019314953,65.84200134277344,69.13100051879883,71.2986666361491,74.24366645812988,77.37250015258789,65.31327136848981,67.48711847747492,70.9533126161035,73.55236704304396,75.18442128483382,68.05422794230824,70.46597879905953,-2.411750856751283,-1.571894960262028,-3.6259582621894646,-3.6259582621894646,-3.6259582621894646,-3.6259582621894646,3.6259582621894646,-3.6259582621894646,-3.6259582621894646,-3.6259582621894646,-3.6259582621894646,2.6599998474121094,2.986750030517578,64.4800033569336,59.140547370910646,59.73049736022949,60.32044734954834,,,,,,,,,,0.0,0.0,0.0
2018-11-15,62.90999984741211,65.4000015258789,62.7400016784668,65.16000366210938,65.16000366210938,1578700,3.6259582621894646,3.754705233517549,3.5125220760553377,3.6835846762375906,2.691722265057183,64.72800140380859,67.79800109863281,70.93166681925456,73.985999806722,77.20690017700196,65.26218213302967,67.064006692863,70.57955074810388,73.27720758793134,74.98591796557194,67.60896266843149,70.07294360372988,-2.4639809352983946,-1.7503121552693013,-1.7802270833655325,-1.7802270833655325,-1.7802270833655325,-1.7802270833655325,1.7802270833655325,-1.7802270833655325,-1.7802270833655325,-1.7802270833655325,-1.7802270833655325,2.6030044555664062,3.006900405883789,65.4000015258789,57.90915328979492,58.50650329589844,59.10385330200195,,,,,,,,,,0.0,0.0,0.0
2018-11-16,64.41000366210938,66.83000183105469,64.22699737548828,66.31999969482422,66.31999969482422,1582900,1.7802270833655325,3.788308243846419,3.3775676086416917,3.712067035794982,2.698362369795812,64.36200103759765,67.03000106811524,70.71933339436849,73.77133318583171,77.07120018005371,65.61478798696119,66.92873269321959,70.30474100273099,73.04910241110817,74.81431562357695,67.41066067249191,69.79494775862577,-2.3842870861338525,-1.8771071414422116,4.779852508341763,4.779852508341763,4.779852508341763,4.779852508341763,-4.779852508341763,4.779852508341763,4.779852508341763,4.779852508341763,4.779852508341763,3.1799964904785085,3.090400123596191,66.83000183105469,58.78482063293457,59.386200714111325,59.98758079528808,,,,,,,,,,0.0,0.0,0.0
2018-11-19,65.5,66.23999786376953,63.06000137329102,63.15000152587891,63.15000152587891,1901700,-4.779852508341763,3.183886296721079,3.135583944397734,3.8288500685730975,2.7583751357435857,64.23200149536133,66.4130012512207,70.39166666666667,73.49666659037273,76.89790016174317,64.79319249993377,66.24169066279401,69.84314490745021,72.72454172634654,74.58333910679085,66.75517464993607,69.30272951916304,-2.547554869226971,-2.0111966869991633,1.7893919886164473,1.7893919886164473,1.7893919886164473,1.7893919886164473,-1.7893919886164473,1.7893919886164473,1.7893919886164473,1.7893919886164473,1.7893919886164473,1.6500015258789062,3.0169000625610347,66.23999786376953,60.03112155914307,60.64920158386231,61.26728160858154,,,,,,,,,,0.0,0.0,0.0
2018-11-20,61.34000015258789,62.95000076293945,61.29999923706055,62.02000045776367,62.02000045776367,2354500,-1.7893919886164473,3.267381724320533,3.0732880923202637,3.837363105475593,2.7643256961308946,63.906001281738284,65.61400108337402,69.9810001373291,73.20383332570394,76.71640018463135,63.86879515254374,65.47411062551576,69.33842591069624,72.3735731601635,74.33456012364178,66.02668631267878,68.76326810720752,-2.736581794528746,-2.15627370850508,-2.515319835177032,-2.515319835177032,-2.515319835177032,-2.515319835177032,2.515319835177032,-2.515319835177032,-2.515319835177032,-2.515319835177032,-2.515319835177032,1.7999954223632741,2.929399681091308,62.95000076293945,59.60281772613526,60.20619773864746,60.809577751159665,,,,,,,,,,0.0,0.0,0.0
2018-11-21,63.27000045776367,64.44999694824219,62.65000152587891,63.58000183105469,63.58000183105469,1792400,2.515319835177032,3.475874262677409,3.2604813648876174,3.710965878417493,2.7882049902417245,64.04600143432617,64.94400138854981,69.75733350118001,72.93299999237061,76.55120021820068,63.7725307120474,65.12972720834102,68.96691467975162,72.08525934609436,74.12159857329351,65.65027331550584,68.37932245712213,-2.7290491416162865,-2.270828795127321,-1.179616197547314,-1.179616197547314,-1.179616197547314,-1.179616197547314,1.179616197547314,-1.179616197547314,-1.179616197547314,-1.179616197547314,-1.179616197547314,1.6400032043457031,2.8788997650146477,64.44999694824219,56.505321464538575,57.09120140075684,57.6770813369751,,,,,,,,,,0.0,0.0,0.0
2018-11-23,63.2599983215332,64.9000015258789,63.2599983215332,64.33000183105469,64.33000183105469,464400,1.179616197547314,3.0289044055537793,3.293966302150995,3.584294846916768,2.7926501889712463,63.880001068115234,64.30400123596192,69.52200024922689,72.6670000076294,76.42010021209717,63.958354418383166,64.98432259428895,68.66775901209377,71.83098860789634,73.92770556849669,65.44715462559029,68.07937278111714,-2.632218155526857,-2.3431066672072283,-1.7721115454688419,-1.7721115454688419,-1.7721115454688419,-1.7721115454688419,1.7721115454688419,-1.7721115454688419,-1.7721115454688419,-1.7721115454688419,-1.7721115454688419,1.4370040893554688,2.8497501373291008,64.9000015258789,58.11641746520996,58.69219741821289,59.26797737121582,,,,,,,,,,0.0,0.0,0.0
2018-11-26,65.26000213623047,66.05000305175781,64.61299896240234,65.47000122070312,65.47000122070312,1092900,1.7721115454688419,3.0275672435642824,3.235975984804191,3.60252537127075,2.803777402560958,63.710001373291014,64.03600120544434,69.28166694641114,72.43483333587646,76.25660022735596,64.46223668582316,65.07262779909152,68.4614520578105,71.6224316443818,73.76022627448098,65.45066948637688,67.88608599886425,-2.4354165124873646,-2.3615686362632555,0.9775460175889763,0.9775460175889763,0.9775460175889763,0.9775460175889763,-0.9775460175889763,0.9775460175889763,0.9775460175889763,0.9775460175889763,0.9775460175889763,0.9899978637695312,2.7597503662109366,66.05000305175781,58.630551223754885,59.20050125122071,59.77045127868652,,,,,,,,,,0.0,0.0,0.0
2018-11-27,64.80000305175781,65.75,64.76000213623047,64.83000183105469,64.83000183105469,768400,-0.9775460175889763,1.8410668878136778,2.479800813227622,3.605415792279921,2.8010632167771425,64.04600143432617,64.13900146484374,69.02166709899902,72.18050009409586,76.08960025787354,64.58482506756701,65.02851398672118,68.22716494640692,71.3997290275514,73.58339014688838,65.35518215478885,67.65970939384131,-2.3045272390524616,-2.350160356821097,-3.37805761245972,-3.37805761245972,-3.37805761245972,-3.37805761245972,3.37805761245972,-3.37805761245972,-3.37805761245972,-3.37805761245972,3.37805761245972,2.5099945068359375,2.773250198364257,65.75,59.97855224609375,60.53050231933594,61.082452392578126,,,,,,,,,,0.0,0.0,0.0
2018-11-28,65.31999969482422,67.12999725341797,64.62000274658203,67.0199966430664,67.0199966430664,1146500,3.37805761245972,1.6466541499054683,2.6674063503060785,3.6517422574443503,2.840583967217467,65.04600067138672,64.4760009765625,68.7406670888265,71.95950005849203,75.93400020599366,65.39654892606681,65.3906017424203,68.14928312038495,71.25613124445354,73.45342195869388,65.61130746067771,67.61232326415428,-2.0010158034765766,-2.280331446152193,-2.5813127636407307,2.5813127636407307,2.5813127636407307,2.5813127636407307,-2.5813127636407307,-2.5813127636407307,2.5813127636407307,2.5813127636407307,-2.5813127636407307,2.0900039672851562,2.6755001068115227,67.12999725341797,59.64884956359863,60.20349960327149,60.75814964294434,,,,,,,,,,0.0,0.0,0.0
2018-11-29,66.55999755859375,67.29000091552734,65.19999694824219,65.29000091552734,65.29000091552734,906000,-2.5813127636407307,2.3466098909098045,2.799888505143548,3.571578579363085,2.8557398929131304,65.38800048828125,64.71700096130371,68.40300051371257,71.71966673533122,75.75400020599365,65.36103292255366,65.37231068298522,67.96481330071673,71.06052041399694,73.29177005684899,65.56187568450073,67.44029938647822,-1.878423701977482,-2.199949897317251,0.7964414700180225,-0.7964414700180225,-0.7964414700180225,-0.7964414700180225,0.7964414700180225,-0.7964414700180225,-0.7964414700180225,-0.7964414700180225,0.7964414700180225,1.4600067138671875,2.520750427246093,67.29000091552734,61.24389701843262,61.77899703979492,62.31409706115723,,,,,,,,,,0.0,0.0,0.0
2018-11-30,65.45999908447266,66.30000305175781,64.83999633789062,65.80999755859375,65.80999755859375,1711200,0.7964414700180225,2.327255443746138,2.572802956055433,3.15379637713361,2.768668910936253,65.68399963378906,64.78200035095215,68.15000038146972,71.56433340708415,75.60950016021728,65.5106878012337,65.45189011491404,67.82579293025718,70.88837212365586,73.14361614599244,65.60004828051504,67.31953628811641,-1.7194880076013703,-2.103857519374075,2.9478840804985205,-2.9478840804985205,-2.9478840804985205,-2.9478840804985205,2.9478840804985205,2.9478840804985205,-2.9478840804985205,-2.9478840804985205,2.9478840804985205,1.3199996948242188,2.400000381469726,66.30000305175781,61.74434997558594,62.24850006103516,62.75265014648438,,,,,,,,,,0.0,0.0,0.0
2018-12-03,67.68000030517578,68.52999877929688,67.20999908447266,67.75,67.75,1440100,2.9478840804985205,2.5404056465797114,2.6803024825011152,3.0397624623127415,2.797979218684724,66.13999938964844,64.92500038146973,67.99666709899903,71.44433345794678,75.46720012664795,66.25712520082247,65.86972827583875,67.82090306378898,70.78547467697861,73.03681186587377,65.93081008351272,67.35142248899668,-1.4206124054839506,-1.9672084965960501,-5.298887583602398,5.298887583602398,5.298887583602398,5.298887583602398,-5.298887583602398,-5.298887583602398,5.298887583602398,5.298887583602398,-5.298887583602398,3.5499954223632812,2.267000198364257,68.52999877929688,61.02000221252442,61.50000228881836,61.980002365112306,,,,,,,,,,0.0,0.0,0.0
2018-12-04,67.4800033569336,67.58999633789062,64.04000091552734,64.16000366210938,64.16000366210938,1589600,-5.298887583602398,3.7202869724913126,2.791176086597274,2.941560019027683,2.872997252056543,66.00599975585938,65.02600059509277,67.7060006459554,71.28066679636638,75.29510013580322,65.55808468791811,65.55886925516069,67.5847160056161,70.56824611911404,72.86103348560121,65.65837832637375,67.11502109441243,-1.4566427680386766,-1.8650953508845753,-2.244392704510819,2.244392704510819,2.244392704510819,2.244392704510819,-2.244392704510819,2.244392704510819,2.244392704510819,2.244392704510819,-2.244392704510819,1.9500007629394602,2.281500434875488,67.58999633789062,63.54259834289551,63.99599838256836,64.44939842224122,,,1.0,,,64.44939842224122,,,64.16000366210938,0.0,0.0,-0.44902631710519225
2018-12-06,61.84999847412109,62.7400016784668,60.79000091552734,62.72000122070312,62.72000122070312,2309800,-2.244392704510819,3.2000570584445613,2.830535810307541,2.9530863716717395,2.8840875395110186,65.14600067138672,65.09600067138672,67.38666725158691,71.10316677093506,75.10900012969971,64.61205686551313,65.04271143071385,67.27086343884753,70.3109266142481,72.66022096550422,65.20632031011672,66.78946406673026,-1.5831437566135378,-1.808705032030368,-2.5350767245569674,2.5350767245569674,2.5350767245569674,2.5350767245569674,-2.5350767245569674,2.5350767245569674,2.5350767245569674,2.5350767245569674,-2.5350767245569674,2.470001220703118,2.307000541687011,62.7400016784668,62.570695381164555,63.026995468139646,63.48329555511474,1.0,1.0,1.0,61.84999847412109,61.84999847412109,61.84999847412109,62.72000122070312,62.72000122070312,62.72000122070312,1.4066334164034826,1.4066334164034826,1.4066334164034826
2018-12-07,62.59000015258789,63.38000106811523,60.90999984741211,61.13000106811523,61.13000106811523,1104700,-2.5350767245569674,3.195405721094669,2.8118560278961104,2.9787641525673823,2.899110024534438,64.31400070190429,64.85100059509277,67.15166727701823,70.89766680399576,74.89310012817383,63.45137159971382,64.33130954660501,66.87467876976802,70.00991266191588,72.43189977941732,64.57919427288573,66.37024458535137,-1.791050312465643,-1.805174088117423,2.6337323445448377,2.6337323445448377,2.6337323445448377,2.6337323445448377,-2.6337323445448377,2.6337323445448377,2.6337323445448377,2.6337323445448377,-2.6337323445448377,1.8800010681152273,2.309500503540038,63.38000106811523,57.664600486755376,58.126000595092776,58.58740070343018,,,,,,,,,,0.0,0.0,0.0
2018-12-10,60.09999847412109,60.79000091552734,58.90999984741211,59.52000045776367,59.52000045776367,1600000,-2.6337323445448377,3.0041948968356778,2.838861777141884,2.993914474382645,2.89181947069783,63.05600128173828,64.37000045776367,66.76966718037923,70.63466676076253,74.66430011749267,62.14091455239711,63.45652607590658,66.40018339480001,69.66598111423876,72.1762186047311,63.80085676286695,65.86281909441895,-2.061962331552003,-1.856531736804339,-0.10080875811416289,-0.10080875811416289,-0.10080875811416289,-0.10080875811416289,0.10080875811416289,-0.10080875811416289,-0.10080875811416289,-0.10080875811416289,-0.10080875811416289,2.489997863769524,2.2940002441406238,60.79000091552734,58.29909996032714,58.76100006103515,59.222900161743155,,,1.0,,,59.222900161743155,,,59.52000045776367,0.0,0.0,0.501664550721273
2018-12-11,60.72999954223633,61.68999862670898,59.20000076293945,59.58000183105469,59.58000183105469,1245200,0.10080875811416289,1.9157212110371218,2.72145847432363,2.9238274584008144,2.8898456170412827,61.422001647949216,63.78100051879883,66.43100064595541,70.36533349355062,74.42250011444092,61.28727697861631,62.751703485933504,65.96017168101,69.33529326888846,71.9267885696088,63.15149446566507,65.39742522305863,-2.245930757393566,-1.9344115409221845,-1.7791163578669964,-1.7791163578669964,-1.7791163578669964,-1.7791163578669964,1.7791163578669964,-1.7791163578669964,-1.7791163578669964,-1.7791163578669964,-1.7791163578669964,2.319999694824226,2.269000244140624,61.68999862670898,55.74320037841797,56.20200042724609,56.660800476074215,,,,,,,,,,0.0,0.0,0.0
2018-12-12,60.79999923706055,62.15000152587891,59.83000183105469,60.63999938964844,60.63999938964844,1219700,1.7791163578669964,1.9654799656011583,2.8498555115351842,2.6335830963691373,2.890920366560028,60.71800079345703,63.3620002746582,66.14166730244955,70.14316679636637,74.21690013885498,61.07151778229369,62.36775728660895,65.61693475898667,69.05020166629043,71.703287793768,62.765110607816354,65.0450233094727,-2.279912701656343,-2.0035117730690164,-0.21438171079108923,-0.21438171079108923,-0.21438171079108923,-0.21438171079108923,0.21438171079108923,-0.21438171079108923,-0.21438171079108923,-0.21438171079108923,-0.21438171079108923,1.3899993896484304,2.107000350952147,62.15000152587891,56.69819808959961,57.15199813842773,57.60579818725586,,,,,,,,,,0.0,0.0,0.0
2018-12-13,61.25,61.7599983215332,60.36999893188477,60.77000045776367,60.77000045776367,1065000,0.21438171079108923,1.916639258763787,2.5110487693135988,2.635368973099422,2.88274672258761,60.32800064086914,62.73700065612793,65.80233408610026,69.90533345540365,73.99920013427734,60.971012007450355,62.07725604500071,65.30422932019809,68.77871965945349,71.48678705444118,62.45817058473133,64.72835495008684,-2.2701843653555116,-2.0568462915263157,0.4113871945315433,0.4113871945315433,0.4113871945315433,0.4113871945315433,-0.4113871945315433,0.4113871945315433,0.4113871945315433,0.4113871945315433,0.4113871945315433,1.7099990844726491,2.055000114440916,61.7599983215332,57.51460075378419,57.93600082397462,58.357400894165046,,,,,,,,,,0.0,0.0,0.0
2018-12-14,60.0,61.54000091552734,59.83000183105469,60.52000045776367,60.52000045776367,1650700,-0.4113871945315433,1.5926670604849051,2.4469193503193587,2.625264584079706,2.861389738649116,60.20600051879883,62.26000061035156,65.36933403015136,69.63383350372314,73.79220012664796,60.82067482422147,61.79411866550306,64.99556939358942,68.50794198070956,71.26962296341786,62.159990565197845,64.41662498769253,-2.2566344224946846,-2.0968039177199898,0.2974228417288294,0.2974228417288294,0.2974228417288294,0.2974228417288294,-0.2974228417288294,0.2974228417288294,0.2974228417288294,0.2974228417288294,0.2974228417288294,2.6300010681152415,2.053500175476073,61.54000091552734,57.238998069763184,57.64999809265137,58.060998115539554,,,,,,,,,,0.0,0.0,0.0
2018-12-17,60.52999877929688,62.31000137329102,59.68000030517578,60.34000015258789,60.34000015258789,1154400,-0.2974228417288294,0.8796528346124688,2.3950757345774822,2.469594801145482,2.8380936289889904,60.37000045776367,61.71300086975098,64.76433410644532,69.32833353678386,73.58310012817383,60.660449933676944,61.52973348133666,64.69521008771835,68.24014060929574,71.05319478894597,61.87999204018092,64.11465277768478,-2.2346607375038587,-2.124375281676764,-2.2538956031030675,-2.2538956031030675,-2.2538956031030675,-2.2538956031030675,2.2538956031030675,-2.2538956031030675,-2.2538956031030675,-2.2538956031030675,-2.2538956031030675,1.9899978637695455,2.02284984588623,62.31000137329102,57.02230052947998,57.43300056457519,57.843700599670406,,,,,,,,,,0.0,0.0,0.0
2018-12-18,61.15000152587891,62.95999908447266,60.97000122070312,61.70000076293945,61.70000076293945,1028100,2.2538956031030675,1.2292929740260032,2.2805069460108953,2.4932992930547533,2.8584622482178643,60.794000244140626,61.108000946044925,64.35433413187663,69.04633350372315,73.3781001663208,61.00696687676445,61.5606911689008,64.5019707764423,68.0257097946611,70.86798302605476,61.85230107445146,63.93578966548142,-2.083488591029962,-2.1161979435474034,3.338738002947271,3.338738002947271,3.338738002947271,3.338738002947271,-3.338738002947271,3.338738002947271,3.338738002947271,3.338738002947271,-3.338738002947271,2.9699974060058594,2.0123498916625975,62.95999908447266,57.859731712341315,58.26430168151856,58.668871650695806,,,,,,,,,,0.0,0.0,0.0
2018-12-19,61.31999969482422,62.29999923706055,59.33000183105469,59.63999938964844,59.63999938964844,1165200,-3.338738002947271,2.0020025553039096,1.9162439881118198,2.3760139207341413,2.8840633384455705,60.594000244140624,60.65600051879883,64.03166745503744,68.73283354441325,73.15730014801025,60.55131104772578,61.21147448176401,64.18829520310076,67.75076846990657,70.64564671642295,61.511946969097146,63.61758297838268,-2.105636009285533,-2.1140855566950294,-0.26827607151163074,-0.26827607151163074,-0.26827607151163074,-0.26827607151163074,0.26827607151163074,-0.26827607151163074,-0.26827607151163074,-0.26827607151163074,0.26827607151163074,2.2900009155273366,2.044349861145019,62.29999923706055,58.53282932281495,58.93529930114747,59.337769279479986,,,1.0,,,59.337769279479986,,,59.63999938964844,0.0,0.0,0.5093385104265594
2018-12-20,59.81000137329102,60.81999969482422,58.52999877929688,59.79999923706055,59.79999923706055,1863700,0.26827607151163074,2.0057127194860316,1.8566857373011587,2.350650707277976,2.8681461493369755,60.4,60.36400032043457,63.6913340250651,68.45866686503092,72.9470001220703,60.30087377750404,60.95484261909065,63.905179334323975,67.4900875114526,70.4308814198019,61.24857039493767,63.334798997544006,-2.086228602606333,-2.10851416587729,-3.545148760756027,3.545148760756027,3.545148760756027,3.545148760756027,-3.545148760756027,3.545148760756027,3.545148760756027,3.545148760756027,-3.545148760756027,3.9199981689453196,2.150349998474121,60.81999969482422,57.8024295425415,58.21129951477051,58.620169486999515,,,1.0,,,58.620169486999515,,,59.79999923706055,0.0,0.0,2.012668609432609
2018-12-21,59.65000152587891,61.02999877929688,57.11000061035156,57.68000030517578,57.68000030517578,2590500,-3.545148760756027,2.4806357916647643,2.0037669186474694,2.3786774802975232,2.8935172111204053,59.831999969482425,60.01900024414063,63.27133407592773,68.16900024414062,72.70620010375977,59.42724928672796,60.3594167438334,63.50355488083055,67.16844530796811,70.17838872446276,60.69955961189738,62.91592502033154,-2.2163654084341644,-2.130084414388665,2.097779261565099,2.097779261565099,2.097779261565099,2.097779261565099,-2.097779261565099,2.097779261565099,2.097779261565099,2.097779261565099,2.097779261565099,2.7800025939941335,2.2073499679565427,61.02999877929688,56.08922969818115,56.51929969787598,56.9493696975708,,,,,,,,,,0.0,0.0,0.0
2018-12-24,57.11000061035156,59.2400016784668,56.45999908447266,56.47000122070312,56.47000122070312,643300,-2.097779261565099,2.4961436760268114,1.9485743518941745,2.372759540490942,2.9018414198191103,59.05800018310547,59.71400032043457,62.79600067138672,67.86483357747396,72.44910011291503,58.441499931386346,59.65225028508244,63.04977722533846,66.81767664936926,69.90693550656653,60.04885832094442,62.43844918332203,-2.3895908623776094,-2.181985703986454,-6.286522331008995,-6.286522331008995,-6.286522331008995,-6.286522331008995,6.286522331008995,-6.286522331008995,-6.286522331008995,-6.286522331008995,-6.286522331008995,3.7399978637695312,2.3224996566772456,59.2400016784668,56.173828849792486,56.6152988433838,57.0567688369751,,1.0,1.0,,56.6152988433838,57.0567688369751,,56.47000122070312,56.47000122070312,0.0,-0.25664021147820815,-1.0283926486417776
2018-12-26,57.20000076293945,60.06999969482422,56.33000183105469,60.02000045776367,60.02000045776367,865800,6.286522331008995,4.078306229172202,2.908486290744377,2.790504598568048,2.9988219617552367,58.72200012207031,59.758000183105466,62.52500063578288,67.58366692860922,72.20520008087158,58.96766677351212,59.71911395284266,62.854307756462674,66.59480202013629,69.71115461451102,60.04441864968584,62.25930483328067,-2.2148861835948352,-2.1885657999081305,-0.6164593953062953,-0.6164593953062953,-0.6164593953062953,-0.6164593953062953,0.6164593953062953,-0.6164593953062953,-0.6164593953062953,-0.6164593953062953,-0.6164593953062953,2.1799964904785156,2.381999588012695,60.06999969482422,54.130502433776854,54.59500236511231,55.059502296447754,,,,,,,,,,0.0,0.0,0.0
2018-12-27,59.33000183105469,60.41999816894531,58.2400016784668,60.38999938964844,60.38999938964844,991600,0.6164593953062953,3.7574577988476787,2.8571884286932563,2.795803196795326,3.0003922528627687,58.87200012207031,59.73300018310547,62.41133397420247,67.305166943868,71.96730007171631,59.441777645557565,59.84109312317098,62.69532011989401,66.39136586831701,69.52657728332561,60.09758491737239,62.12083776338199,-2.023252846009605,-2.1555032091284256,-0.6623638515013202,-0.6623638515013202,-0.6623638515013202,-0.6623638515013202,0.6623638515013202,-0.6623638515013202,-0.6623638515013202,-0.6623638515013202,0.6623638515013202,2.2600021362304545,2.369499969482421,60.41999816894531,54.82960060119629,55.306000518798825,55.78240043640137,,,,,,,,,,0.0,0.0,0.0
2018-12-28,60.97999954223633,62.22000122070312,59.95999908447266,60.79000091552734,60.79000091552734,1108100,0.6623638515013202,3.760609351910904,2.8645145629988233,2.6700107960156245,3.0023011241944877,59.07000045776367,59.73500022888184,62.316000620524086,67.030166943868,71.72320011138916,59.891185402214155,60.01362181269031,62.57239630025746,66.20771455838947,69.35357577109198,60.20411045555007,62.0222572561335,-1.8181468005834276,-2.088031927419426,0.09870270173936223,0.09870270173936223,0.09870270173936223,0.09870270173936223,-0.09870270173936223,0.09870270173936223,0.09870270173936223,0.09870270173936223,-0.09870270173936223,1.9099998474121094,2.3604997634887686,62.22000122070312,55.207098236083986,55.680998229980474,56.154898223876955,,,,,,,,,,0.0,0.0,0.0
2018-12-31,61.34000015258789,61.75,59.84000015258789,60.72999954223633,60.72999954223633,809100,-0.09870270173936223,3.1218821177075453,2.860747552851545,2.623148722371092,2.999641233052125,59.68000030517578,59.7560001373291,62.24433390299479,66.77150026957194,71.46990013122559,60.17079011555488,60.143872308971396,62.45353199328836,66.02811734474511,69.18281188537208,60.28501646888642,61.92653446251148,-1.6415179936250652,-1.998729140660554,-0.7409859481828052,-0.7409859481828052,-0.7409859481828052,-0.7409859481828052,0.7409859481828052,0.7409859481828052,-0.7409859481828052,-0.7409859481828052,0.7409859481828052,2.3800010681152273,2.4064994812011706,61.75,57.02690174102783,57.49900169372558,57.971101646423335,,,,,,,,,,0.0,0.0,0.0
2019-01-02,59.61999893188477,62.0,59.61999893188477,61.18000030517578,61.18000030517578,725500,0.7409859481828052,2.618438432132879,2.864733117679468,2.621925767804391,3.002722704188826,60.62200012207031,59.84000015258789,62.11166712443034,66.52166697184245,71.22620010375977,60.507193512095185,60.33225921737219,62.37136865857142,65.86916268771004,69.02434036893254,60.42270628985401,61.87123563604217,-1.4485293461881596,-1.8886891817660754,-9.055248263963582,9.055248263963582,9.055248263963582,9.055248263963582,-9.055248263963582,-9.055248263963582,9.055248263963582,9.055248263963582,-9.055248263963582,3.7150001525878906,2.5262495040893542,62.0,56.45570114135742,56.93700103759766,57.41830093383789,,,,,,,,,,0.0,0.0,0.0
2019-01-03,57.95000076293945,58.45000076293945,54.73500061035156,55.63999938964844,55.63999938964844,2864300,-9.055248263963582,4.277729415755002,3.9713144423994122,3.1519448919206146,3.161961890291147,59.74599990844727,59.234000015258786,61.75566711425781,66.23750025431315,70.92750007629394,58.8847954712796,59.47912106687696,61.93708677025381,65.53378028449491,68.75930391389721,59.686905228283926,61.409662580753746,-1.72275735246982,-1.8555028159068245,6.7038094592975215,-6.7038094592975215,-6.7038094592975215,-6.7038094592975215,6.7038094592975215,-6.7038094592975215,-6.7038094592975215,-6.7038094592975215,6.7038094592975215,3.1399993896484304,2.5057497024536115,58.45000076293945,56.44225109100342,56.94750099182129,57.45275089263916,1.0,1.0,1.0,56.44225109100342,56.94750099182129,57.45275089263916,55.63999938964844,55.63999938964844,55.63999938964844,-1.4213673017071735,-2.295977135784478,-3.155204015170962
2019-01-04,56.47999954223633,59.45000076293945,56.31000137329102,59.36999893188477,59.36999893188477,1976700,6.7038094592975215,5.650596342060743,4.532034588337029,3.408854287225126,3.290919464186252,59.54199981689453,59.206999969482425,61.62966702779134,66.010666847229,70.68930004119873,59.046529958148,59.45928067869656,61.77146820003646,65.33168909260604,68.57337708257023,59.63815041345329,61.25857638454123,-1.6204259710879398,-1.8084874469430476,0.6905842256835854,-0.6905842256835854,-0.6905842256835854,-0.6905842256835854,0.6905842256835854,-0.6905842256835854,-0.6905842256835854,-0.6905842256835854,0.6905842256835854,2.029998779296882,2.5097496032714828,59.45000076293945,52.93735141754151,53.43850135803223,53.93965129852295,,,,,,,,,,0.0,0.0,0.0
2019-01-07,59.38000106811523,60.86999893188477,58.84000015258789,59.77999877929688,59.77999877929688,1093600,0.6905842256835854,5.651698723573877,4.536279265884708,3.3852664739775293,3.281382338560346,59.33999938964844,59.204999923706055,61.55500030517578,65.76800022125244,70.45600002288819,59.29101956519763,59.51759306062389,61.64298630192423,65.14966645938279,68.39925077953512,59.65997323896769,61.14905211748609,-1.4890788785184057,-1.7446057332581195,-0.6858478684915953,0.6858478684915953,0.6858478684915953,0.6858478684915953,-0.6858478684915953,0.6858478684915953,0.6858478684915953,0.6858478684915953,-0.6858478684915953,1.1299972534179688,2.442749404907225,60.86999893188477,53.92855163574219,54.430501556396486,54.93245147705078,,,,,,,,,,0.0,0.0,0.0
2019-01-08,60.02999877929688,60.02999877929688,58.90000152587891,59.36999893188477,59.36999893188477,1505200,-0.6858478684915953,5.655070099924601,4.368680705304263,3.342681123714015,3.2118370904916445,59.067999267578124,59.373999786376956,61.41466687520345,65.58600018819173,70.22180000305175,59.31734602076001,59.4907577644895,61.49634195547008,64.96016916339924,68.22045371324502,59.615361807108776,61.01727040003414,-1.4019085929253663,-1.676066305191569,-1.8191036727047392,-1.8191036727047392,-1.8191036727047392,-1.8191036727047392,1.8191036727047392,-1.8191036727047392,-1.8191036727047392,-1.8191036727047392,1.8191036727047392,2.25,2.461249351501464,60.02999877929688,55.49595024108888,55.98450012207032,56.47305000305177,,,,,,,,,,0.0,0.0,0.0
2019-01-09,59.86999893188477,61.7400016784668,59.4900016784668,60.45000076293945,60.45000076293945,1986300,1.8191036727047392,5.725804361368805,4.297216692889668,3.3126581853626114,3.214410854425247,58.92199935913086,59.771999740600585,61.28533350626628,65.40366687774659,70.00680004119873,59.694897601486495,59.66516558238949,61.42883607208101,64.81229478961367,68.06658335779343,59.74376780031349,60.97525042691602,-1.2314826266025278,-1.587149569473761,-2.332505921615387,-2.332505921615387,-2.332505921615387,-2.332505921615387,2.332505921615387,2.332505921615387,-2.332505921615387,-2.332505921615387,2.332505921615387,2.2600021362304545,2.4497495651245105,61.7400016784668,54.61525020599366,55.10750007629395,55.599749946594244,,,,,,,,,,0.0,0.0,0.0
2019-01-10,61.0099983215332,62.38000106811523,60.11999893188477,61.86000061035156,61.86000061035156,3203000,2.332505921615387,2.786103106270277,3.8962208327562133,3.348999781031883,3.220752916638218,60.16599960327149,59.955999755859374,61.16500015258789,65.22333354949951,69.80380001068116,60.41659860444152,60.064226496564416,61.45665313906621,64.71549825914606,67.94368072913122,60.069342078780885,61.040787477540874,-0.9714453987599896,-1.464008735331007,2.9582896836428185,-2.9582896836428185,-2.9582896836428185,-2.9582896836428185,2.9582896836428185,2.9582896836428185,-2.9582896836428185,-2.9582896836428185,2.9582896836428185,3.039997100830078,2.485749435424803,62.38000106811523,56.35055263519288,56.84050254821778,57.33045246124268,,,,,,,,,,0.0,0.0,0.0
2019-01-11,61.70000076293945,64.5199966430664,61.47999954223633,63.68999862670898,63.68999862670898,1506400,2.9582896836428185,1.4426439032242513,3.9819416179010783,3.3876434854691615,3.2467153022107094,61.029999542236325,60.28599967956543,61.12700004577637,65.0743335723877,69.62569999694824,61.507731945197335,60.723457792954335,61.60073994472059,64.68187532037763,67.85944940037038,60.62636616307751,61.237025340442216,-0.6106591773647025,-1.2933388237377461,-3.9409614941969955,3.9409614941969955,3.9409614941969955,3.9409614941969955,-3.9409614941969955,-3.9409614941969955,3.9409614941969955,3.9409614941969955,-3.9409614941969955,1.75,2.5037494659423816,64.5199966430664,56.91135231018066,57.40850219726562,57.90565208435058,,,,,,,,,,0.0,0.0,0.0
2019-01-14,62.79999923706055,62.79999923706055,61.04999923706055,61.18000030517578,61.18000030517578,1259500,-3.9409614941969955,2.8403176578842677,4.232973404494067,3.518137538993141,3.2384365668053,61.30999984741211,60.32499961853027,60.93233350118001,64.83650029500326,69.45569999694824,61.39848806519016,60.80646552244914,61.573595451846735,64.56705974610871,67.72718308165365,60.711540646477246,61.23280126375582,-0.5212606172785712,-1.1389231824459112,0.6211197551809977,-0.6211197551809977,-0.6211197551809977,-0.6211197551809977,0.6211197551809977,0.6211197551809977,-0.6211197551809977,-0.6211197551809977,0.6211197551809977,1.0999984741210938,2.473249435424804,62.79999923706055,59.01174781799317,59.512497711181645,60.01324760437012,,,,,,,,,,0.0,0.0,0.0
2019-01-15,61.38000106811523,62.2599983215332,61.15999984741211,61.56000137329102,61.56000137329102,641800,0.6211197551809977,2.763388315007504,4.23446138520982,3.517920906461165,3.240448814056783,61.74800033569336,60.40799980163574,60.80800018310547,64.60550034840902,69.26030002593994,61.452325834557115,60.943472040784016,61.57271841452056,64.4684676683114,67.60506067158705,60.84207306598705,61.25703830890657,-0.4149652429195214,-0.9941315945406333,-0.24366719059885264,0.24366719059885264,0.24366719059885264,0.24366719059885264,-0.24366719059885264,-0.24366719059885264,0.24366719059885264,0.24366719059885264,-0.24366719059885264,1.1100006103515554,2.3972494125366195,62.2599983215332,57.35885047912598,57.85350036621094,58.3481502532959,,,,,,,,,,0.0,0.0,0.0
2019-01-16,61.61000061035156,62.47000122070312,61.36000061035156,61.40999984741211,61.40999984741211,735700,-0.24366719059885264,2.718993325825811,4.232407930371835,3.5175858512965545,3.22518840206895,61.94000015258789,60.430999755859375,60.661333592732746,64.40566698710124,69.06819999694824,61.43821717217545,61.02829527835276,61.56222044244905,64.3681900348393,67.48238619982122,60.92944641697552,61.26836879324031,-0.33892237626479016,-0.8630897508854647,1.3678556500164025,-1.3678556500164025,-1.3678556500164025,-1.3678556500164025,1.3678556500164025,1.3678556500164025,-1.3678556500164025,-1.3678556500164025,1.3678556500164025,2.5800018310546875,2.4267496109008766,62.47000122070312,56.98604961395264,57.46549949645996,57.94494937896729,,,,,,,,,,0.0,0.0,0.0
2019-01-17,60.88999938964844,62.58000183105469,60.0,62.25,62.25,998800,1.3678556500164025,2.5730587354094947,2.743234022255536,3.4951674411596154,3.227989095046638,62.01800003051758,61.09199981689453,60.478000259399415,64.23733367919922,68.89870002746582,61.70881144811697,61.25042340956134,61.606593317129764,64.29874118123801,67.37877459190396,61.1326085066716,61.341082215963254,-0.20847370929165265,-0.7321665425667023,1.6546165129267183,1.6546165129267183,-1.6546165129267183,-1.6546165129267183,1.6546165129267183,1.6546165129267183,-1.6546165129267183,-1.6546165129267183,1.6546165129267183,1.4099998474121094,2.348749732971189,62.58000183105469,57.131152076721186,57.61650199890136,58.10185192108154,,,,,,,,,,0.0,0.0,0.0
2019-01-18,62.54999923706055,63.56999969482422,62.15999984741211,63.27999877929688,63.27999877929688,888200,1.6546165129267183,2.265313536596386,1.9639076521284116,3.4137654563091804,3.234684891909876,61.93600006103516,61.48299980163574,60.44866676330567,64.07733370463053,68.73520004272461,62.23254055851028,61.619437113149615,61.714554959850226,64.26533979101043,67.2976107144266,61.46297624092165,61.48470566509908,-0.021729424177429735,-0.5900791188888478,-2.117572974774311,-2.117572974774311,2.117572974774311,2.117572974774311,-2.117572974774311,-2.117572974774311,2.117572974774311,2.117572974774311,-2.117572974774311,1.450000762939446,2.3067497253417946,63.56999969482422,57.412752418518075,57.88250236511231,58.35225231170655,,,,,,,,,,0.0,0.0,0.0
2019-01-22,62.4900016784668,62.72000122070312,61.27000045776367,61.93999862670898,61.93999862670898,737900,-2.117572974774311,1.5173314102495739,2.1505289591780423,3.458269082296518,3.2434169227145055,62.087999725341795,61.69899978637695,60.42266667683919,63.90466696421306,68.5587000656128,62.13502658124318,61.67772102470586,61.7290997125508,64.1890990970989,67.19151938595694,61.53636430027355,61.518431069662775,0.017933230610772455,-0.46847664898892377,-0.048431998647045824,-0.048431998647045824,0.048431998647045824,0.048431998647045824,-0.048431998647045824,-0.048431998647045824,0.048431998647045824,0.048431998647045824,-0.048431998647045824,1.4000015258789062,2.180749893188474,62.72000122070312,58.49515029907227,58.95650024414063,59.41785018920899,,,,,,,,,,0.0,0.0,0.0
2019-01-23,62.09999847412109,62.33000183105469,60.93000030517578,61.90999984741211,61.90999984741211,796500,-0.048431998647045824,1.5066116601630788,2.124833882233867,3.343674882356422,3.1622289767674423,62.157999420166014,61.952999877929685,60.44866663614909,63.80016695658366,68.37950004577637,62.06001766996616,61.71995353792517,61.740770688993464,64.1143745315354,67.08693484063922,61.59384669214102,61.547436164310874,0.04641052783014743,-0.36549921362510956,2.3744164502119043,2.3744164502119043,-2.3744164502119043,-2.3744164502119043,2.3744164502119043,2.3744164502119043,-2.3744164502119043,-2.3744164502119043,2.3744164502119043,1.8800010681152344,2.1357498168945286,62.33000183105469,57.92235145568848,58.35850143432617,58.794651412963866,,,,,,,,,,0.0,0.0,0.0
2019-01-24,62.27000045776367,64.1500015258789,62.27000045776367,63.38000106811523,63.38000106811523,955800,2.3744164502119043,1.7780169787192843,2.17161375512517,3.3166900469602263,3.130818167463876,62.55199966430664,62.24599990844727,60.57733332316081,63.67350025177002,68.21040004730224,62.500012136015854,62.021780361596086,61.84652748764649,64.09029671306261,67.01353021148032,61.86863967306013,61.683181712740826,0.1854579603193045,-0.25530777883622674,3.7551294225404424,3.7551294225404424,-3.7551294225404424,-3.7551294225404424,3.7551294225404424,3.7551294225404424,3.7551294225404424,-3.7551294225404424,3.7551294225404424,2.9200019836425852,2.0947500228881815,64.1500015258789,57.63135223388672,58.05850219726563,58.485652160644534,,,,,,,,,,0.0,0.0,0.0
2019-01-25,64.33999633789062,66.30000305175781,63.38000106811523,65.76000213623047,65.76000213623047,1463900,3.7551294225404424,2.2721316359380355,2.3449819268128547,3.1327446014581675,3.1633585151755024,63.25400009155273,62.636000061035155,60.78333333333333,63.60716698964437,68.07400005340577,63.586675469420726,62.70145704789324,62.099009723039,64.14504115316647,66.98870787335655,62.46731082124018,61.9851684107771,0.4821424104630836,-0.10781774097636468,-1.0188652320172358,-1.0188652320172358,1.0188652320172358,1.0188652320172358,-1.0188652320172358,-1.0188652320172358,-1.0188652320172358,1.0188652320172358,-1.0188652320172358,2.109996795654304,2.091250038146971,66.30000305175781,59.541551475524905,59.96050148010254,60.37945148468018,,,,,,,,,,0.0,0.0,0.0
2019-01-28,64.12000274658203,65.73999786376953,63.63000106811523,65.08999633789062,65.08999633789062,921700,-1.0188652320172358,2.4253440387362,2.2427853619631173,3.1509800228046245,3.165052089400692,63.61599960327148,62.77599983215332,60.93166656494141,63.53666693369548,67.92400005340576,64.08778242557736,63.135736918801854,62.29197660141653,64.17602329037054,66.95110962512949,62.870800900724866,62.215155664637365,0.6556452360875014,0.04487485443640851,-2.1969527898806724,-2.1969527898806724,2.1969527898806724,2.1969527898806724,-2.1969527898806724,-2.1969527898806724,-2.1969527898806724,2.1969527898806724,-2.1969527898806724,1.8149986267089773,2.068999862670897,65.73999786376953,61.699252967834475,62.11750297546387,62.53575298309327,,,,,,,,,,0.0,0.0,0.0
2019-01-29,65.0999984741211,65.18499755859375,63.36999893188477,63.65999984741211,63.65999984741211,1217600,-2.1969527898806724,2.4476468278430916,1.927106340020407,3.203995723004597,3.1609018800259436,63.95999984741211,63.023999786376955,61.02799987792969,63.41516698201497,67.75780006408691,63.945188232855614,63.23105745127644,62.38023616567431,64.15910448896206,66.88593913448162,62.99221612329213,62.32218115965772,0.6700349636344143,0.16990687627600967,2.9374786936333686,2.9374786936333686,-2.9374786936333686,-2.9374786936333686,2.9374786936333686,2.9374786936333686,2.9374786936333686,-2.9374786936333686,2.9374786936333686,1.7599945068359375,2.0614995956420885,65.18499755859375,61.18819816589356,61.60199813842774,62.01579811096192,,,,,,,,,,0.0,0.0,0.0
2019-01-30,64.55999755859375,65.83999633789062,64.08000183105469,65.52999877929688,65.52999877929688,636200,2.9374786936333686,2.6165337687168515,2.0872257223182253,3.2565751043070796,3.1486165448922163,64.68399963378906,63.42099952697754,61.194999821980794,63.28216692606608,67.61630004882812,64.47345841500271,63.64904678364379,62.58344665687577,64.20405184274352,66.85908883041854,63.38264422421594,62.559797279630985,0.8228469445849527,0.30049488993779827,-0.25942037557159336,-0.25942037557159336,0.25942037557159336,0.25942037557159336,-0.25942037557159336,-0.25942037557159336,-0.25942037557159336,0.25942037557159336,-0.25942037557159336,1.1899948120117188,2.001999282836913,65.83999633789062,60.649698448181155,61.06199836730957,61.47429828643799,,,,,,,,,,0.0,0.0,0.0
2019-01-31,65.47000122070312,65.7699966430664,64.58000183105469,65.36000061035156,65.36000061035156,992200,-0.25942037557159336,2.5783459488328724,2.0879779451930656,3.2592680084426786,3.0148265566242043,65.07999954223632,63.815999603271486,61.36233317057292,63.063333638509114,67.51860008239746,64.768972480119,63.960129297590655,62.76257917000324,64.24195180233723,66.82940391516969,63.686852899006034,62.767219748573254,0.9196331504327802,0.42432254203679465,0.8567894023321948,0.8567894023321948,-0.8567894023321948,-0.8567894023321948,0.8567894023321948,0.8567894023321948,0.8567894023321948,-0.8567894023321948,0.8567894023321948,1.024993896484375,1.8674989700317373,65.7699966430664,61.43559791564942,61.8359977722168,62.23639762878418,,,,,,,,,,0.0,0.0,0.0
2019-02-01,65.47000122070312,66.37999725341797,65.3550033569336,65.91999816894531,65.91999816894531,589400,0.8567894023321948,1.9541302425269647,2.074525492085987,2.3850102648586162,2.9313116640487524,65.1119987487793,64.18299942016601,61.502999750773114,62.92866694132487,67.4283000946045,65.15264770972777,64.3164690923824,62.9662836215479,64.29696971599651,66.811395880591,64.03041370976592,63.000758890823036,1.0296548189428876,0.5453889974180133,0.06068100218210874,0.06068100218210874,-0.06068100218210874,-0.06068100218210874,0.06068100218210874,0.06068100218210874,0.06068100218210874,-0.06068100218210874,0.06068100218210874,1.1299972534179688,1.766998863220214,66.37999725341797,61.661498908996585,62.034998703002934,62.408498497009276,,,,,,,,,,0.0,0.0,0.0
2019-02-04,65.77999877929688,66.41999816894531,65.29000091552734,65.95999908447266,65.95999908447266,891500,0.06068100218210874,1.8620720249125569,2.0449793850555444,1.9547322876253495,2.8170247229139105,65.2859992980957,64.4509994506836,61.713666407267254,62.872666931152345,67.34810005187988,65.42176483464274,64.6152927273079,63.15942655463983,64.3514952690613,66.79453653809361,64.32727299818234,63.21996186813041,1.1073111300519258,0.6577734239447959,0.12128840534432386,0.12128840534432386,-0.12128840534432386,-0.12128840534432386,0.12128840534432386,0.12128840534432386,0.12128840534432386,-0.12128840534432386,0.12128840534432386,0.8499984741210938,1.7079988479614248,66.41999816894531,62.4925997543335,62.84599952697754,63.19939929962158,,,,,,,,,,0.0,0.0,0.0
2019-02-05,66.0199966430664,66.36000061035156,65.51000213623047,66.04000091552734,66.04000091552734,840600,0.12128840534432386,1.2928278342046138,1.847581724527658,1.9566577190611352,2.813820322582772,65.76199951171876,64.86099967956542,61.92166646321615,62.80650024414062,67.27480003356933,65.62784352827094,64.87433057971144,63.34527006179386,64.40685610992904,66.77959523863686,64.5907696008508,63.42885364941907,1.1619159514317374,0.7586019294421842,3.921859936379353,3.921859936379353,-3.921859936379353,-3.921859936379353,3.921859936379353,3.921859936379353,3.921859936379353,-3.921859936379353,3.921859936379353,2.9549942016601562,1.799248695373534,66.36000061035156,62.66240070343018,63.004000473022465,63.34560024261475,,,,,,,,,,0.0,0.0,0.0
2019-02-06,67.75,70.68499755859375,67.7300033569336,68.62999725341797,68.62999725341797,2133600,3.921859936379353,1.7161375388509412,2.089597514151722,2.0752029429154777,2.8599241888898415,66.38199920654297,65.53299942016602,62.28666636149089,62.77900021870931,67.2265000152588,66.62856143665329,65.5571790658399,63.68622020318897,64.54531975397785,66.81623686269192,65.21218923970729,63.81412354601157,1.3980656936957132,0.8864946822928901,-3.0598842461945575,-3.0598842461945575,3.0598842461945575,3.0598842461945575,-3.0598842461945575,-3.0598842461945575,-3.0598842461945575,3.0598842461945575,-3.0598842461945575,2.0499954223632812,1.789248466491698,70.68499755859375,62.40165348052979,62.76150321960449,63.1213529586792,,,,,,,,,,0.0,0.0,0.0
2019-02-07,67.77999877929688,68.27999877929688,66.2300033569336,66.52999877929688,66.52999877929688,1868400,-3.0598842461945575,2.4886642890314468,2.393013533215086,2.2240676294510338,2.8856842092737685,66.61599884033203,65.84799919128417,62.62199961344401,62.70900014241536,67.13879997253417,66.59570721753448,65.73405537737753,63.86968978874432,64.61039119743093,66.81056878183261,65.4149291688749,64.0152994892179,1.3996296796570107,0.9891216817657142,-3.0362192696973245,-3.0362192696973245,3.0362192696973245,3.0362192696973245,-3.0362192696973245,-3.0362192696973245,-3.0362192696973245,3.0362192696973245,-3.0362192696973245,5.5249977111816335,1.9524982452392572,68.27999877929688,66.74865093231202,67.10650062561035,67.4643503189087,1.0,1.0,1.0,66.74865093231202,67.10650062561035,67.4643503189087,66.52999877929688,66.52999877929688,66.52999877929688,-0.3275753891069223,-0.8590849484609572,-1.3849559585100575
2019-02-08,60.81000137329102,65.08499908447266,59.56000137329102,64.51000213623047,64.51000213623047,3754400,-3.0362192696973245,2.880410830089723,2.3332328258733686,2.313912357321975,2.8738571017720336,66.33399963378906,65.72299919128417,62.77166633605957,62.64833348592122,67.02650001525879,65.90047219043315,65.51150024262351,63.91100026277569,64.6070997528014,66.76501300667216,65.27570962539114,64.05194412973734,1.223765495653808,1.0360504445433332,-0.015504783598280638,-0.015504783598280638,-0.015504783598280638,0.015504783598280638,-0.015504783598280638,-0.015504783598280638,-0.015504783598280638,0.015504783598280638,-0.015504783598280638,1.1299972534179688,1.8569982528686517,65.08499908447266,63.98450263977051,64.37500228881837,64.76550193786622,1.0,1.0,1.0,60.81000137329102,60.81000137329102,60.81000137329102,64.51000213623047,64.51000213623047,64.51000213623047,6.08452668867158,6.08452668867158,6.08452668867158
2019-02-11,64.48999786376953,65.44999694824219,64.31999969482422,64.5,64.5,1174900,-0.015504783598280638,2.8775749499612164,2.31404007122224,2.2235123452282775,2.750989324291102,66.04199981689453,65.66399955749512,62.90866635640462,62.66000016530355,66.93180000305176,65.43364812695543,65.32759110760105,63.949000245822425,64.60358828549643,66.72016126396579,65.15636968302327,64.0851334534605,1.0712362295627713,1.0430876015472208,1.054264039032219,1.054264039032219,1.054264039032219,-1.054264039032219,1.054264039032219,1.054264039032219,1.054264039032219,-1.054264039032219,1.054264039032219,0.9250030517578125,1.8157484054565423,65.44999694824219,60.99960292816162,61.37100257873535,61.742402229309086,,,,,,,,,,0.0,0.0,0.0
2019-02-12,65.16999816894531,65.73500061035156,64.80999755859375,65.18000030517578,65.18000030517578,1595400,1.054264039032219,2.9502691634253377,2.2074734356100842,2.0183730737879113,2.7537139286238026,65.86999969482422,65.81599960327148,63.054999669392906,62.685500144958496,66.83319999694824,65.34909885302889,65.300756416251,64.02841960449038,64.62248704024002,66.68966302715808,65.16000516335443,64.1662347017357,0.9937704616187233,1.0332241735615213,-0.4295777508221966,-0.4295777508221966,-0.4295777508221966,0.4295777508221966,-0.4295777508221966,-0.4295777508221966,-0.4295777508221966,0.4295777508221966,0.4295777508221966,0.779998779296875,1.7997484207153314,65.73500061035156,61.455350456237795,61.8185001373291,62.18164981842041,,,,,,,,,,0.0,0.0,0.0
2019-02-13,65.29000091552734,65.51000213623047,64.7300033569336,64.9000015258789,64.9000015258789,1429300,-0.4295777508221966,1.8612164388196033,2.000466568613049,2.0242390221807396,2.74937275745109,65.1240005493164,65.75299987792968,63.193999735514325,62.71916681925456,66.71410003662109,65.1993997439789,65.2278918907288,64.08465069619287,64.63158587583473,66.65422418554859,65.12000460374281,64.22058779982038,0.8994168039224348,1.006462699633704,0.3543965354790936,-0.3543965354790936,-0.3543965354790936,0.3543965354790936,-0.3543965354790936,0.3543965354790936,-0.3543965354790936,0.3543965354790936,0.3543965354790936,1.0300064086914062,1.7957487106323238,65.51000213623047,61.77555408477783,62.1355037689209,62.495453453063966,,,,,,,,,,0.0,0.0,0.0
2019-02-14,64.69000244140625,65.37000274658203,64.33999633789062,64.66999816894531,64.66999816894531,1671200,-0.3543965354790936,1.5077465893413433,2.0016456938235763,2.0259086872087146,2.710356269683863,64.75200042724609,65.68399963378906,63.310332997639975,62.71100006103516,66.57410003662109,65.02293255230104,65.12645666858634,64.12241504927367,64.63284529528097,66.61493258125941,65.0507728445432,64.2538774567926,0.7968953877506095,0.9645492372570852,-0.7577014180268902,0.7577014180268902,0.7577014180268902,-0.7577014180268902,0.7577014180268902,-0.7577014180268902,0.7577014180268902,-0.7577014180268902,-0.7577014180268902,0.779998779296875,1.7057485580444331,65.37000274658203,61.55935497283936,61.91850471496582,62.27765445709228,,,,,,,,,,0.0,0.0,0.0
2019-02-15,65.30999755859375,65.58000183105469,64.80000305175781,65.16000366210938,65.16000366210938,1532900,0.7577014180268902,0.6691286708689302,1.996687743764315,2.013193179164091,2.7023281372071994,64.88200073242187,65.60800018310547,63.62766647338867,62.691666793823245,66.43950004577637,65.06862292223715,65.13255612195417,64.18935625010178,64.65012917616059,66.58612210761287,65.06757758570723,64.32099791644569,0.7465796692615356,0.9209553236579753,0.4450596980183714,-0.4450596980183714,-0.4450596980183714,0.4450596980183714,-0.4450596980183714,0.4450596980183714,-0.4450596980183714,0.4450596980183714,0.4450596980183714,0.7299957275390625,1.671748352050781,65.58000183105469,61.61735591888428,61.958505630493164,62.29965534210205,,,,,,,,,,0.0,0.0,0.0
2019-02-19,65.0,65.52999877929688,64.80000305175781,64.87000274658203,64.87000274658203,1666200,-0.4450596980183714,0.7290120653418052,1.9986265391793692,1.9905933050979394,2.629142582976785,64.95600128173828,65.4990005493164,63.810999933878584,62.72033348083496,66.30370010375977,65.00241619701879,65.08481914461377,64.23326892729406,64.6573381456826,66.5521395460083,65.03718145661104,64.36166494090023,0.675516515710811,0.8718675620685425,-1.5261258237293565,1.5261258237293565,1.5261258237293565,-1.5261258237293565,1.5261258237293565,-1.5261258237293565,1.5261258237293565,-1.5261258237293565,-1.5261258237293565,1.32000732421875,1.6652486801147461,65.52999877929688,61.90215545654297,62.236505126953126,62.57085479736328,,,,,,,,,,0.0,0.0,0.0
2019-02-20,65.20999908447266,66.16000366210938,64.83999633789062,65.86000061035156,65.86000061035156,1730000,1.5261258237293565,0.8928697817582466,2.0678746449152583,1.9388903754373827,2.624044097867906,65.09200134277344,65.48100051879882,64.0136666615804,62.78433348337809,66.19980010986328,65.28827766812972,65.22576122929337,64.33821935845907,64.69676970190126,66.53843382451016,65.16376901872496,64.472652768267,0.6911162504579664,0.8357172997464274,-0.30366982445905555,0.30366982445905555,0.30366982445905555,-0.30366982445905555,0.30366982445905555,0.30366982445905555,0.30366982445905555,-0.30366982445905555,-0.30366982445905555,1.5500030517578125,1.6727487564086914,66.16000366210938,61.86645168304443,62.19950141906738,62.53255115509033,,,,,,,,,,0.0,0.0,0.0
2019-02-21,66.0,66.79000091552734,65.23999786376953,66.05999755859375,66.05999755859375,1377400,0.30366982445905555,0.8184808895580717,1.5573716759325098,1.9369180149967613,2.6054986012408126,65.32400054931641,65.2240005493164,64.23666661580404,62.825666745503746,66.10980010986329,65.54551763161774,65.37744056189344,64.4493018229839,64.74146569720264,66.52895983904648,65.30165033255093,64.59023386384676,0.7114164687041722,0.8108571335379764,2.633977531744103,2.633977531744103,2.633977531744103,-2.633977531744103,2.633977531744103,2.633977531744103,2.633977531744103,-2.633977531744103,-2.633977531744103,1.6300048828125,1.6602489471435546,66.79000091552734,62.47995639801025,62.814506149291994,63.14905590057373,,,,,,,,,,0.0,0.0,0.0
2019-02-22,66.61000061035156,68.16000366210938,66.52999877929688,67.80000305175781,67.80000305175781,1470100,2.633977531744103,1.179880793160667,1.5045775453121595,1.9520583104045084,2.622446831688048,65.9500015258789,65.3510009765625,64.48166669209799,62.88350009918213,66.04060012817382,66.29701277166444,65.8179064691415,64.66547609580803,64.84174561046675,66.55412901157541,65.68601228935199,64.82799454443277,0.8580177449192234,0.8202892558142258,1.3274245663342066,1.3274245663342066,1.3274245663342066,-1.3274245663342066,-1.3274245663342066,1.3274245663342066,1.3274245663342066,-1.3274245663342066,1.3274245663342066,1.3300018310546875,1.5807489395141598,68.16000366210938,63.13745323181152,63.469503021240236,63.801552810668944,,,,,,,,,,0.0,0.0,0.0
2019-02-25,68.8499984741211,69.91000366210938,68.58000183105469,68.69999694824219,68.69999694824219,1781500,1.3274245663342066,1.183533769881048,1.0149983646662495,1.7990248792720978,2.618328539553742,66.65800018310547,65.77000045776367,64.70966657002766,62.93733336130778,65.95870010375977,67.09800749719037,66.34192291988708,64.92576776370701,64.96824565432823,66.59662144596484,66.14970223687357,65.11480953730754,1.0348926995660293,0.8632099445645867,0.6404693754757267,0.6404693754757267,0.6404693754757267,-0.6404693754757267,-0.6404693754757267,0.6404693754757267,0.6404693754757267,-0.6404693754757267,0.6404693754757267,1.4499969482421875,1.547748947143554,69.91000366210938,64.68235599517823,64.99850578308106,65.31465557098389,,,,,,,,,,0.0,0.0,0.0
2019-02-26,68.41000366210938,69.56999969482422,68.12000274658203,69.13999938964844,69.13999938964844,1282300,0.6404693754757267,0.9025106144975006,0.9890908772970469,1.7763105404991733,2.615223390782441,67.51199951171876,66.23400039672852,64.89133326212566,63.009166653951006,65.87910011291504,67.77867146134307,66.85066409620732,65.19765367505808,65.10502446532233,66.64698536564175,66.60974795268508,65.41297174859204,1.196776204093041,0.9299231964702777,0.30373023767208346,0.30373023767208346,0.30373023767208346,-0.30373023767208346,-0.30373023767208346,0.30373023767208346,0.30373023767208346,0.30373023767208346,0.30373023767208346,1.5900039672851562,1.536499214172363,69.56999969482422,66.50495597839355,66.81450576782227,67.12405555725098,,,,,,,,,,0.0,0.0,0.0
2019-02-27,69.62000274658203,69.62000274658203,68.02999877929688,69.3499984741211,69.3499984741211,1120100,0.30373023767208346,0.9832675209506768,0.9878199811356752,1.6751539018336095,2.5806190142903978,68.20999908447266,66.65100021362305,65.16366653442383,63.04800001780192,65.79970008850097,68.30244713226908,67.30508852855527,65.46554688790086,65.24420394102064,66.70051037769086,67.03132495598292,65.70460335789049,1.3267215980924334,1.0092828767947088,1.139150588189477,1.139150588189477,1.139150588189477,-1.139150588189477,-1.139150588189477,1.139150588189477,1.139150588189477,1.139150588189477,1.139150588189477,1.4699935913085938,1.5219991683959957,69.62000274658203,66.18970142364502,66.49700126647949,66.80430110931397,,,,,,,,,,0.0,0.0,0.0
2019-02-28,68.87000274658203,70.33999633789062,68.87000274658203,70.13999938964844,70.13999938964844,1199900,1.139150588189477,0.8933370984059328,0.9239894060787611,1.5797159604825775,2.5599596241790596,69.0259994506836,67.175,65.44966646830241,63.12883332570394,65.73860008239745,68.91496455139554,67.82052686693585,65.76712446865876,65.40472182458221,66.76861907099695,67.50958256116223,66.03315121209478,1.4764313490674539,1.1027125712492578,0.5132600705506891,0.5132600705506891,0.5132600705506891,-0.5132600705506891,-0.5132600705506891,0.5132600705506891,0.5132600705506891,0.5132600705506891,0.5132600705506891,1.6800003051757812,1.546499443054199,70.33999633789062,66.27160457611085,66.57600440979004,66.88040424346924,,,,,,,,,,0.0,0.0,0.0
2019-03-01,70.5999984741211,71.2300033569336,69.55000305175781,70.5,70.5,1182400,0.5132600705506891,0.43185620806699515,0.842425668268811,1.5734026107632773,2.5590122355782663,69.56599884033203,67.75800018310547,65.75266647338867,63.20700003306071,65.681900100708,69.44330970093037,68.30770380022024,66.0724712771324,65.57178012541559,66.84250780226432,67.96964678252189,66.36402890008776,1.6056178824341316,1.2032936334862327,-0.6382935436059397,-0.6382935436059397,-0.6382935436059397,0.6382935436059397,0.6382935436059397,-0.6382935436059397,-0.6382935436059397,-0.6382935436059397,-0.6382935436059397,2.0449981689453125,1.5974996566772457,71.2300033569336,66.93769756317138,67.24699745178222,67.55629734039307,,,,,,,,,,0.0,0.0,0.0
2019-03-04,70.83999633789062,71.23999786376953,69.19499969482422,70.05000305175781,70.05000305175781,930300,-0.6382935436059397,0.6526811639207756,0.9692329655938775,1.5855765036564808,2.5342518358465784,69.83600006103515,68.24700012207032,66.01266657511393,63.245333417256674,65.65550010681153,69.64554081787286,68.62448548231798,66.32908623033403,65.71860710660714,66.90602255968004,68.28970159317358,66.63706402243369,1.6526375707398842,1.2931624209369632,-0.2712383056798199,-0.2712383056798199,-0.2712383056798199,0.2712383056798199,0.2712383056798199,-0.2712383056798199,-0.2712383056798199,-0.2712383056798199,-0.2712383056798199,1.2399978637695312,1.6029996871948238,71.23999786376953,67.71550411224365,68.03500404357911,68.35450397491455,,,,,,,,,,0.0,0.0,0.0
2019-03-05,70.26000213623047,70.55999755859375,69.31999969482422,69.86000061035156,69.86000061035156,1010500,-0.2712383056798199,0.6919650978629907,0.9471154728650467,1.5901226624670168,2.434280552097357,69.98000030517578,68.74599990844726,66.23199996948242,63.34033336639404,65.6243000793457,69.71702741536576,68.8491245965059,66.5568871580771,65.85439050017253,66.96451717454482,68.5312860573548,66.87580006598317,1.6554859913716342,1.3656271350238975,-1.130834395398337,-1.130834395398337,-1.130834395398337,1.130834395398337,1.130834395398337,-1.130834395398337,-1.130834395398337,-1.130834395398337,-1.130834395398337,0.9800033569335938,1.6094999313354488,70.55999755859375,67.71339855194091,68.03399848937988,68.35459842681885,,,,,,,,,,0.0,0.0,0.0
2019-03-06,69.8499984741211,70.0,69.0199966430664,69.06999969482422,69.06999969482422,1067200,-1.130834395398337,0.9070244416985299,1.069315906315296,1.6218469349978144,2.4197523356550636,69.9240005493164,69.06699981689454,66.46966667175293,63.44616667429606,65.57160011291504,69.50135150851858,68.88928370529105,66.71902345077046,65.95982030983323,67.00620989771866,68.61416507850394,67.03833337182324,1.5758317066807024,1.4076680493552587,-1.042422504537927,-1.042422504537927,-1.042422504537927,1.042422504537927,1.042422504537927,-1.042422504537927,-1.042422504537927,-1.042422504537927,-1.042422504537927,1.2099990844726562,1.5222501754760738,70.0,67.01909770965577,67.34099769592285,67.66289768218994,,,,,,,,,,0.0,0.0,0.0
2019-03-07,68.73999786376953,69.0,67.79000091552734,68.3499984741211,68.3499984741211,1107600,-1.042422504537927,0.6688348727411987,1.1738894851672133,1.3917840978780567,2.3988449189776855,69.56600036621094,69.29599990844727,66.68433329264323,63.56649996439616,65.55220008850098,69.11756716371943,68.79123184507833,66.82424764582535,66.038186807023,67.03281957249891,68.57352406244505,67.13549374977123,1.438030312673817,1.4137405020189704,0.336508210780251,0.336508210780251,0.336508210780251,-0.336508210780251,-0.336508210780251,0.336508210780251,0.336508210780251,0.336508210780251,0.336508210780251,1.8899993896484375,1.5142503738403317,69.0,66.65104961395264,66.95549964904785,67.25994968414307,,,,,,,,,,0.0,0.0,0.0
2019-03-08,67.36000061035156,68.83000183105469,66.94000244140625,68.58000183105469,68.58000183105469,1012000,0.336508210780251,0.6023384411644862,0.8593638636300064,1.1932646836785177,2.3695344390685946,69.18200073242187,69.37399978637696,66.85766665140788,63.71749998728434,65.52410011291504,68.93837871949785,68.75282638798312,66.93752210938854,66.12152500453223,67.06345684494555,68.57452064223115,67.24249434838481,1.33202629384634,1.3973976603844445,-1.1519406451366005,1.1519406451366005,1.1519406451366005,-1.1519406451366005,-1.1519406451366005,1.1519406451366005,1.1519406451366005,1.1519406451366005,-1.1519406451366005,0.8799972534179688,1.2820003509521485,68.83000183105469,65.66864917755127,65.97149925231933,66.2743493270874,,,,,,,,,,0.0,0.0,0.0
2019-03-11,68.87000274658203,69.75,68.87000274658203,69.37000274658203,69.37000274658203,939400,1.1519406451366005,0.9613013871227788,0.8333148964303599,0.9446872222870063,2.372189789880687,69.04600067138672,69.44100036621094,66.97800000508626,63.880666669209795,65.4910001373291,69.08225339519258,68.86504027136473,67.09445634404618,66.22803247148468,67.10913102121557,68.69690250443898,67.40008756306608,1.2968149413729009,1.377281116582136,0.18740792513361337,-0.18740792513361337,-0.18740792513361337,0.18740792513361337,0.18740792513361337,-0.18740792513361337,-0.18740792513361337,-0.18740792513361337,0.18740792513361337,1.18499755859375,1.2847503662109374,69.75,66.00960105895996,66.2660011291504,66.52240119934082,,,,,,,,,,0.0,0.0,0.0
2019-03-12,69.38999938964844,69.51499938964844,68.33000183105469,69.23999786376953,69.23999786376953,690500,-0.18740792513361337,0.9602871607827884,0.8145931128558217,0.9491321493865368,2.364724537000325,68.92200012207032,69.45100021362305,67.11633338928223,64.02399997711181,65.45710014343261,69.13483488471823,68.9332143790747,67.23287837757672,66.32678543516616,67.15132640423644,68.78045563664368,67.53637721497005,1.2440784216736347,1.3506405776004358,0.21663999206648724,-0.21663999206648724,-0.21663999206648724,0.21663999206648724,0.21663999206648724,-0.21663999206648724,-0.21663999206648724,-0.21663999206648724,0.21663999206648724,2.1200027465820312,1.3445003509521485,69.51499938964844,66.92354919433593,67.18049926757813,67.43744934082031,,,,,,,,,,0.0,0.0,0.0
2019-03-13,69.75,69.75,67.62999725341797,69.08999633789062,69.08999633789062,1141800,-0.21663999206648724,0.8075505994341176,0.8108849459493568,0.9426875667596618,2.365486035376086,68.92599945068359,69.425,67.29733327229818,64.16266657511393,65.3935001373291,69.11988870244237,68.9617201897685,67.35269243953246,66.417382513944,67.18971590787316,68.82807728298937,67.65146011296416,1.1766171700252102,1.3158358960853906,0.6368430096013986,-0.6368430096013986,-0.6368430096013986,0.6368430096013986,0.6368430096013986,-0.6368430096013986,-0.6368430096013986,-0.6368430096013986,0.6368430096013986,0.8720016479492188,1.3491004943847655,69.75,66.5570986175537,66.82599868774415,67.09489875793457,,,,,,,,,,0.0,0.0,0.0
2019-03-14,69.22000122070312,69.47200012207031,68.5999984741211,68.6500015258789,68.6500015258789,861700,-0.6368430096013986,0.68698017462316,0.7139412167809981,0.9521743136822782,2.3667199801547567,68.98600006103516,69.27600021362305,67.40133336385091,64.29816659291585,65.32580017089843,68.96325964358789,68.90504406906129,67.43638979994192,66.49058313728612,67.21863245476436,68.80068101266468,67.72542614355044,1.0752548691142465,1.267719690691162,-1.4712339603513767,1.4712339603513767,1.4712339603513767,-1.4712339603513767,-1.4712339603513767,1.4712339603513767,1.4712339603513767,1.4712339603513767,-1.4712339603513767,1.6699981689453125,1.3811000823974608,69.47200012207031,66.78197891235351,67.05179901123047,67.32161911010742,,,,,,,,,,0.0,0.0,0.0
2019-03-15,69.05999755859375,70.29000091552734,68.62000274658203,69.66000366210938,69.66000366210938,1440300,1.4712339603513767,0.9325229117138385,0.8694371827339534,0.97483557387268,2.3709481404482045,69.20200042724609,69.19200057983399,67.5446667989095,64.45349998474121,65.28840019226074,69.19550764976172,69.04230944961549,67.57984875879143,66.5944985643295,67.26697643906823,68.93288449719464,67.86872818196221,1.0641563152324238,1.2270070155994146,0.2440398507153406,0.2440398507153406,0.2440398507153406,-0.2440398507153406,-0.2440398507153406,0.2440398507153406,0.2440398507153406,0.2440398507153406,-0.2440398507153406,0.8800048828125,1.3861003875732423,70.29000091552734,66.4335799407959,66.7097999572754,66.98601997375488,,,,,,,,,,0.0,0.0,0.0
2019-03-18,69.62999725341797,70.30000305175781,69.41999816894531,69.83000183105469,69.83000183105469,905300,0.2440398507153406,0.8094365316925731,0.8552440438967187,0.9710318371111513,2.3565627441842114,69.29400024414062,69.17000045776368,67.67500025431315,64.58900000254313,65.26320022583008,69.40700571019272,69.18552624624078,67.7250199247439,66.70058063864836,67.31772941712737,69.07090254855773,68.01400771152461,1.0568948370331128,1.1929845798861543,0.4009720348773561,0.4009720348773561,0.4009720348773561,-0.4009720348773561,-0.4009720348773561,0.4009720348773561,0.4009720348773561,0.4009720348773561,-0.4009720348773561,0.9300003051757812,1.3961006164550782,70.30000305175781,67.24058006286621,67.51780014038086,67.79502021789551,,,,,,,,,,0.0,0.0,0.0
2019-03-19,70.36000061035156,70.87999725341797,69.94999694824219,70.11000061035156,70.11000061035156,847100,0.4009720348773561,0.7934814573205045,0.860417887520175,0.9527775260291039,2.3094499176910763,69.46800079345704,69.19500045776367,67.81333363850912,64.76350002288818,65.23550025939942,69.64133734357901,69.35361249426091,67.87888964639602,66.81236490001568,67.37302191600308,69.2307637888337,68.16926644477105,1.0614973440626443,1.1666871327214523,-1.4120636929838517,-1.4120636929838517,-1.4120636929838517,1.4120636929838517,1.4120636929838517,-1.4120636929838517,-1.4120636929838517,-1.4120636929838517,1.4120636929838517,1.8000030517578125,1.4201004028320312,70.87999725341797,67.22858169555664,67.50780181884765,67.78702194213867,,,,,,,,,,0.0,0.0,0.0
2019-03-20,70.19000244140625,70.37000274658203,68.56999969482422,69.12000274658203,69.12000274658203,1001500,-1.4120636929838517,1.093554910310606,0.9062784442494217,0.9945414327341484,2.3199607128846975,69.47400207519532,69.20000076293945,67.91600036621094,64.91883341471355,65.20370025634766,69.46755914458002,69.31113799468294,67.95896145931125,66.88802515728014,67.40761559581654,69.21372362848729,68.23969135601631,0.9740322724709785,1.1281561606713575,6.901036535769353,6.901036535769353,6.901036535769353,-6.901036535769353,-6.901036535769353,6.901036535769353,6.901036535769353,6.901036535769353,-6.901036535769353,3.8700027465820312,1.5361003875732422,70.37000274658203,67.7557763671875,68.0397964477539,68.32381652832031,,,,,,,,,,0.0,0.0,0.0
2019-03-21,70.95999908447266,74.62000274658203,70.75,73.88999938964844,73.88999938964844,2571400,6.901036535769353,3.1794347873469744,2.2960400708911757,1.7902667890977377,2.4187886380667636,70.52200164794922,69.75400085449219,68.09133377075196,65.18900006612142,65.26080024719238,70.94170589293617,70.14365824831302,68.3416090677201,67.11759808293155,67.53597963133795,69.93315066866592,68.65823269184091,1.2749179768250087,1.1575085239020877,-3.0044677751264595,-3.0044677751264595,-3.0044677751264595,3.0044677751264595,3.0044677751264595,-3.0044677751264595,-3.0044677751264595,-3.0044677751264595,-3.0044677751264595,2.3299942016601562,1.571099853515625,74.62000274658203,66.9905818939209,67.29780197143555,67.60502204895019,,,,,,,,,,0.0,0.0,0.0
2019-03-22,73.5199966430664,73.98999786376953,71.66000366210938,71.66999816894531,71.66999816894531,1050200,-3.0044677751264595,3.7718236471961695,2.5953891488618828,1.8903554933172557,2.437686323467739,70.9240005493164,70.06300048828125,68.26266708374024,65.44233334859213,65.2677001953125,71.18446998493923,70.42117459751888,68.55634384844431,67.26685710214511,67.6178413845579,70.20035797640121,68.88132643088568,1.3190315455155286,1.189813128224776,-1.1162207936401485,-1.1162207936401485,-1.1162207936401485,-1.1162207936401485,1.1162207936401485,-1.1162207936401485,-1.1162207936401485,-1.1162207936401485,-1.1162207936401485,1.6969985961914062,1.589449691772461,73.98999786376953,71.16358306884766,71.47780303955078,71.7920230102539,,,1.0,,,71.7920230102539,,,71.66999816894531,0.0,0.0,-0.16996991614396822
2019-03-25,71.47000122070312,71.87699890136719,70.18000030517578,70.87000274658203,70.87000274658203,699300,-1.1162207936401485,3.854404286281944,2.6281881039010893,1.8990296003607723,2.3206365637278012,71.13200073242187,70.21300048828125,68.47466710408528,65.62316672007243,65.27900024414062,71.0796475721535,70.50277971553037,68.70561216445321,67.38499302491353,67.68224061944947,70.30338024873672,69.02863578760393,1.2747444611327836,1.2067993948063775,0.3950878629116167,0.3950878629116167,0.3950878629116167,0.3950878629116167,-0.3950878629116167,0.3950878629116167,0.3950878629116167,0.3950878629116167,0.3950878629116167,1.0699996948242188,1.5704498291015625,71.87699890136719,70.49320854187012,70.81109848022462,71.1289884185791,1.0,1.0,1.0,70.49320854187012,70.81109848022462,71.1289884185791,70.87000274658203,70.87000274658203,70.87000274658203,0.5345113557827531,0.08318507638158779,-0.3641070648622062
2019-03-26,71.43000030517578,71.86000061035156,70.79000091552734,71.1500015258789,71.1500015258789,796400,0.3950878629116167,3.8543872007672677,2.6240070086413265,1.8966368306798007,2.3203072740714967,71.34000091552734,70.40400085449218,68.69633382161459,65.8025000890096,65.29730026245117,71.10309889006197,70.620456408321,68.86331470390003,67.50843592658451,67.75090915225006,70.43362967598935,69.18577399043912,1.2478556855502347,1.215010652955149,-0.815181754906537,-0.815181754906537,-0.815181754906537,-0.815181754906537,0.815181754906537,-0.815181754906537,-0.815181754906537,-0.815181754906537,-0.815181754906537,2.0100021362304688,1.5914497375488281,71.86000061035156,68.42200927734375,68.73609924316406,69.05018920898438,,,,,,,,,,0.0,0.0,0.0
2019-03-27,71.3499984741211,71.6500015258789,69.63999938964844,70.56999969482422,70.56999969482422,823600,-0.815181754906537,3.7948496871808315,2.643918217112655,1.90863930643122,2.3242366553584732,71.63000030517578,70.55200119018555,68.8760004679362,65.96550006866455,65.29350028991699,70.92539915831605,70.6112824604125,68.97342341299192,67.6088150665268,67.80673272735054,70.45460967888702,69.28830922780098,1.1663004510860446,1.2052686125813281,-0.4817859421296854,-0.4817859421296854,-0.4817859421296854,-0.4817859421296854,0.4817859421296854,-0.4817859421296854,-0.4817859421296854,-0.4817859421296854,0.4817859421296854,1.4799957275390625,1.5919498443603515,71.6500015258789,68.35881118774414,68.6771011352539,68.99539108276367,,,,,,,,,,0.0,0.0,0.0
2019-03-28,70.58000183105469,70.98999786376953,69.51000213623047,70.2300033569336,70.2300033569336,454300,-0.4817859421296854,1.2530233643641784,2.638635867212639,1.896751720028235,2.3258080843004794,70.89800109863282,70.71000137329102,69.05366719563803,66.12383346557617,65.26070030212402,70.69360055785523,70.5419589870527,69.05449308679462,67.69475566621226,67.85471828437198,70.42005486012496,69.35806434847747,1.061990511647494,1.1766129923945614,2.1358392827869768,2.1358392827869768,2.1358392827869768,2.1358392827869768,-2.1358392827869768,2.1358392827869768,2.1358392827869768,2.1358392827869768,-2.1358392827869768,0.899993896484375,1.5529495239257813,70.98999786376953,68.14771186828614,68.4661018371582,68.78449180603027,,,,,,,,,,0.0,0.0,0.0
2019-03-29,71.12999725341797,71.82499694824219,70.92500305175781,71.7300033569336,71.7300033569336,940000,2.1358392827869768,1.3093623668469034,2.680617975700155,1.952699361533576,2.337544540618681,70.91000213623047,70.91700134277343,69.2890007019043,66.29966684977214,65.19310035705567,71.03906815754803,70.75796705430376,69.22710665261005,67.82705886918673,67.93145660264052,70.62158539809552,69.53376353428904,1.0878218638064823,1.1588547666769458,-2.0632868510747153,2.0632868510747153,2.0632868510747153,2.0632868510747153,-2.0632868510747153,2.0632868510747153,2.0632868510747153,2.0632868510747153,-2.0632868510747153,1.0699996948242188,1.5041996002197267,71.82499694824219,67.57350891113282,67.88409881591797,68.19468872070313,,,,,,,,,,0.0,0.0,0.0
2019-04-01,72.62000274658203,73.69000244140625,72.62000274658203,73.20999908447266,73.20999908447266,928300,2.0632868510747153,1.3872030174486158,2.735700881068681,1.991688772790003,2.000327629789929,71.3780014038086,71.25500106811523,69.55733388264974,66.59250017801921,65.18520034790039,71.76271179985625,71.20379105978901,69.4840674546657,68.00354871231086,68.03598219634016,71.0198028883074,69.80607727874708,1.2137256095603135,1.1698289352536193,1.1747037578285708,1.1747037578285708,1.1747037578285708,1.1747037578285708,-1.1747037578285708,1.1747037578285708,1.1747037578285708,1.1747037578285708,1.1747037578285708,1.7900009155273438,1.5316997528076173,73.69000244140625,68.51575782775879,68.81659774780273,69.11743766784667,,,,,,,,,,0.0,0.0,0.0
2019-04-02,75.08000183105469,75.51000213623047,73.72000122070312,74.06999969482422,74.06999969482422,1149100,1.1747037578285708,1.3938587542409728,2.7433109619494767,1.9984154307680775,1.828635523983498,71.96200103759766,71.6510009765625,69.86400044759115,66.83750019073486,65.23270034790039,72.53180776484558,71.72491990252269,69.77993405080497,68.2024487445244,68.15546769135963,71.48906393546383,70.12192338364167,1.3671405518221604,1.2092912585673277,0.45903060440935123,0.45903060440935123,0.45903060440935123,0.45903060440935123,-0.45903060440935123,0.45903060440935123,0.45903060440935123,0.45903060440935123,0.45903060440935123,1.410003662109375,1.5531997680664062,75.51000213623047,70.32026298522949,70.62660293579101,70.93294288635254,,,,,,,,,,0.0,0.0,0.0
2019-04-03,74.91999816894531,75.54000091552734,74.12999725341797,74.41000366210938,74.41000366210938,1177900,0.45903060440935123,1.1084807174416338,2.6544083942395273,1.9694315166751553,1.8282254142558492,72.7300018310547,72.18000106811523,70.14900054931641,67.0813336054484,65.27670036315918,73.15787306393352,72.21311694972026,70.07864821927622,68.4059751352649,68.27931988880022,71.93843927802467,70.43955895982447,1.4988803182002073,1.2672090704939036,-0.4972486606265844,-0.4972486606265844,-0.4972486606265844,-0.4972486606265844,0.4972486606265844,-0.4972486606265844,-0.4972486606265844,-0.4972486606265844,-0.4972486606265844,0.8350067138671875,1.534450149536133,75.54000091552734,72.09296264648438,72.40360260009766,72.71424255371093,,,,,,,,,,0.0,0.0,0.0
2019-04-04,74.3499984741211,74.41000366210938,73.57499694824219,74.04000091552734,74.04000091552734,1032600,-0.4972486606265844,1.113901430208452,1.5624967760498576,1.9522448499597171,1.826519976795639,73.49200134277343,72.19500122070312,70.4150006612142,67.32583363850911,65.31430038452149,73.45191568113147,72.54527767077609,70.33421936096985,68.59069729199481,68.39339278041858,72.26175645302509,70.70625836395061,1.5554980890744758,1.3248668742100183,1.1480260178425197,1.1480260178425197,1.1480260178425197,1.1480260178425197,-1.1480260178425197,1.1480260178425197,1.1480260178425197,1.1480260178425197,1.1480260178425197,0.6299972534179688,1.4714500427246093,74.41000366210938,72.16421058654785,72.47110061645508,72.7779906463623,,,,,,,,,,0.0,0.0,0.0
2019-04-05,74.47000122070312,74.93000030517578,74.30000305175781,74.88999938964844,74.88999938964844,623700,1.1480260178425197,0.9529349571742841,1.1680658300586808,1.9588777109098976,1.8196308543335804,74.1240005493164,72.51700134277344,70.65133387247721,67.56650028228759,65.35590034484864,73.93127691730379,72.97159071057106,70.62814065314268,68.79723178699984,68.52203845584887,72.66610152019791,71.0161651065949,1.6499364136030152,1.3898807820886177,0.48070585296509305,0.48070585296509305,0.48070585296509305,0.48070585296509305,-0.48070585296509305,0.48070585296509305,0.48070585296509305,0.48070585296509305,0.48070585296509305,1.0600051879882812,1.480450439453125,74.93000030517578,71.17281356811523,71.46710357666015,71.76139358520508,,,,,,,,,,0.0,0.0,0.0
2019-04-08,74.51000213623047,75.37000274658203,74.30999755859375,75.25,75.25,665500,0.48070585296509305,0.6814782562729444,1.0318960304127656,1.9521167154828631,1.8014588041005415,74.53200073242188,72.95500106811524,70.8696673075358,67.78966693878174,65.42690032958984,74.37085127820254,73.38584694501269,70.92632512713348,69.00879795791788,68.65526541711918,73.06362436324439,71.32978250610638,1.7338418571380032,1.4586729970984949,-0.03986548743770764,-0.03986548743770764,-0.03986548743770764,-0.03986548743770764,0.03986548743770764,-0.03986548743770764,-0.03986548743770764,-0.03986548743770764,-0.03986548743770764,0.8799972534179688,1.465200424194336,75.37000274658203,71.6730093383789,71.96909942626954,72.26518951416016,,,,,,,,,,0.0,0.0,0.0
2019-04-09,74.98999786376953,75.77999877929688,74.9000015258789,75.22000122070312,75.22000122070312,819400,-0.03986548743770764,0.6179996745925452,1.0507795491770424,1.9499569727569992,1.7689720316901074,74.76200103759766,73.36200103759765,71.07233403523763,67.98183364868164,65.54110034942627,74.65390125903608,73.71932954059277,71.20333648800894,69.21244396653378,68.78526018550697,73.39537464900727,71.61794685533577,1.7774277936714924,1.5224239564130944,1.3427308160591753,1.3427308160591753,1.3427308160591753,1.3427308160591753,-1.3427308160591753,1.3427308160591753,1.3427308160591753,1.3427308160591753,1.3427308160591753,1.8899993896484375,1.4537002563476562,75.77999877929688,72.1465618133545,72.43960189819336,72.73264198303222,,,,,,,,,,0.0,0.0,0.0
2019-04-10,74.9000015258789,76.72000122070312,74.83000183105469,76.2300033569336,76.2300033569336,1309600,1.3427308160591753,0.7771104852308323,0.9534294761274471,1.9537992515355025,1.6841097386961286,75.1260009765625,73.9280014038086,71.30166753133138,68.2326670328776,65.66690036773682,75.17926862500192,74.17581568901836,71.52763757632667,69.44252788097312,68.9326808423669,73.83147137330363,71.95958067026895,1.8718907030346799,1.5923173057374116,-0.23612789879197757,-0.23612789879197757,-0.23612789879197757,-0.23612789879197757,0.23612789879197757,-0.23612789879197757,-0.23612789879197757,-0.23612789879197757,-0.23612789879197757,1.1299972534179688,1.4666000366210938,76.72000122070312,72.58185821533203,72.87259826660156,73.1633383178711,,,,,,,,,,0.0,0.0,0.0
2019-04-11,76.41999816894531,77.02999877929688,75.9000015258789,76.05000305175781,76.05000305175781,1352000,-0.23612789879197757,0.6993215624185943,0.91992411739961,1.9434397954216134,1.6856737071479089,75.52800140380859,74.51000137329102,71.4986676534017,68.47416706085205,65.79860038757325,75.46951343392055,74.51657702769826,71.81940309087061,69.65916641116279,69.0736179158202,74.17278393921966,72.26257492074961,1.9102090184700415,1.6558956482839378,1.4990129439871043,1.4990129439871043,1.4990129439871043,1.4990129439871043,-1.4990129439871043,1.4990129439871043,1.4990129439871043,1.4990129439871043,1.4990129439871043,1.30999755859375,1.4486000061035156,77.02999877929688,73.49348114013672,73.78680114746093,74.08012115478516,,,,,,,,,,0.0,0.0,0.0
2019-04-12,76.75,77.23999786376953,75.93000030517578,77.19000244140625,77.19000244140625,986900,1.4990129439871043,0.7877516266323891,0.8355902651572309,1.9441571644226752,1.6899863368000432,75.98800201416016,75.05600128173828,71.7216677347819,68.73716710408529,65.9189003753662,76.04300976974912,75.00265437564516,72.16589337155033,69.90607906789208,69.23433840147537,74.63697140109451,72.62756955190937,2.0094018491851386,1.726596888464178,-1.0364076000192934,-1.0364076000192934,-1.0364076000192934,-1.0364076000192934,1.0364076000192934,-1.0364076000192934,-1.0364076000192934,-1.0364076000192934,-1.0364076000192934,1.1800003051757812,1.4635997772216798,77.23999786376953,73.84307876586914,74.13279876708984,74.42251876831055,,,,,,,,,,0.0,0.0,0.0
2019-04-15,77.16000366210938,77.26000213623047,76.08000183105469,76.38999938964844,76.38999938964844,672700,-1.0364076000192934,1.0855499000203688,0.8643599718619678,1.974980239575495,1.6950424290977466,76.21600189208985,75.37400131225586,71.93300094604493,68.97283376057943,66.01960037231446,76.15867297638223,75.25489892364575,72.4384163404599,70.11866661942507,69.37603465866691,74.90666801471819,72.90626805840857,2.0003999563096215,1.7813575020332668,2.513415609747328,2.513415609747328,2.513415609747328,2.513415609747328,-2.513415609747328,2.513415609747328,2.513415609747328,2.513415609747328,2.513415609747328,1.9800033569335938,1.5160999298095703,77.26000213623047,74.02007835388184,74.31279830932617,74.60551826477051,,,,,,,,,,0.0,0.0,0.0
2019-04-16,76.77999877929688,78.76000213623047,76.77999877929688,78.30999755859375,78.30999755859375,2131300,2.513415609747328,1.4285969901917812,1.0714653438778328,2.0270055542206347,1.70975884411823,76.83400115966796,75.79800109863281,72.21466751098633,69.22333374023438,66.1712003326416,76.87578117045274,75.81037140272721,72.81722803195241,70.3872348469388,69.55294481510111,75.43025717531444,73.30654431768154,2.1237128576328956,1.8498285731531927,-2.234708280626111,-2.234708280626111,-2.234708280626111,-2.234708280626111,2.234708280626111,-2.234708280626111,-2.234708280626111,-2.234708280626111,-2.234708280626111,2.5250015258789062,1.552349853515625,78.76000213623047,73.92458229064941,74.22780227661133,74.53102226257325,,,,,,,,,,0.0,0.0,0.0
2019-04-17,78.80999755859375,78.9800033569336,76.45500183105469,76.55999755859375,76.55999755859375,1329000,-2.234708280626111,1.9129214372126395,1.3914358614132525,2.0771475968811908,1.712711698890419,76.9,76.01300048828125,72.4643341064453,69.46700038909913,66.3166003036499,76.77051996649975,75.94666706743021,73.05869703367122,70.58962050961601,69.69169833477423,75.60406338812663,73.54754085404542,2.0565225340812106,1.8911673653387964,0.1567434044001757,0.1567434044001757,0.1567434044001757,0.1567434044001757,-0.1567434044001757,0.1567434044001757,0.1567434044001757,0.1567434044001757,0.1567434044001757,0.8550033569335938,1.4015998840332031,78.9800033569336,75.3448324584961,75.65530242919922,75.96577239990235,,,,,,,,,,0.0,0.0,0.0
2019-04-18,76.63999938964844,76.99500274658203,76.13999938964844,76.68000030517578,76.68000030517578,934500,0.1567434044001757,1.9036561662757652,1.3652390599666666,1.4379360736097446,1.7120707682727263,77.0259994506836,76.2770004272461,72.74200083414713,69.71316706339518,66.44760028839111,76.74034674605844,76.08000038338395,73.29232950280056,70.78930509307699,69.8300805520099,75.76959214459573,73.77957488746249,1.9900172571332462,1.9109373436976864,-0.8737586936343409,-0.8737586936343409,-0.8737586936343409,-0.8737586936343409,0.8737586936343409,-0.8737586936343409,-0.8737586936343409,-0.8737586936343409,-0.8737586936343409,0.904998779296875,1.330350112915039,76.99500274658203,75.89648361206055,76.17680358886719,76.45712356567383,,1.0,1.0,,76.17680358886719,76.45712356567383,,76.68000030517578,76.68000030517578,0.0,0.6605642303192322,0.2915055250679332
2019-04-22,76.22000122070312,76.86000061035156,75.95500183105469,76.01000213623047,76.01000213623047,1185400,-0.8737586936343409,1.784543736719803,1.3850268880980077,1.2557823793862242,1.6989674680804148,76.78999938964844,76.3890007019043,72.98966751098632,69.92366708119711,66.56440029144287,76.49689854278245,76.06727342935604,73.46766322108635,70.96047548793449,69.95245523684595,75.80657829715493,73.94479172070456,1.8617865764503705,1.9011071902482233,0.7762088163518166,0.7762088163518166,0.7762088163518166,0.7762088163518166,-0.7762088163518166,0.7762088163518166,0.7762088163518166,0.7762088163518166,-0.7762088163518166,0.9480056762695312,1.2929004669189452,76.86000061035156,74.06823249816894,74.33430252075195,74.60037254333496,,,,,,,,,,0.0,0.0,0.0
2019-04-23,76.1500015258789,76.91000366210938,75.96199798583984,76.5999984741211,76.5999984741211,1651000,0.7762088163518166,1.7803698074555947,1.395806988058893,1.21390567424794,1.6392802994610216,76.83199920654297,76.52400054931641,73.23066736857096,70.10433368682861,66.67570026397705,76.531265186562,76.16413252840422,73.66974936644344,71.14537788092422,70.08408975639594,75.9286429397651,74.14147370243911,1.7871692373259833,1.8783195996637754,0.8485659775809342,0.8485659775809342,0.8485659775809342,0.8485659775809342,-0.8485659775809342,0.8485659775809342,0.8485659775809342,0.8485659775809342,-0.8485659775809342,1.8499984741210938,1.331900405883789,76.91000366210938,74.01561958312988,74.27419967651367,74.53277976989746,,,,,,,,,,0.0,0.0,0.0
2019-04-24,77.05000305175781,78.51000213623047,76.66000366210938,77.25,77.25,1316200,0.8485659775809342,1.2992641747472413,1.408003103172327,1.2181060694356167,1.6321517983386091,76.61999969482422,76.7270004272461,73.49766743977865,70.30700041453044,66.7999002456665,76.770843457708,76.36156297778527,73.9007332782858,71.34552942581193,70.22598896914057,76.1319286413397,74.37173490966585,1.7601937316738514,1.8546944260657907,-0.0647288695894013,0.0647288695894013,0.0647288695894013,0.0647288695894013,-0.0647288695894013,0.0647288695894013,0.0647288695894013,0.0647288695894013,-0.0647288695894013,1.6880035400390625,1.3158004760742188,78.51000213623047,73.97982276916504,74.2462028503418,74.51258293151855,,,,,,,,,,0.0,0.0,0.0
2019-04-25,77.20999908447266,77.81300354003906,76.125,77.30000305175781,77.30000305175781,1063200,0.0647288695894013,0.6938353899427415,1.3574707346383041,1.1866622035212626,1.5993217402338649,76.76800079345703,76.83400039672851,73.77133433024089,70.53433380126953,66.90270030975341,76.94722998905794,76.53218844578028,74.12004100560657,71.54075806928557,70.36606845592507,76.31163239678864,74.58864366093192,1.7229887358567169,1.8283532880239761,2.9883636439723937,-2.9883636439723937,-2.9883636439723937,-2.9883636439723937,2.9883636439723937,-2.9883636439723937,-2.9883636439723937,-2.9883636439723937,2.9883636439723937,2.6100006103515625,1.3723007202148438,77.81300354003906,75.6152410888672,75.87840118408204,76.14156127929688,,,1.0,,,76.14156127929688,,,77.30000305175781,0.0,0.0,1.5214315979306248
2019-04-26,73.8499984741211,75.16000366210938,72.55000305175781,74.98999786376953,74.98999786376953,2006300,-2.9883636439723937,1.5871729044254945,1.6837459182418262,1.4041497999768817,1.6188317684099092,76.43000030517578,76.72799987792969,73.9826675415039,70.6920004526774,66.99970027923584,76.29481928062847,76.25179015814196,74.17616725452031,71.65384789861291,70.45763141449625,76.10830400709338,74.61837360188285,1.4899304052105293,1.7606687114612867,-0.613413918624605,0.613413918624605,0.613413918624605,0.613413918624605,-0.613413918624605,0.613413918624605,0.613413918624605,0.613413918624605,-0.613413918624605,0.8799972534179688,1.3713008880615234,75.16000366210938,74.79394195556641,75.06840209960937,75.34286224365235,1.0,1.0,1.0,73.8499984741211,73.8499984741211,73.8499984741211,74.98999786376953,74.98999786376953,74.98999786376953,1.5436688059620234,1.5436688059620234,1.5436688059620234
2019-04-29,75.33000183105469,75.5999984741211,74.72000122070312,75.44999694824219,75.44999694824219,1237000,0.613413918624605,1.6232206269398808,1.610385076173178,1.341411360406416,1.6182100927327878,76.31799926757813,76.55399932861329,74.17566731770833,70.86016705830892,67.09610027313232,76.01321183649972,76.10600957452381,74.2583498154056,71.77831180187944,70.55649013793675,76.00702599803934,74.6799753312428,1.3270506667965378,1.673945102528337,-0.21206582979603783,0.21206582979603783,0.21206582979603783,0.21206582979603783,-0.21206582979603783,-0.21206582979603783,0.21206582979603783,0.21206582979603783,-0.21206582979603783,1.5780029296875,1.3967010498046875,75.5999984741211,72.14314170837402,72.41740188598632,72.69166206359863,,,,,,,,,,0.0,0.0,0.0
2019-04-30,75.61000061035156,76.24800109863281,74.66999816894531,75.61000061035156,75.61000061035156,1424400,0.21206582979603783,1.5623320155495672,1.5879548108659105,1.2726623352753752,1.6162673811261383,76.11999969482422,76.47599945068359,74.3683339436849,71.02166709899902,67.17470027923584,75.87880809445033,76.01582612649248,74.34555309249889,71.90394094314081,70.65655965224198,75.94594516916429,74.74886609265826,1.1970790765060286,1.5785718973238754,0.03967567657018105,-0.03967567657018105,-0.03967567657018105,-0.03967567657018105,0.03967567657018105,0.03967567657018105,-0.03967567657018105,-0.03967567657018105,0.03967567657018105,2.220001220703125,1.4182010650634767,76.24800109863281,72.52725616455078,72.80659637451171,73.08593658447266,,,,,,,,,,0.0,0.0,0.0
2019-05-01,76.80999755859375,77.66999816894531,75.44999694824219,75.58000183105469,75.58000183105469,1743400,-0.03967567657018105,1.4528649097280963,1.3021933768621523,1.250945692379502,1.616509626280329,75.78600006103515,76.20299987792968,74.55066731770833,71.18200047810872,67.28890026092529,75.77920600665179,75.93658534550379,74.42519494659926,72.02446752962979,70.75405355677293,75.88964619407051,74.81043170290985,1.0792144911606556,1.4787004160912316,-1.5480261188146436,1.5480261188146436,1.5480261188146436,1.5480261188146436,-1.5480261188146436,-1.5480261188146436,1.5480261188146436,1.5480261188146436,-1.5480261188146436,1.7099990844726562,1.4332008361816406,77.66999816894531,73.12795875549317,73.41159896850586,73.69523918151856,,,,,,,,,,0.0,0.0,0.0
2019-05-02,75.52999877929688,77.23999786376953,75.52999877929688,76.75,76.75,1198400,1.5480261188146436,1.7076183733411716,1.2407073355319238,1.2900972974960845,1.6252060725569977,75.67599945068359,76.22200012207031,74.80500055948893,71.36050046284994,67.42920024871826,76.10280400443453,76.08447891904855,74.57518236939931,72.1794030204616,70.87278516951011,76.02200831805966,74.95410342862024,1.0679048894394185,1.396541310760869,2.0456022082400245,-2.0456022082400245,-2.0456022082400245,-2.0456022082400245,2.0456022082400245,-2.0456022082400245,-2.0456022082400245,-2.0456022082400245,2.0456022082400245,1.7399978637695312,1.478450393676758,77.23999786376953,74.5169563293457,74.80359649658203,75.09023666381836,,,,,,,,,,0.0,0.0,0.0
2019-05-03,76.70999908447266,76.75,75.01000213623047,75.18000030517578,75.18000030517578,1472700,-2.0456022082400245,1.3216543511787608,1.4011554294309443,1.3754311530326775,1.5794924082346349,75.71399993896485,76.0720001220703,74.8480005900065,71.46966718037923,67.56970024108887,75.79520277134829,75.92002826198078,74.6142028813849,72.27778325930468,70.95807655833518,75.89246862376984,74.97083653058732,0.9216320931825237,1.3015594672452,1.1306178114800771,-1.1306178114800771,-1.1306178114800771,-1.1306178114800771,1.1306178114800771,1.1306178114800771,-1.1306178114800771,-1.1306178114800771,1.1306178114800771,2.1299972534179688,1.5534503936767579,76.75,73.98740699768067,74.28309707641601,74.57878715515136,,,,,,,,,,0.0,0.0,0.0
2019-05-06,73.1500015258789,74.73999786376953,72.61000061035156,74.33000183105469,74.33000183105469,1128500,-1.1306178114800771,1.367647895078589,1.417375076641458,1.3771553291506036,1.531659255627634,75.49000091552735,75.90400009155273,74.9366673787435,71.59966723124187,67.71780025482178,75.30680245791709,75.63093254726694,74.5958673297507,72.34506911411616,71.02484735581479,75.65208911719829,74.9233672935849,0.7287218236133839,1.1869919385188368,0.8744807074756978,-0.8744807074756978,-0.8744807074756978,-0.8744807074756978,0.8744807074756978,0.8744807074756978,-0.8744807074756978,-0.8744807074756978,0.8744807074756978,1.7600021362304688,1.5884502410888672,74.73999786376953,73.33240913391113,73.64309921264649,73.95378929138184,1.0,1.0,1.0,73.1500015258789,73.1500015258789,73.1500015258789,74.33000183105469,74.33000183105469,74.33000183105469,1.6131241019295433,1.6131241019295433,1.6131241019295433
2019-05-07,73.61000061035156,74.45999908447266,72.69999694824219,73.68000030517578,73.68000030517578,2142800,-0.8744807074756978,1.3539526918715497,1.384974931021711,1.3841054865089226,1.4788460055776174,75.10400085449218,75.6120002746582,75.03033396402995,71.75250053405762,67.85880023956298,74.76453507366999,75.27621759415945,74.53677913461685,72.3888373498886,71.07742464194074,75.34869083842558,74.83126603518423,0.5174248032413544,1.0530785114633403,-3.3930510174338084,3.3930510174338084,3.3930510174338084,3.3930510174338084,-3.3930510174338084,-3.3930510174338084,3.3930510174338084,3.3930510174338084,-3.3930510174338084,4.165000915527344,1.752700424194336,74.45999908447266,71.24540733337402,71.5630973815918,71.88078742980957,,,,,,,,,,0.0,0.0,0.0
2019-05-08,78.0,78.66999816894531,74.50499725341797,76.18000030517578,76.18000030517578,4752600,3.3930510174338084,2.2348449375304034,1.8054976905109545,1.58913919243816,1.5336174053687484,75.2240005493164,75.50500030517578,75.19800059000652,71.94716720581054,68.01420024871827,75.23635681750525,75.44054172343515,74.64279340368518,72.51313777465211,71.178465744183,75.476584602541,74.93117227740582,0.5454123251351746,0.9515452741977072,1.3520593005653943,-1.3520593005653943,-1.3520593005653943,-1.3520593005653943,1.3520593005653943,1.3520593005653943,-1.3520593005653943,-1.3520593005653943,1.3520593005653943,2.6199951171875,1.789200210571289,78.66999816894531,70.60405815124511,70.95459823608398,71.30513832092285,,,,,,,,,,0.0,0.0,0.0
2019-05-09,75.37999725341797,75.37999725341797,72.76000213623047,75.1500015258789,75.1500015258789,2571300,-1.3520593005653943,2.1656739733657644,1.844151932478549,1.5902727597244688,1.5446944154416051,74.90400085449218,75.2900001525879,75.35066731770833,72.11333389282227,68.15800025939942,75.20757172029647,75.38771623297038,74.67551650834284,72.59959232387266,71.25711001708787,75.4263410522853,74.94738185136679,0.47895920091850996,0.8570280595418678,0.10645619352001982,0.10645619352001982,-0.10645619352001982,-0.10645619352001982,0.10645619352001982,0.10645619352001982,-0.10645619352001982,-0.10645619352001982,0.10645619352001982,2.5100021362304688,1.858200454711914,75.37999725341797,74.73375770568848,75.09159774780274,75.449437789917,1.0,1.0,1.0,74.73375770568848,75.09159774780274,75.37999725341797,75.1500015258789,75.1500015258789,75.1500015258789,0.5569689427763751,0.07777671514237822,-0.3051150648969197
2019-05-10,74.83999633789062,75.25,72.73999786376953,75.06999969482422,75.06999969482422,1897200,-0.10645619352001982,1.9617727822307898,1.5774157413298533,1.5897782665939684,1.5428504423675427,74.88200073242187,75.29800033569336,75.51200052897136,72.28283386230468,68.30350025177002,75.1617143784724,75.32994958967107,74.70096703650293,72.68058928685468,71.33261278298363,75.3715193049836,74.95646465458584,0.41505465039774947,0.7686333777130441,5.354997548166461,5.354997548166461,-5.354997548166461,-5.354997548166461,5.354997548166461,5.354997548166461,-5.354997548166461,-5.354997548166461,5.354997548166461,2.529998779296875,1.9192005157470704,75.25,71.29195625305175,71.66359634399414,72.03523643493652,,,,,,,,,,0.0,0.0,0.0
2019-05-13,72.5,73.01000213623047,70.4800033569336,71.05000305175781,71.05000305175781,1923400,-5.354997548166461,3.1266436123330457,2.2947165206481346,1.9382057765719611,1.7030451888102003,74.2260009765625,74.85800094604492,75.48933385213216,72.38916727701823,68.41060028076171,73.7911439362342,74.55177749186865,74.465420972971,72.62712744308101,71.32701655068212,74.70667065064117,74.66709712845044,0.039573522190735844,0.6228214066085824,-2.5474982137231166,-2.5474982137231166,2.5474982137231166,2.5474982137231166,-2.5474982137231166,-2.5474982137231166,2.5474982137231166,2.5474982137231166,-2.5474982137231166,1.7199935913085938,1.946200180053711,73.01000213623047,71.02775886535645,71.41159896850586,71.79543907165527,1.0,1.0,1.0,71.02775886535645,71.41159896850586,71.79543907165527,71.05000305175781,71.05000305175781,71.05000305175781,0.031317595763556576,-0.5063546006125925,-1.0382776810564156
2019-05-14,71.69000244140625,73.33999633789062,71.62000274658203,72.86000061035156,72.86000061035156,1037300,2.5474982137231166,3.477266354731391,2.493925105669599,2.0388951259742134,1.728971119267078,74.06200103759765,74.58300094604492,75.47766723632813,72.51750055948894,68.52220027923585,73.48076282760667,74.24418169522917,74.36184546570524,72.63476262889316,71.35737267067557,74.42256756751969,74.53323812710978,-0.11067055959009053,0.4761230133688478,-0.6725197085709534,-0.6725197085709534,0.6725197085709534,0.6725197085709534,-0.6725197085709534,-0.6725197085709534,-0.6725197085709534,0.6725197085709534,-0.6725197085709534,2.3400039672851562,1.964200210571289,73.33999633789062,68.7283617401123,69.11760177612305,69.50684181213379,,,,,,,,,,0.0,0.0,0.0
2019-05-15,72.0,73.97000122070312,71.62999725341797,73.3499984741211,73.3499984741211,989200,0.6725197085709534,2.952743829311971,2.513594647207855,1.9487350435222597,1.7279132379895248,73.49600067138672,74.36000061035156,75.45366719563802,72.65883382161458,68.65930027008056,73.43717470977815,74.08160292775497,74.2965650146353,72.65821298447439,71.39683060737747,74.25755693776605,74.44559074540692,-0.18803380764086342,0.3432916491669056,7.143828183743284,7.143828183743284,-7.143828183743284,-7.143828183743284,7.143828183743284,7.143828183743284,7.143828183743284,-7.143828183743284,7.143828183743284,1.9499969482421875,1.935449981689453,73.97000122070312,69.01875587463378,69.41159591674804,69.8044359588623,,,,,,,,,,0.0,0.0,0.0
2019-05-16,69.6500015258789,70.0,68.05000305175781,68.11000061035156,68.11000061035156,3384200,-7.143828183743284,4.154726423198053,3.2188241950426857,2.4490738212766314,1.9632866562265072,72.08800048828125,73.49600067138672,75.24366709391276,72.69633382161459,68.74240028381348,71.66145000996929,72.99585705186344,73.89743182726217,72.50909126729003,71.3317448648621,73.31177904124075,73.97628777243986,-0.6645087311991063,0.1417315730937032,6.137131504504042,6.137131504504042,-6.137131504504042,-6.137131504504042,6.137131504504042,6.137131504504042,6.137131504504042,-6.137131504504042,6.137131504504042,3.2220001220703054,2.053799819946289,70.0,69.71201126098633,70.09910125732422,70.48619125366211,1.0,1.0,1.0,69.6500015258789,69.6500015258789,69.6500015258789,68.11000061035156,68.11000061035156,68.11000061035156,-2.211056542411053,-2.211056542411053,-2.211056542411053
2019-05-17,66.26000213623047,66.62200164794922,63.40000152587891,63.93000030517578,63.93000030517578,3317300,-6.137131504504042,4.3813940670551474,3.5859095098483302,2.7400415284570823,2.120373430831201,69.86000061035156,72.37100067138672,74.9066670735677,72.66083386739095,68.80490028381348,69.08430010837145,71.34751946155659,73.25437172906305,72.22780959640103,71.1851756656604,71.86842846646152,73.2321183304203,-1.3636898639587827,-0.159352714316794,4.160800617416477,4.160800617416477,-4.160800617416477,-4.160800617416477,4.160800617416477,4.160800617416477,4.160800617416477,-4.160800617416477,4.160800617416477,2.180000305175774,2.1175498962402335,66.62200164794922,65.48164039611817,65.89240036010742,66.30316032409668,1.0,1.0,1.0,65.48164039611817,65.89240036010742,66.26000213623047,63.93000030517578,63.93000030517578,63.93000030517578,-2.3695803610844917,-2.9781887504582567,-3.5164529971855525
2019-05-20,61.54999923706055,62.88000106811523,60.70000076293945,61.27000045776367,61.27000045776367,3119300,-4.160800617416477,4.2573866580293735,3.6736161547097255,2.8372282055181453,2.1566978968049657,67.90400009155273,71.06500053405762,74.45266710917154,72.55200049082438,68.85290027618409,66.47953355816887,69.51524327904879,72.48118648575343,71.86853716562602,70.98883556253372,70.23790108050801,72.34603552503833,-2.1081344445303216,-0.5491090603594996,-0.44067317732401345,-0.44067317732401345,0.44067317732401345,0.44067317732401345,0.44067317732401345,-0.44067317732401345,-0.44067317732401345,0.44067317732401345,-0.44067317732401345,6.47700500488282,2.3939998626708983,62.88000106811523,61.963391876220705,62.38690185546875,62.810411834716795,1.0,1.0,1.0,61.54999923706055,61.54999923706055,61.54999923706055,61.27000045776367,61.27000045776367,61.27000045776367,-0.4549127258612245,-0.4549127258612245,-0.4549127258612245
2019-05-21,64.9800033569336,67.9520034790039,61.47499847412109,61.54000091552734,61.54000091552734,4127100,0.44067317732401345,3.6514715804575344,3.735506395975863,2.8269411597057665,2.149459362215644,65.64000015258789,69.85100059509277,73.99566713968913,72.43266722361247,68.86810028076172,64.83302267728837,68.06519921295397,71.77530354573884,71.5298966328359,70.80172992595934,68.89976259358791,71.5455885169264,-2.645825923338492,-0.9684524329552981,2.1774457794162694,2.1774457794162694,-2.1774457794162694,-2.1774457794162694,-2.1774457794162694,2.1774457794162694,2.1774457794162694,-2.1774457794162694,2.1774457794162694,1.7099990844726634,2.3869998931884764,67.9520034790039,57.61320137023925,58.09200134277343,58.57080131530761,,,,,,,,,,0.0,0.0,0.0
2019-05-22,60.86999893188477,61.18000030517578,59.47000122070312,60.20000076293945,60.20000076293945,2531700,-2.1774457794162694,3.0570886507038186,3.2752826653913574,2.800855600102689,2.1624126223421736,63.01000061035156,68.25300064086915,73.49500045776367,72.28366724650066,68.86620029449463,63.28868203917207,66.63516313113314,71.0285098178163,71.15842463710158,70.59179469500845,67.56133769656506,70.70517460922366,-3.1438369126585997,-1.4035293288959585,-0.7641180708353787,-0.7641180708353787,0.7641180708353787,0.7641180708353787,0.7641180708353787,-0.7641180708353787,-0.7641180708353787,-0.7641180708353787,-0.7641180708353787,2.25,2.4150997161865235,61.18000030517578,62.70060371398926,63.17800369262695,63.65540367126465,1.0,1.0,1.0,60.86999893188477,60.86999893188477,60.86999893188477,60.20000076293945,60.20000076293945,60.20000076293945,-1.100703434700346,-1.100703434700346,-1.100703434700346
2019-05-23,59.27999877929688,60.77000045776367,58.52000045776367,60.65999984741211,60.65999984741211,2774500,0.7641180708353787,2.9618727005815524,3.407397350434906,2.821777862049305,2.1650717564037194,61.52000045776367,66.80400047302246,72.97600034077962,72.1388339360555,68.86490028381348,62.41245464191876,65.54876980682022,70.35957369069345,70.8142139882593,70.39512549010556,66.49959341207999,69.96108758983021,-3.4614941777502253,-1.8151222986668119,-2.7035928021328597,-2.7035928021328597,2.7035928021328597,2.7035928021328597,2.7035928021328597,-2.7035928021328597,-2.7035928021328597,-2.7035928021328597,-2.7035928021328597,1.1270027160644602,2.3409498214721682,60.77000045776367,55.86678092956543,56.34980087280273,56.83282081604004,,,,,,,,,,0.0,0.0,0.0
2019-05-24,61.25,62.31000137329102,61.18299865722656,62.29999923706055,62.29999923706055,3575700,2.7035928021328597,2.690732660944721,3.6909866852282787,2.913842187233895,2.190735727387041,61.194000244140625,65.5270004272461,72.51766688028971,72.0081672668457,68.88060028076171,62.374969506966025,64.9580842486821,69.83960114529779,70.53505940625277,70.23482596034229,65.85350200053854,69.39359956369913,-3.540097563160586,-2.160117351565567,2.4879602825717133,2.4879602825717133,-2.4879602825717133,-2.4879602825717133,-2.4879602825717133,2.4879602825717133,2.4879602825717133,2.4879602825717133,2.4879602825717133,2.2199974060058594,2.407949829101563,62.31000137329102,55.6199108505249,56.088100814819335,56.556290779113766,,,,,,,,,,0.0,0.0,0.0
2019-05-28,62.59999847412109,62.91999816894531,60.70000076293945,60.75,60.75,1842500,-2.4879602825717133,2.173941313596592,3.4886373881256225,2.912628116502111,2.2089760249703403,61.09000015258789,64.49700012207032,71.9696667989095,71.84566726684571,68.87630027770996,61.83331300464402,64.19297802164898,69.253175264956,70.21423778637562,70.04700762449393,65.06834784660953,68.75333292935105,-3.6849850827415196,-2.4650908978007573,-2.189303425604424,-2.189303425604424,2.189303425604424,2.189303425604424,2.189303425604424,-2.189303425604424,-2.189303425604424,-2.189303425604424,-2.189303425604424,2.430000305175774,2.4505496978759767,62.91999816894531,57.01251174926758,57.49410171508789,57.97569168090821,,,,,,,,,,0.0,0.0,0.0
2019-05-29,60.16999816894531,62.58000183105469,60.15000152587891,62.08000183105469,62.08000183105469,1566000,2.189303425604424,2.419757170991781,3.4440403655286245,2.98977176851081,2.230039312386799,61.19800033569336,63.419000244140626,71.49266688028972,71.71283391316732,68.94070030212403,61.915542613447585,63.80880053245002,68.79038988212366,69.94754152554542,69.88924513353474,64.60860230575493,68.25901210725502,-3.650409801500089,-2.702154678540624,0.33827785595338633,0.33827785595338633,0.33827785595338633,-0.33827785595338633,-0.33827785595338633,0.33827785595338633,0.33827785595338633,0.33827785595338633,0.33827785595338633,2.3199996948242188,2.455549621582031,62.58000183105469,57.528788833618165,58.01889877319336,58.509008712768555,,,,,,,,,,0.0,0.0,0.0
2019-05-30,62.18000030517578,63.72999954223633,61.40999984741211,61.86999893188477,61.86999893188477,1261100,-0.33827785595338633,2.0849496095295126,3.3864467142217203,2.9857946306009566,2.230104423821757,61.53199996948242,62.27100028991699,70.94466692606608,71.57966721852621,68.96570030212402,61.90036138625998,63.45629115052906,68.34391304662438,69.68270406345817,69.73044817904662,64.1872787097749,67.78575187204241,-3.59847316226751,-2.8814183752860014,1.115239435301493,1.115239435301493,1.115239435301493,-1.115239435301493,-1.115239435301493,1.115239435301493,1.115239435301493,1.115239435301493,1.115239435301493,1.2509994506835938,2.432599639892578,63.72999954223633,57.177792663574216,57.66890258789063,58.16001251220703,,,,,,,,,,0.0,0.0,0.0
2019-05-31,61.0,62.20100021362305,60.95000076293945,61.18000030517578,61.18000030517578,1284500,-1.115239435301493,2.2062162921867134,2.7788499272198988,2.927217044358259,2.229992339752865,61.636000061035155,61.57800025939942,70.43200035095215,71.44816722869874,68.97970031738281,61.660241025898586,63.04242008773755,67.88172512782124,69.40392689105546,69.56113237956403,63.72462049368273,67.29643694116339,-3.571816447480664,-3.0194979897249343,1.1441660010587258,-1.1441660010587258,-1.1441660010587258,1.1441660010587258,1.1441660010587258,-1.1441660010587258,-1.1441660010587258,-1.1441660010587258,-1.1441660010587258,1.9799995422363281,2.444599723815918,62.20100021362305,58.378280334472656,58.86480026245117,59.35132019042969,,,,,,,,,,0.0,0.0,0.0
2019-06-03,61.65000152587891,62.75,60.77000045776367,61.88000106811523,61.88000106811523,1619100,1.1441660010587258,1.8423061512322598,2.1824668026634013,2.9588902340189507,2.233478279525801,61.55200042724609,61.37300033569336,69.93866704305013,71.34033393859863,69.00480033874511,61.73349437330414,62.83107117507894,67.49451712396925,69.15724079850004,69.40903076943633,63.440832889749274,66.89521946908576,-3.454386579336486,-3.106475707647245,3.7168700668392027,-3.7168700668392027,-3.7168700668392027,3.7168700668392027,3.7168700668392027,-3.7168700668392027,-3.7168700668392027,-3.7168700668392027,-3.7168700668392027,1.5200042724609304,2.414100074768066,62.75,56.822880821228026,57.31180076599121,57.80072071075439,,,,,,,,,,0.0,0.0,0.0
2019-06-04,62.88000106811523,64.30000305175781,62.77999877929688,64.18000030517578,64.18000030517578,1643400,3.7168700668392027,1.9371754937455463,2.0535014147555515,3.1345878912033807,2.287699591537674,62.23800048828125,61.66400032043457,69.54433364868164,71.26700057983399,69.04210033416749,62.54899635059469,63.07633101691472,67.28067732920837,68.99405258560417,69.3054856117282,63.55455095366104,66.69409212361094,-3.1395411699499007,-3.113088800107776,-1.1530097771082852,1.1530097771082852,1.1530097771082852,-1.1530097771082852,-1.1530097771082852,1.1530097771082852,1.1530097771082852,1.1530097771082852,1.1530097771082852,2.4300003051757812,2.4475999832153317,64.30000305175781,57.43897983551025,57.92179985046387,58.40461986541748,,,,,,,,,,0.0,0.0,0.0
2019-06-05,64.6500015258789,65.0,62.56999969482422,63.43999862670898,63.43999862670898,1207400,-1.1530097771082852,2.0491034147850273,2.118062272663001,3.1360978000556217,2.2859372940465494,62.50999984741211,61.854000091552734,69.10566698710123,71.1681671778361,69.05790031433105,62.84599710929946,63.142452400513676,67.03289160646648,68.81195245580433,69.1893373545991,63.53692751874534,66.45304816087746,-2.916120642132121,-3.073695168512645,0.01576629326449077,-0.01576629326449077,-0.01576629326449077,0.01576629326449077,0.01576629326449077,-0.01576629326449077,-0.01576629326449077,-0.01576629326449077,0.01576629326449077,1.779998779296868,2.328349876403808,65.0,58.915283088684085,59.404803085327146,59.894323081970214,,,,,,,,,,0.0,0.0,0.0
2019-06-06,62.22000122070312,63.84000015258789,62.06000137329102,63.45000076293945,63.45000076293945,1022100,0.01576629326449077,2.020938404920639,1.9359110961484625,2.9918405612252434,2.2859906006294706,62.82600021362305,62.17900009155274,68.64566701253256,71.0716672261556,69.05550033569335,63.047331660512796,63.198370284591086,66.801737358497,68.6361507609563,69.0756871250613,63.52355417169828,66.23060020547464,-2.707046033776365,-3.0003653415653893,1.4657154914042456,-1.4657154914042456,-1.4657154914042456,1.4657154914042456,1.4657154914042456,-1.4657154914042456,-1.4657154914042456,-1.4657154914042456,1.4657154914042456,1.029998779296882,2.248850059509277,63.84000015258789,59.87763027191162,60.34330024719238,60.80897022247314,,,,,,,,,,0.0,0.0,0.0
2019-06-07,63.68000030517578,64.62999725341797,63.59999847412109,64.37999725341797,64.37999725341797,1053600,1.4657154914042456,1.8176937408806948,1.9573719242531757,3.0338295921972156,2.2950786523243942,63.465999603271484,62.55099983215332,68.21500015258789,70.99316724141438,69.08750030517578,63.49155352481453,63.41321155165051,66.64549606139512,68.49660474431569,68.98270316720696,63.655314645809,66.0935185053223,-2.438203859513294,-2.8879330451549707,1.7396750456098686,-1.7396750456098686,-1.7396750456098686,1.7396750456098686,1.7396750456098686,1.7396750456098686,-1.7396750456098686,-1.7396750456098686,1.7396750456098686,0.8100051879882812,2.1638502120971674,64.62999725341797,58.89253002166748,59.34230003356934,59.79207004547119,,,,,,,,,,0.0,0.0,0.0
2019-06-10,65.02999877929688,65.76000213623047,64.94999694824219,65.5,65.5,1886400,1.7396750456098686,1.8456915889562435,1.8645748634390682,3.0813760567610546,2.305988250821475,64.18999938964843,62.87099990844727,67.89866689046224,70.94066721598307,69.12690029144287,64.16103568320969,63.79262763316859,66.57159308969221,68.39835540843649,68.91373874805434,63.93911239260761,66.04955417159472,-2.1104417789871093,-2.7324347919213983,-1.8167976204675573,1.8167976204675573,1.8167976204675573,-1.8167976204675573,-1.8167976204675573,-1.8167976204675573,1.8167976204675573,1.8167976204675573,-1.8167976204675573,2.009998321533203,2.137850189208984,65.76000213623047,59.8695267868042,60.302296829223636,60.73506687164307,,,,,,,,,,0.0,0.0,0.0
2019-06-11,65.87999725341797,66.0,63.9900016784668,64.30999755859375,64.30999755859375,1891400,-1.8167976204675573,1.5646556789309323,1.7531112996837894,2.891766658291131,2.308247157110944,64.21599884033203,63.22699966430664,67.52733357747395,70.85150044759115,69.15590026855469,64.21068964167105,63.8866948923368,66.42568370058909,68.26431088876951,68.82257555618384,63.99617164891317,65.92069812618723,-1.924526477274064,-2.5708531289919314,-2.379099420588322,2.379099420588322,2.379099420588322,-2.379099420588322,-2.379099420588322,-2.379099420588322,2.379099420588322,2.379099420588322,-2.379099420588322,1.5800018310546804,2.1308506011962884,66.0,61.056731719970706,61.4843017578125,61.9118717956543,,,,,,,,,,0.0,0.0,0.0
2019-06-12,63.79999923706055,64.2300033569336,62.65000152587891,62.77999877929688,62.77999877929688,1317700,-2.379099420588322,1.8672093946008328,1.8792429905359693,2.8316119338684422,2.3262633409689295,64.08399887084961,63.29699935913086,67.09966684977213,70.73400039672852,69.16120025634766,63.733792687546334,63.68547741723863,66.19047822179604,68.08449737698352,68.70292057050291,63.80906813051067,65.68805373012128,-1.8789855996106155,-2.4324796231156687,0.8442220520859917,-0.8442220520859917,-0.8442220520859917,0.8442220520859917,0.8442220520859917,0.8442220520859917,-0.8442220520859917,-0.8442220520859917,0.8442220520859917,1.0050010681152344,2.0641004562377923,64.2300033569336,61.312128677368165,61.73829879760742,62.16446891784668,,,,,,,,,,0.0,0.0,0.0
2019-06-13,63.0,63.82500076293945,62.81999969482422,63.31000137329102,63.31000137329102,776800,0.8442220520859917,1.926401428693656,1.88384273419024,2.8362578757745207,2.3287464486298735,64.05599899291992,63.440999603271486,66.69066683451335,70.62066707611083,69.16150028228759,63.592528916127904,63.61720904561179,66.00464100576346,67.92795652440344,68.5961300913502,63.73228862939995,65.5119017036894,-1.7796130742894505,-2.301906313350425,-2.858950140624415,2.858950140624415,2.858950140624415,-2.858950140624415,-2.858950140624415,2.858950140624415,2.858950140624415,2.858950140624415,-2.858950140624415,1.450000762939446,2.0391006469726554,63.82500076293945,59.68898235321045,60.10180244445801,60.51462253570557,,,,,,,,,,0.0,0.0,0.0
2019-06-14,60.93000030517578,61.81999969482422,60.36999893188477,61.5,61.5,1273300,-2.858950140624415,2.0540061319410983,2.0929578242761413,2.4603581692853327,2.3495095711460587,63.47999954223633,63.472999572753906,66.18233350118001,70.49366703033448,69.1571002960205,62.895019277418605,63.232261946409636,65.71401900539162,67.71720385147218,68.45561266379872,63.388859609492265,65.2147237997124,-1.8258641902201376,-2.2066978887243676,0.260162353515625,-0.260162353515625,-0.260162353515625,0.260162353515625,0.260162353515625,-0.260162353515625,-0.260162353515625,-0.260162353515625,0.260162353515625,1.5799980163574148,1.9570005416870107,61.81999969482422,59.33897933959961,59.74679946899414,60.15461959838867,,,,,,,,,,0.0,0.0,0.0
2019-06-17,61.70999908447266,62.34999847412109,60.77000045776367,61.65999984741211,61.65999984741211,741200,0.260162353515625,1.6456957059912467,2.0610600301839406,2.0712659408545777,2.159646579436422,62.71199951171875,63.4509994506836,65.73166681925456,70.28983370463054,69.1546002960205,62.483346134083114,62.946396110228264,65.45246938229617,67.51860699888003,68.32104607337521,63.12288118455686,64.95141091435683,-1.8285297297999676,-2.1310642569394878,-5.5627578640392645,-5.5627578640392645,-5.5627578640392645,5.5627578640392645,5.5627578640392645,-5.5627578640392645,-5.5627578640392645,-5.5627578640392645,5.5627578640392645,3.3200035095214844,2.0140007019042963,62.34999847412109,57.51459850311279,57.9059986114502,58.2973987197876,,,,,,,,,,0.0,0.0,0.0
2019-06-18,62.43000030517578,65.37000274658203,62.04999923706055,65.08999633789062,65.08999633789062,1380700,5.5627578640392645,3.359684477116464,2.4738906973048707,2.218725408732558,2.257320800483638,62.86799926757813,63.54199905395508,65.4236666361491,70.18016700744629,69.17170024871827,63.352229535352286,63.336141606166876,65.42908402459258,67.4389804198312,68.25706489049433,63.425514285069745,64.96167650128525,-1.5361622162155086,-2.012083848794692,-0.7681671963913396,-0.7681671963913396,-0.7681671963913396,0.7681671963913396,0.7681671963913396,0.7681671963913396,-0.7681671963913396,-0.7681671963913396,0.7681671963913396,1.30999755859375,1.7556503295898427,65.37000274658203,57.91919692993164,58.32199707031249,58.72479721069335,,,,,,,,,,0.0,0.0,0.0
2019-06-19,65.5999984741211,66.05999755859375,64.75,65.58999633789062,65.58999633789062,923200,0.7681671963913396,3.0124630367227927,2.434179955223121,2.2208236699462462,2.256546391492668,63.429998779296874,63.75699882507324,65.15399983723958,70.09216690063477,69.17000019073487,64.09815180286508,63.74593337557119,65.4394654641602,67.3783579909151,68.20425165182891,63.75851152396527,65.00821871140417,-1.2497071874389007,-1.8596085165235339,1.1434670557630953,1.1434670557630953,1.1434670557630953,-1.1434670557630953,-1.1434670557630953,-1.1434670557630953,1.1434670557630953,1.1434670557630953,-1.1434670557630953,2.0699996948242188,1.7736503601074205,66.05999755859375,61.50757202148438,61.85870208740235,62.20983215332031,,,,,,,,,,0.0,0.0,0.0
2019-06-20,66.81999969482422,66.81999969482422,64.75,64.83999633789062,64.83999633789062,1472100,-1.1434670557630953,3.152098922181297,2.4795832540343397,2.170542589246923,2.2595232563720447,63.7359977722168,63.89599838256836,64.77599970499675,69.98700014750163,69.16750019073487,64.34543331454026,63.94485391417472,65.40079003665893,67.2951330186848,68.13763273472122,63.92489380303071,64.9957577948476,-1.0708639918168927,-1.7018596115822058,1.465140348391779,1.465140348391779,1.465140348391779,-1.465140348391779,-1.465140348391779,-1.465140348391779,1.465140348391779,1.465140348391779,-1.465140348391779,1.0299949645996023,1.7126501083374006,66.81999969482422,62.157966766357426,62.51269683837891,62.86742691040039,,,,,,,,,,0.0,0.0,0.0
2019-06-21,64.52999877929688,64.58999633789062,63.56000137329102,63.88999938964844,63.88999938964844,2202800,-1.465140348391779,2.823303211140842,2.492343316893978,2.2074653914082685,2.2644202474408024,64.21399765014648,63.846998596191405,64.40066630045573,69.87566680908203,69.16980018615723,64.19362200624299,63.93488036426085,65.30331967233568,67.18348929314261,68.05352118333364,63.91952543174113,64.91384976483286,-0.9943243330917326,-1.5603525558841114,1.0330312543660938,-1.0330312543660938,-1.0330312543660938,1.0330312543660938,1.0330312543660938,1.0330312543660938,-1.0330312543660938,-1.0330312543660938,1.0330312543660938,1.8799972534179759,1.7502998352050763,64.58999633789062,63.052169456481934,63.39469947814942,63.7372294998169,,,1.0,,,63.7372294998169,,,63.88999938964844,0.0,0.0,0.23968705736100146
2019-06-24,64.18000030517578,65.41999816894531,63.54000091552734,64.55000305175781,64.55000305175781,1198100,1.0330312543660938,2.807712323393915,2.4455785904311402,2.1416624634959613,2.268985862436595,64.79199829101563,63.75199890136719,64.04999974568685,69.7810001373291,69.16000022888184,64.31241568808127,64.04672085289666,65.25471860004033,67.09714548194967,67.98414458666878,64.01652198866677,64.88689815645694,-0.8703761677901696,-1.422357278265323,-1.6886195441558023,1.6886195441558023,1.6886195441558023,-1.6886195441558023,-1.6886195441558023,-1.6886195441558023,1.6886195441558023,1.6886195441558023,-1.6886195441558023,1.589996337890618,1.7187997817993144,65.41999816894531,60.73933670043946,61.08939666748047,61.43945663452149,,,,,,,,,,0.0,0.0,0.0
2019-06-25,64.41000366210938,64.98999786376953,63.40000152587891,63.45999908447266,63.45999908447266,923400,-1.6886195441558023,1.295838712474993,2.4360115094206574,2.095846735837648,2.258381939738435,64.46599884033203,63.66699905395508,63.79699961344401,69.64316673278809,69.14100021362304,64.02827682021174,63.94004416772866,65.13893024419727,66.97789478039304,67.89455754702134,63.93090308032921,64.78120192890255,-0.8502988485733383,-1.3079455923269263,3.4352353240250433,-3.4352353240250433,-3.4352353240250433,3.4352353240250433,3.4352353240250433,3.4352353240250433,-3.4352353240250433,-3.4352353240250433,3.4352353240250433,1.6800003051757812,1.6812997817993147,64.98999786376953,61.63863864898682,61.98239860534668,62.32615856170655,,,,,,,,,,0.0,0.0,0.0
2019-06-26,64.61000061035156,66.29000091552734,64.61000061035156,65.63999938964844,65.63999938964844,1142100,3.4352353240250433,2.18904850939404,2.525605578826798,2.1739288077746495,2.288213518978229,64.47599945068359,63.952999114990234,63.55633290608724,69.51700007120768,69.13820022583008,64.56551767669065,64.24912693535043,65.17125728583927,66.93402935774567,67.84991283103375,64.19384097407062,64.84481655562446,-0.650975581553837,-1.1765515901723085,2.1633122823722166,2.1633122823722166,-2.1633122823722166,2.1633122823722166,2.1633122823722166,2.1633122823722166,-2.1633122823722166,-2.1633122823722166,2.1633122823722166,1.4899978637695312,1.6397996902465803,66.29000091552734,61.29113834381104,61.6273983001709,61.96365825653076,,,,,,,,,,0.0,0.0,0.0
2019-06-27,66.38999938964844,67.8499984741211,66.36000061035156,67.05999755859375,67.05999755859375,1260900,2.1633122823722166,2.2431530590467608,2.5808894159483695,2.2069054648784787,2.301476710103435,64.91999969482421,64.3279987335205,63.346666208902995,69.40016670227051,69.1492002105713,65.39701097065836,64.76019432139466,65.29311149698472,66.93815946269152,67.83427094445076,64.63478814092034,65.00890403732589,-0.37411589640555576,-1.0160644514189578,-0.6710363325751723,-0.6710363325751723,0.6710363325751723,-0.6710363325751723,-0.6710363325751723,-0.6710363325751723,0.6710363325751723,0.6710363325751723,-0.6710363325751723,1.4599990844726562,1.6502496719360333,67.8499984741211,62.682441596984866,63.010401535034184,63.3383614730835,,,,,,,,,,0.0,0.0,0.0
2019-06-28,67.58000183105469,67.95999908447266,66.5,66.61000061035156,66.61000061035156,1240200,-0.6710363325751723,2.0736306242451414,2.3355303388908313,2.1927634302245935,2.3011218060696117,65.46399993896485,64.83899879455566,63.296666208903,69.27016665140788,69.15490020751953,65.8013408505561,65.09652273756865,65.37807208494388,66.92740015605742,67.8100279675379,64.93866698237129,65.12750378347594,-0.18883680110465662,-0.8506189213560976,5.9600678341476625,5.9600678341476625,-5.9600678341476625,5.9600678341476625,5.9600678341476625,5.9600678341476625,-5.9600678341476625,-5.9600678341476625,5.9600678341476625,3.2600021362304688,1.7142498016357404,67.95999908447266,64.21944919586181,64.54949913024903,64.87954906463624,,,,,,,,,,0.0,0.0,0.0
2019-07-01,71.93000030517578,72.70999908447266,69.44999694824219,70.58000183105469,70.58000183105469,3079200,5.9600678341476625,3.0976089433358758,2.8262320064941653,2.5140486853962383,2.4322551524921288,66.66999969482421,65.73099899291992,63.518332926432294,69.2125,69.1744002532959,67.39422784405564,66.09351893638429,65.71368045566071,67.04715758802453,67.8648789351323,65.8065646513995,65.53139252774103,0.27517212365846433,-0.6254607123531853,-1.3601573527450146,-1.3601573527450146,1.3601573527450146,-1.3601573527450146,-1.3601573527450146,-1.3601573527450146,-1.3601573527450146,1.3601573527450146,-1.3601573527450146,1.1699981689453125,1.6967494964599594,72.70999908447266,64.18864952087402,64.53149948120118,64.87434944152832,,,,,,,,,,0.0,0.0,0.0
2019-07-02,70.37000274658203,70.5,69.33000183105469,69.62000274658203,69.62000274658203,1168000,-1.3601573527450146,3.0062075391433756,2.5237155709325787,2.447717659578027,2.4328620014423152,67.9020004272461,66.18399963378906,63.79666633605957,69.12466672261556,69.20530029296874,68.13615281156444,66.73469781096568,65.96570124862338,67.13151316699363,67.89963386209169,66.39324743527374,65.83425254395148,0.5589948913222571,-0.3885695916180969,-0.9049193593193731,-0.9049193593193731,0.9049193593193731,0.9049193593193731,-0.9049193593193731,-0.9049193593193731,-0.9049193593193731,0.9049193593193731,-0.9049193593193731,1.5500030517578125,1.652749633789061,70.5,68.97715019226075,69.31650009155274,69.65584999084473,,,1.0,,,69.65584999084473,,,69.62000274658203,0.0,0.0,-0.05146336491107236
2019-07-03,69.9000015258789,69.91000366210938,68.36000061035156,68.98999786376953,68.98999786376953,888200,-0.9049193593193731,3.079771806255886,2.5738851911532548,2.4398592587624326,2.433907396747552,68.5720001220703,66.52399978637695,64.04499956766765,69.02033335367838,69.25010025024415,68.42076782896615,67.14475236602092,66.16081715927797,67.19244709147809,67.92122522846154,66.79274750119617,66.0680114565306,0.7247360446655762,-0.1659084643613623,-0.028984843724582276,-0.028984843724582276,0.028984843724582276,0.028984843724582276,-0.028984843724582276,-0.028984843724582276,-0.028984843724582276,0.028984843724582276,-0.028984843724582276,0.8899993896484375,1.6082496643066395,69.91000366210938,66.86395080566406,67.19450073242187,67.52505065917968,,,,,,,,,,0.0,0.0,0.0
2019-07-05,68.55000305175781,69.16999816894531,68.27999877929688,68.97000122070312,68.97000122070312,626500,-0.028984843724582276,3.0351473005568974,2.5165835184366085,2.4402969938698997,2.4339135205311977,68.9540008544922,66.9370002746582,64.33733291625977,68.91616668701172,69.29480026245118,68.60384562621181,67.47661579414495,66.34205484066024,67.25072755473137,67.94199306989206,67.12770961188956,66.28297366128412,0.8447359506054397,0.0362204186319981,-0.014502154637437283,-0.014502154637437283,0.014502154637437283,0.014502154637437283,-0.014502154637437283,-0.014502154637437283,-0.014502154637437283,0.014502154637437283,-0.014502154637437283,1.0600051879882812,1.6097499847412096,69.16999816894531,66.37185440063477,66.6935043334961,67.01515426635743,,,,,,,,,,0.0,0.0,0.0
2019-07-08,68.54000091552734,69.1500015258789,68.08999633789062,68.95999908447266,68.95999908447266,786100,-0.014502154637437283,2.980170700617798,2.4212929842162905,2.430160434731053,2.4264299119564123,69.4240005493164,67.44400024414062,64.61399955749512,68.79499994913736,69.33260025024414,68.72256344563209,67.7463218469318,66.5109544692933,67.30676924423108,67.96215160483426,67.40960029997927,66.48127184077957,0.9283284591997045,0.2146420267455394,0.9715750838752146,0.9715750838752146,-0.9715750838752146,-0.9715750838752146,0.9715750838752146,0.9715750838752146,0.9715750838752146,-0.9715750838752146,0.9715750838752146,1.4199981689453125,1.640249633789061,69.1500015258789,65.62854820251465,65.9504981994629,66.27244819641113,,,,,,,,,,0.0,0.0,0.0
2019-07-09,68.48999786376953,69.88999938964844,68.47000122070312,69.62999725341797,69.62999725341797,812300,0.9715750838752146,0.9022760014061466,2.420692119144562,2.4134162732867237,2.43060584484212,69.23399963378907,67.95199966430664,64.85833282470703,68.68799985249838,69.37990020751953,69.02504138156073,68.08880828447474,66.71218303601103,67.38294065436835,67.99517825134087,67.75119983127753,66.71451076023426,1.03668907104327,0.37905143560508553,-0.4164884776196201,-0.4164884776196201,0.4164884776196201,0.4164884776196201,-0.4164884776196201,-0.4164884776196201,-0.4164884776196201,0.4164884776196201,-0.4164884776196201,1.2450027465820312,1.6019998550415024,69.88999938964844,65.54145233154297,65.86950225830078,66.1975521850586,,,,,,,,,,0.0,0.0,0.0
2019-07-10,70.0999984741211,70.5,69.25499725341797,69.33999633789062,69.33999633789062,942900,-0.4164884776196201,0.6903640689430759,2.306937760286911,2.367633548030615,2.4215746564446907,69.17799835205078,68.53999938964844,65.14466603597005,68.55716641743977,69.42660018920898,69.13002636700404,68.31629702145945,66.88171937806777,67.44710641448384,68.02180831246068,67.99563006306417,66.908991173394,1.0866388896701693,0.5205689264181024,0.0,0.0,0.0,0.0,0.0,0.0,0.0,0.0,0.0,0.9800033569335938,1.5719999313354482,70.5,66.36559970855713,66.68599967956543,67.00639965057373,,,,,,,,,,0.0,0.0,0.0
2019-07-11,69.63999938964844,69.72000122070312,68.73999786376953,69.33999633789062,69.33999633789062,612100,0.0,0.5162665003398278,2.1393739617858496,2.2785695528350653,2.418836384170728,69.247998046875,68.90999908447266,65.38666585286458,68.43966636657714,69.4684001159668,69.20001635729957,68.50242416990147,67.04031789160473,67.50916837918571,68.0479110456375,68.2024556438067,67.08906563002338,1.1133900137833166,0.6391331438911452,1.3268039326923204,1.3268039326923204,-1.3268039326923204,-1.3268039326923204,1.3268039326923204,1.3268039326923204,1.3268039326923204,-1.3268039326923204,1.3268039326923204,0.8600006103515625,1.5647499084472645,69.72000122070312,67.04160015106201,67.3560001373291,67.6704001235962,,,,,,,,,,0.0,0.0,0.0
2019-07-12,69.55999755859375,70.37999725341797,69.5199966430664,70.26000213623047,70.26000213623047,839500,1.3268039326923204,0.7383447548947639,2.085831368234821,2.284704756032121,2.401627648568143,69.50599822998046,69.22999954223633,65.66633262634278,68.30549977620443,69.52230010986328,69.55334495027654,68.8219838001431,67.24803945577413,67.5993596499085,68.09171482960964,68.51900125802574,67.32394981566836,1.1950514423573821,0.7503168035843926,0.6120129406515433,0.6120129406515433,-0.6120129406515433,-0.6120129406515433,-0.6120129406515433,0.6120129406515433,0.6120129406515433,-0.6120129406515433,0.6120129406515433,1.1800003051757812,1.5512498855590813,70.37999725341797,66.27755142211915,66.5905014038086,66.90345138549804,,,,,,,,,,0.0,0.0,0.0
2019-07-15,70.55999755859375,71.27999877929688,70.0999984741211,70.69000244140625,70.69000244140625,1367900,0.6120129406515433,0.7086039792821762,2.045812849652468,2.1396367460389434,2.387866629436181,69.85199890136718,69.6379997253418,65.98333269755045,68.20766652425131,69.57060012817382,69.93223078065311,69.16162355310003,67.47010158387943,67.7006922004494,68.14316606944719,68.85300144008428,67.5732870472045,1.2797143928797823,0.8561963214434707,-0.19804694414104826,-0.19804694414104826,0.19804694414104826,0.19804694414104826,0.19804694414104826,-0.19804694414104826,-0.19804694414104826,0.19804694414104826,-0.19804694414104826,1.4199981689453125,1.5432498931884762,71.27999877929688,66.96724750518798,67.27749748229981,67.58774745941162,,,,,,,,,,0.0,0.0,0.0
2019-07-16,70.6500015258789,70.72000122070312,69.30000305175781,70.55000305175781,70.55000305175781,1502100,-0.19804694414104826,0.7065602392586238,0.8138764075252605,2.1472591557719976,2.3876476895802727,70.03600006103515,69.6349998474121,66.27233276367187,68.10549990336101,69.61550018310547,70.13815487102136,69.41405618921962,67.66880490438771,67.79411222836114,68.19082620771077,69.11407861111098,67.79378452902327,1.3202940820877132,0.9490158735723193,-0.04253211536984989,-0.04253211536984989,0.04253211536984989,0.04253211536984989,0.04253211536984989,-0.04253211536984989,-0.04253211536984989,0.04253211536984989,-0.04253211536984989,1.1699981689453125,1.4357496261596676,70.72000122070312,67.88484901428222,68.19349899291993,68.50214897155762,,,,,,,,,,0.0,0.0,0.0
2019-07-17,70.87000274658203,71.0,69.83000183105469,70.5199966430664,70.5199966430664,1042700,-0.04253211536984989,0.632296954323632,0.6619054354594974,1.8195568822080697,2.3855548347770785,70.27200012207031,69.72499923706054,66.4836659749349,68.01399981180826,69.64270011901856,70.26543546170305,69.61513627173721,67.85275275849602,67.88348548785967,68.2369483945495,69.33037369295027,67.99572616710054,1.3346475258497321,1.0261422040278019,1.0209887336600096,1.0209887336600096,-1.0209887336600096,-1.0209887336600096,-1.0209887336600096,1.0209887336600096,1.0209887336600096,-1.0209887336600096,1.0209887336600096,1.3799972534179688,1.4392496109008786,71.0,67.56135204315186,67.84850196838379,68.13565189361573,,,,,,,,,,0.0,0.0,0.0
2019-07-18,71.0,71.52999877929688,70.1500015258789,71.23999786376953,71.23999786376953,1389100,1.0209887336600096,0.6594655940981219,0.6048935211289294,1.8230012705495273,2.387281607543199,70.6520004272461,69.94999923706055,66.74366594950358,67.9246664683024,69.66810012817383,70.59028959572521,69.91056565210673,68.07128470077174,67.99353507395507,68.29641472067267,69.62416202692248,68.23604258907602,1.3881194378464556,1.0985376507915325,0.07018957503821391,0.07018957503821391,-0.07018957503821391,-0.07018957503821391,-0.07018957503821391,0.07018957503821391,0.07018957503821391,0.07018957503821391,0.07018957503821391,0.9599990844726562,1.3837495803833004,71.52999877929688,67.83365085601807,68.12150077819824,68.40935070037843,,,,,,,,,,0.0,0.0,0.0
2019-07-19,71.0999984741211,71.75,70.79000091552734,71.29000091552734,71.29000091552734,1030500,0.07018957503821391,0.5086966432900006,0.5992667171600067,1.7877459309585388,2.3841933168847618,70.85800018310547,70.18199920654297,67.00499928792318,67.82533315022786,69.68960014343261,70.82352670232592,70.16137206363774,68.27894381140113,68.10161592121975,68.35569365522424,69.88044493286169,68.46226172436872,1.4181832084929766,1.1624667623318214,2.1181121010500394,2.1181121010500394,-2.1181121010500394,-2.1181121010500394,-2.1181121010500394,2.1181121010500394,2.1181121010500394,2.1181121010500394,2.1181121010500394,1.6300048828125,1.4137500762939452,71.75,68.48574970245362,68.76249961853027,69.03924953460694,,,,,,,,,,0.0,0.0,0.0
2019-07-22,71.76000213623047,73.2300033569336,71.5999984741211,72.80000305175781,72.80000305175781,972300,2.1181121010500394,0.9762332713080335,0.8057534947871428,1.7608291339645386,2.401354946393622,71.28000030517578,70.56599960327148,67.28566614786784,67.75033315022786,69.72410018920898,71.48235215213656,70.64112315238684,68.57062505271448,68.25566140090952,68.44369978188827,70.32960772038417,68.78357589676791,1.5460318236162607,1.2391797745887092,1.497247654118479,1.497247654118479,-1.497247654118479,-1.497247654118479,-1.497247654118479,1.497247654118479,1.497247654118479,1.497247654118479,1.497247654118479,1.029998779296875,1.3712501525878902,73.2300033569336,68.63974983215331,68.92249984741211,69.2052498626709,,,,,,,,,,0.0,0.0,0.0
2019-07-23,73.19000244140625,73.9000015258789,72.87000274658203,73.88999938964844,73.88999938964844,738100,1.497247654118479,0.9255691039027789,0.8523821601664968,1.768917088351897,2.37871957753945,71.9479995727539,70.99199981689453,67.56533279418946,67.73199984232585,69.76160018920899,72.28490123130719,71.23182792279803,68.91381049380699,68.44039379398292,68.55154729887361,70.87736028488638,69.16182948883313,1.715530796053244,1.3344499788816162,1.9488461947503901,1.9488461947503901,-1.9488461947503901,-1.9488461947503901,-1.9488461947503901,1.9488461947503901,1.9488461947503901,1.9488461947503901,1.9488461947503901,1.8000030517578125,1.38175048828125,73.9000015258789,70.21325302124023,70.48750305175781,70.76175308227539,,,,,,,,,,0.0,0.0,0.0
2019-07-24,74.2300033569336,75.80000305175781,74.0,75.33000183105469,75.33000183105469,1360100,1.9488461947503901,0.8238124097611583,0.8673840228076183,1.6967353994920202,2.3907414035682795,72.91000061035156,71.59100036621093,67.93266626993815,67.72999992370606,69.80990020751953,73.29993476455635,71.97695045157197,69.32775832201652,68.66628258208364,68.68577412129304,71.56238206121996,69.61873114381251,1.943650917407453,1.4562901665867838,-0.7964933751982801,-0.7964933751982801,-0.7964933751982801,0.7964933751982801,0.7964933751982801,-0.7964933751982801,-0.7964933751982801,-0.7964933751982801,-0.7964933751982801,1.06500244140625,1.3510005950927735,75.80000305175781,70.86015045166016,71.13650054931641,71.41285064697266,,,,,,,,,,0.0,0.0,0.0
2019-07-25,75.0,75.13500213623047,74.06999969482422,74.7300033569336,74.7300033569336,877100,-0.7964933751982801,1.2732261908456726,0.9816583385148681,1.6228276696745867,2.392953121411243,73.60800170898438,72.13000106811523,68.33099975585938,67.71533330281575,69.85670021057129,73.77662429534877,72.47750552527408,69.6762902597531,68.86509309929183,68.80546182892948,72.04970841440668,69.99734390033998,2.0523645140666957,1.5755050360827663,0.254241674664786,0.254241674664786,0.254241674664786,-0.254241674664786,-0.254241674664786,0.254241674664786,0.254241674664786,0.254241674664786,0.254241674664786,0.9599990844726562,1.3245006561279298,75.13500213623047,72.82780174255372,73.09800186157227,73.36820198059083,,,,,,,,,,0.0,0.0,0.0
2019-07-26,75.19999694824219,75.19999694824219,74.23999786376953,74.91999816894531,74.91999816894531,859500,0.254241674664786,1.2430996068756954,0.9708625729343181,1.5856424506970654,2.3931529357407637,74.33400115966796,72.59600067138672,68.71799964904785,67.7043332417806,69.90730018615723,74.15774891988096,72.92159509685067,70.01459399583001,69.06361457698539,68.92654175645455,72.49129145356648,70.36198495727372,2.129306496292756,1.6862653281247644,-0.320338854291392,-0.320338854291392,-0.320338854291392,0.320338854291392,0.320338854291392,-0.320338854291392,-0.320338854291392,-0.320338854291392,-0.320338854291392,1.1450042724609375,1.3087509155273438,75.19999694824219,72.22110069274902,72.4860008239746,72.7509009552002,,,,,,,,,,0.0,0.0,0.0
2019-07-29,75.13999938964844,75.26000213623047,74.11499786376953,74.68000030517578,74.68000030517578,911700,-0.320338854291392,1.173297882245699,1.0183579269599625,1.5731166123199145,2.3849922638125864,74.71000061035156,72.99500045776367,69.1573329925537,67.66983324686686,69.96340019226074,74.33183271497924,73.24130513472795,70.31558795127168,69.24775837135229,69.04047162870646,72.8280158922756,70.6818379460072,2.146177946268395,1.7782478517534905,1.084624471456533,1.084624471456533,1.084624471456533,-1.084624471456533,-1.084624471456533,1.084624471456533,1.084624471456533,1.084624471456533,1.084624471456533,2.5,1.2707508087158204,75.26000213623047,72.32074493408203,72.5824951171875,72.84424530029297,,,,,,,,,,0.0,0.0,0.0
2019-07-30,74.16999816894531,75.55000305175781,73.05000305175781,75.48999786376953,75.48999786376953,844000,1.084624471456533,1.0992639754304294,0.9934119353175914,0.9511166671233033,2.374085372813698,75.03000030517578,73.48899993896484,69.61833292643229,67.67499987284343,70.03480018615723,74.717887764576,73.65015835819005,70.64942084885219,69.4524219612676,69.16818501949979,73.23755158019775,71.03799793991553,2.1995536402822182,1.862509009459236,-2.914289323749005,-2.914289323749005,-2.914289323749005,2.914289323749005,2.914289323749005,-2.914289323749005,-2.914289323749005,-2.914289323749005,-2.914289323749005,2.7399978637695312,1.3492507934570312,75.55000305175781,72.46435035705566,72.71850051879883,72.97265068054199,,,,,,,,,,0.0,0.0,0.0
2019-07-31,75.83999633789062,75.83999633789062,73.0999984741211,73.29000091552734,73.29000091552734,1722800,-2.914289323749005,1.5017907792539786,1.5082737172953837,1.141798671900846,2.3999520665244973,74.62200012207032,73.76600036621093,69.89166641235352,67.6576665242513,70.08190017700196,74.24192548155979,73.58467518679683,70.81978085315382,69.578244222063,69.2498051362528,73.24562070870999,71.20481297514604,2.040807733563952,1.8981687542801793,-2.660669331801833,-2.660669331801833,-2.660669331801833,2.660669331801833,2.660669331801833,-2.660669331801833,-2.660669331801833,-2.660669331801833,-2.660669331801833,4.8300018310546875,1.513250732421875,75.83999633789062,72.58165130615234,72.85150146484375,73.12135162353516,,,1.0,,,73.12135162353516,,,73.29000091552734,0.0,0.0,0.23064301773368698
2019-08-01,73.0,75.47000122070312,70.63999938964844,71.33999633789062,71.33999633789062,2818900,-2.660669331801833,1.7863157794771174,1.7661466594603374,1.2937393092642502,2.422023723146601,73.94399871826172,73.77600021362305,70.08333307902018,67.61866645812988,70.10160011291504,73.27461576700341,73.17655175972297,70.85334314249168,69.63600658651636,69.29119506103771,72.95244772858393,71.21482655757156,1.7376211710123783,1.8660592376266192,-0.6307779245051374,-0.6307779245051374,-0.6307779245051374,0.6307779245051374,0.6307779245051374,-0.6307779245051374,-0.6307779245051374,-0.6307779245051374,0.6307779245051374,3.779998779296875,1.657750701904297,75.47000122070312,72.5108447265625,72.81349487304688,73.11614501953125,1.0,1.0,1.0,72.5108447265625,72.81349487304688,73.0,71.33999633789062,71.33999633789062,71.33999633789062,-1.6147217607064515,-2.023661325040577,-2.273977619327911
2019-08-02,70.91999816894531,72.0,68.22000122070312,70.88999938964844,70.88999938964844,2646400,-0.6307779245051374,1.6828007795854223,1.7781621363762778,1.30569132987589,2.381147819451665,73.13799896240235,73.73600006103516,70.28499984741211,67.53049977620442,70.11810012817382,72.47974364121842,72.76081496516396,70.8557080616631,69.67712110465183,69.32285455269337,72.63514798413232,71.19076528587354,1.444382698258778,1.7817239297530512,3.8651401994082026,-3.8651401994082026,-3.8651401994082026,3.8651401994082026,3.8651401994082026,3.8651401994082026,-3.8651401994082026,-3.8651401994082026,3.8651401994082026,1.6299972534179688,1.6862503051757813,72.0,71.82294967651367,72.15449981689453,72.48604995727538,1.0,1.0,1.0,70.91999816894531,70.91999816894531,70.91999816894531,70.88999938964844,70.88999938964844,70.88999938964844,-0.04229946428567587,-0.04229946428567587,-0.04229946428567587
2019-08-05,69.31999969482422,69.36000061035156,67.7300033569336,68.1500015258789,68.1500015258789,1722700,-3.8651401994082026,1.995951981028123,1.9671675461979403,1.584633854436071,2.425383759912887,71.83199920654297,73.27099990844727,70.42699991861979,67.41383310953776,70.10870018005372,71.03649626943859,71.92248524893031,70.68114634967702,69.62705161026584,69.2996297402812,71.94512545209334,70.96552352587393,0.9796019262194022,1.6212995290463215,-2.920026147048376,2.920026147048376,2.920026147048376,-2.920026147048376,-2.920026147048376,-2.920026147048376,2.920026147048376,2.920026147048376,-2.920026147048376,1.6500015258789062,1.6977504730224608,69.36000061035156,68.29024932861329,68.62749938964843,68.9647494506836,1.0,1.0,1.0,68.29024932861329,68.62749938964843,68.9647494506836,68.1500015258789,68.1500015258789,68.1500015258789,-0.20537017233529975,-0.6957821106935929,-1.1813976434255227
2019-08-06,68.93000030517578,70.29000091552734,68.63999938964844,70.13999938964844,70.13999938964844,1599000,2.920026147048376,2.7022700111598037,2.178991724260391,1.7058132282455443,2.4572216163966614,70.76199951171876,72.89599990844727,70.61333312988282,67.33166643778483,70.1236001586914,70.73766397617521,71.59839691087906,70.64623364257841,69.6438695702456,69.31627072343699,71.66741375017874,70.90437358985724,0.7630401603214949,1.4496476553013564,-0.8981996847735165,0.8981996847735165,0.8981996847735165,-0.8981996847735165,-0.8981996847735165,-0.8981996847735165,0.8981996847735165,0.8981996847735165,-0.8981996847735165,2.5260009765625,1.7618003845214845,70.29000091552734,65.62494956970215,65.96449966430664,66.30404975891113,,,,,,,,,,0.0,0.0,0.0
2019-08-07,69.0199966430664,71.0999984741211,68.5739974975586,70.7699966430664,70.7699966430664,1354600,0.8981996847735165,2.71664934023108,2.0705335344102496,1.7121930254336701,2.3605452964096396,70.25799865722657,72.43999938964843,70.85699971516927,67.32699966430664,70.13470008850098,70.74844153180561,71.44777868036766,70.65421835228732,69.68079176935447,69.34505737531083,71.52934957985376,70.89441974194682,0.6349298379069381,1.2867040918224728,-1.822807653974546,1.822807653974546,1.822807653974546,-1.822807653974546,-1.822807653974546,-1.822807653974546,1.822807653974546,1.822807653974546,-1.822807653974546,2.0100021362304688,1.813300323486328,71.0999984741211,66.41404006958008,66.76640014648437,67.11876022338868,,,,,,,,,,0.0,0.0,0.0
2019-08-08,71.0,72.12000274658203,70.11000061035156,72.05999755859375,72.05999755859375,1542800,1.822807653974546,2.633005641338515,2.204675198848073,1.7536961176743164,2.3492257150812863,70.4019989013672,72.17299880981446,71.07099965413411,67.31366628011068,70.15700004577637,71.18562687406833,71.55909120368149,70.74491378495225,69.75879851654264,69.39881856705901,71.61098773042914,70.98075883947622,0.630228890952921,1.1554090516485624,3.5664720814547475,-3.5664720814547475,-3.5664720814547475,3.5664720814547475,3.5664720814547475,3.5664720814547475,-3.5664720814547475,-3.5664720814547475,3.5664720814547475,2.0800018310546875,1.8743003845214843,72.12000274658203,67.11073776245117,67.47339782714843,67.8360578918457,,,,,,,,,,0.0,0.0,0.0
2019-08-09,71.33000183105469,71.33000183105469,69.25,69.48999786376953,69.48999786376953,1458900,-3.5664720814547475,3.1493547156985464,2.4114057936500983,1.9225027396653125,2.392276987257726,70.1219985961914,71.62999877929687,71.15199966430664,67.24933293660482,70.15080001831055,70.62041720396874,71.18289241460658,70.6639514674566,69.74998538038614,69.40062409768694,71.28468159709689,70.87033210053498,0.4143494965619112,1.0071971406312323,0.1439034065264098,-0.1439034065264098,-0.1439034065264098,0.1439034065264098,0.1439034065264098,0.1439034065264098,-0.1439034065264098,-0.1439034065264098,0.1439034065264098,1.3149948120117188,1.8810501098632812,71.33000183105469,67.99654190063477,68.37140197753907,68.74626205444336,,,,,,,,,,0.0,0.0,0.0
2019-08-12,68.95999908447266,70.16999816894531,68.8550033569336,69.38999938964844,69.38999938964844,1004300,-0.1439034065264098,2.4824829482728608,2.41532322793637,1.916485198384708,2.2043501729351944,70.36999816894532,71.10099868774414,71.2446662902832,67.2706662495931,70.15349998474122,70.21027793252864,70.85691186461419,70.58176101082383,69.73818256101768,69.40041370742875,70.99319202672021,70.7606778256545,0.23251420106571175,0.8522605527181283,-3.3290064546943263,-3.3290064546943263,3.3290064546943263,-3.3290064546943263,-3.3290064546943263,-3.3290064546943263,3.3290064546943263,3.3290064546943263,-3.3290064546943263,3.3400039672851562,1.9770503997802735,70.16999816894531,67.19169158935547,67.56790161132812,67.94411163330078,,,,,,,,,,0.0,0.0,0.0
2019-08-13,69.41999816894531,72.36000061035156,69.0199966430664,71.69999694824219,71.69999694824219,1127400,3.3290064546943263,2.5912026267083825,2.6889344252880534,2.0613830427826594,2.0894200921447,70.68199768066407,70.72199859619141,71.28199946085611,67.40016619364421,70.13159996032715,70.70685093776649,71.01020006163746,70.65390526485082,69.80250434420537,69.44595000922703,71.1019312454159,70.83025701992025,0.27167422549564435,0.7361432872736315,2.6778218279859822,2.6778218279859822,-2.6778218279859822,2.6778218279859822,2.6778218279859822,2.6778218279859822,-2.6778218279859822,-2.6778218279859822,2.6778218279859822,1.5099945068359375,1.9940502166748046,72.36000061035156,65.82048728942871,66.21589736938476,66.61130744934081,,,,,,,,,,0.0,0.0,0.0
2019-08-14,69.97000122070312,70.66999816894531,69.16000366210938,69.77999877929688,69.77999877929688,1042500,-2.6778218279859822,2.9159194121396386,2.666102230887007,2.1532311186667457,2.045109337833427,70.48399810791015,70.37099838256836,71.28733266194662,67.5419994990031,70.11269996643067,70.39790021827662,70.7865271012119,70.59752420126671,69.80176645683132,69.45256483635713,70.89855701985913,70.75246011320742,0.1460969066517066,0.6181340111492466,0.47291750763486146,-0.47291750763486146,0.47291750763486146,-0.47291750763486146,-0.47291750763486146,-0.47291750763486146,0.47291750763486146,0.47291750763486146,-0.47291750763486146,1.5199966430664062,2.0010501861572267,70.66999816894531,67.97309013366699,68.37190017700195,68.77071022033691,,,,,,,,,,0.0,0.0,0.0
2019-08-15,69.93000030517578,71.31999969482422,69.80000305175781,70.11000061035156,70.11000061035156,1089500,0.47291750763486146,2.733099614591498,2.5604369205498747,2.1426050759327695,2.0451678899778787,70.09399871826172,70.24799880981445,71.32466608683268,67.68483282725016,70.10509994506836,70.30193368230161,70.66352228469184,70.56607106636896,69.81187249465165,69.46558336653523,70.77724064916566,70.70487052040329,0.07237012876237259,0.5089812346718718,-2.13949506053567,-2.13949506053567,2.13949506053567,-2.13949506053567,-2.13949506053567,-2.13949506053567,2.13949506053567,2.13949506053567,-2.13949506053567,1.9199981689453125,2.049050140380859,71.31999969482422,66.26768775939941,66.66789779663085,67.0681078338623,,,,,,,,,,0.0,0.0,0.0
2019-08-16,70.58999633789062,72.1500015258789,70.2300033569336,71.61000061035156,71.61000061035156,1135700,2.13949506053567,2.2982772964065767,2.6502228902119405,2.1983577567245223,2.034661930911424,70.51799926757812,70.31999893188477,71.41266606648763,67.8749994913737,70.10969993591308,70.7379559916516,70.8356092529936,70.63342135952912,69.87082751483852,69.50804707433358,70.90535756627119,70.77191719373279,0.13344037253840213,0.4338730622451779,0.5725401888288448,-0.5725401888288448,0.5725401888288448,-0.5725401888288448,-0.5725401888288448,-0.5725401888288448,0.5725401888288448,0.5725401888288448,-0.5725401888288448,1.404998779296875,2.037799835205078,72.1500015258789,66.81208938598633,67.2218994140625,67.63170944213867,,,,,,,,,,0.0,0.0,0.0
2019-08-19,72.6500015258789,73.125,71.72000122070312,72.0199966430664,72.0199966430664,1359900,0.5725401888288448,2.260459912462891,2.2472869466753096,2.1482589219533472,2.034087294215615,71.04399871826172,70.70699844360351,71.51466598510743,68.06433277130127,70.12419990539551,71.16530287545655,71.05095241482502,70.72287782943476,69.94129207641976,69.55778864995204,71.07684050116276,70.86436752331306,0.21247297784969987,0.3895930453660823,1.4440446598208332,-1.4440446598208332,1.4440446598208332,-1.4440446598208332,-1.4440446598208332,1.4440446598208332,1.4440446598208332,1.4440446598208332,-1.4440446598208332,1.8600006103515625,2.0792999267578125,73.125,67.66684188842774,68.07440185546875,68.48196182250976,,,,,,,,,,0.0,0.0,0.0
2019-08-20,72.41000366210938,73.66999816894531,71.80999755859375,73.05999755859375,73.05999755859375,995700,1.4440446598208332,1.8454992439182278,2.1212125561698487,2.1462979261657753,2.015344508270412,71.31599884033203,70.99899826049804,71.62899932861328,68.24366607666016,70.15249984741212,71.79686776983561,71.41623335005569,70.87365974744502,70.04354471517955,69.6271393214103,71.38194158692137,71.0270067851857,0.3549348017356664,0.3826613966399991,2.2310497362188446,-2.2310497362188446,2.2310497362188446,-2.2310497362188446,-2.2310497362188446,2.2310497362188446,2.2310497362188446,2.2310497362188446,-2.2310497362188446,1.3499984741210938,2.0567996978759764,73.66999816894531,68.55054016113282,68.96640014648438,69.38226013183593,,,,,,,,,,0.0,0.0,0.0
2019-08-21,73.83000183105469,75.18000030517578,73.83000183105469,74.69000244140625,74.69000244140625,1077300,2.2310497362188446,0.8336202474094043,2.19457040589608,2.160900746718758,1.9972654281616466,72.29799957275391,71.39099884033203,71.80733286539713,68.47599945068359,70.18209983825683,72.7612459936925,72.0114640939376,71.11987540511994,70.19588759144928,69.72739403665774,71.8908740260729,71.2983397967576,0.5925342293152909,0.4246359631750575,-1.6066468582299396,1.6066468582299396,-1.6066468582299396,1.6066468582299396,1.6066468582299396,-1.6066468582299396,-1.6066468582299396,-1.6066468582299396,-1.6066468582299396,2.2100067138671875,2.1140499114990234,75.18000030517578,69.14503883361816,69.55639877319337,69.96775871276856,,,,,,,,,,0.0,0.0,0.0
2019-08-22,74.8499984741211,75.66000366210938,73.44999694824219,73.48999786376953,73.48999786376953,1356600,-1.6066468582299396,1.5794619557214897,2.2431387705431973,2.183689228146039,1.9985987857241025,72.9739990234375,71.53399887084962,71.9456662495931,68.66616605122884,70.1848998260498,73.00416328371819,72.28028841572522,71.27278653148443,70.30389120693518,69.8019010431352,72.13689307802622,71.4606848387585,0.6762082392677229,0.4749504183935906,-4.286299656339836,4.286299656339836,-4.286299656339836,4.286299656339836,4.286299656339836,-4.286299656339836,-4.286299656339836,-4.286299656339836,-4.286299656339836,2.7999954223632812,2.2060497283935545,75.66000366210938,70.52909049987792,70.95190048217773,71.37471046447754,,,,,,,,,,0.0,0.0,0.0
2019-08-23,72.8499984741211,72.91999816894531,70.12000274658203,70.33999633789062,70.33999633789062,1933300,-4.286299656339836,2.6364236559522776,2.3851801899944873,2.3767042874027475,2.0832059997625323,72.71999816894531,71.61899871826172,71.94833272298177,68.80733267466228,70.14759979248046,72.116107635109,71.92750803793712,71.21260651899452,70.3050749817206,69.8125563955066,71.86044742569767,71.37767087573124,0.48277654996643093,0.4765156447081587,0.6539760276037887,-0.6539760276037887,0.6539760276037887,-0.6539760276037887,-0.6539760276037887,0.6539760276037887,0.6539760276037887,0.6539760276037887,0.6539760276037887,1.55999755859375,2.2267993927001952,72.91999816894531,70.80669425964355,71.24790420532227,71.68911415100098,1.0,1.0,1.0,70.80669425964355,71.24790420532227,71.68911415100098,70.33999633789062,70.33999633789062,70.33999633789062,-0.659115535095557,-1.2742941389759854,-1.881900521561287
2019-08-26,71.4800033569336,72.02999877929688,70.47000122070312,70.80000305175781,70.80000305175781,868000,0.6539760276037887,2.6436277033257074,2.387695317227577,2.3859712963969386,2.0762753854082248,72.47599945068359,71.75999908447265,71.95199940999349,68.96766605377198,70.11149978637695,71.67740610732528,71.72250713135905,71.18598694046312,70.32130213155789,69.83210979464029,71.69730213739923,71.33488066654803,0.3624214708512028,0.45369680993676753,-0.8333389009232645,0.8333389009232645,-0.8333389009232645,0.8333389009232645,0.8333389009232645,0.8333389009232645,-0.8333389009232645,-0.8333389009232645,0.8333389009232645,2.0699996948242188,2.2052993774414062,72.02999877929688,68.02103950500488,68.46639938354492,68.91175926208496,,,,,,,,,,0.0,0.0,0.0
2019-08-27,71.4000015258789,71.79000091552734,69.72000122070312,70.20999908447266,70.20999908447266,1030400,-0.8333389009232645,2.454706959223622,2.136483233452128,2.368443971423375,2.0777744315601763,71.90599975585937,71.6109992980957,71.94066594441732,69.1064993540446,70.0731997680664,71.18827043304108,71.4475056682888,71.12301998201212,70.31765285132558,69.8395927508746,71.46848628310283,71.25155610491282,0.2169301781900117,0.4063434835874164,-0.9115502036660431,0.9115502036660431,-0.9115502036660431,0.9115502036660431,0.9115502036660431,0.9115502036660431,-0.9115502036660431,-0.9115502036660431,0.9115502036660431,1.3000030517578125,2.13329963684082,71.79000091552734,67.17834014892578,67.61940002441406,68.06045989990234,,,,,,,,,,0.0,0.0,0.0
2019-08-28,69.87999725341797,70.0,68.69999694824219,69.56999969482422,69.56999969482422,1707200,-0.9115502036660431,1.8132761823811747,1.9747559150782703,2.294850049284312,2.0315995885371674,70.88199920654297,71.58999938964844,71.90899937947592,69.1963326772054,70.01999977111817,70.64884685363546,71.10614094584069,71.0228251247742,70.29313963307962,69.83425427451716,71.17641142336767,71.12699637083219,0.04941505253547973,0.3349577973770291,-2.7885618081303227,-2.7885618081303227,2.7885618081303227,-2.7885618081303227,-2.7885618081303227,-2.7885618081303227,2.7885618081303227,2.7885618081303227,-2.7885618081303227,1.5199966430664062,1.9677993774414062,70.0,67.09674171447755,67.52340164184571,67.95006156921387,,,,,,,,,,0.0,0.0,0.0
2019-08-29,70.76000213623047,72.27999877929688,70.76000213623047,71.51000213623047,71.51000213623047,1367900,2.7885618081303227,2.586565344306783,2.1646271058606383,2.3150873616315955,2.0522195307208464,70.48600006103516,71.72999954223633,71.91799952189128,69.33083273569743,69.98259979248047,70.93589861450047,71.17957025318428,71.05425589970687,70.33303676433046,69.86743740049168,71.22773307150041,71.1553671682691,0.07236590323131509,0.2824394185478863,0.11187502260492126,0.11187502260492126,-0.11187502260492126,0.11187502260492126,0.11187502260492126,0.11187502260492126,-0.11187502260492126,-0.11187502260492126,0.11187502260492126,1.75,1.8662994384765625,72.27999877929688,65.6708413696289,66.06440124511718,66.45796112060548,,,,,,,,,,0.0,0.0,0.0
2019-08-30,71.91000366210938,71.94999694824219,70.19999694824219,71.43000030517578,71.43000030517578,1306100,-0.11187502260492126,1.5197630958296322,2.0571185263914553,2.3101057150831443,2.0525013703326027,70.7040008544922,71.71199951171874,71.92266616821288,69.46383272806803,69.94469978332519,71.10059917805891,71.22510298991,71.07849747425325,70.36900278206309,69.8983792401884,71.25885110745047,71.17571036359551,0.08314074385495474,0.2425796836093,1.609969929953336,1.609969929953336,-1.609969929953336,1.609969929953336,1.609969929953336,1.609969929953336,-1.609969929953336,-1.609969929953336,1.609969929953336,2.0,1.8847995758056642,71.94999694824219,68.17414001464843,68.54739990234376,68.92065979003907,,,,,,,,,,0.0,0.0,0.0
2019-09-03,70.62000274658203,70.94000244140625,68.94000244140625,70.27999877929688,70.27999877929688,1043200,-1.609969929953336,1.7185742733097131,2.1041627259699047,2.1583043230894887,2.05921463867422,70.6,71.53799972534179,71.83866602579752,69.56216608683268,69.88519973754883,70.8270657118049,71.05326586070761,71.02698142941736,70.36608461803797,69.90593606274501,71.10825844158069,71.10936135735118,-0.0011029157704882664,0.19384316373334234,-2.9738247062987013,-2.9738247062987013,2.9738247062987013,-2.9738247062987013,-2.9738247062987013,-2.9738247062987013,2.9738247062987013,2.9738247062987013,-2.9738247062987013,1.2399978637695312,1.8642993927001954,70.94000244140625,67.80343788146973,68.18039779663086,68.557357711792,,,,,,,,,,0.0,0.0,0.0
2019-09-04,71.4000015258789,72.38999938964844,71.1500015258789,72.37000274658203,72.37000274658203,688600,2.9738247062987013,2.127030554990457,2.2866234413835347,2.161934401959095,2.081236273587821,71.03200073242188,71.46900024414063,71.78799947102864,69.67666613260904,69.84839973449706,71.34137805673062,71.29267256723023,71.11362796600864,70.43178685176072,69.95472946242495,71.30237295004244,71.2027422009979,0.09963074904453606,0.17500068079558112,-3.869000022244054,-3.869000022244054,3.869000022244054,-3.869000022244054,-3.869000022244054,3.869000022244054,3.869000022244054,3.869000022244054,-3.869000022244054,1.8300018310546875,1.8294994354248046,72.38999938964844,66.83854377746582,67.21140365600586,67.5842635345459,,,,,,,,,,0.0,0.0,0.0
2019-09-05,73.58999633789062,75.4000015258789,73.56999969482422,75.16999816894531,75.16999816894531,1110600,3.869000022244054,2.3281549076225896,2.51693029541625,2.310880990893573,2.1175531320566603,72.1520004272461,71.51699981689453,71.782666015625,69.85766614278158,69.82819969177245,72.61758476080219,71.99764085845115,71.3753292694239,70.58713804248809,70.05800211007882,71.89739221448903,71.49661301343845,0.4007792010505824,0.2201563848465814,0.3724874100270363,-0.3724874100270363,0.3724874100270363,0.3724874100270363,-0.3724874100270363,0.3724874100270363,0.3724874100270363,0.3724874100270363,0.3724874100270363,1.2050018310546875,1.7892494201660156,75.4000015258789,68.36510063171387,68.73100051879882,69.09690040588379,,,,,,,,,,0.0,0.0,0.0
2019-09-06,75.16999816894531,75.9800033569336,74.7750015258789,75.44999694824219,75.44999694824219,856200,0.3724874100270363,2.2649737458646957,2.445262283492763,2.2840875261368536,2.0885345009035516,72.93999938964843,71.7129997253418,71.80666580200196,70.06883277893067,69.8187996673584,73.56172215661553,72.62534196568588,71.63821105515412,70.74657603939806,70.16477428509195,72.4439467889126,71.78945626786836,0.654490521044238,0.3070232120861127,0.7289636501047285,-0.7289636501047285,0.7289636501047285,0.7289636501047285,-0.7289636501047285,0.7289636501047285,0.7289636501047285,0.7289636501047285,0.7289636501047285,0.8199996948242188,1.7262493133544923,75.9800033569336,71.46365280151367,71.82150268554688,72.17935256958008,,,,,,,,,,0.0,0.0,0.0
2019-09-09,75.9800033569336,76.3499984741211,75.52999877929688,76.0,76.0,1122100,0.7289636501047285,2.1823294012767502,1.8422155046640314,2.1004126597915436,2.0881047818568783,73.85399932861328,72.27900009155273,71.84266586303711,70.28033275604248,69.79569969177246,74.3744814377437,73.23891615374298,71.91961679353128,70.91881944794238,70.28032330914952,72.99103189831067,72.10134839617442,0.8896835021362506,0.4235552700961403,1.0526355944181742,1.0526355944181742,1.0526355944181742,1.0526355944181742,-1.0526355944181742,1.0526355944181742,1.0526355944181742,1.0526355944181742,1.0526355944181742,1.7099990844726562,1.745999526977539,76.3499984741211,72.18225486755371,72.5275047302246,72.8727545928955,,,,,,,,,,0.0,0.0,0.0
2019-09-10,75.83000183105469,76.88999938964844,75.18000030517578,76.80000305175781,76.80000305175781,1398600,1.0526355944181742,1.5331412391974224,1.8432098420862155,2.099054897142357,2.0476432533089017,75.15800018310547,72.87900009155274,71.91333262125652,70.53533280690512,69.7980997467041,75.18298864241507,73.88638649883657,72.23448042309428,71.11164513987075,70.40942587831009,73.57702746037947,72.4493968891806,1.1276305711988641,0.5643703303166852,-0.6901124838943289,-0.6901124838943289,-0.6901124838943289,-0.6901124838943289,0.6901124838943289,-0.6901124838943289,-0.6901124838943289,-0.6901124838943289,-0.6901124838943289,1.3899993896484375,1.6484992980957032,76.88999938964844,72.5087995147705,72.85799942016601,73.20719932556152,,,,,,,,,,0.0,0.0,0.0
2019-09-11,77.0,77.47000122070312,76.08000183105469,76.2699966430664,76.2699966430664,1429200,-0.6901124838943289,1.6981953827933995,1.8293368620464732,2.0073228074838387,2.052345639974545,75.93799896240235,73.48499984741211,71.9393325805664,70.77883275349934,69.79399971008301,75.54532464263218,74.31977016142382,72.49483630825377,71.28077141866405,70.52547678454289,73.99133041156207,72.73240427835734,1.2589261332047386,0.7032814908942959,2.006039695860531,2.006039695860531,2.006039695860531,2.006039695860531,-2.006039695860531,2.006039695860531,2.006039695860531,2.006039695860531,2.006039695860531,1.9300003051757812,1.6694995880126953,77.47000122070312,73.2633009338379,73.59300079345704,73.92270065307618,,,,,,,,,,0.0,0.0,0.0
2019-09-12,77.05999755859375,77.81999969482422,75.88999938964844,77.80000305175781,77.80000305175781,1212400,2.006039695860531,0.9836701458658427,1.7487325427467046,1.908925179965705,1.948733885079688,76.46399993896485,74.30800018310546,72.08966598510742,70.99066619873047,69.81189971923828,76.29688411234073,74.95253977784817,72.83710513041531,71.49451671810974,70.66952680963625,74.57728004851526,73.10778196527589,1.4694980832393725,0.8565248093633113,-0.372751804822444,-0.372751804822444,-0.372751804822444,-0.372751804822444,0.372751804822444,-0.372751804822444,-0.372751804822444,-0.372751804822444,-0.372751804822444,1.5499954223632812,1.670999526977539,77.81999969482422,73.79710212707519,74.13100204467773,74.46490196228028,,,,,,,,,,0.0,0.0,0.0
2019-09-13,77.41000366210938,78.68499755859375,77.13500213623047,77.51000213623047,77.51000213623047,1006400,-0.372751804822444,1.0947539366371877,1.7023165536647598,1.9203523561895068,1.949816452722488,76.8760009765625,74.90800018310547,72.29533284505209,71.18933296203613,69.82099975585938,76.70125678697065,75.41753293391767,73.13858235659693,71.69174574821206,70.8049817665985,75.0284680620099,73.43387234830956,1.5945957137003433,1.0041389902307178,-0.3741464424393155,-0.3741464424393155,-0.3741464424393155,-0.3741464424393155,0.3741464424393155,-0.3741464424393155,-0.3741464424393155,-0.3741464424393155,-0.3741464424393155,1.8899993896484375,1.6694995880126953,78.68499755859375,74.14380073547363,74.47800064086914,74.81220054626465,,,,,,,,,,0.0,0.0,0.0
2019-09-16,76.69000244140625,77.73999786376953,75.8499984741211,77.22000122070312,77.22000122070312,842600,-0.3741464424393155,1.1577416029015963,1.7202263333298322,1.8908457640158571,1.9426977362707558,77.12000122070313,75.4870002746582,72.50633290608724,71.39566637674967,69.8206997680664,76.87417159821482,75.74525444060593,73.4018997026683,71.87300002599865,70.9320118547986,75.36562700950117,73.71432633885725,1.65130067064392,1.1335713263133584,-1.1266546656681202,-1.1266546656681202,-1.1266546656681202,-1.1266546656681202,1.1266546656681202,-1.1266546656681202,-1.1266546656681202,-1.1266546656681202,-1.1266546656681202,1.4200057983398438,1.6702499389648438,77.73999786376953,75.01209846496582,75.34599838256835,75.6798983001709,,,,,,,,,,0.0,0.0,0.0
2019-09-17,77.4800033569336,77.62000274658203,76.19999694824219,76.3499984741211,76.3499984741211,1321300,-1.1266546656681202,1.2233704898128872,1.650506573676773,1.9203837249301632,1.9379407175755854,77.03000030517578,76.09400024414063,72.77966613769532,71.60333302815755,69.81119972229004,76.69944722351691,75.85520790124505,73.59209962340721,72.01978686036331,71.03929871854756,75.51706877328886,73.90956131183975,1.607507461449103,1.2283585533405073,0.45841320381915407,0.45841320381915407,0.45841320381915407,0.45841320381915407,-0.45841320381915407,0.45841320381915407,0.45841320381915407,0.45841320381915407,0.45841320381915407,1.5400009155273438,1.6542499542236329,77.62000274658203,74.06544799804688,74.39949798583984,74.73354797363281,,,,,,,,,,0.0,0.0,0.0
2019-09-18,76.54000091552734,76.97000122070312,75.43000030517578,76.69999694824219,76.69999694824219,1207000,0.45841320381915407,1.1950717104002482,1.4718462548869387,1.902307778415174,1.9357547518713654,77.11600036621094,76.52699966430664,72.99833272298177,71.80583292643229,69.82829971313477,76.69963046509201,76.00880590978998,73.79260912823528,72.1732363714413,71.15139175279893,75.69905772328167,74.11626024786958,1.582797475412093,1.2992463377548245,-1.9687021732932983,-1.9687021732932983,-1.9687021732932983,-1.9687021732932983,1.9687021732932983,-1.9687021732932983,-1.9687021732932983,-1.9687021732932983,-1.9687021732932983,1.6800003051757812,1.670750045776367,76.97000122070312,73.98065284729005,74.31150283813477,74.6423528289795,,,,,,,,,,0.0,0.0,0.0
2019-09-19,76.5,76.79000091552734,75.11000061035156,75.19000244140625,75.19000244140625,870000,-1.9687021732932983,0.9143486670307046,1.1504634634101365,1.905142313876704,1.9409774540760893,76.59400024414063,76.52900009155273,73.1456662495931,72.00133298238119,69.8256997680664,76.19642112386343,75.85993255190203,73.88276353553664,72.27214673439097,71.23136424168224,75.62074152607006,74.19579670665007,1.4249448194199914,1.324386034087858,1.050672815369267,1.050672815369267,1.050672815369267,1.050672815369267,-1.050672815369267,1.050672815369267,1.050672815369267,1.050672815369267,1.050672815369267,1.2600021362304688,1.6232498168945313,76.79000091552734,73.29435111999511,73.6285011291504,73.96265113830566,,,,,,,,,,0.0,0.0,0.0
2019-09-20,75.79000091552734,76.66000366210938,75.4000015258789,75.9800033569336,75.9800033569336,2006900,1.050672815369267,1.2073248739659115,1.1934813902242924,1.8759198078466277,1.8996994305386186,76.28800048828126,76.58200073242188,73.27633310953776,72.17366638183594,69.82939979553223,76.12428186822015,75.88176360736232,74.01806933046548,72.39371580398253,71.32539669940999,75.67601257697214,74.32796016222663,1.34805241474551,1.3291193102193883,-1.8162637436788642,1.8162637436788642,1.8162637436788642,1.8162637436788642,-1.8162637436788642,1.8162637436788642,1.8162637436788642,1.8162637436788642,1.8162637436788642,2.0500030517578125,1.585750198364258,76.66000366210938,73.21885131835937,73.54350128173829,73.86815124511719,,,,,,,,,,0.0,0.0,0.0
2019-09-23,76.1500015258789,77.97000122070312,75.91999816894531,77.36000061035156,77.36000061035156,968600,1.8162637436788642,1.5610436933976441,1.3039498593448697,1.5842593511332634,1.8943324013959877,76.31600036621094,76.71800079345704,73.53866653442383,72.34533309936523,69.8471997833252,76.5361881155973,76.15053397154217,74.23367780013555,72.55654481402742,71.44489380655735,75.93508765903051,74.55255575097664,1.3825319080538776,1.3398018297862864,0.8273001352107009,-0.8273001352107009,-0.8273001352107009,-0.8273001352107009,0.8273001352107009,-0.8273001352107009,-0.8273001352107009,-0.8273001352107009,-0.8273001352107009,1.80999755859375,1.5982501983642579,77.97000122070312,73.171353225708,73.48850326538086,73.80565330505371,,,,,,,,,,0.0,0.0,0.0
2019-09-24,78.0,78.0,76.19000244140625,76.72000122070312,76.72000122070312,912200,-0.8273001352107009,1.50972199695468,1.3005013784338693,1.6105274090890096,1.895735449169984,76.39000091552734,76.71000061035156,73.78299992879232,72.51383310953776,69.84689979553222,76.59745915063257,76.25407347138962,74.39408576275282,72.6930515814594,71.54935137911468,76.05584359159553,74.71310726725268,1.3427363243428516,1.3403887286975995,-0.2737214300460508,0.2737214300460508,0.2737214300460508,0.2737214300460508,-0.2737214300460508,0.2737214300460508,0.2737214300460508,0.2737214300460508,0.2737214300460508,1.3899993896484375,1.5642501831054687,78.0,74.45385078430176,74.77350082397462,75.09315086364747,,,,,,,,,,0.0,0.0,0.0
2019-09-25,75.5999984741211,76.98999786376953,75.5999984741211,76.93000030517578,76.93000030517578,786900,0.2737214300460508,1.5011751251970555,1.2794511073055719,1.5841909558006129,1.7414709793809644,76.43600158691406,76.7760009765625,73.95733337402343,72.61966641743977,69.86439979553222,76.70830620214699,76.37696925935073,74.55769315258657,72.83196793305666,71.65589888260105,76.19032923983865,74.87732156635809,1.3130076734805556,1.3349125176541907,2.378788279988563,-2.378788279988563,-2.378788279988563,-2.378788279988563,2.378788279988563,-2.378788279988563,-2.378788279988563,-2.378788279988563,2.378788279988563,1.5800018310546875,1.5782501220703125,76.98999786376953,74.55864959716797,74.87149963378906,75.18434967041016,,,,,,,,,,0.0,0.0,0.0
2019-09-26,75.47000122070312,76.26000213623047,74.68000030517578,75.0999984741211,75.0999984741211,990000,-2.378788279988563,1.644677304171196,1.3023556920850192,1.6824554319336928,1.7613797205130646,76.41800079345703,76.50600051879883,74.13466669718424,72.71099967956543,69.87209976196289,76.17220362613836,76.14479275294534,74.59268059268558,72.90632959014074,71.72409887451234,76.02258604511286,74.8938161521183,1.1287698929945549,1.2936839927222636,2.4900068644234215,-2.4900068644234215,-2.4900068644234215,-2.4900068644234215,2.4900068644234215,-2.4900068644234215,-2.4900068644234215,-2.4900068644234215,2.4900068644234215,2.2249984741210938,1.613500213623047,76.26000213623047,73.51784759521485,73.8334976196289,74.14914764404297,,,,,,,,,,0.0,0.0,0.0
2019-09-27,74.87000274658203,75.21499633789062,72.98999786376953,73.2300033569336,73.2300033569336,1039000,-2.4900068644234215,1.8245632880434406,1.4688426535150625,1.701383595007288,1.789013215788069,75.86800079345703,76.07800064086913,74.23866678873698,72.78166643778484,69.86759979248046,75.19147020307011,75.61483104457956,74.5047659323145,72.91694184478969,71.75391876525336,75.59295793923913,74.7705707598824,0.8223871793567241,1.1994246300491558,-1.242654637443333,1.242654637443333,1.242654637443333,1.242654637443333,-1.242654637443333,-1.242654637443333,1.242654637443333,1.242654637443333,-1.242654637443333,1.2600021362304688,1.5890003204345704,75.21499633789062,72.71030166625977,73.03300170898437,73.35570175170898,,1.0,1.0,,73.03300170898437,73.35570175170898,,73.2300033569336,73.2300033569336,0.0,0.2697433260845786,-0.17135463470970802
2019-09-30,73.80999755859375,74.37000274658203,73.11000061035156,74.13999938964844,74.13999938964844,735500,1.242654637443333,1.6331179389726405,1.5762220152925555,1.7180186111548856,1.7947986461831384,75.2240005493164,75.77000045776367,74.32300008138021,72.86783307393392,69.8471997833252,74.84097993192955,75.34667983459208,74.4812326069812,72.95704209216211,71.80116788652852,75.36942585468671,74.7238617694947,0.6455640851920066,1.088652521077726,1.3083372385872427,-1.3083372385872427,-1.3083372385872427,-1.3083372385872427,1.3083372385872427,1.3083372385872427,-1.3083372385872427,-1.3083372385872427,1.3083372385872427,2.4749984741210938,1.612750244140625,74.37000274658203,71.71919563293457,72.03699569702148,72.35479576110839,,,,,,,,,,0.0,0.0,0.0
2019-10-01,74.31999969482422,75.54499816894531,73.06999969482422,73.16999816894531,73.16999816894531,825700,-1.3083372385872427,1.6465948407602957,1.5866056719730728,1.7025449006800812,1.804389764804887,74.51399993896484,75.45200042724609,74.36133346557617,72.9379997253418,69.82739974975586,74.28398601093481,74.95091953174722,74.39663683678533,72.96402425861402,71.82827343667539,75.03105236457264,74.6087607620466,0.4222916025260446,0.9553803373673898,2.46001840564106,-2.46001840564106,-2.46001840564106,-2.46001840564106,2.46001840564106,2.46001840564106,-2.46001840564106,-2.46001840564106,2.46001840564106,2.1399993896484375,1.6577503204345703,75.54499816894531,70.82195220947266,71.14450225830078,71.46705230712891,,,,,,,,,,0.0,0.0,0.0
2019-10-02,72.68000030517578,73.0,70.86000061035156,71.37000274658203,71.37000274658203,784900,-2.46001840564106,1.5992717587858296,1.6744562887824113,1.6724876042483405,1.8309643606799375,73.4020004272461,74.91900100708008,74.30500030517578,72.96699981689453,69.79039978027343,73.31265825615056,74.29984375262627,74.20137012128836,72.91176125821953,71.81919876954483,74.46781396180486,74.36885276090108,0.09896120090378702,0.7840965100746693,-2.0456760939981566,2.0456760939981566,2.0456760939981566,2.0456760939981566,-2.0456760939981566,-2.0456760939981566,2.0456760939981566,2.0456760939981566,-2.0456760939981566,2.2900009155273438,1.680750274658203,73.0,71.89794746398925,72.22949752807617,72.56104759216309,1.0,1.0,1.0,71.89794746398925,72.22949752807617,72.56104759216309,71.37000274658203,71.37000274658203,71.37000274658203,-0.7342973423151601,-1.1899498278525926,-1.6414383269043362
2019-10-03,71.38999938964844,72.98999786376953,70.69999694824219,72.83000183105469,72.83000183105469,1010000,2.0456760939981566,2.1170932046576207,1.8132799988828536,1.48662784807762,1.847672132170253,72.94800109863282,74.68300094604493,74.24300028483073,73.02516657511393,69.8081997680664,73.15177278111861,74.03259976688598,74.11289474772491,72.9090806212633,71.83921467175294,74.21584286476637,74.25486380313467,-0.03902093836829579,0.6194730203860763,-2.8147677753993463,2.8147677753993463,2.8147677753993463,2.8147677753993463,-2.8147677753993463,-2.8147677753993463,-2.8147677753993463,2.8147677753993463,-2.8147677753993463,1.3600006103515625,1.688500213623047,72.98999786376953,69.30234939575195,69.6384994506836,69.97464950561523,,,,,,,,,,0.0,0.0,0.0
2019-10-04,73.98999786376953,75.19000244140625,73.83000183105469,74.87999725341797,74.87999725341797,998300,2.8147677753993463,2.254170074440059,2.032257340049175,1.6254136034605284,1.8805641981066743,73.27799987792969,74.57300033569337,74.28933359781901,73.11749992370605,69.82839973449707,73.7278476052184,74.18667203716451,74.16238523196317,72.973700838711,71.89942818822155,74.31802046302046,74.30116998463713,0.016850478383332756,0.49894851198552764,1.2286300783796011,-1.2286300783796011,-1.2286300783796011,-1.2286300783796011,1.2286300783796011,1.2286300783796011,-1.2286300783796011,-1.2286300783796011,1.2286300783796011,0.9000015258789062,1.6925003051757812,75.19000244140625,69.27529739379882,69.61299743652344,69.95069747924805,,,,,,,,,,0.0,0.0,0.0
2019-10-07,74.5,74.86000061035156,73.95999908447266,73.95999908447266,73.95999908447266,1239500,-1.2286300783796011,2.311760602382546,1.934481654858597,1.6365030358245651,1.8822964897322036,73.24199981689453,74.23300018310547,74.41000035603841,73.17916653951009,69.83449974060059,73.80523143163649,74.14545877303871,74.14932806115733,73.00603848611303,71.94023157230573,74.26294025093618,74.27589806610644,-0.012957815170253184,0.39656724655437153,2.028123335002736,2.028123335002736,-2.028123335002736,-2.028123335002736,2.028123335002736,2.028123335002736,2.028123335002736,-2.028123335002736,2.028123335002736,1.75,1.6945003509521483,74.86000061035156,71.46650177001953,71.80500183105468,72.14350189208984,,,,,,,,,,0.0,0.0,0.0
2019-10-08,73.37999725341797,73.70999908447266,71.95999908447266,72.45999908447266,72.45999908447266,1231200,-2.028123335002736,2.4308206169468014,1.9979995908319692,1.6647444149954687,1.9009631620819907,73.1,73.80699996948242,74.4653335571289,73.2086664835612,69.8779997253418,73.35682064924855,73.83901155693579,74.04033909491962,72.98813555491171,71.95052399828923,73.98556468686486,74.14138703042987,-0.15582234356500635,0.28608932853049596,-1.1454621053570333,-1.1454621053570333,1.1454621053570333,1.1454621053570333,-1.1454621053570333,-1.1454621053570333,-1.1454621053570333,1.1454621053570333,-1.1454621053570333,1.2300033569335938,1.6865005493164062,73.70999908447266,71.13209983825683,71.47099990844727,71.8098999786377,,,,,,,,,,0.0,0.0,0.0
2019-10-09,73.0999984741211,73.76000213623047,72.52999877929688,73.29000091552734,73.29000091552734,639100,1.1454621053570333,2.0935042343002874,2.056185288622631,1.6911746076887597,1.9057901857982664,73.48399963378907,73.44300003051758,74.56800028483073,73.25433311462402,69.97159973144531,73.33454740467482,73.73919144031606,73.99193018012012,72.99803277984992,71.97704829368007,73.87855487588986,74.07832139228894,-0.19976651639908027,0.18891815954458072,4.789196469346521,-4.789196469346521,4.789196469346521,4.789196469346521,-4.789196469346521,-4.789196469346521,-4.789196469346521,4.789196469346521,-4.789196469346521,2.0099945068359375,1.690500259399414,73.76000213623047,69.99969787597657,70.33699798583984,70.67429809570312,,,,,,,,,,0.0,0.0,0.0
2019-10-10,75.5,77.12999725341797,75.12000274658203,76.80000305175781,76.80000305175781,1870200,4.789196469346521,2.817815147404187,2.5133068185186374,1.9721583305973005,2.000206549264536,74.27799987792969,73.61300048828124,74.80900039672852,73.35899988810222,70.12689975738526,74.48969928703582,74.29570264239638,74.17309617183868,73.12268754286329,72.07255234829547,74.328008441408,74.2799274411385,0.048081000269505125,0.1607507276895656,0.729163458777926,-0.729163458777926,0.729163458777926,0.729163458777926,-0.729163458777926,0.729163458777926,0.729163458777926,0.729163458777926,-0.729163458777926,1.3000030517578125,1.6780006408691406,77.12999725341797,70.04090156555176,70.37900161743164,70.71710166931152,,,,,,,,,,0.0,0.0,0.0
2019-10-11,77.5,78.4000015258789,77.0999984741211,77.36000061035156,77.36000061035156,1659600,0.729163458777926,2.6495923470175544,2.321911989252662,1.97794274593624,1.9984363258604882,74.77400054931641,74.02600021362305,75.00400034586589,73.46099993387858,70.2850997543335,75.44646639480774,74.85284772747913,74.37870290980726,73.26161584015799,72.17725429407876,74.79446877509163,74.50808100922836,0.2863877658632674,0.18587813532430597,-0.025858676710326604,0.025858676710326604,-0.025858676710326604,-0.025858676710326604,0.025858676710326604,-0.025858676710326604,-0.025858676710326604,-0.025858676710326604,-0.025858676710326604,0.8400039672851562,1.6255008697509765,78.4000015258789,73.43839584350586,73.77399597167968,74.10959609985352,,,,,,,,,,0.0,0.0,0.0
2019-10-14,77.16999816894531,77.55000305175781,76.70999908447266,77.33999633789062,77.33999633789062,568700,-0.025858676710326604,2.4821358511527625,2.315977258464834,1.9759262395533475,1.998545584766527,75.45,74.34599990844727,75.20100021362305,73.56183319091797,70.45649971008301,76.07764304250205,75.30505656573575,74.56975409871586,73.39533323352627,72.27948680979782,75.18608840013763,74.71785251505518,0.46823588508244995,0.24234968527593478,3.232480111684713,-3.232480111684713,3.232480111684713,3.232480111684713,-3.232480111684713,3.232480111684713,3.232480111684713,3.232480111684713,3.232480111684713,2.3199996948242188,1.6705005645751954,77.55000305175781,74.82389961242676,75.14899978637695,75.47409996032715,,,,,,,,,,0.0,0.0,0.0
2019-10-15,77.69999694824219,79.87999725341797,77.55999755859375,79.83999633789062,79.83999633789062,1307300,3.232480111684713,1.9839752453867046,2.37782695122858,2.0797602047523984,2.0221324549271413,76.92599945068359,75.0129997253418,75.51966679890951,73.67916641235351,70.6482996749878,77.33176080763158,76.1295910697639,74.90976972704972,73.60663366317756,72.42919986976005,75.90207423671502,75.09727057600595,0.8048036607090694,0.3548404803625617,-0.9644246973756182,0.9644246973756182,-0.9644246973756182,-0.9644246973756182,0.9644246973756182,-0.9644246973756182,-0.9644246973756182,-0.9644246973756182,-0.9644246973756182,1.1110000610351562,1.649050521850586,79.87999725341797,73.87490180969239,74.20900192260743,74.54310203552247,,,,,,,,,,0.0,0.0,0.0
2019-10-16,79.58999633789062,79.9800033569336,78.86900329589844,79.06999969482422,79.06999969482422,986700,-0.9644246973756182,2.3876005507488287,2.1818698042832687,2.0963141416892244,2.0198024611480028,78.08199920654297,75.78299942016602,75.74300003051758,73.76549975077312,70.81599967956544,77.91117377002914,76.66421081977487,75.17817166045452,73.78576041831352,72.56070085639499,76.38944738411644,75.39154680702953,0.9979005770869094,0.4834524997074313,-0.13911801034035282,-0.13911801034035282,-0.13911801034035282,-0.13911801034035282,0.13911801034035282,-0.13911801034035282,-0.13911801034035282,-0.13911801034035282,-0.13911801034035282,1.8899993896484375,1.6595504760742188,79.9800033569336,76.25208610534668,76.5818962097168,76.91170631408691,,,,,,,,,,0.0,0.0,0.0
2019-10-17,80.08000183105469,80.69999694824219,78.80999755859375,78.95999908447266,78.95999908447266,1225500,-0.13911801034035282,1.606737793702798,2.1805846144894336,2.037016796912977,2.005926681207897,78.51399841308594,76.39599914550782,75.8693333943685,73.82599970499675,70.99809967041016,78.26078220817698,77.08162686790173,75.42216052652022,73.95540758769577,72.68741963318861,76.78491687647893,75.65587660535866,1.1290402711202745,0.61257005399,-1.7350592229824884,-1.7350592229824884,-1.7350592229824884,-1.7350592229824884,1.7350592229824884,-1.7350592229824884,-1.7350592229824884,-1.7350592229824884,-1.7350592229824884,1.8349990844726562,1.688300323486328,80.69999694824219,76.32899230957031,76.66090240478516,76.9928125,,,,,,,,,,0.0,0.0,0.0
2019-10-18,78.76000213623047,78.80999755859375,76.9749984741211,77.58999633789062,77.58999633789062,835500,-1.7350592229824884,1.8962072669844554,2.1956357816711765,2.0753099074385104,2.0166532276361684,78.55999755859375,76.66699905395508,75.94066670735677,73.87366625467936,71.15319961547851,78.03718691808153,77.17405768062699,75.56202090144734,74.07457443196446,72.78450036001439,76.90877525515765,75.79914473369435,1.109630521463302,0.7119821474846604,1.495042810748135,1.495042810748135,1.495042810748135,1.495042810748135,-1.495042810748135,1.495042810748135,1.495042810748135,1.495042810748135,1.495042810748135,0.9099960327148438,1.6312999725341797,78.80999755859375,76.98573623657227,77.32339630126953,77.6610563659668,1.0,1.0,1.0,76.98573623657227,77.32339630126953,77.6610563659668,77.58999633789062,77.58999633789062,77.58999633789062,0.7848987758738932,0.3447857302883659,-0.09150020795663003
2019-10-21,78.29000091552734,79.06999969482422,78.16000366210938,78.75,78.75,892300,1.495042810748135,1.995643724514075,2.142550636556583,2.0627385687483537,2.0247887816171914,78.84199829101563,77.14599914550782,76.03233337402344,73.93749961853027,71.32199962615967,78.27479127872103,77.46059264778572,75.7676969723217,74.2278670735394,72.90262906575668,77.19204060051801,76.01772660527254,1.1743139952454698,0.8044485170368223,-0.5333310081845238,-0.5333310081845238,-0.5333310081845238,-0.5333310081845238,0.5333310081845238,-0.5333310081845238,-0.5333310081845238,-0.5333310081845238,-0.5333310081845238,1.2299957275390625,1.6022998809814453,79.06999969482422,75.22113761901855,75.54739761352539,75.87365760803223,,,,,,,,,,0.0,0.0,0.0
2019-10-22,79.08999633789062,79.52999877929688,78.30000305175781,78.33000183105469,78.33000183105469,741900,-0.5333310081845238,1.2015563849242057,1.9810089108778313,2.0567533748576445,2.025730544306336,78.53999938964844,77.73299942016601,76.08333333333333,73.99833297729492,71.49349964141845,78.29319479616558,77.6186670447437,75.9330069632077,74.36236329509728,73.01010179378238,77.36711155906212,76.18900625162676,1.1781053074353594,0.8791798751165297,0.44682556611703467,0.44682556611703467,0.44682556611703467,0.44682556611703467,-0.44682556611703467,0.44682556611703467,0.44682556611703467,0.44682556611703467,0.44682556611703467,2.1100006103515625,1.6382999420166016,79.52999877929688,75.54493995666503,75.86539993286132,76.18585990905761,,,,,,,,,,0.0,0.0,0.0
2019-10-23,77.6500015258789,79.30000305175781,77.19000244140625,78.68000030517578,78.68000030517578,758800,0.44682556611703467,1.1943270373044257,1.9797655524359865,2.0577813443759783,2.0221449601613517,78.46199951171874,78.27199935913086,76.16366678873698,74.05149968465169,71.66149963378906,78.42212996583565,77.81163672845862,76.11023234010887,74.50392516428019,73.12237701182978,77.5690944430796,76.37352432966743,1.195570113412174,0.9424579227756585,0.9278131089249273,0.9278131089249273,0.9278131089249273,0.9278131089249273,-0.9278131089249273,0.9278131089249273,0.9278131089249273,0.9278131089249273,0.9278131089249273,1.3400039672851562,1.626300048828125,79.30000305175781,75.92573890686035,76.25339889526367,76.581058883667,,,,,,,,,,0.0,0.0,0.0
2019-10-24,79.80000305175781,79.80000305175781,78.45999908447266,79.41000366210938,79.41000366210938,675600,0.9278131089249273,1.2765388257480565,1.388138043538018,1.9766296642831913,1.9859345794758476,78.5520004272461,78.53299942016602,76.2173334757487,74.15349973042807,71.8137996673584,78.7514211979269,78.1022488982133,76.323120812496,74.66478019699589,73.24688447025116,77.85231124600726,76.59844872466313,1.2538625213441321,1.0047388424893533,-0.49113084127593526,-0.49113084127593526,-0.49113084127593526,-0.49113084127593526,0.49113084127593526,-0.49113084127593526,-0.49113084127593526,-0.49113084127593526,-0.49113084127593526,0.8499984741210938,1.557550048828125,79.80000305175781,75.72214294433594,76.04740295410156,76.37266296386719,,,,,,,,,,0.0,0.0,0.0
2019-10-25,79.44999694824219,79.6500015258789,78.80000305175781,79.0199966430664,79.0199966430664,729500,-0.49113084127593526,0.8860484783411491,1.404000144205249,1.876235962541497,1.9533169654431788,78.83800048828125,78.6989990234375,76.26766662597656,74.28149973551432,71.96959964752197,78.84094634630674,78.26911212455023,76.49711280156507,74.80757417883427,73.36120352317819,78.03195515324713,76.77782264454486,1.2541325087022699,1.0546175757319367,1.6451570576874746,1.6451570576874746,1.6451570576874746,1.6451570576874746,-1.6451570576874746,1.6451570576874746,1.6451570576874746,1.6451570576874746,1.6451570576874746,1.1100006103515625,1.5500499725341796,79.6500015258789,76.37339294433593,76.68490295410156,76.99641296386719,,,,,,,,,,0.0,0.0,0.0
2019-10-28,79.58999633789062,80.51000213623047,79.4000015258789,80.31999969482422,80.31999969482422,813400,1.6451570576874746,0.9349347574145124,1.469237136657624,1.887898085301631,1.9592115591663377,79.1520004272461,78.99699935913085,76.37099990844726,74.43866640726725,72.13829963684083,79.3339641291459,78.64200077369095,76.7437506656463,74.98830944165361,73.49900146717118,78.38396200579746,77.04020612975074,1.343755876046714,1.1124452357948922,-0.5851608845728266,-0.5851608845728266,-0.5851608845728266,-0.5851608845728266,0.5851608845728266,-0.5851608845728266,-0.5851608845728266,-0.5851608845728266,-0.5851608845728266,1.2900009155273438,1.4908000946044921,80.51000213623047,76.23989158630371,76.54990158081054,76.85991157531738,,,,,,,,,,0.0,0.0,0.0
2019-10-29,80.19000244140625,80.9000015258789,79.61000061035156,79.8499984741211,79.8499984741211,703500,-0.5851608845728266,0.9480523713410918,1.0969505870830418,1.859812436558603,1.8875385880334887,79.45599975585938,78.99799957275391,76.48766657511393,74.63366635640462,72.29299964904786,79.50597557747096,78.86163671922371,76.94415375006403,75.14770908206239,73.6247637841405,78.60950607784724,77.2483388960004,1.361167181846838,1.1621896250052814,0.0,0.0,0.0,0.0,0.0,0.0,0.0,0.0,0.0,1.029998779296875,1.435300064086914,80.9000015258789,77.23024192810058,77.52840194702148,77.82656196594239,,,,,,,,,,0.0,0.0,0.0
2019-10-30,80.30000305175781,80.44000244140625,79.41000366210938,79.8499984741211,79.8499984741211,1293200,0.0,0.9621580434924623,1.0431645232947848,1.7340398898923148,1.855741887545677,79.68999938964843,79.0759994506836,76.59266662597656,74.79549967447916,72.43649963378907,79.62064987635435,79.04133885647778,77.131627603229,75.30188250475284,73.74803575819952,78.80035106188939,77.44105442030565,1.3592966415837395,1.201611028320973,1.2648743337895045,1.2648743337895045,1.2648743337895045,1.2648743337895045,-1.2648743337895045,1.2648743337895045,1.2648743337895045,1.2648743337895045,1.2648743337895045,2.5100021362304688,1.4463001251220704,80.44000244140625,77.7423413848877,78.02940139770507,78.31646141052246,,,,,,,,,,0.0,0.0,0.0
2019-10-31,79.97000122070312,81.30000305175781,78.79000091552734,80.86000061035156,80.86000061035156,2917200,1.2648743337895045,1.0268338907249257,1.0998812945906165,1.7078261020834198,1.8585704800506526,79.97999877929688,79.26599960327148,76.7816665649414,74.96366640726725,72.60199966430665,80.03376678768676,79.37200462990937,77.37216779723693,75.48411588526426,73.88886674537085,79.11722022319125,77.69430969364238,1.4229105295488722,1.245870928566553,20.232501220457795,20.232501220457795,20.232501220457795,20.232501220457795,-20.232501220457795,20.232501220457795,20.232501220457795,20.232501220457795,20.232501220457795,6.029998779296875,1.679800033569336,81.30000305175781,77.2581421661377,77.5474021911621,77.83666221618653,,,,,,,,,,0.0,0.0,0.0
2019-11-01,91.87999725341797,97.33999633789062,91.30999755859375,97.22000122070312,97.22000122070312,8885300,20.232501220457795,8.835099941032373,6.309389968048584,4.7180373862689695,3.1766455126430477,83.61999969482422,81.22900009155273,77.48966649373372,75.38299980163575,72.9463996887207,85.76251159869221,82.61709491914459,78.65267317939605,76.19676786347536,74.35086940824871,81.90226345357769,79.1406572141654,2.7616062394122878,1.5490179907357002,4.412673175953233,4.412673175953233,4.412673175953233,4.412673175953233,-4.412673175953233,4.412673175953233,4.412673175953233,4.412673175953233,4.412673175953233,4.869003295898452,1.8782501220703132,97.33999633789062,77.60444297790528,77.94040298461914,78.276362991333,,,,,,,,,,0.0,0.0,0.0
2019-11-04,98.31999969482422,101.9290008544922,97.05999755859375,101.5100021362305,101.5100021362305,4365900,4.412673175953233,8.696236566124343,6.328255354332487,4.720686350938231,3.1685653321011187,87.85800018310547,83.50500030517578,78.29466654459635,75.91666653951009,73.3283996963501,91.01167511120498,86.05216895861476,80.12733956370795,77.0267099707788,74.8886740167236,84.91883863552428,80.79764572691097,4.12119290861331,2.063452974311222,-0.20687526357340796,-0.20687526357340796,-0.20687526357340796,-0.20687526357340796,0.20687526357340796,-0.20687526357340796,-0.20687526357340796,-0.20687526357340796,-0.20687526357340796,1.847999572753892,1.8831501007080078,101.9290008544922,93.20784606933594,93.58349609375,93.95914611816406,,,,,,,,,,0.0,0.0,0.0
2019-11-05,100.1500015258789,101.8499984741211,100.0019989013672,101.3000030517578,101.3000030517578,3134100,-0.20687526357340796,8.63622992684679,6.310355438803384,4.662375174176885,3.1688529898242144,92.14800109863282,85.8020004272461,79.11399993896484,76.44849993387858,73.72639972686767,94.44111775805592,88.82450243009531,81.49331785325955,77.82255564556499,75.41167063127874,87.4390177764833,82.3163388620848,5.122678914398492,2.6752981623286765,0.09871517384852907,0.09871517384852907,0.09871517384852907,0.09871517384852907,-0.09871517384852907,0.09871517384852907,0.09871517384852907,0.09871517384852907,0.09871517384852907,2.0899963378907103,1.9261497497558637,101.8499984741211,97.78607063293458,98.16270065307619,98.53933067321779,,,,,,,,,,0.0,0.0,0.0
2019-11-06,100.7600021362305,102.3099975585938,100.2200012207031,101.4000015258789,101.4000015258789,3153300,0.09871517384852907,8.621640618974558,6.3255044993252465,4.67575274293888,3.150438714612103,96.45800170898437,88.07400054931641,79.92966664632162,76.94350001017253,74.12379974365234,96.76074568066359,91.11095681114688,82.77762002568662,78.5955866580343,75.9262910450332,89.58686143023647,83.72994350384732,5.856917926389144,3.31162211514077,-0.0887613076239737,-0.0887613076239737,-0.0887613076239737,-0.0887613076239737,0.0887613076239737,-0.0887613076239737,-0.0887613076239737,-0.0887613076239737,-0.0887613076239737,2.0,1.9256500244140669,102.3099975585938,97.6124690246582,97.99769897460936,98.38292892456055,,,,,,,,,,0.0,0.0,0.0
2019-11-07,102.0,102.879997253418,100.879997253418,101.3099975585938,101.3099975585938,2482500,-0.0887613076239737,8.79407180835946,6.365723914229166,4.6348049301287535,3.122047128106041,100.54800109863282,90.26399993896484,80.8033332824707,77.46899998982748,74.48599975585938,98.277162973307,92.96532785613722,83.97325728587418,79.3403214416592,76.42893869876707,91.39042083459913,85.03216973012483,6.3582511044742915,3.920947913007475,2.694702815834701,2.694702815834701,2.694702815834701,2.694702815834701,-2.694702815834701,2.694702815834701,2.694702815834701,2.694702815834701,2.694702815834701,2.4700012207030966,1.984149932861331,102.879997253418,98.07356750488286,98.45869750976567,98.84382751464848,,,,,,,,,,0.0,0.0,0.0
2019-11-08,102.0,104.2200012207031,101.75,104.0400009155273,104.0400009155273,2867000,2.694702815834701,2.07621361575835,6.271285685670115,4.6387543196697605,3.132858476493489,101.91200103759766,92.76600036621093,81.8303332010905,78.03449999491373,74.87049980163575,100.19810895404711,94.97890477602631,85.26788590714213,80.15014699817947,76.97569240602964,93.33651007781884,86.44015722533983,6.896352852479012,4.516028900901783,-1.6820453523648744,-1.6820453523648744,-1.6820453523648744,-1.6820453523648744,1.6820453523648744,-1.6820453523648744,-1.6820453523648744,-1.6820453523648744,-1.6820453523648744,2.0699996948242045,2.045649719238283,104.2200012207031,98.51486740112307,98.91169738769534,99.3085273742676,,,,,,,,,,0.0,0.0,0.0
2019-11-11,103.4199981689453,104.0,101.9300003051758,102.2900009155273,102.2900009155273,2181500,-1.6820453523648744,1.582564011116396,6.43416237445961,4.683572788041649,3.142022077012867,102.06800079345702,94.96300048828125,82.76866658528645,78.54583333333333,75.2449998474121,100.8954062745405,96.30819498320831,86.36608687542505,80.87604384792857,77.47696584186127,94.71397020669707,87.61421972090928,7.099750485787794,5.032773217878985,0.283508566753155,0.283508566753155,0.283508566753155,0.283508566753155,-0.283508566753155,0.283508566753155,0.283508566753155,0.283508566753155,0.283508566753155,0.8899993896483949,1.9741497039794922,104.0,99.71957183837887,100.12870178222653,100.53783172607419,,,,,,,,,,0.0,0.0,0.0
2019-11-12,102.5,102.7200012207031,101.8300018310547,102.5800018310547,102.5800018310547,1938600,0.283508566753155,1.5690371537189622,6.391895928500919,4.672608345460977,3.14234996979396,102.3240005493164,97.2360008239746,83.7490000406901,79.05516675313314,75.63189987182618,101.45693812671192,97.44852350099855,87.41214590482053,81.5876490277032,77.97405566342945,95.9241289181367,88.72279617351265,7.201332744624054,5.466485123227999,1.2770496541335692,1.2770496541335692,1.2770496541335692,1.2770496541335692,-1.2770496541335692,1.2770496541335692,1.2770496541335692,1.2770496541335692,1.2770496541335692,4.62999725341794,2.1500995635986313,102.7200012207031,99.65687065124511,100.05170059204102,100.44653053283692,,,,,,,,,,0.0,0.0,0.0
2019-11-13,100.6399993896484,104.0899963378906,99.45999908447266,103.8899993896484,103.8899993896484,2141400,1.2770496541335692,1.6259849798924053,6.344519336795505,4.640852017665408,3.141695961163448,102.82200012207029,99.64000091552734,84.83299992879232,79.56900011698404,76.02529983520508,102.26795854769074,98.61970093529851,88.47523322642233,82.31887362973417,78.48724266790903,97.14964745221543,89.84629270804122,7.303354744174214,5.833859047417242,-0.18288809560347827,-0.18288809560347827,-0.18288809560347827,-0.18288809560347827,0.18288809560347827,-0.18288809560347827,-0.18288809560347827,-0.18288809560347827,-0.18288809560347827,1.3000030517577983,2.1205997467040993,104.0899963378906,97.98978218078611,98.41980209350584,98.84982200622557,,,,,,,,,,0.0,0.0,0.0
2019-11-14,103.5599975585938,104.1900024414062,102.8899993896484,103.6999969482422,103.6999969482422,1080200,-0.18288809560347827,1.6349807046894689,6.400439662344679,4.641658973053366,3.13633831084763,103.29999999999998,101.9240005493164,85.8619997660319,80.05250002543131,76.42769981384278,102.7453046812079,99.54339111947009,89.45747604718491,83.01989406640656,78.98650512890572,98.15739352852724,90.87249302213019,7.284900506397051,6.124067339213204,0.04821895200513396,0.04821895200513396,0.04821895200513396,0.04821895200513396,-0.04821895200513396,0.04821895200513396,0.04821895200513396,0.04821895200513396,0.04821895200513396,1.6499938964844034,2.111349487304687,104.1900024414062,99.42467689514157,99.8487968444824,100.27291679382321,,,,,,,,,,0.0,0.0,0.0
2019-11-15,104.4000015258789,104.879997253418,103.2300033569336,103.75,103.75,941500,0.04821895200513396,1.0680776434032193,1.7301843979407525,4.593860626609092,3.1239193097949753,103.24199981689453,102.57700042724609,86.82433319091797,80.5568333943685,76.80879981994629,103.08020312080527,100.30822909774824,90.37957436672137,83.69956967078667,79.47687136397688,99.01779452413844,91.82638242789832,7.191412096240114,6.337536290618587,-0.48192771084337355,-0.48192771084337355,-0.48192771084337355,-0.48192771084337355,0.48192771084337355,-0.48192771084337355,-0.48192771084337355,-0.48192771084337355,-0.48192771084337355,1.5649948120117045,2.1440994262695297,104.879997253418,99.54503356933589,99.96730346679682,100.38957336425776,,,,,,,,,,0.0,0.0,0.0
2019-11-18,103.620002746582,104.1449966430664,102.5800018310547,103.25,103.25,1241100,-0.48192771084337355,0.6710156025759809,1.1460428208738882,4.616384378706798,3.0606050968748337,103.43399963378906,102.75100021362304,87.80066655476888,81.10533345540365,77.17069984436036,103.13680208053685,100.8430965345213,91.20992440757806,84.34056738649859,79.9476263864724,99.66890305888637,92.67257632212808,6.9963267367582915,6.469294379846528,-0.3970979778299306,-0.3970979778299306,-0.3970979778299306,-0.3970979778299306,0.3970979778299306,-0.3970979778299306,-0.3970979778299306,-0.3970979778299306,-0.3970979778299306,1.5480041503905966,2.1599998474121067,104.1449966430664,100.16297851562503,100.59179840087894,101.02061828613284,,,,,,,,,,0.0,0.0,0.0
2019-11-19,103.629997253418,103.8880004882812,102.3399963378906,102.8399963378906,102.8399963378906,1198800,-0.3970979778299306,0.7146150908014011,1.154649786784044,4.613397208269967,3.063785638902806,103.48599853515626,102.90499954223631,88.8133331298828,81.63933334350585,77.53299980163574,103.0378668329881,101.20616922604299,91.96025162888856,84.94710604064258,80.40094064293612,100.15676356334856,93.4257185455179,6.731045017830667,6.521644507443356,-0.9237621373700717,-0.9237621373700717,-0.9237621373700717,-0.9237621373700717,0.9237621373700717,-0.9237621373700717,-0.9237621373700717,-0.9237621373700717,-0.9237621373700717,2.2099990844725994,2.1649997711181586,103.8880004882812,99.39299697875977,99.82499694824219,100.25699691772462,,,,,,,,,,0.0,0.0,0.0
2019-11-20,102.6999969482422,103.9400024414062,101.7300033569336,101.8899993896484,101.8899993896484,1329600,-0.9237621373700717,0.36342221654611406,1.2045719131145196,4.639358678372281,3.0645579874292816,103.08599853515625,102.95399932861326,89.76666641235352,82.16733334859212,77.84609977722168,102.65524435187487,101.33050198306215,92.60088051667952,85.50261074060998,80.8264665587126,100.42341522893315,94.05270231174978,6.3707129171833685,6.491458189391358,-0.9716339873391621,-0.9716339873391621,-0.9716339873391621,-0.9716339873391621,0.9716339873391621,-0.9716339873391621,-0.9716339873391621,-0.9716339873391621,0.9716339873391621,1.599998474121108,2.177999496459956,103.9400024414062,99.12500099182124,99.55800094604487,99.9910009002685,,,,,,,,,,0.0,0.0,0.0
2019-11-21,102.0100021362305,102.3199996948242,100.7200012207031,100.9000015258789,100.9000015258789,1311800,-0.9716339873391621,0.4192966948720444,1.2478325598528928,4.668716087021082,3.065091613180464,102.5259994506836,102.91299972534179,90.56999969482422,82.68950004577637,78.15889976501465,102.07016340987622,101.2522291726652,93.13630767856336,86.0074432253729,81.22396230063669,100.49673619769405,94.55990966094454,5.936826536749507,6.380531858862989,-0.8126855128083187,0.8126855128083187,0.8126855128083187,0.8126855128083187,-0.8126855128083187,0.8126855128083187,0.8126855128083187,0.8126855128083187,-0.8126855128083187,1.1900024414062926,2.194999694824216,102.3199996948242,99.14840354919428,99.58400344848629,100.01960334777827,,,,,,,,,,0.0,0.0,0.0
2019-11-22,101.3399963378906,102.2300033569336,101.0400009155273,101.7200012207031,101.7200012207031,1137900,0.8126855128083187,0.7207853519593874,0.8776348156067377,4.651500280272456,3.0524655125132285,102.1199996948242,102.68099975585938,91.38199971516927,83.19300003051758,78.48619979858398,101.95344268015185,101.3372786359448,93.6900943587014,86.52260906128537,81.62982445746968,100.68493081661852,95.09028681351926,5.594644003099262,6.223354287710245,-2.5462016386248014,2.5462016386248014,2.5462016386248014,2.5462016386248014,-2.5462016386248014,2.5462016386248014,2.5462016386248014,2.5462016386248014,-2.5462016386248014,2.809997558593693,2.2799995422363226,102.2300033569336,97.49100036621093,97.93000030517577,98.36900024414062,,,,,,,,,,0.0,0.0,0.0
2019-11-25,101.8600006103516,104.6699981689453,101.8600006103516,104.3099975585938,104.3099975585938,948700,2.5462016386248014,1.4892328223036533,1.089026287989738,4.658739996529827,3.060779414740551,102.33199920654296,102.88299942016602,92.28099975585937,83.74099998474121,78.83959976196289,102.73896097296584,101.87777298551734,94.37524940385575,87.10580212677088,82.07893679610581,101.24263339230703,95.77322835019145,5.469405042115582,6.0725644385913125,0.19173324985446186,-0.19173324985446186,-0.19173324985446186,-0.19173324985446186,0.19173324985446186,-0.19173324985446186,-0.19173324985446186,-0.19173324985446186,0.19173324985446186,1.1100006103516051,2.2709995269775356,104.6699981689453,97.21400436401369,97.67000427246094,98.12600418090821,,,,,,,,,,0.0,0.0,0.0
2019-11-26,104.1699981689453,104.5599975585938,103.4499969482422,104.1100006103516,104.1100006103516,1313600,-0.19173324985446186,1.470909386191876,1.0953783848272407,4.6507066841690685,3.048283162538671,102.58600006103515,103.0359992980957,93.08999989827474,84.30483334859213,79.19109977722168,103.19597418542776,102.28363255366901,95.00329786879098,87.66331683115058,82.51519548549682,101.68376681046774,96.39076703612923,5.2929997743385115,5.916651505740752,-0.8836789583630291,0.8836789583630291,0.8836789583630291,0.8836789583630291,-0.8836789583630291,0.8836789583630291,0.8836789583630291,0.8836789583630291,-0.8836789583630291,2.375,2.3382495880126917,104.5599975585938,99.67379920959472,100.12799911499023,100.58219902038573,,,,,,,,,,0.0,0.0,0.0
2019-11-27,104.4000015258789,106.375,104.0,105.0299987792969,105.0299987792969,1235400,0.8836789583630291,1.3237286479640313,1.0569356412463882,4.6406205095811615,3.033752959961461,103.21399993896486,103.14999923706054,93.9553332010905,84.84916661580404,79.54509979248047,103.80731571671748,102.78297186741953,95.65018179850105,88.23271623928653,82.96103317448295,102.19857172874916,97.03071012821573,5.167861600533428,5.766893524699287,-0.7807290339470514,-0.7807290339470514,-0.7807290339470514,-0.7807290339470514,0.7807290339470514,-0.7807290339470514,-0.7807290339470514,-0.7807290339470514,0.7807290339470514,1.8499984741210938,2.305249404907223,106.375,99.41584846496589,99.88349838256842,100.35114830017096,,,,,,,,,,0.0,0.0,0.0
2019-11-29,104.1800003051758,105.8499984741211,104.0,104.2099990844727,104.2099990844727,710500,-0.7807290339470514,1.268076563708636,1.0919341121724817,4.66787475936995,3.009789373810831,103.87599945068362,103.2009994506836,94.79699986775717,85.33316663106282,79.8937998199463,103.94154350596924,103.0424313614292,96.20242807501535,88.75656157847297,83.38180477666097,102.50802209116816,97.56250931016069,4.945512781007466,5.602617375960923,-1.1899029600455702,-1.1899029600455702,-1.1899029600455702,-1.1899029600455702,1.1899029600455702,-1.1899029600455702,-1.1899029600455702,-1.1899029600455702,1.1899029600455702,1.9649963378905966,2.101999282836909,105.8499984741211,101.3034513092041,101.76450119018556,102.225551071167,,,,,,,,,,0.0,0.0,0.0
2019-12-02,104.0599975585938,104.5,102.5350036621094,102.9700012207031,102.9700012207031,1435000,-1.1899029600455702,1.500406675686008,1.1607379591579519,1.482666387522539,3.0184190987730455,104.12599945068362,103.12299957275391,95.64300003051758,85.79183336893718,80.23009986877442,103.6176960775472,103.02926224493353,96.63904569731778,89.22257599297231,83.76968985476081,102.5790958034043,97.96306426649717,4.61603153690713,5.405300208150164,-0.8060617861659517,-0.8060617861659517,-0.8060617861659517,-0.8060617861659517,0.8060617861659517,-0.8060617861659517,-0.8060617861659517,-0.8060617861659517,0.8060617861659517,1.9800033569335938,1.9575492858886663,104.5,101.2256000518799,101.64599990844728,102.06639976501465,,,,,,,,,,0.0,0.0,0.0
2019-12-03,101.1900024414062,102.3000030517578,100.3199996948242,102.1399993896484,102.1399993896484,1872200,-0.8060617861659517,0.8098700077780675,1.1779353099695768,1.1400459466265607,3.023468249568332,103.69199981689455,103.01199951171876,96.4226666768392,86.22750002543131,80.5488998413086,103.12513051491426,102.86757808942713,96.99394593553266,89.64609807155186,84.13345836040214,102.51154250898031,98.27246686821208,4.239075640768235,5.172055294673779,1.8504008233233404,1.8504008233233404,1.8504008233233404,1.8504008233233404,-1.8504008233233404,1.8504008233233404,1.8504008233233404,1.8504008233233404,-1.8504008233233404,1.5400009155273011,1.9421493530273366,102.3000030517578,100.19339157104494,100.58490142822266,100.9764112854004,,1.0,1.0,,100.58490142822266,100.9764112854004,,102.1399993896484,102.1399993896484,0.0,1.5460550632794994,1.152336560030064
2019-12-04,102.8600006103516,104.3199996948242,102.7799987792969,104.0299987792969,104.0299987792969,1377300,1.8504008233233404,1.3114544406618036,1.3210562274877367,1.2076824790563514,3.027534921762125,103.67599945068359,103.13099975585938,97.2793332417806,86.68133328755697,80.8822998046875,103.42675326970848,103.07892730576708,97.44788482867874,90.11770137344514,84.5274492597862,102.7451511659521,98.69895071347763,4.046200452474466,4.946884326233917,1.7014364060659248,1.7014364060659248,1.7014364060659248,1.7014364060659248,-1.7014364060659248,1.7014364060659248,1.7014364060659248,1.7014364060659248,-1.7014364060659248,1.75,1.925149536132801,104.3199996948242,98.02727447509766,98.41570434570312,98.8041342163086,,,,,,,,,,0.0,0.0,0.0
2019-12-05,104.4700012207031,106.0,104.25,105.8000030517578,105.8000030517578,1118200,1.7014364060659248,1.4894497355865461,1.3504624447661941,1.2569722874420344,3.026698114830387,103.83000030517579,103.52200012207031,98.18333333333334,87.17350006103516,81.2347998046875,104.2178365303916,103.57366835049265,97.98673116565159,90.63187519896358,84.94868794873612,103.21512837915299,99.22495459038727,3.9901737887657163,4.755542218740278,0.7750469481773619,0.7750469481773619,0.7750469481773619,0.7750469481773619,-0.7750469481773619,0.7750469481773619,0.7750469481773619,0.7750469481773619,-0.7750469481773619,1.1350021362303977,1.881899642944321,106.0,100.08467071533204,100.4697006225586,100.85473052978516,,,,,,,,,,0.0,0.0,0.0
2019-12-06,106.5500030517578,107.5699996948242,106.4349975585938,106.620002746582,106.620002746582,1489700,0.7750469481773619,1.4052165670342207,1.2657371071387442,1.2606374098700446,3.021090520676982,104.31200103759765,104.09400024414063,99.09033330281575,87.65383338928223,81.59579986572265,105.01855860245507,104.1275473315998,98.54371642893743,91.15607610216418,85.3778228952281,103.7389552049113,99.77273593529058,3.966219269620723,4.597677628916367,1.7069964809042695,1.7069964809042695,1.7069964809042695,1.7069964809042695,-1.7069964809042695,1.7069964809042695,1.7069964809042695,1.7069964809042695,-1.7069964809042695,2.9449996948241903,1.9056495666503757,107.5699996948242,101.85982078552249,102.23620071411136,102.61258064270022,,,,,,,,,,0.0,0.0,0.0
2019-12-09,109.8499984741211,111.3450012207031,108.4000015258789,108.4400024414062,108.4400024414062,2193200,1.7069964809042695,1.119946581240856,1.316156126566859,1.17694082568121,3.022049751675917,105.40600128173828,104.76600036621093,100.07100016276041,88.1693333943685,81.96779991149903,106.15903988210545,104.91163007883732,99.182186494258,91.72276221164752,85.8344997179247,104.46219324129513,100.41475567648433,4.047437564810792,4.487629616095252,1.3094781786939604,1.3094781786939604,1.3094781786939604,1.3094781786939604,-1.3094781786939604,1.3094781786939604,1.3094781786939604,1.3094781786939604,-1.3094781786939604,2.2300033569335938,1.9136497497558451,111.3450012207031,103.37757064819338,103.75870056152345,104.13983047485353,,,,,,,,,,0.0,0.0,0.0
2019-12-10,109.0699996948242,110.5100021362305,108.2799987792969,109.8600006103516,109.8600006103516,1572800,1.3094781786939604,0.43679317380856586,1.1678865438208876,1.1115895110951504,3.0206463101158976,106.9500015258789,105.32100067138671,101.05566685994467,88.71333338419596,82.35349990844726,107.39269345818751,105.81133381183992,99.87107772755436,92.31742576570339,86.31025221084404,105.29262514422689,101.1144034493634,4.178221694863495,4.425748031848901,3.6227887360524686,3.6227887360524686,3.6227887360524686,3.6227887360524686,-3.6227887360524686,3.6227887360524686,3.6227887360524686,3.6227887360524686,-3.6227887360524686,3.5400009155274006,2.0461498260497955,110.5100021362305,107.13497177124023,107.5177017211914,107.90043167114257,,,,,,,,,,0.0,0.0,0.0
2019-12-11,111.1900024414062,114.5299987792969,110.9899978637695,113.8399963378906,113.8399963378906,2613300,3.6227887360524686,1.0758001866621045,1.486853214227827,1.3285600430259181,3.036015960389131,108.91200103759763,106.29400024414062,102.18866678873698,89.33816668192546,82.7638998413086,109.54179441808854,107.27109063475822,100.77229828305994,93.02308381725051,86.85539565890437,106.60760532786747,102.05703995962467,4.5505653682428004,4.4507114991276815,1.326424969084356,1.326424969084356,1.326424969084356,1.326424969084356,-1.326424969084356,1.326424969084356,1.326424969084356,1.326424969084356,1.326424969084356,3.110000610351605,1.9701499938964786,114.5299987792969,106.00847251892094,106.4177024841309,106.82693244934086,,,,,,,,,,0.0,0.0,0.0
2019-12-12,112.7900009155273,115.6500015258789,112.5400009155273,115.3499984741211,115.3499984741211,2155500,1.326424969084356,1.0992245585837443,1.4926518517206246,1.3300655090406774,3.036867440160491,110.82200012207029,107.32600021362305,103.37200012207032,89.98233337402344,83.17849983215332,111.47786243676606,108.73998296918784,101.71279506958003,93.75511380600037,87.41964521960173,107.95258888882957,103.04170355329107,4.910885335538495,4.542746266409845,-1.6818334093406428,-1.6818334093406428,-1.6818334093406428,-1.6818334093406428,1.6818334093406428,-1.6818334093406428,-1.6818334093406428,-1.6818334093406428,-1.6818334093406428,2.860000610351605,2.048149871826169,115.6500015258789,110.19566879272465,110.58969879150395,110.98372879028324,,,,,,,,,,0.0,0.0,0.0
2019-12-13,115.3000030517578,115.9599990844727,113.0999984741211,113.4100036621094,113.4100036621094,1790000,-1.6818334093406428,1.900247911961863,1.6297536567241835,1.4122155730808583,3.0327794880921086,112.18000030517578,108.24600067138672,104.45700022379557,90.6193333943685,83.55929985046387,112.12190951188052,109.58907764062812,102.46745368845289,94.39953642423345,87.9343057828197,108.79219116164185,103.80972578357391,4.982465378067943,4.630690088741464,1.4019894952369345,1.4019894952369345,1.4019894952369345,1.4019894952369345,-1.4019894952369345,1.4019894952369345,1.4019894952369345,1.4019894952369345,1.4019894952369345,2.0499954223633097,2.0681499481201144,115.9599990844727,111.14407180786134,111.55370178222657,111.9633317565918,,,,,,,,,,0.0,0.0,0.0
2019-12-16,114.7600021362305,116.8099975585938,114.7600021362305,115.0,115.0,2076900,1.4019894952369345,1.8870312714460973,1.4650397767642007,1.4239390126808478,3.033750635600024,113.49199981689453,109.44900054931641,105.04966684977214,91.26966667175293,83.96199981689453,113.08127300792034,110.57288170596846,103.27600506339142,95.07496145950448,88.47026012375397,109.74723867523541,104.63863498479066,5.1086036904447525,4.726272809082122,-0.5652187181555707,-0.5652187181555707,-0.5652187181555707,-0.5652187181555707,0.5652187181555707,-0.5652187181555707,-0.5652187181555707,-0.5652187181555707,-0.5652187181555707,1.6599960327149006,2.072900009155274,116.8099975585938,111.41006919860845,111.82369918823247,112.2373291778565,,,,,,,,,,0.0,0.0,0.0
2019-12-17,115.6399993896484,115.9499969482422,114.2900009155273,114.3499984741211,114.3499984741211,2004900,-0.5652187181555707,2.0389213189675326,1.4314406255597567,1.4271590136927166,3.0349369816944987,114.38999938964844,110.67000045776368,105.47766672770182,91.88616663614908,84.35629981994629,113.50418149665393,111.25963020926893,103.99045625118045,95.70692988621322,88.98273019009788,110.45535556737167,105.35799524325958,5.097360324112088,4.800490312088115,0.8220397498465575,0.8220397498465575,0.8220397498465575,0.8220397498465575,-0.8220397498465575,0.8220397498465575,0.8220397498465575,0.8220397498465575,0.8220397498465575,1.9799957275391051,2.0944995880126998,115.9499969482422,112.2496175384522,112.66419754028325,113.07877754211431,,,,,,,,,,0.0,0.0,0.0
2019-12-18,114.4700012207031,115.8099975585938,113.8300018310547,115.2900009155273,115.2900009155273,1947500,0.8220397498465575,1.3424782595923799,1.4119194417568783,1.4118141417155952,3.0283786914440816,114.68000030517578,111.7960006713867,105.94399998982747,92.52899996439616,84.7623998260498,114.0994546362784,111.99242488313408,104.71945913275123,96.34899778881368,89.50366624406679,111.19914715939561,106.09369936713126,5.105447792264343,4.861481808123361,1.726080187324891,1.726080187324891,1.726080187324891,1.726080187324891,-1.726080187324891,1.726080187324891,1.726080187324891,1.726080187324891,1.726080187324891,3.7399978637696023,2.1709995269775497,115.8099975585938,111.34209785461427,111.7609977722168,112.17989768981934,,,,,,,,,,0.0,0.0,0.0
2019-12-19,115.2699966430664,118.1800003051758,114.4400024414062,117.2799987792969,117.2799987792969,1923300,1.726080187324891,1.4307892653639538,1.413219389381974,1.3871493577877512,3.0305356340542273,115.06600036621094,112.94400024414062,106.47333323160805,93.20149993896484,85.18029983520508,115.15963601728457,112.95380195516367,105.52981652930256,97.0352601163705,90.05369263090303,112.13466279322657,106.9223141384028,5.212348654823771,4.931655177463442,-0.5201233089194803,-0.5201233089194803,-0.5201233089194803,-0.5201233089194803,0.5201233089194803,-0.5201233089194803,-0.5201233089194803,-0.5201233089194803,-0.5201233089194803,2.0850067138671875,2.195249938964854,118.1800003051758,111.0337985992432,111.4679985046387,111.90219841003422,,,,,,,,,,0.0,0.0,0.0
2019-12-20,118.3000030517578,118.3550033569336,116.2699966430664,116.6699981689453,116.6699981689453,2608400,-0.5201233089194803,1.0687959003781728,1.4974824496029884,1.361697276258504,3.0074589625807526,115.71799926757812,113.94899978637696,106.98533325195312,93.89433326721192,85.61409980773925,115.66309006783814,113.62947399403305,106.24853792540856,97.67902201973361,90.58074818611179,112.83240669718329,107.64436480733187,5.188041889851419,4.982932519941038,0.23142562500936376,0.23142562500936376,0.23142562500936376,0.23142562500936376,-0.23142562500936376,0.23142562500936376,0.23142562500936376,0.23142562500936376,0.23142562500936376,1.319999694824304,2.201749801635754,118.3550033569336,113.35045043945311,113.78950042724608,114.22855041503905,,,,,,,,,,0.0,0.0,0.0
2019-12-23,117.0899963378906,117.7600021362305,116.4400024414062,116.9400024414062,116.9400024414062,968200,0.23142562500936376,0.9649605322856604,1.4833880584006607,1.3662032412426166,2.977718780616396,116.10599975585937,114.79899978637695,107.41533330281575,94.62283325195312,86.07009986877442,116.08872752569417,114.2313882571918,106.93830982966647,98.31052957454254,91.1027136169097,113.46434450398681,108.33293055800404,5.1314139459827715,5.012628805149385,0.8722392866184383,0.8722392866184383,0.8722392866184383,0.8722392866184383,-0.8722392866184383,0.8722392866184383,0.8722392866184383,0.8722392866184383,0.8722392866184383,1.6200027465820028,2.1422500610351696,117.7600021362305,113.51115379333493,113.95150375366208,114.39185371398924,,,,,,,,,,0.0,0.0,0.0
2019-12-24,117.2399978637695,118.0400009155273,116.4199981689453,117.9599990844727,117.9599990844727,488500,0.8722392866184383,0.8334459809795505,1.4720319660547867,1.297223759300123,2.97721768898742,116.82799987792968,115.60899963378907,107.93766657511394,95.3531665802002,86.54079986572266,116.71248471195369,114.90931749851559,107.649386555783,98.95477447650747,91.63454105191094,114.15598367021542,109.04604674514987,5.109936925065554,5.032090429132619,-0.3051887191808165,-0.3051887191808165,-0.3051887191808165,-0.3051887191808165,0.3051887191808165,-0.3051887191808165,-0.3051887191808165,-0.3051887191808165,-0.3051887191808165,1.0099945068360086,2.13724975585939,118.0400009155273,113.04705200195312,113.47550201416016,113.9039520263672,,,,,,,,,,0.0,0.0,0.0
2019-12-26,117.8899993896484,117.9499969482422,116.9400024414062,117.5999984741211,117.5999984741211,530500,-0.3051887191808165,0.9156732536497899,1.0858670874154626,1.3012239405760297,2.967883832685665,117.28999938964844,115.98499984741211,108.4383331298828,96.09366658528646,87.03529983520508,117.00832263267617,115.39853222135295,108.29136151825642,99.56609329610134,92.14870852561808,114.68583210158553,109.67967279914774,5.006159302437794,5.026904203793655,-0.6462603283092238,-0.6462603283092238,-0.6462603283092238,-0.6462603283092238,0.6462603283092238,-0.6462603283092238,-0.6462603283092238,-0.6462603283092238,0.6462603283092238,1.9599990844725994,2.11649971008302,117.9499969482422,113.33805145263665,113.76550140380851,114.1929513549804,,,,,,,,,,0.0,0.0,0.0
2019-12-27,118.0999984741211,118.4899978637695,116.5299987792969,116.8399963378906,116.8399963378906,724900,-0.6462603283092238,0.6262205757936607,1.0638572390211707,1.3295118266645267,2.9429017338974153,117.20199890136719,116.13399963378906,108.86999969482422,96.85149981180827,87.5022998046875,116.95221386774766,115.66061660617797,108.84288634532959,100.13245077288131,92.6376449179403,115.017241984094,110.21006713535091,4.807174848743088,4.982958332783542,-0.5391965706640414,-0.5391965706640414,-0.5391965706640414,-0.5391965706640414,0.5391965706640414,-0.5391965706640414,-0.5391965706640414,-0.5391965706640414,0.5391965706640414,1.2190017700194886,2.08494987487794,118.4899978637695,113.29369758605955,113.71699752807616,114.14029747009276,,,,,,,,,,0.0,0.0,0.0
2019-12-30,116.8199996948242,116.8899993896484,115.6709976196289,116.2099990844727,116.2099990844727,682000,-0.5391965706640414,0.6296693353785653,0.8952106625211091,1.317905493400595,2.944224665259703,117.10999908447266,116.41399917602538,109.2869997660319,97.5744997660319,87.95669982910157,116.70480893998933,115.76050432950429,109.31818394140335,100.6595835044089,93.10442420836668,115.20074307645996,110.65450653898955,4.546236537470406,4.8956139737209154,0.0172138995082117,0.0172138995082117,0.0172138995082117,0.0172138995082117,-0.0172138995082117,0.0172138995082117,0.0172138995082117,0.0172138995082117,-0.0172138995082117,1.4599990844726989,2.0597000122070446,116.8899993896484,113.90310813903804,114.32009811401362,114.73708808898921,,,,,,,,,,0.0,0.0,0.0
2019-12-31,115.6699981689453,116.7099990844727,115.25,116.2300033569336,116.2300033569336,745800,0.0172138995082117,0.6103967421826858,0.7987362456849624,1.26018360941557,2.9342433703586477,116.96799926757812,116.53699951171875,109.70299987792968,98.26366653442383,88.39839988708496,116.5465404123041,115.84586778903687,109.76410777466336,101.17008907334413,93.56235646873435,115.35909081191744,111.0675063032817,4.2915845086357365,4.77480808070388,-0.23230169892685287,-0.23230169892685287,-0.23230169892685287,-0.23230169892685287,0.23230169892685287,-0.23230169892685287,-0.23230169892685287,-0.23230169892685287,0.23230169892685287,2.639999389648409,2.0926998138427857,116.7099990844727,112.35865936279289,112.7705993652343,113.18253936767572,,,,,,,,,,0.0,0.0,0.0
2020-01-02,117.2600021362305,117.4000015258789,114.7600021362305,115.9599990844727,115.9599990844727,1870600,-0.23230169892685287,0.26166801838071096,0.7740548658170667,1.232354483234074,2.925524498245131,116.56799926757813,116.6979995727539,110.12666651407878,98.96366653442382,88.863099899292,116.3510266363603,115.86661893366157,110.16384269787687,101.65500415567621,94.00587414429353,115.4515382384644,111.42991317596253,4.021625062501869,4.624171477063478,3.121768519457352,-3.121768519457352,-3.121768519457352,-3.121768519457352,3.121768519457352,-3.121768519457352,-3.121768519457352,-3.121768519457352,3.121768519457352,3.180000305175696,2.174699783325205,117.4000015258789,112.10605949401857,112.52459945678713,112.94313941955568,,,,,,,,,,0.0,0.0,0.0
2020-01-03,114.0599975585938,115.2399978637695,112.0599975585938,112.3399963378906,112.3399963378906,2695100,-3.121768519457352,1.266670939158126,1.2486211423422846,1.4571326809889282,2.9467141485433053,115.51599884033203,116.40299911499024,110.44333318074544,99.62833315531412,89.29259986877442,115.01401653687041,115.22541482533957,110.30423970691002,102.00533176820782,94.36892606891922,114.97283948452996,111.49732674351276,3.475512741017198,4.394439729854223,0.6231057246403908,-0.6231057246403908,-0.6231057246403908,-0.6231057246403908,0.6231057246403908,0.6231057246403908,-0.6231057246403908,-0.6231057246403908,0.6231057246403908,3.5800018310546875,2.2661998748779397,115.2399978637695,112.61566200256345,113.0506019592285,113.48554191589353,1.0,1.0,1.0,112.61566200256345,113.0506019592285,113.48554191589353,112.3399963378906,112.3399963378906,112.3399963378906,-0.24478448181264725,-0.6285730540330812,-1.00941984209048
2020-01-06,110.8300018310547,112.9800033569336,109.4000015258789,111.6399993896484,111.6399993896484,3186200,-0.6231057246403908,1.2678926537290365,1.0384571668358908,1.440054104245441,2.951759698157995,114.47599945068362,115.8389991760254,110.76833318074544,100.26749979654947,89.69199989318848,113.88934415446309,114.57352110975935,110.39041775095767,102.3212225098944,94.71092752081485,114.46009485454817,111.50789508767095,2.9521997668772286,4.105991737258824,0.36724832941267216,-0.36724832941267216,-0.36724832941267216,-0.36724832941267216,0.36724832941267216,0.36724832941267216,-0.36724832941267216,-0.36724832941267216,0.36724832941267216,2.0199966430664062,2.31044960021974,112.9800033569336,110.25435813903803,110.70759811401362,111.16083808898921,1.0,1.0,1.0,110.25435813903803,110.70759811401362,110.8300018310547,111.6399993896484,111.6399993896484,111.6399993896484,1.2567677813361147,0.8422197676753215,0.7308468331782801
2020-01-07,111.2799987792969,112.75,110.7300033569336,111.2300033569336,111.2300033569336,1673100,-0.36724832941267216,1.282369022937098,1.039035670119119,1.4419891071875919,2.9066743126329806,113.48000030517578,115.29499969482421,111.11266657511393,100.84133313496908,90.10649993896484,113.00289722195326,113.96560879106376,110.44458456424644,102.61331368520716,95.03803793341126,113.96315770106901,111.48731051502374,2.4758471860452715,3.779962827016114,-1.519369559478088,1.519369559478088,1.519369559478088,1.519369559478088,-1.519369559478088,-1.519369559478088,1.519369559478088,1.519369559478088,-1.519369559478088,2.349998474121108,2.280699539184586,112.75,107.89701423645016,108.35910415649411,108.82119407653806,,,,,,,,,,0.0,0.0,0.0
2020-01-08,111.5400009155273,113.7699966430664,111.4199981689453,112.9199981689453,112.9199981689453,1735300,1.519369559478088,1.6609358717272424,1.2027618659607922,1.432395999127827,2.908796633785696,112.8179992675781,114.89299926757812,111.485999806722,101.43399976094564,90.53459991455078,112.97526420428395,113.77549776886039,110.6042886677754,102.95123776664119,95.39213615589708,113.80267161920384,111.59343552642534,2.2092360927784966,3.465817480168591,0.8501586078989272,-0.8501586078989272,-0.8501586078989272,-0.8501586078989272,0.8501586078989272,0.8501586078989272,-0.8501586078989272,-0.8501586078989272,0.8501586078989272,3.209999084472699,2.329699325561541,113.7699966430664,107.73246101379391,108.18860092163082,108.64474082946775,,,,,,,,,,0.0,0.0,0.0
2020-01-09,113.9300003051758,114.0,110.7900009155273,111.9599990844727,111.9599990844727,1676200,-0.8501586078989272,1.6529591796365084,1.130622032183139,1.4267260675690179,2.914081120624219,112.01799926757812,114.29299926757812,111.74099985758464,102.01099980672201,90.938099899292,112.6368424976802,113.44540709897171,110.69175385594943,103.24660699017663,95.72021264953223,113.5191835369375,111.620588382577,1.8985951543605069,3.1523730150069746,-1.3040363490634228,1.3040363490634228,1.3040363490634228,1.3040363490634228,-1.3040363490634228,-1.3040363490634228,1.3040363490634228,1.3040363490634228,-1.3040363490634228,2.8499984741210938,2.295199203491226,114.0,108.64465812683102,109.11059799194332,109.57653785705563,,,,,,,,,,0.0,0.0,0.0
2020-01-10,113.5,115.8499984741211,113.0,113.4199981689453,113.4199981689453,2412400,1.3040363490634228,1.1249089484520192,1.2697432576562029,1.2023320013293577,2.8957634989942447,112.23399963378907,113.87499923706055,112.05133310953777,102.57066650390625,91.35209991455078,112.8978943881019,113.44078729351236,110.8677696180782,103.58016079931659,96.07070345189683,113.50392424955409,111.75387799638206,1.7500462531720302,2.871907662639986,-2.0454943857153287,2.0454943857153287,2.0454943857153287,2.0454943857153287,-2.0454943857153287,-2.0454943857153287,2.0454943857153287,2.0454943857153287,-2.0454943857153287,3.638999938964801,2.3216491699218857,115.8499984741211,108.9505617523193,109.40960159301756,109.8686414337158,,,,,,,,,,0.0,0.0,0.0
2020-01-13,113.8600006103516,117.4990005493164,113.8600006103516,115.7399978637695,115.7399978637695,1879400,2.0454943857153287,1.2633291521628705,1.4703560440995211,1.2540856636729336,2.8938468534801647,113.05399932861329,113.76499938964844,112.40833307902018,103.18183314005533,91.77889991760254,113.84526221332445,113.85882557901365,111.18210692425183,103.97884398175766,96.46019443034974,113.84793557481801,112.04914613470706,1.7987894401109514,2.6572840181341792,-0.14688595254684905,0.14688595254684905,0.14688595254684905,0.14688595254684905,-0.14688595254684905,-0.14688595254684905,0.14688595254684905,0.14688595254684905,-0.14688595254684905,2.4499969482422017,2.3011489868164157,117.4990005493164,110.74237030029295,111.20670013427733,111.6710299682617,,,,,,,,,,0.0,0.0,0.0
2020-01-14,115.8300018310547,116.5699996948242,114.120002746582,115.9100036621094,115.9100036621094,1518000,0.14688595254684905,1.169069753733606,1.4627830153458452,1.18806654236444,2.89271949260391,113.98999938964843,113.73499984741211,112.79833323160807,103.79766654968262,92.19109992980957,114.53350936291943,114.23176704866742,111.48713252024265,104.37002954504788,96.84533916761231,114.16517681901668,112.3351355811813,1.830041237835374,2.4918354620744183,-2.9419407767857075,-2.9419407767857075,-2.9419407767857075,-2.9419407767857075,2.9419407767857075,-2.9419407767857075,-2.9419407767857075,-2.9419407767857075,2.9419407767857075,3.3500061035155966,2.3661495208740297,116.5699996948242,112.4364727783203,112.89670257568358,113.35693237304686,,,,,,,,,,0.0,0.0,0.0
2020-01-15,115.3600006103516,115.4100036621094,112.0599975585938,112.5,112.5,1637400,-2.9419407767857075,1.9536141575246389,1.7301585433201803,1.3292387493650966,2.9139097545926207,113.90599975585937,113.36199951171875,113.11599985758464,104.3794999440511,92.58119995117187,113.85567290861296,113.91690031254606,111.55247880925927,104.63658595340696,97.15533245142197,113.90899576993719,112.34734776035306,1.5616480095841325,2.3057979715763612,1.155558268229154,1.155558268229154,1.155558268229154,1.155558268229154,-1.155558268229154,-1.155558268229154,1.155558268229154,1.155558268229154,-1.155558268229154,1.3799972534179972,2.3521495819091847,115.4100036621094,111.36447074890134,111.83770065307614,112.31093055725096,,,1.0,,,112.31093055725096,,,112.5,0.0,0.0,0.16834464981363995
2020-01-16,113.4199981689453,114.1999969482422,112.8199996948242,113.8000030517578,113.8000030517578,1443500,1.155558268229154,1.9565032987196043,1.7918333836318059,1.3531124534112247,2.9125882057801813,114.27400054931641,113.14599990844727,113.50466664632161,104.9636666615804,93.01580001831054,113.83711628966125,113.89564626513,111.69748037329144,104.93702585827091,97.48492988905238,113.89222765944805,112.45495185601267,1.4372758034353836,2.132093537948166,0.8260059637996512,-0.8260059637996512,0.8260059637996512,0.8260059637996512,-0.8260059637996512,-0.8260059637996512,0.8260059637996512,0.8260059637996512,-0.8260059637996512,1.980003356933608,2.35214996337891,114.1999969482422,110.2352745819092,110.70570449829103,111.17613441467287,,,,,,,,,,0.0,0.0,0.0
2020-01-17,114.5899963378906,115.5699996948242,113.5899963378906,114.7399978637695,114.7399978637695,1376300,0.8260059637996512,1.9088394637335333,1.4773308727760146,1.353241923716688,2.908484910546308,114.53800048828126,113.38600006103516,113.86166661580404,105.57049992879232,93.45519996643067,114.13807681436401,114.0491647376099,111.89377182429003,105.25843477648398,97.82661440340321,114.02265384472827,112.62421452325391,1.3984393214743562,1.985362694653404,0.11330389160966732,-0.11330389160966732,0.11330389160966732,0.11330389160966732,-0.11330389160966732,0.11330389160966732,0.11330389160966732,0.11330389160966732,-0.11330389160966732,1.8300018310547017,2.2566501617431647,115.5699996948242,109.0252670288086,109.49569702148438,109.96612701416016,,,,,,,,,,0.0,0.0,0.0
2020-01-21,113.9700012207031,115.75,113.9199981689453,114.870002746582,114.870002746582,1001500,0.11330389160966732,1.6285712503134309,1.4486273728576482,1.2906256860934655,2.9092489924729104,114.36400146484375,113.70900039672851,114.16399993896485,106.1736666361491,93.90180000305176,114.38205212510334,114.19840801196845,112.08578672250242,105.57356815255277,98.16410724188201,114.15301521424422,112.79056920646339,1.3624460077808322,1.8607793572788898,1.2710011748616779,-1.2710011748616779,1.2710011748616779,1.2710011748616779,-1.2710011748616779,1.2710011748616779,1.2710011748616779,1.2710011748616779,-1.2710011748616779,2.6800003051757955,2.286399841308595,115.75,110.60536933898925,111.05669937133787,111.5080294036865,,,,,,,,,,0.0,0.0,0.0
2020-01-22,115.7099990844727,118.2300033569336,115.5500030517578,116.3300018310547,116.3300018310547,1281700,1.2710011748616779,1.7510678868671046,1.4580002500535605,1.3214072305846187,2.910100774464731,114.44800109863282,114.21900024414063,114.48766657511393,106.78899993896485,94.36940002441406,115.0313686937538,114.58597052452959,112.35960705208645,105.92623810922495,98.52382792681613,114.48793623221508,113.05274940087756,1.4351868313375178,1.7756608520906156,2.0201138460686874,-2.0201138460686874,2.0201138460686874,2.0201138460686874,-2.0201138460686874,2.0201138460686874,2.0201138460686874,2.0201138460686874,-2.0201138460686874,3.129997253417997,2.37689971923828,118.2300033569336,110.7199203491211,111.17720031738281,111.63448028564453,,,,,,,,,,0.0,0.0,0.0
2020-01-23,116.4700012207031,118.7799987792969,115.6500015258789,118.6800003051758,118.6800003051758,2014400,2.0201138460686874,0.6937181679582698,1.506266368876565,1.3967226576689415,2.9110861006023017,115.68400115966794,114.79500045776368,114.82899983723958,107.45,94.84110000610352,116.24757923089447,115.33033957555617,112.76737435873737,106.34439424679711,98.92296005312028,115.13286916651673,113.46958280119594,1.6632863653207863,1.75318595473665,-4.457365101048703,4.457365101048703,-4.457365101048703,-4.457365101048703,4.457365101048703,-4.457365101048703,-4.457365101048703,-4.457365101048703,4.457365101048703,5.114997863769503,2.551649475097655,118.7799987792969,113.00082397460938,113.47620391845703,113.95158386230469,,,,,,,,,,0.0,0.0,0.0
2020-01-24,115.879997253418,117.3949966430664,112.2799987792969,113.3899993896484,113.3899993896484,2412000,-4.457365101048703,2.5617001596885514,2.1586013591152824,1.7112598032325153,2.9838420846865654,115.60200042724607,114.93800048828125,114.94666646321615,108.0011666615804,95.26069999694825,115.29505261714579,114.97755045084565,112.80754371557035,106.5753976941037,99.20943607958617,114.86473535469082,113.46368773367391,1.4010476210169145,1.682758287992703,-3.0073163868683346,3.0073163868683346,-3.0073163868683346,-3.0073163868683346,3.0073163868683346,-3.0073163868683346,-3.0073163868683346,-3.0073163868683346,3.0073163868683346,3.150001525878892,2.658649826049799,117.3949966430664,113.16636993408206,113.6766998291016,114.18702972412112,1.0,1.0,1.0,113.16636993408206,113.6766998291016,114.18702972412112,113.3899993896484,113.3899993896484,113.3899993896484,0.19761122999403483,-0.2522068637497538,-0.6980042623040192
2020-01-27,111.0999984741211,111.6800003051758,108.5299987792969,109.9800033569336,109.9800033569336,1739400,-3.0073163868683346,2.7983946633741814,2.326168320391825,1.8243246835370095,3.016578367675936,114.6500015258789,114.59400100708008,114.81800003051758,108.50333340962727,95.65770004272461,113.52336953040839,114.06890552467982,112.62512175694863,106.68702410927845,99.42271463953364,114.11323812426663,113.20563703910055,0.9076010851660783,1.5277268474273782,3.2551319261571154,-3.2551319261571154,3.2551319261571154,3.2551319261571154,-3.2551319261571154,-3.2551319261571154,3.2551319261571154,3.2551319261571154,-3.2551319261571154,3.8349990844725994,2.752399826049799,111.6800003051758,111.54596702575685,112.07769699096681,112.60942695617676,1.0,1.0,1.0,111.0999984741211,111.0999984741211,111.0999984741211,109.9800033569336,109.9800033569336,109.9800033569336,-1.0080964289557433,-1.0080964289557433,-1.0080964289557433
2020-01-28,110.9199981689453,114.0699996948242,110.2350006103516,113.5599975585938,113.5599975585938,1704500,3.2551319261571154,3.3554261610070295,2.4866148200414457,1.9886059662818811,3.0352577355586385,114.38800048828125,114.3760009765625,114.75833333333334,109.06516672770182,96.06959999084472,113.53557887313687,113.97637680357326,112.68543632479671,106.91236750105928,99.70266083595067,114.02812419108619,113.23188596647041,0.7962382246157773,1.3814291228650581,-0.8717839776799845,0.8717839776799845,-0.8717839776799845,-0.8717839776799845,0.8717839776799845,0.8717839776799845,-0.8717839776799845,-0.8717839776799845,0.8717839776799845,3.2699966430664062,2.854949569702145,114.0699996948242,105.62472068786624,106.1752006530762,106.72568061828616,,,,,,,,,,0.0,0.0,0.0
2020-01-29,114.0299987792969,114.6999969482422,111.4300003051758,112.5699996948242,112.5699996948242,2187300,-0.8717839776799845,3.258626758469826,2.4934174270542973,1.993650950723709,3.04021547111816,113.63600006103516,114.04200057983398,114.73033320109049,109.59366671244304,96.44360000610351,113.21371914703265,113.7206718747098,112.67798880028235,107.09786363855976,99.95745962523529,113.80379734550742,113.18285735375588,0.6209399917515412,1.2293312966423549,0.6929011116740427,0.6929011116740427,-0.6929011116740427,-0.6929011116740427,0.6929011116740427,0.6929011116740427,-0.6929011116740427,-0.6929011116740427,0.6929011116740427,12.9949951171875,3.431699371337885,114.6999969482422,107.78911064147948,108.36010055541992,108.93109046936034,,,,,,,,,,0.0,0.0,0.0
2020-01-30,121.6100006103516,122.3649978637695,109.370002746582,111.7900009155273,111.7900009155273,5783200,-0.6929011116740427,2.918891118410154,2.3204340387920652,1.9970252664426171,1.6158349608444247,112.25800018310547,113.97100067138672,114.62333323160807,109.8365000406901,96.80700004577636,112.73914640319754,113.36964079122205,112.62069925933041,107.2517042050177,100.19176737355791,113.49398251012586,113.07968280277599,0.4142997073498691,1.0663249787838578,5.304589190992695,5.304589190992695,-5.304589190992695,-5.304589190992695,5.304589190992695,5.304589190992695,-5.304589190992695,-5.304589190992695,5.304589190992695,5.959999084472699,3.5976993560790995,122.3649978637695,107.15025833129886,107.83659820556643,108.522938079834,,,,,,,,,,0.0,0.0,0.0
2020-01-31,110.7799987792969,111.0800018310547,105.120002746582,105.8600006103516,105.8600006103516,3557600,-5.304589190992695,3.172139588471905,2.8005574011294634,2.3032302911560563,1.6769401395022654,110.75200042724609,113.1770004272461,114.34033330281575,109.90900001525878,97.10560005187989,110.44609780558224,112.00425166742743,112.18452515294469,107.20607457896307,100.30400961587065,112.31952375631444,112.54489152926308,-0.22536777294864407,0.8079864284373575,-1.605891685660888,-1.605891685660888,1.605891685660888,1.605891685660888,-1.605891685660888,-1.605891685660888,-1.605891685660888,1.605891685660888,-1.605891685660888,2.489997863769503,3.5631992340087897,111.0800018310547,114.45005928039548,115.16959915161131,115.88913902282712,1.0,1.0,1.0,110.7799987792969,110.7799987792969,110.7799987792969,105.8600006103516,105.8600006103516,105.8600006103516,-4.441233276006112,-4.441233276006112,-4.441233276006112
2020-02-03,106.1600036621094,108.4199981689453,105.9300003051758,107.5599975585938,107.5599975585938,1939800,1.605891685660888,3.2305937361701833,2.8575838591236713,2.2544152290314052,1.6879068138880282,110.26799926757815,112.45900039672851,114.08266652425131,110.01333325703939,97.41319999694824,109.48406438991944,111.1962054658213,111.88616853395432,107.2176786110821,100.44769254542952,111.5872889566651,112.17564012402832,-0.5883511673632142,0.5287189092772432,-0.3068072132251751,-0.3068072132251751,0.3068072132251751,0.3068072132251751,-0.3068072132251751,-0.3068072132251751,-0.3068072132251751,0.3068072132251751,-0.3068072132251751,2.889999389648395,3.528699111938475,108.4199981689453,103.24096351623537,103.95360336303712,104.66624320983888,,,,,,,,,,0.0,0.0,0.0
2020-02-04,110.0500030517578,110.5,107.6100006103516,107.8899993896484,107.8899993896484,1961100,0.3068072132251751,2.604720551673278,2.8636510037595047,2.2546601826794426,1.688088434115974,109.13399963378906,111.76100006103516,113.76966654459635,110.1214998881022,97.72940002441406,108.9527093898291,110.5950770883353,111.62835116980555,107.23972191529738,100.59506495818633,111.01847517712407,111.858185254815,-0.8397100776909241,0.2550331118836097,-3.179164264139299,-3.179164264139299,3.179164264139299,3.179164264139299,-3.179164264139299,-3.179164264139299,-3.179164264139299,3.179164264139299,-3.179164264139299,2.629997253417997,3.5591991424560545,110.5,100.65686012268065,101.36259994506835,102.06833976745604,,,,,,,,,,0.0,0.0,0.0
2020-02-05,109.5999984741211,111.3499984741211,108.7200012207031,111.3199996948242,111.3199996948242,1773900,3.179164264139299,3.210718397924629,3.0582148360861803,2.372724239580855,1.7334285182004447,108.88399963378906,111.2599998474121,113.59133326212564,110.28833325703938,98.06459999084473,109.74180615816081,110.72688119860601,111.60845752625838,107.37350151462611,100.80743990346629,111.06486356446256,111.81831965777864,-0.753456093316089,0.053335270843669985,1.3923850664813335,1.3923850664813335,-1.3923850664813335,-1.3923850664813335,1.3923850664813335,1.3923850664813335,1.3923850664813335,-1.3923850664813335,1.3923850664813335,2.5,3.5666992187499993,111.3499984741211,102.66976188659667,103.3816017150879,104.0934415435791,,,,,,,,,,0.0,0.0,0.0
2020-02-06,111.4000015258789,111.7699966430664,109.2699966430664,109.7699966430664,109.7699966430664,1802800,-1.3923850664813335,3.253545394027662,2.946939864628001,2.3659229896521503,1.712797638983193,108.47999877929688,110.36899948120117,113.35233306884766,110.3838331858317,98.38719993591309,109.75120298646269,110.55290218850789,111.48984714669761,107.45207512539464,100.98491627454747,110.86565326886314,111.66659202705922,-0.8009387581960823,-0.11751953496428048,4.208795899129073,4.208795899129073,-4.208795899129073,-4.208795899129073,4.208795899129073,4.208795899129073,4.208795899129073,-4.208795899129073,4.208795899129073,3.650001525878892,3.588699340820309,111.7699966430664,103.5032601928711,104.21660003662109,104.9299398803711,,,,,,,,,,0.0,0.0,0.0
2020-02-07,108.2600021362305,108.5100021362305,104.8600006103516,105.1500015258789,105.1500015258789,2422400,-4.208795899129073,2.845211870828869,2.9129333691849473,2.534110494989779,1.7869124390046942,108.33799896240234,109.54499969482421,112.92533315022787,110.4314998626709,98.66649993896485,108.2174691662681,109.57055661348443,111.08082484858029,107.3765973024597,101.0673932102174,109.98632223148095,111.18388161956439,-1.1975593880834339,-0.3335275055881112,-0.19020156475505653,-0.19020156475505653,0.19020156475505653,0.19020156475505653,-0.19020156475505653,-0.19020156475505653,-0.19020156475505653,0.19020156475505653,-0.19020156475505653,2.480003356933608,3.5701995849609345,108.5100021362305,103.87485809326172,104.59259796142578,105.31033782958986,,,1.0,,,105.31033782958986,,,105.1500015258789,0.0,0.0,-0.15225124808772378
2020-02-10,103.75,105.3600006103516,102.879997253418,105.3499984741211,105.3499984741211,1867800,0.19020156475505653,2.69948887349476,2.806670570081931,2.509531093995223,1.7867568213775449,107.89599914550782,109.08199920654297,112.51699981689453,110.47766647338867,98.95649993896484,107.2616456022191,108.80318240632745,110.71109411474421,107.31015143923548,101.15219727484916,109.2730416534256,110.75174212730933,-1.478700473883734,-0.5625620992472358,-3.075460760035415,-3.075460760035415,3.075460760035415,3.075460760035415,-3.075460760035415,-3.075460760035415,-3.075460760035415,3.075460760035415,-3.075460760035415,3.6000061035155966,3.5682498931884745,105.3600006103516,100.65556304931644,101.36960296630863,102.08364288330081,,,,,,,,,,0.0,0.0,0.0
2020-02-11,106.4499969482422,110.0500030517578,106.4499969482422,108.5899963378906,108.5899963378906,1625300,3.075460760035415,3.126982269156239,2.7811789152191424,2.570838113843426,1.822247065167331,108.03599853515625,108.58499908447266,112.24199981689453,110.55599975585938,99.27539993286133,107.70442918077627,108.76442130297528,110.5742490968827,107.35211356706023,101.29948042461236,109.1679577587279,110.59161280957461,-1.423655050846719,-0.7347806895671325,-2.891617206867283,-2.891617206867283,2.891617206867283,2.891617206867283,-2.891617206867283,-2.891617206867283,-2.891617206867283,2.891617206867283,-2.891617206867283,3.0449981689453125,3.59799995422363,110.0500030517578,97.50985084533696,98.22350082397466,98.93715080261235,,,,,,,,,,0.0,0.0,0.0
2020-02-12,110.0,112.2699966430664,109.2249984741211,111.7300033569336,111.7300033569336,1584300,2.891617206867283,3.0596950650210952,2.96077036316586,2.666668702073107,1.8573269317309433,108.11799926757813,108.5009994506836,112.09266662597656,110.68983319600423,99.6407999420166,109.0462872394954,109.3036180400586,110.64881388785373,107.49565093722,101.50602543317316,109.56211861999031,110.67593803530491,-1.1138194153145946,-0.810588434716625,2.2912423799094337,2.2912423799094337,-2.2912423799094337,-2.2912423799094337,2.2912423799094337,2.2912423799094337,2.2912423799094337,-2.2912423799094337,2.2912423799094337,2.7399978637696023,3.5674995422363303,112.2699966430664,102.13440315246581,102.85400314331054,103.57360313415526,,,,,,,,,,0.0,0.0,0.0
2020-02-13,110.1500015258789,111.3600006103516,108.620002746582,109.1699981689453,109.1699981689453,1649300,-2.2912423799094337,3.19360076735655,3.042256606056516,2.634580511269919,1.883686888652462,107.99799957275391,108.23899917602539,111.85733311971029,110.78016649881998,99.97269989013672,109.0875242159787,109.279323518038,110.55340642211772,107.55054756776838,101.65778726952507,109.50179239675262,110.5643869340931,-1.0625945373404733,-0.8609896552413947,2.8854095252471548,2.8854095252471548,-2.8854095252471548,-2.8854095252471548,2.8854095252471548,2.8854095252471548,2.8854095252471548,-2.8854095252471548,2.8854095252471548,5.125,3.7547496795654305,111.3600006103516,104.42149765014648,105.13499755859374,105.84849746704101,,,,,,,,,,0.0,0.0,0.0
2020-02-14,109.9599990844727,110.3600006103516,105.2350006103516,106.0199966430664,106.0199966430664,1660900,-2.8854095252471548,2.7945992224428364,2.663374120549178,2.6863108924359183,1.9215016986875015,108.1719985961914,108.25499877929687,111.52599970499675,110.82633310953776,100.25929985046386,108.06501502500794,108.68671863167953,110.26092837185635,107.50036557023716,101.74416765315955,108.96613151157013,110.22776543105408,-1.2616339194839554,-0.9411185080899069,2.6315726980503307,2.6315726980503307,-2.6315726980503307,-2.6315726980503307,2.6315726980503307,2.6315726980503307,2.6315726980503307,-2.6315726980503307,2.6315726980503307,2.349998474121108,3.7732494354248054,110.3600006103516,103.09955131530765,103.85050125122075,104.60145118713383,,,,,,,,,,0.0,0.0,0.0
2020-02-18,103.6900024414062,104.8600006103516,102.5100021362305,103.2300033569336,103.2300033569336,2146500,-2.6315726980503307,3.067674176281505,2.7242157564932445,2.7198033575800133,1.951970655449918,107.74799957275391,107.82199935913086,111.22233327229817,110.83283322652181,100.52439987182618,106.45334446898316,107.69458858172571,109.80732030637748,107.36035369439114,101.77359014234318,108.08365025701065,109.70941268482294,-1.6257624278122904,-1.0780472920343838,-0.978392399488449,-0.978392399488449,0.978392399488449,0.978392399488449,-0.978392399488449,-0.978392399488449,-0.978392399488449,0.978392399488449,-0.978392399488449,2.7799987792969034,3.8207492828369154,104.8600006103516,102.05885185241704,102.81350173950199,103.56815162658695,,1.0,1.0,,102.81350173950199,103.56815162658695,,103.2300033569336,103.2300033569336,0.0,0.4051040090890926,-0.3264983147256956
2020-02-19,103.7200012207031,106.379997253418,103.5999984741211,104.2399978637695,104.2399978637695,1718000,0.978392399488449,2.584441376929788,2.751081413002101,2.736758133967855,1.951744141685878,106.87799987792968,107.45699920654297,110.97566655476888,110.87199986775717,100.79749984741211,105.71556226724528,107.06648117846095,109.448138213306,107.25804694584616,101.82242989920312,107.49231911958893,109.30427084622639,-1.81195172663746,-1.224828178954999,2.5709903684746513,2.5709903684746513,-2.5709903684746513,-2.5709903684746513,2.5709903684746513,2.5709903684746513,2.5709903684746513,-2.5709903684746513,2.5709903684746513,4.480003356933594,3.9107494354248056,106.379997253418,96.45435218811039,97.21850204467778,97.98265190124516,,,,,,,,,,0.0,0.0,0.0
2020-02-20,103.9300003051758,104.0,99.5199966430664,101.5599975585938,101.5599975585938,2961500,-2.5709903684746513,1.611885913487599,2.5331944745139214,2.7445395966124413,1.9767900516311248,104.84399871826172,106.48099899291992,110.65333302815755,110.88299980163575,101.06209983825684,104.33037403102813,106.0653023384851,108.93922591300199,107.07122565446083,101.81723321919105,106.57965426405121,108.73062097306841,-2.1509667090171973,-1.4100558849674387,3.3182307977540857,3.3182307977540857,3.3182307977540857,-3.3182307977540857,3.3182307977540857,3.3182307977540857,3.3182307977540857,-3.3182307977540857,3.3182307977540857,3.4499969482422017,3.926749420166016,104.0,97.77634849548342,98.55849838256839,99.34064826965334,,,,,,,,,,0.0,0.0,0.0
2020-02-21,100.8000030517578,101.1999969482422,97.75,98.19000244140625,98.19000244140625,1834200,-3.3182307977540857,1.7378732242348907,2.646758703118544,2.731715248631912,2.020529093544258,102.6479995727539,105.3229995727539,110.16233317057292,110.82416648864746,101.31169982910156,102.28358350115417,104.6334296299253,108.24572762451194,106.78003800813117,101.74540686715571,105.28893859902891,107.94983441516752,-2.6608958161386056,-1.6602238712016724,1.884108419917389,1.884108419917389,1.884108419917389,-1.884108419917389,1.884108419917389,1.884108419917389,1.884108419917389,-1.884108419917389,1.884108419917389,4.170005798339844,3.8794998168945325,101.1999969482422,95.36115127563477,96.14650115966796,96.93185104370117,,,,,,,,,,0.0,0.0,0.0
2020-02-24,93.56999969482422,97.4800033569336,93.30999755859375,96.33999633789062,96.33999633789062,2598800,-1.884108419917389,1.6793689641616762,2.43472815834157,2.6137713558946967,2.00536182786682,100.71199951171874,104.44199905395507,109.64166641235352,110.69133313496907,101.53369979858398,100.30238778006633,103.12553266773716,107.4776159286009,106.43774155992655,101.63836903489303,103.91217825116148,107.08984640944331,-3.1776681582818327,-1.9637127286177045,-0.26987974477243115,-0.26987974477243115,-0.26987974477243115,0.26987974477243115,0.26987974477243115,-0.26987974477243115,-0.26987974477243115,0.26987974477243115,-0.26987974477243115,2.3299942016601562,3.838499450683596,97.4800033569336,92.66509735107422,93.44099731445314,94.21689727783205,,1.0,1.0,,93.44099731445314,93.56999969482422,,96.33999633789062,96.33999633789062,0.0,3.1024915259429444,2.960346961740588
2020-02-25,96.93000030517578,97.7699966430664,95.44000244140625,96.5999984741211,96.5999984741211,2817200,0.26987974477243115,1.84968399192886,2.438618118041287,2.569055452225656,2.0059379582086945,99.38599853515625,103.56699905395507,109.08099975585938,110.56616643269857,101.76799980163574,99.06825801141792,101.9390719052615,106.77583415734414,106.11519260629359,101.53859932081834,102.78722751623218,106.31282063645648,-3.5255931202243005,-2.2760888069390237,0.486543714417384,0.486543714417384,0.486543714417384,-0.486543714417384,-0.486543714417384,0.486543714417384,0.486543714417384,-0.486543714417384,0.486543714417384,2.7300033569335938,3.7832496643066458,97.7699966430664,89.03530456542968,89.8030044555664,90.57070434570312,,,,,,,,,,0.0,0.0,0.0
2020-02-26,96.83000183105469,98.54000091552734,95.80999755859375,96.12999725341797,96.12999725341797,1667000,-0.486543714417384,1.475810971831898,2.029535030781766,2.403283351983037,2.002290500427312,97.76399841308594,102.32099914550781,108.42733306884766,110.41783307393392,102.0155997467041,98.08883775875128,100.88287651401721,106.08900596999406,105.78780915210093,101.4314982897807,101.76303824502999,105.55853742289807,-3.7954991778680807,-2.579970881124835,1.3835371264539045,1.3835371264539045,1.3835371264539045,-1.3835371264539045,-1.3835371264539045,1.3835371264539045,1.3835371264539045,-1.3835371264539045,1.3835371264539045,4.099998474121094,3.82474975585938,98.54000091552734,89.44684738159178,90.20349731445312,90.96014724731444,,,,,,,,,,0.0,0.0,0.0
2020-02-27,93.23999786376953,97.19999694824219,93.0999984741211,94.80000305175781,94.80000305175781,3170600,-1.3835371264539045,1.3719825130105547,1.4374806636716693,2.4067865597173372,2.0071296813791015,96.41199951171875,100.62799911499023,107.72366638183594,110.26099980672201,102.23529975891114,96.99255952308681,99.77689952087914,105.3606832010756,105.42755321438476,101.30018155239411,100.69180206144966,104.76160895096176,-4.069806889512094,-2.877938082802287,-6.097044929567346,-6.097044929567346,-6.097044929567346,6.097044929567346,6.097044929567346,-6.097044929567346,-6.097044929567346,-6.097044929567346,-6.097044929567346,9.709999084472614,3.660499954223636,97.19999694824219,90.1255514526367,90.89050140380859,91.65545135498046,,,,,,,,,,0.0,0.0,0.0
2020-02-28,91.80999755859375,100.8899993896484,91.18000030517578,100.5800018310547,100.5800018310547,4200200,6.097044929567346,3.224216144502238,2.8021554681736873,2.8625330141128287,2.157230037371376,96.88999938964844,99.76899948120118,107.32633310953776,110.22116648356119,102.4922998046875,98.18837362574278,99.92291812272924,105.05225214494523,105.26861710345591,101.28592056781312,100.67460202600428,104.45186027541308,-3.7772582494088027,-3.0578021161235904,0.13919207307598486,0.13919207307598486,0.13919207307598486,-0.13919207307598486,-0.13919207307598486,0.13919207307598486,0.13919207307598486,0.13919207307598486,0.13919207307598486,5.419998168945341,3.6334999084472677,100.8899993896484,89.1468970489502,89.87899703979491,90.61109703063964,,,,,,,,,,0.0,0.0,0.0
2020-03-02,101.0899963378906,101.7799987792969,96.36000061035156,100.4400024414062,100.4400024414062,2626200,-0.13919207307598486,2.984092842739378,2.705974297187149,2.628561748743257,2.1548081191933393,97.71000061035156,99.21100006103515,106.88099975585938,110.1928332010905,102.75709983825683,98.93891656429726,100.01693345339777,104.75468764794272,105.1103018686346,101.26916971382485,100.63850978221996,104.1546856210422,-3.5161758388222495,-3.1494768606633228,2.1306245894376543,2.1306245894376543,2.1306245894376543,-2.1306245894376543,-2.1306245894376543,2.1306245894376543,2.1306245894376543,2.1306245894376543,2.1306245894376543,7.669998168945327,3.892499923706059,101.7799987792969,92.8962995910644,93.62299957275386,94.34969955444332,,,,,,,,,,0.0,0.0,0.0
2020-03-03,103.0,104.9300003051758,97.26000213623047,98.30000305175781,98.30000305175781,3038300,-2.1306245894376543,3.28320373279817,2.6666210501643786,2.6239997032303504,2.1579949652911745,98.0500015258789,98.71800003051757,106.33299992879232,110.09733327229817,103.01549987792968,98.72594539345079,99.70476428946323,104.33825638367273,104.88701338283535,101.21037433437799,100.27873951599501,103.72100543072483,-3.4422659147298162,-3.2080346714766215,-4.150553484227207,-4.150553484227207,-4.150553484227207,4.150553484227207,4.150553484227207,-4.150553484227207,-4.150553484227207,-4.150553484227207,-4.150553484227207,2.860000610351591,3.8909999847412187,104.9300003051758,93.21649894714358,93.99499893188478,94.773498916626,,,,,,,,,,0.0,0.0,0.0
2020-03-04,100.1999969482422,102.7799987792969,99.91999816894531,102.379997253418,102.379997253418,2502400,4.150553484227207,3.611694519847346,3.0213944839354285,2.8136861163127738,2.2145197420406153,99.30000152587891,98.53199996948243,105.91666641235352,110.04033317565919,103.30639984130859,99.94396268010652,100.19117028290954,104.21191708494662,104.80481613269052,101.23353518425996,100.60200993713701,103.62167149166505,-3.0196615545280423,-3.1703600480869056,-4.961901091954354,4.961901091954354,4.961901091954354,-4.961901091954354,-4.961901091954354,4.961901091954354,4.961901091954354,4.961901091954354,-4.961901091954354,4.180000305175781,3.968500137329108,102.7799987792969,96.36980033874511,97.14800033569335,97.9262003326416,,,,,,,,,,0.0,0.0,0.0
2020-03-05,99.95999908447266,100.75,96.56999969482422,97.30000305175781,97.30000305175781,2131700,-4.961901091954354,4.521098923077078,3.315465862917085,2.8833797233745777,2.3012952745981634,99.80000152587891,98.10600051879882,105.28233311971029,109.8849998474121,103.51139984130859,99.0626428039903,99.66550351360922,103.76598714732154,104.55875668741403,101.15564345886388,100.0940088778479,103.15339975537563,-3.0593908775277328,-3.1481662139750712,-3.0215851481960834,3.0215851481960834,3.0215851481960834,-3.0215851481960834,-3.0215851481960834,3.0215851481960834,3.0215851481960834,3.0215851481960834,-3.0215851481960834,3.589996337890625,4.022999954223639,100.75,94.04929847717287,94.84299850463869,95.6366985321045,,,,,,,,,,0.0,0.0,0.0
2020-03-06,94.5199966430664,95.91999816894531,92.33000183105469,94.36000061035156,94.36000061035156,1800500,-3.0215851481960834,3.4672668977540804,3.2874509803287744,2.9286633812616114,2.318354438003261,98.55600128173828,97.72300033569336,104.47166646321615,109.65033315022787,103.68139984130859,97.49509540611072,98.70086662210784,103.15914930622671,104.22437124226444,101.02107627374482,99.21185375977154,102.50203685574422,-3.2901830959726794,-3.1765695903745934,-4.6735943552183326,4.6735943552183326,4.6735943552183326,-4.6735943552183326,-4.6735943552183326,4.6735943552183326,4.6735943552183326,4.6735943552183326,4.6735943552183326,4.8899993896484375,4.084999847412116,95.91999816894531,91.899400100708,92.70400009155273,93.50860008239745,,1.0,1.0,,92.70400009155273,93.50860008239745,,94.36000061035156,94.36000061035156,0.0,1.7863312447827482,0.9105050521597793
2020-03-09,87.69000244140625,91.93000030517578,87.04000091552734,89.94999694824219,89.94999694824219,2194100,-4.6735943552183326,3.698978898209124,3.540769423872225,2.9595448127945154,2.379961470437772,96.45800018310547,97.08400039672851,103.69033304850261,109.31849975585938,103.8074998474121,94.98006258682122,97.1097994086777,102.30694592829222,103.75635897032929,100.80184698017051,97.78695271184395,101.57225612185519,-3.785303410011238,-3.2983163543019227,-6.725962486957085,-6.725962486957085,-6.725962486957085,6.725962486957085,6.725962486957085,-6.725962486957085,-6.725962486957085,-6.725962486957085,-6.725962486957085,5.6999969482421875,4.2459995269775455,91.93000030517578,86.93299850463866,87.74999847412109,88.56699844360351,,1.0,1.0,,87.69000244140625,87.69000244140625,,89.94999694824219,89.94999694824219,0.0,2.5772544690554064,2.5772544690554064
2020-03-10,92.47000122070312,96.12999725341797,90.43000030517578,96.0,96.0,2774000,6.725962486957085,5.418129450660779,4.24184528920369,3.395894955543454,2.4975708029009467,95.99799957275391,97.02400054931641,103.22433293660482,109.0211664835612,103.9690998840332,95.32004172454748,96.90801769800902,101.90004619098305,103.50205211884308,100.70676090135525,97.5120369100218,101.15949640912518,-3.647459499103377,-3.368144983262214,7.010420163472493,7.010420163472493,7.010420163472493,-7.010420163472493,-7.010420163472493,7.010420163472493,7.010420163472493,7.010420163472493,7.010420163472493,7.219993591308594,4.426998901367195,96.12999725341797,82.58880134582517,83.4380012512207,84.2872011566162,,,,,,,,,,0.0,0.0,0.0
2020-03-11,93.94999694824219,95.87999725341797,88.66000366210938,89.2699966430664,89.2699966430664,2605000,-7.010420163472493,5.3963136289302325,4.793778765634539,3.5942298509983117,2.636261924366978,93.3759994506836,96.33800048828125,102.41466623942057,108.58649978637695,104.07109985351562,93.30336003072046,95.51928659711035,101.08520428466585,103.0354273491455,100.48029032198319,96.2440307151056,100.27879272275045,-4.034762007644858,-3.501468388138743,13.94645168188116,13.94645168188116,13.94645168188116,-13.94645168188116,-13.94645168188116,13.94645168188116,13.94645168188116,13.94645168188116,13.94645168188116,9.0,4.724748992919929,95.87999725341797,86.39059967041014,87.27599945068357,88.16139923095702,,,,,,,,,,0.0,0.0,0.0
2020-03-12,83.12000274658203,85.7699966430664,76.7699966430664,76.81999969482422,76.81999969482422,3090300,-13.94645168188116,7.478466808262622,6.3916733112305595,4.5110676526080145,3.161193164788602,89.27999877929688,94.5400001525879,101.2229995727539,107.9766663869222,104.04969985961914,87.80890658542171,92.11941625124014,99.51970721435349,102.17590513097102,100.0117697155048,93.25571825044692,98.54110435031147,-5.285386099864553,-3.858251930483905,-9.086179881101815,-9.086179881101815,-9.086179881101815,9.086179881101815,9.086179881101815,-9.086179881101815,-9.086179881101815,-9.086179881101815,-9.086179881101815,8.290000915527344,5.002249145507816,85.7699966430664,85.48554946899412,86.43049926757811,87.37544906616209,1.0,1.0,1.0,83.12000274658203,83.12000274658203,83.12000274658203,76.81999969482422,76.81999969482422,76.81999969482422,-7.579406693435022,-7.579406693435022,-7.579406693435022
2020-03-13,82.4000015258789,85.66000366210938,77.37000274658203,83.80000305175781,83.80000305175781,2306200,9.086179881101815,9.669660402675353,6.859524096676494,5.116699567521558,3.3908404005387363,87.16799926757812,92.8620002746582,100.2899996439616,107.45666643778483,104.11179992675781,86.47260540753375,90.60679566951607,98.50553275225055,101.57341653820993,99.69074463305436,91.80099283526398,97.44917092078899,-5.648178085525004,-4.216237161492125,15.632464948031807,15.632464948031807,15.632464948031807,-15.632464948031807,-15.632464948031807,15.632464948031807,15.632464948031807,15.632464948031807,15.632464948031807,7.4900054931640625,5.12049942016602,85.66000366210938,74.76504852294921,75.76549835205077,76.76594818115234,,,,,,,,,,0.0,0.0,0.0
2020-03-16,72.9000015258789,78.19000244140625,70.69999694824219,70.69999694824219,70.69999694824219,2589000,-15.632464948031807,11.505241634848872,8.127417018330235,6.0484842619932895,3.915479758961837,83.31799926757813,89.8879997253418,99.11799952189128,106.72916641235352,104.03129989624023,81.21506925443657,86.98737772019354,96.71162721650808,100.56117327296508,99.11667042147393,88.55468577572216,95.46775062652625,-6.913064850804091,-4.755602699354519,-12.984442293393936,-12.984442293393936,-12.984442293393936,12.984442293393936,12.984442293393936,-12.984442293393936,-12.984442293393936,-12.984442293393936,-12.984442293393936,9.949996948242188,5.5004993438720735,78.19000244140625,74.39490493774413,75.41900482177734,76.44310470581054,1.0,1.0,1.0,72.9000015258789,72.9000015258789,72.9000015258789,70.69999694824219,70.69999694824219,70.69999694824219,-3.0178388636325817,-3.0178388636325817,-3.0178388636325817
2020-03-17,72.37999725341797,80.77999877929688,70.83000183105469,79.87999725341797,79.87999725341797,2899400,12.984442293393936,13.200561137695765,9.607114325131988,6.8883917324326,4.293240832634151,80.09399871826172,88.0459991455078,98.19533284505208,106.1389996846517,104.04679985046387,80.77004525409704,85.69512672623434,95.62571560598614,99.88310192806189,98.7357462003243,87.22011831075228,94.31310222851823,-7.092983917765949,-5.223078943036805,8.58788288210417,8.58788288210417,8.58788288210417,-8.58788288210417,-8.58788288210417,8.58788288210417,8.58788288210417,8.58788288210417,8.58788288210417,7.819999694824219,5.75249938964844,80.77999877929688,66.08890388488769,67.1890037536621,68.28910362243651,,,,,,,,,,0.0,0.0,0.0
2020-03-18,73.47000122070312,78.11000061035156,70.29000091552734,73.0199966430664,73.0199966430664,2306800,-8.58788288210417,13.341347652966471,9.600012770129313,7.070344086097319,4.406895759307068,76.84399871826172,85.10999908447266,97.03299942016602,105.40133298238119,103.99019981384278,78.18669571708683,83.39055762020381,94.16728212450745,99.00234437773416,98.22652343681425,85.03548420803138,92.7358351481144,-7.700350940083027,-5.718533342446049,-1.1366774434568536,-1.1366774434568536,-1.1366774434568536,1.1366774434568536,1.1366774434568536,-1.1366774434568536,-1.1366774434568536,-1.1366774434568536,-1.1366774434568536,5.589996337890625,5.807999038696291,78.11000061035156,68.1245001220703,69.27499999999999,70.42549987792968,,,1.0,,,70.42549987792968,,,73.0199966430664,0.0,0.0,3.6840303152037723
2020-03-19,72.26000213623047,75.58999633789062,70.0,73.8499984741211,73.8499984741211,1762700,1.1366774434568536,11.941177512339596,9.648328995538035,7.089963128900106,4.413155875530554,76.2499984741211,82.76499862670899,95.78399937947592,104.68766632080079,103.93459976196289,76.7411299694316,81.65591050273422,92.85648963093413,98.17767729892718,97.74381997220647,83.31464024896825,91.33688428337416,-8.022244034405915,-6.179275480838022,4.062288506412463,4.062288506412463,4.062288506412463,-4.062288506412463,-4.062288506412463,4.062288506412463,4.062288506412463,4.062288506412463,4.062288506412463,7.879997253417969,6.02949905395508,75.58999633789062,65.33240272521972,66.49400253295897,67.65560234069824,,,,,,,,,,0.0,0.0,0.0
2020-03-20,75.37000274658203,78.52999877929688,70.6500015258789,70.8499984741211,70.8499984741211,1744900,-4.062288506412463,10.775039993635176,9.66265209172417,7.102850665290699,4.433205843836155,73.65999755859374,80.41399841308593,94.48666610717774,103.9194995880127,103.85289978027343,74.77741947099477,79.69119922480455,91.43671600791394,97.2816878292614,97.2112690514523,81.39700305283792,89.81933718639246,-8.422334133554543,-6.627887211381326,2.103031610245938,2.103031610245938,2.103031610245938,-2.103031610245938,-2.103031610245938,2.103031610245938,2.103031610245938,2.103031610245938,2.103031610245938,5.3899993896484375,6.090498733520509,78.52999877929688,62.325098419189445,63.53099822998047,64.73689804077148,,,,,,,,,,0.0,0.0,0.0
2020-03-23,71.23999786376953,72.93000030517578,67.54000091552734,69.36000061035156,69.36000061035156,1658000,-2.103031610245938,8.131490233817926,9.6295230317693,7.103847608775468,4.431590359328756,73.39199829101562,78.35499877929688,93.29366607666016,103.10949961344402,103.7432997894287,72.9716131841137,77.81279947672219,90.01241178871638,96.36622267454305,96.65975878529188,79.54515652322462,88.3038307733524,-8.758674250127783,-7.054044619130618,-13.595732730960227,-13.595732730960227,-13.595732730960227,-13.595732730960227,13.595732730960227,-13.595732730960227,-13.595732730960227,-13.595732730960227,-13.595732730960227,7.670005798339844,6.357499313354493,72.93000030517578,65.13090156555175,66.34900131225585,67.56710105895996,,,1.0,,,67.56710105895996,,,69.36000061035156,0.0,0.0,2.6535096567589767
2020-03-24,73.41000366210938,79.01000213623047,71.33999633789062,78.79000091552734,78.79000091552734,2202300,13.595732730960227,8.378731405971017,10.534866929127757,7.8526503057148105,4.804618083458988,73.1739990234375,76.63399887084961,92.40833282470703,102.46266632080078,103.73269981384277,74.9110757612516,77.99047246559584,89.2883852807687,95.78995310867367,96.30590219381139,79.42897873742504,87.59910263573573,-8.170123898310692,-7.277260474966633,1.332660286276105,1.332660286276105,1.332660286276105,1.332660286276105,-1.332660286276105,1.332660286276105,1.332660286276105,1.332660286276105,1.332660286276105,6.444999694824219,6.543249130249025,79.01000213623047,58.9435018157959,60.21500167846679,61.48650154113769,,,,,,,,,,0.0,0.0,0.0
2020-03-25,79.02999877929688,82.36499786376953,75.91999816894531,77.73999786376953,77.73999786376953,1673700,-1.332660286276105,7.042185431031089,10.35356865034592,7.853616035361988,4.805667013956102,74.11799926757813,75.48099899291992,91.37999954223633,101.81099967956543,103.71159980773926,75.85404979542425,77.94493162890015,88.54332802805908,95.19815129736533,95.93826052390958,79.16913552609341,86.86879857855305,-7.699663052459641,-7.361740990465235,-7.396449907390297,-7.396449907390297,-7.396449907390297,-7.396449907390297,7.396449907390297,-7.396449907390297,-7.396449907390297,-7.396449907390297,-7.396449907390297,6.910003662109375,6.683749389648439,82.36499786376953,64.6148540496826,65.92350387573242,67.23215370178222,,,,,,,,,,0.0,0.0,0.0
2020-03-26,79.38999938964844,83.80000305175781,76.88999938964844,83.48999786376953,83.48999786376953,1408100,7.396449907390297,7.5138810582783675,9.529174776627212,8.05964220796679,4.914278033532888,76.0459991455078,76.14799880981445,90.43866602579753,101.26566632588704,103.73789978027344,78.39936581820601,78.95312548978549,88.21730672713718,94.81427741429661,95.69176027321373,79.83388357804358,86.61851704412464,-6.784633466081061,-7.2463194855884,3.3536896562532297,3.3536896562532297,3.3536896562532297,3.3536896562532297,-3.3536896562532297,3.3536896562532297,3.3536896562532297,3.3536896562532297,-3.3536896562532297,5.125,6.4544994354248075,83.80000305175781,67.66074920654296,68.99749908447265,70.33424896240234,,,,,,,,,,0.0,0.0,0.0
2020-03-27,80.45999908447266,83.94000244140625,78.81500244140625,80.69000244140625,80.69000244140625,1650100,-3.3536896562532297,7.3595765450826836,9.198507529452707,7.939675015377801,4.9283309647653315,78.01399993896484,75.8369987487793,89.48933283487956,100.67333297729492,103.57259979248047,79.16291135927275,79.26892129917108,87.7316741925739,94.3511864315789,95.39469576169279,79.96559417240707,86.17936781429366,-6.21377364188659,-7.039810316848039,0.9790567500614588,-0.9790567500614588,-0.9790567500614588,-0.9790567500614588,0.9790567500614588,-0.9790567500614588,-0.9790567500614588,-0.9790567500614588,0.9790567500614588,3.0400009155273438,6.335499572753909,83.94000244140625,69.60010429382324,70.8910041809082,72.18190406799316,,,,,,,,,,0.0,0.0,0.0
2020-03-30,81.29000091552734,82.6500015258789,79.61000061035156,81.4800033569336,81.4800033569336,1267200,0.9790567500614588,6.960239021791536,7.381403312482651,7.948461475826984,4.931867246265858,80.43800048828125,76.91499938964844,88.67133305867513,100.09866638183594,103.3722998046875,79.93527535849304,79.67093621876425,87.32834059027454,93.9291804291315,95.11915729823221,80.19858020079576,85.83126674337811,-5.6326865425823485,-6.758385561994901,-1.043208233303654,1.043208233303654,1.043208233303654,1.043208233303654,-1.043208233303654,-1.043208233303654,1.043208233303654,1.043208233303654,-1.043208233303654,4.927001953125,6.198349761962892,82.6500015258789,70.00190338134765,71.26900329589843,72.53610321044921,,,,,,,,,,0.0,0.0,0.0
2020-03-31,81.5,85.05699920654297,80.12999725341797,80.62999725341797,80.62999725341797,2335900,-1.043208233303654,4.134528868142313,6.235213857678932,7.942151204604466,4.920180259108845,80.80599975585938,76.98999938964843,87.91799952189128,99.57016639709472,103.1655997467041,80.16684932346803,79.84531095233766,86.89618940725154,93.49314163648516,94.83224323793887,80.26495205504533,85.44598752189957,-5.18103546685424,-6.4429155429667695,-7.50340521945983,7.50340521945983,7.50340521945983,7.50340521945983,-7.50340521945983,-7.50340521945983,7.50340521945983,7.50340521945983,-7.50340521945983,5.566993713378906,6.333699417114258,85.05699920654297,69.01363204956054,70.25330200195312,71.4929719543457,,,,,,,,,,0.0,0.0,0.0
2020-04-01,77.83999633789062,79.19999694824219,73.63300323486328,74.58000183105469,74.58000183105469,1693300,-7.50340521945983,5.518554905119893,6.071457727535628,7.996134066600803,5.004192945230786,80.1740005493164,77.14599990844727,86.92933298746745,98.95249977111817,102.89739974975586,78.30456682599691,78.88798202119528,86.10159666040013,92.87303869204482,94.43120875463423,79.39034432827754,84.64109969294809,-5.250755364670553,-6.204483507307526,2.7889538481998084,-2.7889538481998084,-2.7889538481998084,-2.7889538481998084,2.7889538481998084,-2.7889538481998084,-2.7889538481998084,-2.7889538481998084,2.7889538481998084,3.6399993896484375,6.30669937133789,79.19999694824219,71.1228604888916,72.38960037231445,73.6563402557373,,,1.0,,,73.6563402557373,,,74.58000183105469,0.0,0.0,1.2540150272337698
2020-04-02,73.9800033569336,76.97000122070312,73.33000183105469,76.66000366210938,76.66000366210938,1822000,2.7889538481998084,4.004578223953212,6.116923234759604,7.995427913533557,5.022655335101741,78.80800170898438,77.4270004272461,86.09933319091797,98.37633310953775,102.65089981079102,77.75637910470107,78.48289504681603,85.49246162825234,92.34146377303054,94.0793037032971,78.97029191809781,84.04990739436745,-5.0796154762696375,-5.979509901099949,-4.200366640857167,4.200366640857167,4.200366640857167,4.200366640857167,-4.200366640857167,4.200366640857167,4.200366640857167,4.200366640857167,-4.200366640857167,3.7099990844726562,6.312699508666992,76.97000122070312,65.32525833129883,66.5865982055664,67.84793807983398,,,,,,,,,,0.0,0.0,0.0
2020-04-03,76.27999877929688,76.63999938964844,72.93000030517578,73.44000244140625,73.44000244140625,1530600,-4.200366640857167,4.112325688420903,6.1286014961636965,8.016371861712967,5.038067770740604,77.35800170898438,77.68600082397461,85.27433319091797,97.71833318074545,102.34489982604981,76.3175868836028,77.56600548219606,84.71488361619777,91.72174372937073,93.67060466840817,78.11947815245296,83.26398850896291,-5.144510356509954,-5.812509992181949,-12.486380533908005,-12.486380533908005,-12.486380533908005,-12.486380533908005,12.486380533908005,-12.486380533908005,-12.486380533908005,-12.486380533908005,12.486380533908005,7.55999755859375,6.446199417114258,76.63999938964844,63.082062301635744,64.34460220336913,65.60714210510254,,,,,,,,,,0.0,0.0,0.0
2020-04-06,77.05000305175781,82.97000122070312,75.41000366210938,82.61000061035156,82.61000061035156,3415600,12.486380533908005,7.704574948470523,7.094576508333841,8.499261207786633,5.31302077171183,77.58400115966796,79.01100082397461,84.81666666666666,97.22916653951009,102.14809982299805,78.4150581258524,78.48309550549706,84.57908471259479,91.42299805333731,93.4515828058724,78.81032776136044,83.21554496091763,-4.405217199557185,-5.531051433656997,0.919988053038745,0.919988053038745,0.919988053038745,0.919988053038745,-0.919988053038745,0.919988053038745,0.919988053038745,0.919988053038745,-0.919988053038745,4.7899932861328125,6.400699234008789,82.97000122070312,62.45836067199707,63.74760055541992,65.03684043884277,,,,,,,,,,0.0,0.0,0.0
2020-04-07,86.04000091552734,86.2699966430664,81.4800033569336,81.8499984741211,81.8499984741211,1750700,-0.919988053038745,7.698576829438258,5.82570605931863,8.347630736915228,5.30892750232318,77.8280014038086,79.31700057983399,84.325,96.70299987792968,101.94079978942871,79.56003824194197,79.09525968161051,84.40301463269326,91.10912921467448,93.22184846266941,79.27796940947746,83.11439336930306,-3.836423959825595,-5.192125938890717,-6.316430379140368,-6.316430379140368,-6.316430379140368,-6.316430379140368,6.316430379140368,6.316430379140368,-6.316430379140368,-6.316430379140368,6.316430379140368,6.519996643066406,6.365699386596679,86.2699966430664,68.88846290588378,70.16860275268554,71.4487425994873,,,,,,,,,,0.0,0.0,0.0
2020-04-08,82.58999633789062,88.08999633789062,81.56999969482422,87.0199966430664,87.0199966430664,1911900,6.316430379140368,6.477137545888955,6.051775346783855,8.329287417174568,5.370590718857947,80.31600036621094,80.24500045776367,84.02133331298828,96.22433319091797,101.77209976196289,82.04669104231678,80.53612094732976,84.57185218174959,90.97505929429389,93.09903951574657,80.4690505223373,83.40369731550774,-2.934646793170444,-4.740630109746663,-4.493215563719956,4.493215563719956,4.493215563719956,4.493215563719956,-4.493215563719956,-4.493215563719956,4.493215563719956,4.493215563719956,-4.493215563719956,6.540000915527344,6.242699432373047,88.08999633789062,72.2654579925537,73.53859786987304,74.81173774719238,,,,,,,,,,0.0,0.0,0.0
2020-04-09,88.26000213623047,88.55999755859375,82.0199966430664,83.11000061035156,83.11000061035156,2357000,-4.493215563719956,7.375584838587519,5.885454244477881,7.730729237352709,5.396921027515588,81.60599975585937,80.20700073242188,83.63166656494141,95.67766647338867,101.56619979858398,82.40112756499505,81.00409906787918,84.47753917714327,90.71718851777119,92.90123676514469,80.87535053587796,83.38194200401469,-2.506591468136733,-4.293822381424677,1.9492272105461346,-1.9492272105461346,-1.9492272105461346,-1.9492272105461346,1.9492272105461346,1.9492272105461346,-1.9492272105461346,-1.9492272105461346,1.9492272105461346,3.5900039672851562,6.007699584960937,88.55999755859375,74.35605758666992,75.60459747314454,76.85313735961914,,,,,,,,,,0.0,0.0,0.0
2020-04-13,82.87999725341797,85.26000213623047,81.66999816894531,84.7300033569336,84.7300033569336,1333700,1.9492272105461346,6.587599593262091,5.777026561438479,7.482876638459298,5.39495840164077,83.86399993896484,80.6110008239746,83.1033332824707,95.21483319600424,101.37599983215333,83.17741949564123,81.68153621134361,84.49382718874264,90.52088736495685,92.73943016300188,81.46837404680959,83.4817984005272,-2.0134243537176104,-3.837742775883264,6.019117516892854,-6.019117516892854,-6.019117516892854,-6.019117516892854,6.019117516892854,6.019117516892854,-6.019117516892854,-6.019117516892854,6.019117516892854,4.549995422363281,5.860699081420899,85.26000213623047,75.34305847167968,76.54459838867187,77.74613830566406,,,,,,,,,,0.0,0.0,0.0
2020-04-14,87.0199966430664,90.0999984741211,85.55000305175781,89.83000183105469,89.83000183105469,2415200,6.019117516892854,4.615760043454836,6.02482368674935,6.563183500202686,5.453840619226664,85.30800018310546,81.44600067138671,82.74966659545899,94.81533317565918,101.24179985046386,85.39494694077905,83.16307541492745,84.83809652050472,90.49823538023874,92.6818177207851,82.75477832130883,83.95203569167738,-1.197257370368547,-3.3096456947803206,-5.866641617543717,5.866641617543717,5.866641617543717,5.866641617543717,-5.866641617543717,-5.866641617543717,5.866641617543717,5.866641617543717,-5.866641617543717,3.7199935913085938,5.549198913574219,90.0999984741211,72.36646415710449,73.53860397338867,74.71074378967285,,,,,,,,,,0.0,0.0,0.0
2020-04-15,87.4800033569336,87.62999725341797,83.91000366210938,84.55999755859375,84.55999755859375,1761400,-5.866641617543717,5.732626556860422,6.400403720882485,6.153168588415825,5.499774343565564,85.85,81.8390007019043,82.29166641235352,94.31233317057291,101.0589998626709,85.11663048005062,83.41706125923041,84.82015465199434,90.30353905821758,92.52098959876152,83.0325043578142,83.99706990404155,-0.9645655462273481,-2.8406296650697263,2.672661070814786,-2.672661070814786,-2.672661070814786,-2.672661070814786,2.672661070814786,2.672661070814786,-2.672661070814786,-2.672661070814786,2.672661070814786,2.6100006103515625,5.288698959350586,87.62999725341797,77.8917608642578,79.00160064697266,80.1114404296875,,,,,,,,,,0.0,0.0,0.0
2020-04-16,85.73999786376953,87.25,84.63999938964844,86.81999969482422,86.81999969482422,1634200,2.672661070814786,5.043883440904756,5.7328366102489765,5.785908589598777,5.513402596686829,85.81000061035157,83.06300048828125,81.77299982706705,93.84483311971029,100.90829986572265,85.68442021830849,84.03577733842928,84.94917691282208,90.18932465286042,92.40809870957463,83.61519594812344,84.2061758144699,-0.5909798663464585,-2.390699705325073,-0.6334981037676748,-0.6334981037676748,0.6334981037676748,0.6334981037676748,-0.6334981037676748,-0.6334981037676748,0.6334981037676748,0.6334981037676748,-0.6334981037676748,4.489997863769531,5.233699035644531,87.25,75.99485954284668,77.0525993347168,78.11033912658692,,,,,,,,,,0.0,0.0,0.0
2020-04-17,89.1500015258789,89.45999908447266,84.97000122070312,86.2699966430664,86.2699966430664,1334400,-0.6334981037676748,4.431755547824346,5.76105164373437,5.797607497894167,5.509593911861441,86.44199981689454,84.02399978637695,81.40533294677735,93.34383303324381,100.76199981689453,85.87961235989447,84.44199903018148,85.03439108896688,90.06082209516225,92.2865521340002,84.02362682426852,84.35905143140297,-0.3354246071344562,-1.9796446856869498,-1.7387273193090544,-1.7387273193090544,1.7387273193090544,1.7387273193090544,-1.7387273193090544,-1.7387273193090544,1.7387273193090544,1.7387273193090544,-1.7387273193090544,2.0999984741210938,4.944699096679687,89.45999908447266,75.73586212158203,76.78260192871093,77.82934173583985,,,,,,,,,,0.0,0.0,0.0
2020-04-20,85.0,86.13999938964844,84.04000091552734,84.7699966430664,84.7699966430664,1683900,-1.7387273193090544,4.504826398286706,5.546959000266599,5.714895748233541,5.50358419193656,86.44999847412109,85.15699920654296,81.08566614786784,92.77866630554199,100.59249977111817,85.50974045428512,84.50163495979692,85.01733338277975,89.88735240820829,92.13770945101142,84.13845295023742,84.38949181745213,-0.25103886721470303,-1.6339235219925006,-4.234984640859086,-4.234984640859086,4.234984640859086,4.234984640859086,-4.234984640859086,-4.234984640859086,4.234984640859086,4.234984640859086,-4.234984640859086,3.8600006103515625,4.868199157714844,86.13999938964844,78.58166107177735,79.57060089111329,80.55954071044923,,,,,,,,,,0.0,0.0,0.0
2020-04-21,84.66000366210938,84.66000366210938,80.80000305175781,81.18000030517578,81.18000030517578,1747400,-4.234984640859086,3.3055831950477925,4.266089656278773,5.796124608480407,5.500886598195365,84.71999816894531,85.0139991760254,80.79333292643229,92.24183298746745,100.36119979858398,84.06649373791535,83.89770138622943,84.7697635068053,89.6018654540105,91.92072511148993,83.6833063894587,84.15175170543165,-0.4684453159729429,-1.4008278807885892,-6.651886555283271,6.651886555283271,-6.651886555283271,-6.651886555283271,6.651886555283271,6.651886555283271,-6.651886555283271,-6.651886555283271,6.651886555283271,4.620002746582031,4.715699005126953,84.66000366210938,75.42996124267577,76.40360107421876,77.37724090576172,,,,,,,,,,0.0,0.0,0.0
2020-04-22,84.0,86.94000244140625,82.31999969482422,86.58000183105469,86.58000183105469,1565500,6.651886555283271,4.221182142041518,4.747764019926688,5.172861591168032,5.564451918060429,85.1239990234375,85.48699951171875,80.47933298746744,91.85183296203613,100.18589981079101,84.9043297689618,84.38539237619766,84.88655307611171,89.50278795817587,91.81496821484764,84.12895184201193,84.33162208510743,-0.20267024309549697,-1.161196353249971,0.7276563519158169,-0.7276563519158169,0.7276563519158169,0.7276563519158169,-0.7276563519158169,-0.7276563519158169,0.7276563519158169,0.7276563519158169,-0.7276563519158169,1.9949951171875,4.4931987762451175,86.94000244140625,74.28546585083008,75.22860565185547,76.17174545288086,,,,,,,,,,0.0,0.0,0.0
2020-04-23,86.58000183105469,87.5199966430664,85.5250015258789,85.94999694824219,85.94999694824219,957000,-0.7276563519158169,4.063353715207262,4.3191996261320265,5.162742444074178,5.54570996074931,84.94999847412109,85.37999954223633,80.36866633097331,91.39166628519693,99.99509979248047,85.2528854953886,84.6698659347512,84.95516235818465,89.38630300703049,91.69883016996437,84.40911262758581,84.45150170459888,-0.04238907701306971,-0.9374348980025907,-4.584063503549466,4.584063503549466,-4.584063503549466,-4.584063503549466,4.584063503549466,4.584063503549466,-4.584063503549466,-4.584063503549466,4.584063503549466,4.340003967285156,4.364698791503907,87.5199966430664,77.054965133667,77.95360488891602,78.85224464416504,,,,,,,,,,0.0,0.0,0.0
2020-04-24,86.61000061035156,89.97000122070312,85.62999725341797,89.88999938964844,89.88999938964844,1303200,4.584063503549466,4.545230961982311,4.2323335845291865,5.004540306872637,5.580988246519487,85.6739990234375,86.05799942016601,80.80433298746745,91.01366628011068,99.85189979553223,86.79859012680855,85.61898110836887,85.27353894085974,89.40281764252616,91.66301173867097,85.25232597559545,84.85435338497292,0.39797259062252976,-0.6703534002775666,-1.546333740223061,1.546333740223061,-1.546333740223061,-1.546333740223061,1.546333740223061,1.546333740223061,1.546333740223061,-1.546333740223061,1.546333740223061,2.0900039672851562,4.212948989868164,89.97000122070312,77.91765930175781,78.7905990600586,79.66353881835937,,,,,,,,,,0.0,0.0,0.0
2020-04-27,90.93000030517578,92.34500122070312,90.25499725341797,91.27999877929688,91.27999877929688,1691300,1.546333740223061,4.297894744416052,4.222799405813343,4.925965336575149,5.585263277680781,86.97599945068359,86.71299896240234,81.05366617838541,90.6718329111735,99.73499977111817,88.29239301097132,86.64825704853759,85.66105247882344,89.46436456504323,91.65542732363386,86.17966025308797,85.3303271178858,0.8493331352021727,-0.36641609318161883,2.0376869360491567,2.0376869360491567,-2.0376869360491567,-2.0376869360491567,2.0376869360491567,2.0376869360491567,2.0376869360491567,-2.0376869360491567,2.0376869360491567,3.0999984741210938,4.215948867797851,92.34500122070312,80.70151344299316,81.54410324096679,82.38669303894042,,,,,,,,,,0.0,0.0,0.0
2020-04-28,92.69000244140625,95.44200134277344,92.34200286865234,93.13999938964844,93.13999938964844,1807500,2.0376869360491567,2.855493296524514,3.850149304358169,4.9344444810688355,5.5514916262244824,89.36799926757813,87.04399871826172,81.80166625976562,90.45983289082845,99.64499977111817,89.9082618038637,87.82857383783048,86.14356518274764,89.58487718224339,91.68482479028762,87.25048165871267,85.90882136023859,1.341660298474082,-0.024800814850478692,6.710328581658359,6.710328581658359,-6.710328581658359,-6.710328581658359,6.710328581658359,6.710328581658359,6.710328581658359,-6.710328581658359,6.710328581658359,4.603004455566406,4.199748992919922,95.44200134277344,83.06991371154785,83.91310348510743,84.75629325866699,,,,,,,,,,0.0,0.0,0.0
2020-04-29,96.27999877929688,99.66000366210938,95.05699920654297,99.38999938964844,99.38999938964844,1473900,6.710328581658359,2.8751594015728834,3.61189374300742,5.085554107165377,5.616205325634569,91.92999877929688,88.5269989013672,82.45199966430664,90.32366625467937,99.59859977722168,93.06884099912529,89.93065121088829,86.99817384125737,89.90635659887963,91.83740250512645,89.11809977116432,86.90742714019487,2.210672630969455,0.42229387431350807,-1.3683475386892978,-1.3683475386892978,1.3683475386892978,1.3683475386892978,-1.3683475386892978,-1.3683475386892978,-1.3683475386892978,1.3683475386892978,-1.3683475386892978,2.8600006103515625,4.064399337768554,99.66000366210938,86.2025535583496,87.0425033569336,87.88245315551758,,,,,,,,,,0.0,0.0,0.0
2020-04-30,98.18000030517578,99.5,96.63999938964844,98.02999877929688,98.02999877929688,2463000,-1.3683475386892978,3.0803192401810398,3.713954062707278,4.705541528529122,5.618938398578104,94.34599914550782,89.64799880981445,83.285666402181,90.15933291117351,99.52089973449706,94.72256025918249,91.40325985968984,87.70990448242122,90.17270552282773,91.9600281739219,90.48916115703086,87.7313213356839,2.7578398213469626,0.8894030637201991,-4.978065198597742,-4.978065198597742,4.978065198597742,4.978065198597742,-4.978065198597742,-4.978065198597742,-4.978065198597742,4.978065198597742,-4.978065198597742,3.9350051879882812,4.079149627685547,99.5,90.71832511901856,91.53120498657226,92.34408485412598,,,,,,,,,,0.0,0.0,0.0
2020-05-01,95.4800033569336,96.66000366210938,92.7249984741211,93.1500015258789,93.1500015258789,2200100,-4.978065198597742,4.3332462805972485,4.18700378905995,4.907895929486234,5.639262748309485,94.99799957275391,90.3359992980957,83.92899983723959,89.85649960835775,99.38619972229004,94.19837401474797,91.72084925354238,88.06087848522495,90.27032178522285,91.98359200267352,90.89852121377672,88.13270505347613,2.765816160300588,1.264685683036277,1.0627996216344562,1.0627996216344562,-1.0627996216344562,-1.0627996216344562,1.0627996216344562,1.0627996216344562,1.0627996216344562,-1.0627996216344562,1.0627996216344562,2.6500015258789062,4.026149749755859,96.66000366210938,90.5258708190918,91.34170074462891,92.15753067016601,,,,,,,,,,0.0,0.0,0.0
2020-05-04,93.0,94.4000015258789,91.75,94.13999938964844,94.13999938964844,1414100,1.0627996216344562,4.31750252073948,4.087212047628878,4.747755572799674,5.638928316359008,95.56999969482422,91.2729995727539,84.7053332010905,89.59599965413412,99.24319969177246,94.17891580638147,92.16069473283439,88.45307983389743,90.39719646077778,92.02629313904926,91.39721016391083,88.57768981911852,2.819520344792309,1.5756526153874835,3.792224047132056,3.792224047132056,-3.792224047132056,-3.792224047132056,3.792224047132056,3.792224047132056,3.792224047132056,-3.792224047132056,3.792224047132056,3.25,3.810649871826172,94.4000015258789,87.80247421264649,88.60770416259766,89.41293411254883,,,,,,,,,,0.0,0.0,0.0
2020-05-05,96.2699966430664,99.48999786376953,96.23999786376953,97.70999908447266,97.70999908447266,1886700,3.792224047132056,4.520648684452897,3.6853177782084647,4.01650830134672,5.634695362948879,96.48399963378907,92.92599945068359,85.65033315022787,89.47199961344401,99.12169967651367,95.3559435657452,93.16965916040498,89.05030043070875,90.63696048122678,92.13884177163189,92.36840845938188,89.25415717210771,3.114251287274172,1.8833723497648214,0.6038317191826842,0.6038317191826842,-0.6038317191826842,-0.6038317191826842,0.6038317191826842,0.6038317191826842,0.6038317191826842,-0.6038317191826842,0.6038317191826842,4.095001220703125,3.7759002685546874,99.48999786376953,86.01657180786133,86.77870178222656,87.5408317565918,,,,,,,,,,0.0,0.0,0.0
2020-05-06,99.19100189208984,101.6050033569336,97.51000213623047,98.30000305175781,98.30000305175781,2158700,0.6038317191826842,3.2546534186814116,3.300712547850986,3.9941769674690057,5.635142302136259,96.26600036621093,94.0979995727539,86.30066655476888,89.35449968973795,98.96629974365234,96.33729672774942,94.10244895883275,89.64705543851836,90.88820777862124,92.26084496529775,93.28096147359356,89.92421982985957,3.356741643733997,2.1780462085586567,2.563577380297273,2.563577380297273,-2.563577380297273,-2.563577380297273,2.563577380297273,2.563577380297273,2.563577380297273,-2.563577380297273,2.563577380297273,3.988006591796889,3.6493007659912116,101.6050033569336,91.18301727294921,91.93819732666016,92.69337738037109,,,,,,,,,,0.0,0.0,0.0
2020-05-07,101.1399993896484,103.2580032348633,99.2699966430664,100.8199996948242,100.8199996948242,2844700,2.563577380297273,3.3680315590460297,3.236615096625491,3.8151788862640506,5.630856590933176,96.82400054931641,95.5849998474121,87.06999994913737,89.22499974568684,98.82099975585938,97.83153105010769,95.3238218199221,90.36789055182842,91.21384030046396,92.43033317776361,94.44081350762904,90.73131463467176,3.7094988729572833,2.484336741438382,2.1622697002326117,2.1622697002326117,-2.1622697002326117,-2.1622697002326117,2.1622697002326117,2.1622697002326117,2.1622697002326117,-2.1622697002326117,2.1622697002326117,7.7470016479492045,3.7096508026123045,103.2580032348633,93.57654167175292,94.30640182495117,95.03626197814941,,,,,,,,,,0.0,0.0,0.0
2020-05-08,107.9199981689453,108.7799987792969,101.0329971313477,103.0,103.0,2888600,2.1622697002326117,1.2626188430709375,3.079946674025359,3.6134071874279616,5.625364777304389,98.79400024414062,96.89599990844727,87.72033335367838,89.07949968973796,98.71689971923828,99.55435403340513,96.71949057993626,91.18286535493627,91.60027176602252,92.6396335108772,95.75761142953226,91.6401061432146,4.117505286317666,2.810970450414239,-1.0679596836127123,-1.0679596836127123,1.0679596836127123,1.0679596836127123,1.0679596836127123,-1.0679596836127123,-1.0679596836127123,1.0679596836127123,-1.0679596836127123,3.629997253417997,3.7116504669189467,108.7799987792969,95.09677146911622,95.83870162963869,96.58063179016115,,,,,,,,,,0.0,0.0,0.0
2020-05-11,101.7399978637695,104.1999969482422,100.5699996948242,101.9000015258789,101.9000015258789,1950600,-1.0679596836127123,1.881505580682778,3.176824996172879,3.640741862891375,5.619057385737203,100.34600067138672,97.95800018310547,88.42733332316081,88.95833307902018,98.58589973449708,100.3362365308964,97.66140166101673,91.87429349499709,91.93796782372272,92.82300713493663,96.7025945212779,92.40009839378232,4.302496127495587,3.109275585830509,-1.2070690270021553,-1.2070690270021553,1.2070690270021553,1.2070690270021553,1.2070690270021553,-1.2070690270021553,-1.2070690270021553,1.2070690270021553,-1.2070690270021553,4.729995727539091,3.7206504821777373,104.1999969482422,100.61436775207522,101.35669784545901,102.0990279388428,1.0,1.0,1.0,100.61436775207522,101.35669784545901,101.7399978637695,101.9000015258789,101.9000015258789,101.9000015258789,1.2777834841358078,0.5360313545813069,0.15726721591212273
2020-05-12,102.75,105.379997253418,100.6500015258789,100.6699981689453,100.6699981689453,1707600,-1.2070690270021553,1.756653642213808,3.2413440466519816,3.4698904104929236,5.608410201276927,100.93800048828125,98.71100006103515,89.06699981689454,88.86916643778483,98.44909973144532,100.44749041024603,98.20841920791283,92.44175831267118,92.22426390061526,92.97839309600612,97.31296431322673,93.0126835623129,4.300280750913828,3.3474766188471725,-3.3177673573465247,-3.3177673573465247,-3.3177673573465247,3.3177673573465247,3.3177673573465247,-3.3177673573465247,-3.3177673573465247,-3.3177673573465247,-3.3177673573465247,5.280006408691378,3.7986511230468762,105.379997253418,96.01456588745118,96.75869598388672,97.50282608032228,,,,,,,,,,0.0,0.0,0.0
2020-05-13,100.9499969482422,101.120002746582,95.83999633789062,97.33000183105469,97.33000183105469,1972900,-3.3177673573465247,2.4850630218969494,2.729942426429841,3.25920010104255,5.614706408180533,100.74400024414062,98.50500030517578,89.62366663614908,88.77083307902018,98.26949974060058,99.4083275505156,98.04870695757498,92.75712886224431,92.39166514423621,93.06456356600708,97.31558546981564,93.33248491555304,3.983100554262606,3.4746014059302595,1.5205956022769191,1.5205956022769191,1.5205956022769191,-1.5205956022769191,-1.5205956022769191,1.5205956022769191,1.5205956022769191,1.5205956022769191,1.5205956022769191,5.236000061035156,3.929951095581056,101.120002746582,97.02296478271487,97.78269500732425,98.54242523193362,1.0,1.0,1.0,97.02296478271487,97.78269500732425,98.54242523193362,97.33000183105469,97.33000183105469,97.33000183105469,0.3164581179594322,-0.46295837544225416,-1.2303567707262348
2020-05-14,95.83999633789062,98.86000061035156,93.6240005493164,98.80999755859375,98.80999755859375,1241000,1.5205956022769191,2.2284068241508477,2.7425098283208156,3.2336164857396716,5.616649728901424,100.34199981689453,98.58300018310547,90.43133316040038,88.68033307393392,98.08479972839355,99.20888421987499,98.18712343048747,93.1476365200733,92.6021022725758,93.17833453615731,97.54549502193535,93.73822659281531,3.807268429120043,3.5411348105682166,-4.149376151628602,-4.149376151628602,-4.149376151628602,4.149376151628602,4.149376151628602,-4.149376151628602,-4.149376151628602,-4.149376151628602,-4.149376151628602,3.1399993896484375,3.8624511718750014,98.86000061035156,92.47411033630368,93.2601005554199,94.0460907745361,,,1.0,,,94.0460907745361,,,98.80999755859375,0.0,0.0,5.0655021860276275
2020-05-15,94.02999877929688,96.44999694824219,93.30999755859375,94.70999908447266,94.70999908447266,1676600,-4.149376151628602,2.2144865532298064,2.5792276864652646,3.4010514594593384,5.632885048450091,98.68399963378906,98.73899993896484,91.03299967447917,88.56616643269857,97.86519973754883,97.70925584140755,97.55491900393932,93.24843410487327,92.67121364345768,93.20866452721305,97.10926487771032,93.81020974034547,3.299055137364846,3.4927188759275425,-4.571852890836501,4.571852890836501,4.571852890836501,-4.571852890836501,4.571852890836501,4.571852890836501,4.571852890836501,4.571852890836501,-4.571852890836501,2.81500244140625,3.898201370239259,96.44999694824219,90.36260803222656,91.13509826660156,91.90758850097656,,,,,,,,,,0.0,0.0,0.0
2020-05-18,97.70800018310547,99.55500030517578,96.73999786376953,99.04000091552734,99.04000091552734,1428200,4.571852890836501,3.5903644330219215,2.9256518138998016,3.4722323859392645,5.645237295866955,98.11199951171875,99.22900009155273,91.88633295694987,88.58033307393391,97.68619972229004,98.15283753278082,97.82493389695532,93.62208357652838,92.88002634090259,93.32413653490244,97.40630119122062,94.19760167924784,3.2086995119727817,3.4359150031365906,0.7168811368229133,-0.7168811368229133,-0.7168811368229133,0.7168811368229133,0.7168811368229133,-0.7168811368229133,-0.7168811368229133,-0.7168811368229133,0.7168811368229133,2.8600006103515767,3.84820137023926,99.55500030517578,87.87395393371582,88.65359420776367,89.43323448181152,,,,,,,,,,0.0,0.0,0.0
2020-05-19,98.73999786376953,101.0800018310547,98.22000122070312,98.33000183105469,98.33000183105469,1238700,-0.7168811368229133,3.5734413710780615,2.7094408086069484,3.2858269405976244,5.640041571397739,97.64400024414063,99.29100036621094,92.41033299763997,88.61349983215332,97.48989974975586,98.21189229887213,97.91676443042792,93.92582023811073,93.05871406189118,93.42326258037079,97.54840898196433,94.50370539419649,3.0447035877678417,3.3576727200628413,-5.084918038129141,5.084918038129141,5.084918038129141,-5.084918038129141,-5.084918038129141,5.084918038129141,5.084918038129141,5.084918038129141,-5.084918038129141,3.6300048828125,3.798701477050783,101.0800018310547,91.0889572906494,91.85859756469726,92.62823783874511,,,,,,,,,,0.0,0.0,0.0
2020-05-20,100.0999984741211,103.4000015258789,99.7699966430664,103.3300018310547,103.3300018310547,1720900,5.084918038129141,3.8352204086842674,3.1391836734270453,3.160608415138714,5.675326311804449,98.84400024414063,99.79400024414062,93.12633310953775,88.72566655476888,97.3471997833252,99.91792880959966,98.90098941236006,94.5325416312039,93.39547759530637,93.61943563483977,98.4378848049013,95.15750513026006,3.280379674641239,3.342214110978521,4.219491467231569,-4.219491467231569,-4.219491467231569,4.219491467231569,4.219491467231569,-4.219491467231569,-4.219491467231569,-4.219491467231569,4.219491467231569,5.669998168945284,3.9824516296386725,103.4000015258789,92.72285858154298,93.48259887695313,94.24233917236329,,,,,,,,,,0.0,0.0,0.0
2020-05-21,103.120002746582,104.4700012207031,98.80000305175781,98.97000122070312,98.97000122070312,1607300,-4.219491467231569,4.533992895328074,3.378149837865751,3.34818682897173,5.704164107393989,98.8760009765625,99.60900039672852,93.52466659545898,88.77299995422364,97.16849983215332,99.60195294663416,98.91353701387698,94.81882934665546,93.57824886171282,93.72538742861924,98.51974886887082,95.43991224807066,3.0798366208001653,3.2897386129428496,-2.596746148454698,2.596746148454698,2.596746148454698,-2.596746148454698,-2.596746148454698,2.596746148454698,2.596746148454698,2.596746148454698,-2.596746148454698,3.519996643066378,3.9414512634277337,104.4700012207031,94.63860794067382,95.43509826660156,96.23158859252929,,,,,,,,,,0.0,0.0,0.0
2020-05-22,99.75,101.5899963378906,98.06999969482422,101.5400009155273,101.5400009155273,1122500,2.596746148454698,3.9086835068538845,3.4135712013168824,3.2569967936634736,5.708470393772368,100.24200134277342,99.46300048828125,94.13899993896484,88.88533325195313,97.02179985046386,100.24796893626521,99.39107590508611,95.25245331884075,93.83928991265756,93.88013225014217,98.9844030298949,95.89177066788226,3.092632362012651,3.25031736275681,1.6446702323104123,1.6446702323104123,1.6446702323104123,-1.6446702323104123,-1.6446702323104123,1.6446702323104123,1.6446702323104123,1.6446702323104123,-1.6446702323104123,1.9700012207030966,3.9354511260986307,101.5899963378906,95.79880844116208,96.58709869384762,97.37538894653318,,,,,,,,,,0.0,0.0,0.0
2020-05-26,104.5299987792969,104.8899993896484,102.9199981689453,103.2099990844727,103.2099990844727,1428400,1.6446702323104123,3.5273253339561577,3.4349746762354307,3.2584768903389327,5.6602471910226315,101.0760009765625,99.59400024414063,94.75499979654948,88.92916653951009,96.89159980773925,101.23531231900104,100.08542557406548,95.76584336823636,94.14652627894658,94.06488208844574,99.63449473059919,96.43386166170376,3.200633068895428,3.2403805039845337,2.393180159493571,2.393180159493571,2.393180159493571,-2.393180159493571,-2.393180159493571,2.393180159493571,2.393180159493571,2.393180159493571,-2.393180159493571,4.5800018310546875,4.00945129394531,104.8899993896484,92.93200386047361,93.71909408569334,94.50618431091306,,,,,,,,,,0.0,0.0,0.0
2020-05-27,103.8300018310547,105.8499984741211,101.2699966430664,105.6800003051758,105.6800003051758,1401300,2.393180159493571,3.449122075663295,3.4619131343048486,3.267308856589405,5.667102389981428,102.54600067138672,100.09500045776367,95.28333307902018,89.01649983723958,96.78879981994629,102.7168749810593,101.1026209797219,96.40546639642601,94.52467296833115,94.29488442937108,100.56457251130328,97.11876082047947,3.4458116908238168,3.2814667413523906,-4.646104890169003,-4.646104890169003,-4.646104890169003,4.646104890169003,4.646104890169003,-4.646104890169003,-4.646104890169003,-4.646104890169003,-4.646104890169003,5.284996032714801,4.04355087280273,105.8499984741211,96.06920654296871,96.87109680175777,97.67298706054683,,,,,,,,,,0.0,0.0,0.0
2020-05-28,104.8499984741211,105.3949966430664,100.1100006103516,100.7699966430664,100.7699966430664,1333800,-4.646104890169003,3.65958566179393,3.6469575434868835,3.1495872898834407,5.694203650797881,102.03399963378907,100.43899993896484,95.82366638183593,89.05766639709472,96.67309982299804,102.06791553506167,101.04214382760273,96.68704899298346,94.7294376789782,94.42310447320664,100.59617622388222,97.38922273326368,3.2069534906185453,3.2665640912056215,3.9396659253300244,3.9396659253300244,3.9396659253300244,-3.9396659253300244,-3.9396659253300244,3.9396659253300244,3.9396659253300244,3.9396659253300244,-3.9396659253300244,4.18999481201169,4.110050582885736,105.3949966430664,96.95418655395508,97.76289672851563,98.57160690307617,,,,,,,,,,0.0,0.0,0.0
2020-05-29,101.5,105.3399963378906,101.1500015258789,104.7399978637695,104.7399978637695,1774900,3.9396659253300244,3.3635542887774816,3.8057302713647556,3.240236434310214,5.691789388690456,103.18799896240235,101.03199996948243,96.42099965413412,89.09699974060058,96.60409980773926,102.95860964463095,101.7144809250876,97.20659408142127,95.05765276700414,94.62739939183163,101.23368724540335,97.93372459478263,3.2999626506207136,3.27324380308864,-0.15275542865954667,-0.15275542865954667,-0.15275542865954667,0.15275542865954667,0.15275542865954667,-0.15275542865954667,-0.15275542865954667,-0.15275542865954667,-0.15275542865954667,2.3460006713866903,4.030600357055657,105.3399963378906,96.35288536071778,97.17489547729494,97.99690559387209,,,,,,,,,,0.0,0.0,0.0
2020-06-01,104.7399978637695,106.1399993896484,103.7939987182617,104.5800018310547,104.5800018310547,898500,-0.15275542865954667,3.29932088210486,3.4377965948037743,2.990142355190955,5.65161395210031,103.7959991455078,102.01900024414063,97.0313331604004,89.21833305358886,96.53759979248046,103.49907370677221,102.23548472617253,97.68229780720408,95.36986093303858,94.82448062825189,101.74850487396509,98.4260414270991,3.3224634468659957,3.283087731844111,4.87664791052496,4.87664791052496,4.87664791052496,-4.87664791052496,-4.87664791052496,4.87664791052496,4.87664791052496,4.87664791052496,4.87664791052496,5.123001098632912,4.154250335693357,106.1399993896484,96.47267555236814,97.27879562377929,98.08491569519042,,,,,,,,,,0.0,0.0,0.0
2020-06-02,106.0,109.8099975585938,104.6869964599609,109.6800003051758,109.6800003051758,2131300,4.87664791052496,3.821660429929588,3.4736589944944973,3.137643342642961,5.665417697356299,105.08999938964844,103.08300018310547,97.86166661580404,89.47366638183594,96.50519981384278,105.55938257290674,103.58903301326403,98.45634312965387,95.8390458304857,95.11864933472563,102.9687349403052,99.25966801066032,3.7090669296448766,3.3682835714042647,3.017867933428068,3.017867933428068,3.017867933428068,-3.017867933428068,-3.017867933428068,3.017867933428068,3.017867933428068,3.017867933428068,3.017867933428068,4.5,4.216750335693357,109.8099975585938,97.00064865112302,97.83149871826168,98.66234878540035,,,,,,,,,,0.0,0.0,0.0
2020-06-03,110.75,115.1999969482422,110.6999969482422,112.9899978637695,112.9899978637695,2416000,3.017867933428068,3.8768758233673015,3.4597371726427903,3.103546220291091,5.635382288542839,106.55199890136718,104.54899978637695,98.92199986775717,89.85766639709473,96.51549980163574,108.03625433652768,105.29829934971957,99.39399827379037,96.40137212665894,95.47253742440967,104.51046769776124,100.27672948126099,4.233738216500257,3.541374500423463,0.36286721821496026,0.36286721821496026,0.36286721821496026,-0.36286721821496026,-0.36286721821496026,0.36286721821496026,0.36286721821496026,0.36286721821496026,0.36286721821496026,2.0050048828125,4.112250518798826,115.1999969482422,100.53314682006842,101.3764968872071,102.21984695434577,,,,,,,,,,0.0,0.0,0.0
2020-06-04,112.8199996948242,114.2750015258789,112.2699966430664,113.4000015258789,113.4000015258789,1525300,0.36286721821496026,2.210893183918651,3.223194820254752,3.1047128626834004,5.5765251112209695,109.07799987792968,105.55599975585938,99.81599985758463,90.14766642252604,96.51529983520508,109.82417006631142,106.77133610902126,100.29761138682835,96.95870423810878,95.82753671354767,105.87808828670242,101.24882370678824,4.629264579914178,3.758952516321606,2.0017606812362856,2.0017606812362856,2.0017606812362856,-2.0017606812362856,-2.0017606812362856,2.0017606812362856,2.0017606812362856,2.0017606812362856,2.0017606812362856,3.230003356933608,4.074350357055662,114.2750015258789,106.15304580688479,106.97549591064455,107.79794601440432,,,,,,,,,,0.0,0.0,0.0
2020-06-05,116.4499969482422,118.1600036621094,114.9300003051758,115.6699981689453,115.6699981689453,1709900,2.0017606812362856,2.0385937197699966,2.658805254714153,3.0900700163980104,5.493418100270268,111.26399993896484,107.22599945068359,100.80666656494141,90.58766644795736,96.51459983825684,111.77277943385606,108.38927466537109,101.2893782759972,97.57218928502144,96.22045674236743,107.38453596089363,102.31705885213321,5.067477108760414,4.020657434809368,1.6339581737418316,1.6339581737418316,1.6339581737418316,-1.6339581737418316,-1.6339581737418316,1.6339581737418316,1.6339581737418316,1.6339581737418316,1.6339581737418316,3.7099990844725994,3.8725002288818318,118.1600036621094,105.31143074035644,106.12630081176758,106.94117088317871,,,,,,,,,,0.0,0.0,0.0
2020-06-08,116.0800018310547,118.9400024414062,115.2300033569336,117.5599975585938,117.5599975585938,1381600,1.6339581737418316,1.688829833127982,2.636175991441327,3.0794647713310117,5.152683989190196,113.85999908447266,108.82799911499023,101.72899983723958,91.26666641235352,96.53109977722168,113.70185214210198,110.05667882777522,102.33909564906794,98.22752726120413,96.64302190704518,108.94999159130904,103.44616542298215,5.503826168326896,4.317291181512874,-1.726776813078036,-1.726776813078036,-1.726776813078036,1.726776813078036,1.726776813078036,-1.726776813078036,-1.726776813078036,-1.726776813078036,-1.726776813078036,2.6999969482422017,3.826000213623042,118.9400024414062,109.64050315856937,110.41500320434574,111.1895032501221,,,,,,,,,,0.0,0.0,0.0
2020-06-09,115.8600006103516,116.4300003051758,113.7300033569336,115.5299987792969,115.5299987792969,1126400,-1.726776813078036,1.8235738139677593,2.8254339672652624,3.1029005805694183,5.047469735237981,115.02999877929688,110.05999908447265,102.53733317057292,91.79549967447916,96.56139976501464,114.3112343545003,111.05182790987007,103.19012165746982,98.79482140933831,97.01702144906996,109.962300389461,104.34126419011658,5.621036199344431,4.578040185079185,-0.5712767590136707,-0.5712767590136707,-0.5712767590136707,0.5712767590136707,0.5712767590136707,-0.5712767590136707,-0.5712767590136707,-0.5712767590136707,-0.5712767590136707,3.1100006103514914,3.7450004577636617,116.4300003051758,110.5228019714355,111.28800201416011,112.05320205688471,,,,,,,,,,0.0,0.0,0.0
2020-06-10,116.9800033569336,117.1699981689453,114.0599975585938,114.870002746582,114.870002746582,1131000,-0.5712767590136707,1.544206179291568,2.838328005657608,3.0858089242226923,4.575877392411563,115.4059997558594,110.97899932861328,103.26166661580403,92.53166643778484,96.57209976196289,114.4974904851942,111.74604151654496,103.94366237289641,99.32187653514957,97.37054583119891,110.71733152132578,105.12117074985476,5.59616077147102,4.7816643023575525,-6.5117116549874705,-6.5117116549874705,-6.5117116549874705,6.5117116549874705,6.5117116549874705,-6.5117116549874705,-6.5117116549874705,-6.5117116549874705,-6.5117116549874705,5.47000122070321,3.7545001983642536,117.1699981689453,108.19099929809573,108.93999938964848,109.68899948120121,,,,,,,,,,0.0,0.0,0.0
2020-06-11,110.7099990844727,112.4100036621094,106.9400024414062,107.3899993896484,107.3899993896484,1753800,-6.5117116549874705,3.4290384199372728,3.2699394425611494,3.374240444544595,4.392675610097829,114.2039993286133,111.64099960327148,103.5283332824707,92.99016647338867,96.49859977722168,112.12832678667894,110.95403385710922,104.16600669655784,99.58640515332986,97.56895085215831,110.20543427029848,105.28923213058022,4.916202139718266,4.808571869829695,1.4060919497277364,1.4060919497277364,1.4060919497277364,-1.4060919497277364,-1.4060919497277364,1.4060919497277364,1.4060919497277364,1.4060919497277364,1.4060919497277364,5.060005187988196,3.7457004547119057,112.4100036621094,108.91009773254393,109.66099777221679,110.41189781188965,1.0,1.0,1.0,108.91009773254393,109.66099777221679,110.41189781188965,107.3899993896484,107.3899993896484,107.3899993896484,-1.3957368274781277,-2.0709262442473992,-2.7369318724959357
2020-06-12,110.8000030517578,111.6900024414062,106.629997253418,108.9000015258789,108.9000015258789,1094100,1.4060919497277364,3.3052796925727588,3.0827119874246804,3.372599236481497,4.225132493119873,112.85,112.05699996948242,103.89066670735677,93.58816655476888,96.43889976501465,111.05221836641226,110.58057343324916,104.47142571780437,99.89176896882327,97.79332809322209,110.0045984634647,105.55669653023196,4.4479019332327425,4.736437882510305,0.7529840985625021,0.7529840985625021,0.7529840985625021,-0.7529840985625021,-0.7529840985625021,0.7529840985625021,0.7529840985625021,0.7529840985625021,-0.7529840985625021,4.584999084472599,3.8179504394531136,111.6900024414062,104.16946266174321,104.91860275268559,105.66774284362798,,,,,,,,,,0.0,0.0,0.0
2020-06-15,106.5599975585938,110.1949996948242,105.6100006103516,109.7200012207031,109.7200012207031,1245100,0.7529840985625021,3.1387995431565012,3.076868067270465,3.186732090447953,4.224834338482891,111.28200073242185,112.57099990844726,104.44300003051758,94.18599993387858,96.37279975891113,110.6081459845092,110.42410575824077,104.81004349218493,100.21400609183571,98.02949983832072,109.96081427227061,105.86508947026687,4.095724802003744,4.608295266408993,-2.6066355983706924,2.6066355983706924,2.6066355983706924,-2.6066355983706924,-2.6066355983706924,2.6066355983706924,2.6066355983706924,2.6066355983706924,-2.6066355983706924,5.110000610351605,3.9327003479003815,110.1949996948242,103.29051147460935,104.05410156249997,104.81769165039059,,,,,,,,,,0.0,0.0,0.0
2020-06-16,114.7699966430664,116.2099990844727,111.0999984741211,112.5800018310547,112.5800018310547,1726600,2.6066355983706924,3.5704838697390984,2.790493403852999,3.092797014811605,4.183663976061039,110.69200134277341,112.86100006103516,105.05766677856445,94.88149998982747,96.31179977416993,111.26543126669105,110.81608686238874,105.31133112695073,100.6194485750888,98.31762859065209,110.36376620439124,106.36249038588078,4.001275818510464,4.486891376829287,-0.05329326489417688,0.05329326489417688,0.05329326489417688,-0.05329326489417688,-0.05329326489417688,0.05329326489417688,0.05329326489417688,0.05329326489417688,-0.05329326489417688,2.1500015258789062,3.897200393676748,116.2099990844727,101.54305892944336,102.32959899902345,103.11613906860352,,,,,,,,,,0.0,0.0,0.0
2020-06-17,113.75,114.5400009155273,112.3899993896484,112.6399993896484,112.6399993896484,1074900,0.05329326489417688,3.5766886358893797,2.6217149719244284,3.079140143218005,4.167015969303296,110.2460006713867,112.82600021362305,105.55533345540364,95.60283330281575,96.30429977416992,111.72362064101017,111.1477073218905,105.78414843422155,101.01356499523828,98.60123989360251,110.71395592520003,106.82749105282653,3.8864648723734945,4.366806075938129,1.2340193511898543,-1.2340193511898543,-1.2340193511898543,1.2340193511898543,1.2340193511898543,-1.2340193511898543,-1.2340193511898543,-1.2340193511898543,1.2340193511898543,2.4099960327149006,3.836199951171868,114.5400009155273,107.63615821838386,108.4155982971192,109.19503837585455,,,,,,,,,,0.0,0.0,0.0
2020-06-18,112.5,113.0299987792969,110.620002746582,111.25,111.25,1017400,-1.2340193511898543,1.439952117611824,2.6457330508046177,2.92899011244348,3.82683790033121,111.01800079345703,112.61100006103516,105.98700002034505,96.14383328755697,96.31699974060058,111.56574709400678,111.16630599063768,106.13678401911048,101.34918581506653,98.8517103907589,110.79642424440001,107.15508430817272,3.641339936227297,4.221712847995963,-0.49438476562498723,0.49438476562498723,0.49438476562498723,-0.49438476562498723,-0.49438476562498723,0.49438476562498723,0.49438476562498723,0.49438476562498723,-0.49438476562498723,3.3199996948241903,3.7187000274658133,113.0299987792969,106.10036102294919,106.86760101318356,107.63484100341793,,,,,,,,,,0.0,0.0,0.0
2020-06-19,113.0,113.879997253418,110.5599975585938,111.8000030517578,111.8000030517578,1963600,0.49438476562498723,1.3876518806655875,2.550168191453496,2.7188731555200887,3.8180705121839718,111.59800109863279,112.2240005493164,106.35300013224284,96.7115000406901,96.29939979553222,111.64383241325713,111.28152363811407,106.5021529889587,101.69183556053181,99.10811222563017,110.95082098399352,107.49915236325309,3.451668620740435,4.067704002544858,-0.4025017316268548,0.4025017316268548,0.4025017316268548,0.4025017316268548,-0.4025017316268548,0.4025017316268548,0.4025017316268548,0.4025017316268548,-0.4025017316268548,2.9039993286132955,3.6879001617431593,113.879997253418,104.84885871887211,105.59259872436527,106.33633872985844,,,,,,,,,,0.0,0.0,0.0
2020-06-22,111.7099990844727,112.8089981079102,109.9049987792969,112.25,112.25,965800,0.4025017316268548,1.3827093651725209,2.4744951153889594,2.6800458805601277,3.714856686715987,112.10400085449218,111.69300079345703,106.66133346557618,97.19083340962727,96.29619979858398,111.84588827550476,111.45761024936604,106.87298182838072,102.03800488641602,99.36834762710284,111.15069467876376,107.85106700301212,3.299627675751637,3.914088737186214,-0.2939882682001797,-0.2939882682001797,-0.2939882682001797,-0.2939882682001797,0.2939882682001797,-0.2939882682001797,-0.2939882682001797,-0.2939882682001797,0.2939882682001797,1.980003356933608,3.688400268554685,112.8089981079102,105.76661689758305,106.50419692993168,107.24177696228031,,,,,,,,,,0.0,0.0,0.0
2020-06-23,113.5,113.8199996948242,111.8399963378906,111.9199981689453,111.9199981689453,940700,-0.2939882682001797,0.6985198577987419,2.4323675817402575,2.672931665475835,3.681044198321837,111.97200012207028,111.33200073242185,106.99533335367839,97.71133333841959,96.29749977111817,111.87059157331828,111.54168078019863,107.1985957858365,102.36200466617107,99.61689516258487,111.26904906186861,108.15246931159976,3.116579750268855,3.7545869398027425,-3.0378856160688343,-3.0378856160688343,-3.0378856160688343,-3.0378856160688343,3.0378856160688343,-3.0378856160688343,-3.0378856160688343,-3.0378856160688343,3.0378856160688343,4.584999084472699,3.688650131225585,113.8199996948242,104.69451751708989,105.43219757080082,106.16987762451177,,,,,,,,,,0.0,0.0,0.0
2020-06-24,110.3499984741211,112.0849990844727,107.5,108.5199966430664,108.5199966430664,1089900,-3.0378856160688343,1.4621972959138643,2.584429150122944,2.7391459432883156,3.7106786237279468,111.1479995727539,110.6970001220703,107.25699996948242,98.16199989318848,96.32409973144532,110.75372659656766,110.9922836643564,107.2838474540449,102.56390604246272,99.79319420180232,110.84611792051442,108.17969355837506,2.6664243621393524,3.5369544242700646,0.4146743379626175,0.4146743379626175,0.4146743379626175,0.4146743379626175,-0.4146743379626175,-0.4146743379626175,0.4146743379626175,0.4146743379626175,-0.4146743379626175,2.610000610351591,3.5549003601074247,112.0849990844727,105.70496940612792,106.44269943237303,107.18042945861815,,,,,,,,,,0.0,0.0,0.0
2020-06-25,108.629997253418,109.129997253418,106.5199966430664,108.9700012207031,108.9700012207031,799100,0.4146743379626175,1.5064215795993718,1.5097096687798448,2.4937078851217214,3.7048659614184785,110.69199981689454,110.85500030517578,107.64499994913737,98.63433329264323,96.3381997680664,110.15915147127947,110.62459594732852,107.39263156802285,102.773941949946,99.97491315267165,110.55748458208191,108.23823486669566,2.319249715386249,3.2934134824933015,1.4682926091562818,-1.4682926091562818,-1.4682926091562818,-1.4682926091562818,1.4682926091562818,1.4682926091562818,-1.4682926091562818,-1.4682926091562818,1.4682926091562818,2.689994812011804,3.4799003601074303,109.129997253418,104.26421829223636,104.97519836425785,105.68617843627933,,,,,,,,,,0.0,0.0,0.0
2020-06-26,109.0400009155273,109.379997253418,106.6900024414062,107.370002746582,107.370002746582,1181100,-1.4682926091562818,1.4690286936879415,1.5189573768099842,2.3829126992675826,3.5610952651829098,109.80599975585938,110.70200042724608,107.93033345540364,99.18083330790202,96.33299980163574,109.22943522971366,110.03285172901096,107.39117164405893,102.9246324678685,100.12135057037284,110.06710276123577,108.17392137631688,1.8931813849188899,3.013367062978419,-0.055879255899248435,0.055879255899248435,0.055879255899248435,0.055879255899248435,-0.055879255899248435,-0.055879255899248435,0.055879255899248435,0.055879255899248435,-0.055879255899248435,3.129997253417997,3.519100189208996,109.379997253418,101.47421646118165,102.17019653320314,102.86617660522462,,,,,,,,,,0.0,0.0,0.0
2020-06-29,107.2399978637695,107.6999969482422,104.5699996948242,107.4300003051758,107.4300003051758,1215300,0.055879255899248435,1.4050826514881254,1.4895944344874201,2.381967835902484,3.551005868500758,108.84199981689453,110.47300033569336,108.35433349609374,99.69366658528646,96.29409980773926,108.62962358820104,109.55960601558638,107.3936767189697,103.07234944614088,100.26607630769567,109.6613946910727,108.11881611178792,1.542578579284779,2.7192093662396912,-2.8855984969886994,2.8855984969886994,2.8855984969886994,2.8855984969886994,-2.8855984969886994,-2.8855984969886994,2.8855984969886994,2.8855984969886994,-2.8855984969886994,3.849998474121108,3.4554500579834055,107.6999969482422,101.6379768371582,102.341796875,103.04561691284181,,,,,,,,,,0.0,0.0,0.0
2020-06-30,107.9199981689453,111.0299987792969,107.1800003051758,110.5299987792969,110.5299987792969,1213800,2.8855984969886994,2.2148293480593497,1.5494205805143144,2.2099373381212732,3.5053386012040373,108.56399993896484,110.26800003051758,108.73733342488607,100.31183319091797,96.30169982910157,109.263081985233,109.73604106353375,107.59602007770049,103.31686253903123,100.46932229723232,109.79502608926104,108.29742223530711,1.4976038539539331,2.47488826378254,2.0537380513312677,-2.0537380513312677,-2.0537380513312677,-2.0537380513312677,2.0537380513312677,2.0537380513312677,-2.0537380513312677,-2.0537380513312677,2.0537380513312677,2.6300048828123863,3.3619503021240247,111.0299987792969,100.0980068206787,100.78909683227539,101.48018684387208,,,,,,,,,,0.0,0.0,0.0
2020-07-01,110.3899993896484,110.6900024414062,108.0599975585938,108.2600021362305,108.2600021362305,790800,-2.0537380513312677,1.9280803933734183,1.6549337159770392,2.142896176000863,3.1659043001090073,108.51200103759766,109.83000030517579,109.06833343505859,100.73933321634928,96.33279983520508,108.92872203556551,109.4676703494786,107.63885762986371,103.47893268975906,100.62359318513327,109.55886855802558,108.29465037611625,1.264218181909328,2.2327542474078976,-1.8843532932506661,1.8843532932506661,1.8843532932506661,1.8843532932506661,-1.8843532932506661,-1.8843532932506661,1.8843532932506661,1.8843532932506661,-1.8843532932506661,2.400001525878892,3.3817001342773443,110.6900024414062,103.63370811462404,104.30609817504886,104.97848823547366,,,,,,,,,,0.0,0.0,0.0
2020-07-02,109.1500015258789,111.5500030517578,109.1500015258789,110.3000030517578,110.3000030517578,897500,1.8843532932506661,2.116266322518982,1.7668719851107169,2.190094048744301,3.16527261860804,108.77800140380859,109.73500061035156,109.30066680908203,101.2134999593099,96.38229988098145,109.38581570762962,109.61900356807482,107.81054443127624,103.70257434097213,100.81520526170009,109.67288924936899,108.44319501875637,1.2296942306126226,2.032142244048843,-3.0190336441764316,3.0190336441764316,3.0190336441764316,3.0190336441764316,-3.0190336441764316,-3.0190336441764316,3.0190336441764316,3.0190336441764316,-3.0190336441764316,1.4500045776367045,3.2927001953124995,111.5500030517578,103.25026214599603,103.9266021728515,104.60294219970697,,,,,,,,,,0.0,0.0,0.0
2020-07-06,113.2399978637695,114.3000030517578,112.8499984741211,113.629997253418,113.629997253418,1159900,3.0190336441764316,2.150904640450942,2.0191054327360396,2.252764883266096,3.091172800193644,110.0300003051758,109.91800003051758,109.78933334350586,101.65699996948243,96.43269989013672,110.80054288955908,110.34827514722811,108.18599300044667,104.02806361679004,101.06896351896182,110.28167509614576,108.82740259169427,1.4542725044514953,1.9165682961293733,-0.5368306125988593,-0.5368306125988593,-0.5368306125988593,-0.5368306125988593,0.5368306125988593,-0.5368306125988593,-0.5368306125988593,-0.5368306125988593,0.5368306125988593,2.659996032714801,3.2402000427246094,114.3000030517578,104.3060626220703,104.9646026611328,105.6231427001953,,,,,,,,,,0.0,0.0,0.0
2020-07-07,113.8000030517578,115.4899978637695,112.8300018310547,113.0199966430664,113.0199966430664,723600,-0.5368306125988593,2.2412803188386086,2.0294693843968834,2.2186664027966003,3.024492045018779,111.14799957275393,109.99499969482422,110.17199986775717,102.155499903361,96.44559982299805,111.54036080739486,110.83404269192597,108.49786420319634,104.3228810930614,101.30561764023122,110.70295533413355,109.13796511401813,1.564990220115419,1.8462526809265825,0.008849881903717776,-0.008849881903717776,0.008849881903717776,0.008849881903717776,-0.008849881903717776,0.008849881903717776,0.008849881903717776,0.008849881903717776,-0.008849881903717776,2.9099960327149006,3.2506999969482444,115.4899978637695,107.17156295776365,107.81960296630858,108.4676429748535,,,,,,,,,,0.0,0.0,0.0
2020-07-08,113.8899993896484,114.2099990844727,111.3000030517578,113.0299987792969,113.0299987792969,883800,0.008849881903717776,2.005830768298541,2.0254099879195455,2.188428906060788,3.0197407754006473,111.6479995727539,110.10599975585937,110.49933319091797,102.62716649373372,96.48419982910156,112.0369067980289,111.23330743508433,108.79025998229962,104.60836036146256,101.53778360338103,111.06096201800484,109.42626390403878,1.634698113966067,1.8039417675344795,0.07077929038193993,-0.07077929038193993,0.07077929038193993,0.07077929038193993,-0.07077929038193993,0.07077929038193993,0.07077929038193993,0.07077929038193993,-0.07077929038193993,3.1199951171875,3.251199722290045,114.2099990844727,108.33845787048337,108.98859786987302,109.63873786926266,,,,,,,,,,0.0,0.0,0.0
2020-07-09,113.0,113.5899963378906,110.4700012207031,113.1100006103516,113.1100006103516,1213600,0.07077929038193993,1.500409404003172,1.6997386409324509,2.185645721687031,2.9327419984255636,112.61799926757813,110.56500015258788,110.74699986775717,103.01516647338867,96.55509986877442,112.39460473546981,111.574524376042,109.06895292604491,104.88710266470481,101.76693641540024,111.37619872451972,109.69913328969159,1.6770654348281369,1.778566500993211,-0.9725032872296159,0.9725032872296159,-0.9725032872296159,-0.9725032872296159,0.9725032872296159,-0.9725032872296159,-0.9725032872296159,-0.9725032872296159,0.9725032872296159,2.4700012207030966,3.101199722290039,113.5899963378906,107.0573596954346,107.7075996398926,108.35783958435061,,,,,,,,,,0.0,0.0,0.0
2020-07-10,113.2699966430664,113.5800018310547,111.1100006103516,112.0100021362305,112.0100021362305,603500,-0.9725032872296159,1.5691087153438432,1.7566032211118454,1.595588380440285,2.820643621192021,112.95999908447268,110.86900024414062,111.1216667175293,103.47266654968261,96.64289985656738,112.26640386905672,111.65370215062173,109.25869803637947,105.12064035229582,101.96976939997114,111.473706941706,109.87030875980558,1.6033981819004168,1.7435328371746524,-0.9999131552733261,0.9999131552733261,-0.9999131552733261,-0.9999131552733261,0.9999131552733261,-0.9999131552733261,-0.9999131552733261,-0.9999131552733261,0.9999131552733261,5.690002441406207,3.13269958496094,113.5800018310547,106.76735694885251,107.38759689331052,108.00783683776852,,,,,,,,,,0.0,0.0,0.0
2020-07-13,113.1190032958984,116.370002746582,110.6800003051758,110.8899993896484,110.8899993896484,1459800,-0.9999131552733261,0.5143577270346521,1.7101618709598791,1.5923828788943166,2.8127257850975176,112.41199951171878,111.22099990844727,111.32666676839193,103.87383321126302,96.70939987182618,111.80760237592062,111.51484710317203,109.36394328497747,105.30979966499591,102.14640761758851,111.38390577985098,109.9458413990532,1.4380643807977833,1.6824391458992787,1.5601076440217785,-1.5601076440217785,1.5601076440217785,1.5601076440217785,-1.5601076440217785,1.5601076440217785,1.5601076440217785,1.5601076440217785,-1.5601076440217785,5.18000030517581,3.1624496459961002,116.370002746582,106.68806274414064,107.31460266113282,107.94114257812501,,,,,,,,,,0.0,0.0,0.0
2020-07-14,110.4499969482422,112.870002746582,107.6900024414062,112.620002746582,112.620002746582,932000,1.5601076440217785,1.0443272600478042,1.7484955536341948,1.6197263328119502,2.812693248127008,112.33200073242188,111.7400001525879,111.5946667989095,104.31299997965495,96.81999992370605,112.07840249947442,111.71578449288293,109.57401163733905,105.54947845455611,102.35380554093491,111.57407454396345,110.14392742479608,1.4301471191673727,1.6319807405528977,0.19534148991598252,0.19534148991598252,0.19534148991598252,0.19534148991598252,-0.19534148991598252,0.19534148991598252,0.19534148991598252,0.19534148991598252,-0.19534148991598252,2.5,3.0319496154785197,112.870002746582,109.41261352539058,110.0451034545898,110.67759338378902,1.0,1.0,1.0,109.41261352539058,110.0451034545898,110.4499969482422,112.620002746582,112.620002746582,112.620002746582,2.9314620296928604,2.3398581228602597,1.964695208961105
2020-07-15,113.3000030517578,113.5500030517578,111.0500030517578,112.8399963378906,112.8399963378906,716100,0.19534148991598252,1.0510017413156068,1.5319152259165951,1.5129096473267811,2.7978309982896143,112.29400024414062,111.97099990844727,111.7,104.78083330790201,96.9664998626709,112.33226711227982,111.92018664652068,109.78472032769723,105.78851182778018,102.56145288344888,111.76883174302917,110.34363623317344,1.425195509855726,1.5906236944134635,-1.0280007713233907,-1.0280007713233907,-1.0280007713233907,-1.0280007713233907,1.0280007713233907,-1.0280007713233907,-1.0280007713233907,-1.0280007713233907,1.0280007713233907,2.2200012207030966,3.0354496002197293,113.5500030517578,106.19971359252926,106.80610351562497,107.41249343872067,,,,,,,,,,0.0,0.0,0.0
2020-07-16,111.9300003051758,112.5,110.2799987792969,111.6800003051758,111.6800003051758,1096800,-1.0280007713233907,1.1362745709369773,1.3907758036601754,1.5309595123527495,2.7354623735603583,112.00800018310547,112.3129997253418,111.65633341471354,105.28916664123535,97.11989990234375,112.11484484324515,111.8765164026398,109.9069964552765,105.9816753844161,102.74201817892862,111.7551653679748,110.44262616443288,1.3125392035419168,1.5350067962391543,-2.059458314356044,2.059458314356044,2.059458314356044,2.059458314356044,-2.059458314356044,2.059458314356044,2.059458314356044,2.059458314356044,-2.059458314356044,2.239997863769503,3.0269496917724594,112.5,106.8720139312744,107.47910385131834,108.08619377136229,,,,,,,,,,0.0,0.0,0.0
2020-07-17,112.7600021362305,114.5699996948242,112.3300018310547,113.9800033569336,113.9800033569336,1015900,2.059458314356044,1.425780965103046,1.4135739266004768,1.571419332928094,2.624389096092398,112.40200042724607,112.68099975585938,111.67566680908203,105.74583333333334,97.29369995117187,112.73656434780798,112.25896857614775,110.1697710940931,106.24391564581012,102.96455253888911,112.09744813550692,110.70465410461813,1.392794030888794,1.5065642431690824,-2.114402493188027,2.114402493188027,2.114402493188027,2.114402493188027,-2.114402493188027,2.114402493188027,2.114402493188027,2.114402493188027,-2.114402493188027,3.764999389648395,3.0491996765136697,114.5699996948242,105.84071067810059,106.44610061645508,107.05149055480958,,,,,,,,,,0.0,0.0,0.0
2020-07-20,114.3099975585938,116.8499984741211,113.0849990844727,116.3899993896484,116.3899993896484,932600,2.114402493188027,1.3634863292249582,1.241365042155784,1.6316278683412326,2.6276267304307814,113.50200042724607,112.95699996948242,111.69966684977213,106.25316670735677,97.49629997253417,113.95437602842146,113.0100650876933,110.57107614541925,106.57657412921465,103.2304029715774,112.75784063614407,111.12579079239813,1.632049843745932,1.5316613632844525,0.30071181025561244,0.30071181025561244,0.30071181025561244,0.30071181025561244,-0.30071181025561244,0.30071181025561244,0.30071181025561244,0.30071181025561244,0.30071181025561244,2.569000244140696,3.03244972229004,116.8499984741211,107.86176040649413,108.47160034179686,109.0814402770996,,,,,,,,,,0.0,0.0,0.0
2020-07-21,117.5599975585938,118.379997253418,115.8109970092773,116.7399978637695,116.7399978637695,1100800,0.30071181025561244,1.3458019336220033,1.2104612529621341,1.6311675949609548,2.573537806049169,114.32599945068357,113.32900009155273,111.67233352661133,106.70066668192545,97.7156999206543,114.88291664020416,113.68823468334352,110.96907109499026,106.90980113690496,103.49791970211587,113.3704802096249,111.54165798287009,1.8288222267548093,1.5910935359785239,1.4476635877434674,1.4476635877434674,1.4476635877434674,1.4476635877434674,-1.4476635877434674,1.4476635877434674,1.4476635877434674,1.4476635877434674,1.4476635877434674,2.4810028076172017,3.0574996948242195,118.379997253418,110.17860908508301,110.78509902954102,111.39158897399902,,,,,,,,,,0.0,0.0,0.0
2020-07-22,117.1999969482422,118.6100006103516,116.1289978027344,118.4300003051758,118.4300003051758,1126700,1.4476635877434674,1.338310632532906,1.252699613525821,1.649296680175186,2.5728692646526183,115.4440002441406,113.86900024414062,111.76900024414063,107.15316670735677,97.89419990539551,116.06527786186138,114.55037388731301,111.45042136661513,107.28751258504498,103.79360446653288,114.14886791663272,112.05190556230015,2.0969623543325753,1.6922672996493342,-0.2364255497554468,-0.2364255497554468,-0.2364255497554468,-0.2364255497554468,0.2364255497554468,-0.2364255497554468,-0.2364255497554468,-0.2364255497554468,-0.2364255497554468,3.849998474121108,3.02074966430664,118.6100006103516,111.65349792480471,112.26499786376957,112.8764978027344,,,,,,,,,,0.0,0.0,0.0
2020-07-23,118.8600006103516,121.5400009155273,117.6900024414062,118.1500015258789,118.1500015258789,2047700,-0.2364255497554468,1.0592960381497283,1.2673893279003423,1.4592675341509322,2.5660880305407083,116.73800048828123,114.37300033569336,111.87833353678386,107.57000007629395,98.07129989624023,116.76018574986722,115.20485163977955,111.88265234463215,107.64365976343298,104.07788955681697,114.76442693343982,112.50361637441709,2.2608105590227296,1.8059759515240135,-5.272960877253161,-5.272960877253161,-5.272960877253161,-5.272960877253161,5.272960877253161,-5.272960877253161,-5.272960877253161,-5.272960877253161,-5.272960877253161,6.180000305175696,3.1992496490478453,121.5400009155273,111.964351348877,112.56850128173832,113.17265121459965,,,,,,,,,,0.0,0.0,0.0
2020-07-24,117.3300018310547,117.4899978637695,111.3099975585938,111.9199981689453,111.9199981689453,2527900,-5.272960877253161,2.9143869371995197,2.193043867160615,1.9390006457611066,2.5351178140241983,116.32599945068357,114.36399993896484,112.02933349609376,107.77883338928223,98.20749984741211,115.14678988955991,114.60760555417332,111.88506175265236,107.78386758000715,104.23317883626505,114.32682250813298,112.46038539623399,1.866437111898989,1.8180681835990087,2.885993039472587,2.885993039472587,2.885993039472587,2.885993039472587,-2.885993039472587,2.885993039472587,2.885993039472587,2.885993039472587,2.885993039472587,2.870002746582003,3.208250045776355,117.4899978637695,114.50165168762204,115.14150161743162,115.78135154724117,1.0,1.0,1.0,114.50165168762204,115.14150161743162,115.78135154724117,111.9199981689453,111.9199981689453,111.9199981689453,-2.254686705934941,-2.797864717093983,-3.335039129095295
2020-07-27,113.9100036621094,115.870002746582,113.0,115.1500015258789,115.1500015258789,1494900,2.885993039472587,3.0911969945802005,2.3332135888970225,1.9912829806338896,2.5491151353195933,116.07799987792968,114.79000015258787,112.23766682942708,108.06416676839193,98.33519989013672,115.14786043499959,114.70622300357434,112.0957030283444,108.0253801683964,104.44935354299008,114.45346543394004,112.65961622065214,1.7938492132878991,1.8132243895367868,-1.5284429986177352,-1.5284429986177352,-1.5284429986177352,-1.5284429986177352,1.5284429986177352,-1.5284429986177352,-1.5284429986177352,-1.5284429986177352,1.5284429986177352,2.229995727539091,3.16324996948241,115.870002746582,110.43184776306153,111.0734977722168,111.71514778137207,,,,,,,,,,0.0,0.0,0.0
2020-07-28,113.6399993896484,114.879997253418,112.6500015258789,113.3899993896484,113.3899993896484,992900,-1.5284429986177352,3.128830733519842,2.3671440677479656,2.0354351340546173,2.4655684104024433,115.40800018310547,114.86699981689453,112.36000010172526,108.40150006612141,98.49609985351563,114.56190675321587,114.46690961922417,112.17920601939628,108.20126932319154,104.62639603500311,114.28985527327978,112.71371867761482,1.5761365956649627,1.7658068307624222,1.6668131226932967,1.6668131226932967,1.6668131226932967,1.6668131226932967,-1.6668131226932967,1.6668131226932967,1.6668131226932967,1.6668131226932967,-1.6668131226932967,2.2900009155274006,3.0852500915527243,114.879997253418,108.9108528137207,109.54350280761719,110.17615280151367,,,,,,,,,,0.0,0.0,0.0
2020-07-29,114.5500030517578,116.0100021362305,113.7200012207031,115.2799987792969,115.2799987792969,2677800,1.6668131226932967,3.164976506213041,2.419319289682154,1.9708609165671267,2.4697232190217457,114.77799987792969,115.11100006103513,112.45,108.75383338928222,98.70529983520508,114.80127076190956,114.61474401196466,112.37925716519632,108.43335881355566,104.83735846558318,114.44218504343625,112.90381349996164,1.5383715434746108,1.72031977330486,-11.615197372862147,11.615197372862147,11.615197372862147,11.615197372862147,-11.615197372862147,11.615197372862147,11.615197372862147,11.615197372862147,-11.615197372862147,8.809997558593707,3.3942497253417905,116.0100021362305,108.092447052002,108.70949707031255,109.32654708862309,,,,,,,,,,0.0,0.0,0.0
2020-07-30,121.1100006103516,129.9199981689453,121.1100006103516,128.6699981689453,128.6699981689453,5256800,11.615197372862147,6.297095528862732,4.274691691975294,3.15300822300454,2.83327937851005,116.88199920654297,116.80999984741212,112.98433329264323,109.26983337402343,99.09249984741211,119.42417989758816,117.17024476777932,113.43027271382529,109.0968551858635,105.30929192505569,116.63107937043765,114.07167903099747,2.559400339440174,1.888135886531923,-0.40413793414229865,-0.40413793414229865,-0.40413793414229865,-0.40413793414229865,0.40413793414229865,-0.40413793414229865,-0.40413793414229865,-0.40413793414229865,-0.40413793414229865,5.970001220703196,3.5727497100830057,129.9199981689453,108.54265274047856,109.22150268554691,109.90035263061527,,,,,,,,,,0.0,0.0,0.0
2020-07-31,130.0,130.8600006103516,124.8899993896484,128.1499938964844,128.1499938964844,2096300,-0.40413793414229865,5.195912960135456,4.310046946679295,3.1574120270013526,2.8356330736991593,120.12799835205078,118.22699890136718,113.54766642252604,109.76733322143555,99.41399978637695,122.33278456388692,119.16656279118024,114.3799321449646,109.72154825834286,105.76158305320278,118.40322006675254,115.1145171691817,3.288702897570843,2.168249288739707,4.03823901539784,4.03823901539784,4.03823901539784,4.03823901539784,-4.03823901539784,4.03823901539784,4.03823901539784,4.03823901539784,4.03823901539784,5.379989624023494,3.769248962402345,130.8600006103516,122.0599488067627,122.77449874877931,123.4890486907959,,,,,,,,,,0.0,0.0,0.0
2020-08-03,129.0200042724609,134.3999938964844,129.0200042724609,133.3249969482422,133.3249969482422,2254000,4.03823901539784,5.223548768734259,4.394584291231029,3.2030368763210983,2.860265055816929,123.76299743652343,119.92049865722656,114.26516621907552,110.30908317565918,99.85454978942872,125.99685535867202,121.74082354700967,115.60219439033735,110.49543182194613,106.30739322934218,120.69887804852017,116.46344159726026,4.235436451259915,2.5816867212437487,-1.556345018367199,-1.556345018367199,-1.556345018367199,-1.556345018367199,1.556345018367199,-1.556345018367199,-1.556345018367199,-1.556345018367199,-1.556345018367199,3.680007934570284,3.8202495574951194,134.3999938964844,122.56765289306642,123.3215026855469,124.07535247802737,,,,,,,,,,0.0,0.0,0.0
2020-08-04,132.4400024414062,132.9900054931641,129.3099975585938,131.25,131.25,1303600,-1.556345018367199,5.22971084004745,4.486874926158673,3.234217466081985,2.86406535549179,127.33499755859376,121.3714988708496,114.89849955240885,110.77991650899251,100.39884979248046,127.74790357244802,123.46976472028062,116.61173023612204,111.1759094671282,106.80130623470174,122.32212757951707,117.55874221968543,4.763385359831645,3.018026448961328,1.8057105654761905,1.8057105654761905,1.8057105654761905,1.8057105654761905,-1.8057105654761905,1.8057105654761905,1.8057105654761905,1.8057105654761905,1.8057105654761905,3.1300048828125,3.8312499999999994,132.9900054931641,125.99544486999514,126.75949478149417,127.52354469299318,,,,,,,,,,0.0,0.0,0.0
2020-08-05,131.3000030517578,133.6300048828125,130.5,133.6199951171875,133.6199951171875,1252400,1.8057105654761905,5.22074216763581,4.489917111665645,3.236091775178758,2.8623706681653434,131.00299682617188,122.89049835205078,115.62183278401693,111.30858306884765,100.89704971313476,129.70526742069453,125.31526115608186,117.7090376478037,111.91178112778589,107.33236938088957,124.060261046851,118.74846465653744,5.31179639031356,3.476780437231775,1.2049099455059755,1.2049099455059755,1.2049099455059755,1.2049099455059755,-1.2049099455059755,1.2049099455059755,1.2049099455059755,1.2049099455059755,1.2049099455059755,3.0279998779296875,3.8266502380371086,133.6300048828125,124.5612554931641,125.3275054931641,126.0937554931641,,,,,,,,,,0.0,0.0,0.0
2020-08-06,133.0299987792969,136.0579986572266,133.0299987792969,135.2299957275391,135.2299957275391,1235100,1.2049099455059755,2.1463337941149345,4.458088313494912,3.230948921387631,2.855025541126486,132.31499633789062,124.5984977722168,116.51216608683268,111.88458302815755,101.54234970092773,131.54684352297608,127.11794016907407,118.8394220400447,112.67631275400731,107.88479762537767,125.77868176695685,119.96931880994497,5.809362957011885,3.943296941187797,-3.150184605062782,-3.150184605062782,-3.150184605062782,-3.150184605062782,3.150184605062782,-3.150184605062782,-3.150184605062782,-3.150184605062782,-3.150184605062782,7.360000610351591,4.071150207519533,136.0579986572266,125.21137435913086,125.97670440673828,126.7420344543457,,,,,,,,,,0.0,0.0,0.0
2020-08-07,135.3999938964844,135.75,128.3899993896484,130.9700012207031,130.9700012207031,1238300,-3.150184605062782,2.8402616057263566,4.141966190490862,3.3340135484714946,2.8512743806373533,132.87899780273438,126.50349807739258,117.24549942016601,112.4452496846517,102.05324974060059,131.35456275555177,127.8183149057339,119.62204005170008,113.27610581848914,108.34193036983956,126.57734629830243,120.78418417370483,5.7931621245976,4.313269977869758,-1.1453004398100954,-1.1453004398100954,-1.1453004398100954,-1.1453004398100954,1.1453004398100954,-1.1453004398100954,-1.1453004398100954,-1.1453004398100954,-1.1453004398100954,3.980003356933608,3.9856502532959035,135.75,127.10146820068361,127.91569824218752,128.72992828369144,,,1.0,,,128.72992828369144,,,130.9700012207031,0.0,0.0,1.740133756677818
2020-08-10,130.5899963378906,131.1600036621094,127.1800003051758,129.4700012207031,129.4700012207031,1176600,-1.1453004398100954,2.046673535195793,4.204845577631548,3.3383826122830937,2.856429167105519,132.10799865722657,127.935498046875,117.98216603597005,112.95624974568685,102.61774978637695,130.7263755772689,128.11862150845556,120.25739238518416,113.80705320872566,108.76030801045071,127.02237013251792,121.42757802903805,5.594792103479875,4.5695744029917815,-1.4289012564134178,-1.4289012564134178,-1.4289012564134178,-1.4289012564134178,1.4289012564134178,-1.4289012564134178,-1.4289012564134178,-1.4289012564134178,-1.4289012564134178,3.379989624023409,3.8956497192382833,131.1600036621094,126.981569442749,127.7786994934082,128.57582954406737,,1.0,1.0,,127.7786994934082,128.57582954406737,,129.4700012207031,129.4700012207031,0.0,1.3236178909319307,0.6954430547377944
2020-08-11,129.4600067138672,130.5399932861328,127.1600036621094,127.620002746582,127.620002746582,1190300,-1.4289012564134178,2.0320327638912565,4.1976367379259845,3.3706620845044135,2.8026065701362968,131.38199920654296,129.35849838256837,118.65516611735026,113.504749806722,103.15544982910156,129.69091796703992,128.02796355175127,120.73239950527436,114.25993680013079,109.13376731215628,127.1143136116047,121.88627615626353,5.228037455341166,4.701267013461659,2.9854175264082823,2.9854175264082823,2.9854175264082823,2.9854175264082823,-2.9854175264082823,2.9854175264082823,2.9854175264082823,2.9854175264082823,2.9854175264082823,3.6199951171875,3.9516494750976583,130.5399932861328,122.58957427978518,123.36870422363283,124.1478341674805,,,,,,,,,,0.0,0.0,0.0
2020-08-12,128.8899993896484,131.8300018310547,128.2100067138672,131.4299926757812,131.4299926757812,953600,2.9854175264082823,2.406812904514687,4.232243340718124,3.4071230420895837,2.771196605304634,130.94399871826172,130.9734977722168,119.35183258056641,114.04458300272624,103.76124977111816,130.27060953662036,128.64651430157488,121.42256680659739,114.82288945179144,109.57527672529737,127.77826423686261,122.59321812067225,5.185046116190364,4.7980228340074,-0.433696535025253,0.433696535025253,0.433696535025253,0.433696535025253,-0.433696535025253,0.433696535025253,0.433696535025253,0.433696535025253,0.433696535025253,2.9149932861328978,3.9863990783691485,131.8300018310547,121.84636444091797,122.63669433593749,123.42702423095703,,,,,,,,,,0.0,0.0,0.0
2020-08-13,132.0299987792969,133.0599975585938,130.1450042724609,132.0,132.0,999400,0.433696535025253,2.3084133845292474,2.241246892954443,3.381002527531127,2.766540522304469,130.29799957275387,131.30649795532227,120.14316584269206,114.60574963887532,104.38764976501464,130.8470730244136,129.2562389740158,122.10498185133305,115.38607340419172,110.0193306515291,128.42776204657605,123.29001677840023,5.13774526817582,4.865967320841084,0.24242979107485366,-0.24242979107485366,-0.24242979107485366,-0.24242979107485366,0.24242979107485366,-0.24242979107485366,-0.24242979107485366,-0.24242979107485366,-0.24242979107485366,1.7300109863281818,3.960899734497082,133.0599975585938,123.05992385864256,123.8572036743164,124.65448348999021,,,,,,,,,,0.0,0.0,0.0
2020-08-14,133.0,133.2400054931641,131.5099945068359,131.6799926757812,131.6799926757812,716900,-0.24242979107485366,1.763551639636687,2.2363538870042823,3.378339586303091,2.7025964801178555,130.4399978637695,131.65949783325195,120.85583216349283,115.07824948628743,104.91654968261719,131.1247129082028,129.69692146524585,122.72272448516843,115.9203002655553,110.44825465200934,128.92810522029993,123.91149647450253,5.016608745797399,4.896095605832347,-1.6175615137350836,1.6175615137350836,1.6175615137350836,1.6175615137350836,-1.6175615137350836,1.6175615137350836,1.6175615137350836,1.6175615137350836,1.6175615137350836,3.9900054931640057,3.972150039672863,133.2400054931641,124.34601814270023,125.13819808959964,125.93037803649906,,,,,,,,,,0.0,0.0,0.0
2020-08-17,131.3999938964844,135.3000030517578,131.3099975585938,133.8099975585938,133.8099975585938,1781600,1.6175615137350836,1.6994659446704443,1.8903368183645544,3.3698010863478878,2.636259984699661,131.3079971313476,131.7079978942871,121.52849884033203,115.65891609191894,105.47724967956543,132.0198077916665,130.4447534822182,123.43803242538942,116.50684771778607,110.91086342243675,129.67916558003745,124.6447187770278,5.034446803009644,4.923765845267806,0.8967916972846155,-0.8967916972846155,-0.8967916972846155,-0.8967916972846155,0.8967916972846155,-0.8967916972846155,-0.8967916972846155,-0.8967916972846155,-0.8967916972846155,3.9750061035155966,4.042450332641608,135.3000030517578,124.50127540588379,125.29570541381837,126.09013542175293,,,,,,,,,,0.0,0.0,0.0
2020-08-18,134.5899963378906,135.1450042724609,131.1699981689453,132.6100006103516,132.6100006103516,996400,-0.8967916972846155,1.5445301569051462,1.8387720861373666,3.3888236993321614,2.6285781751405035,132.30599670410157,131.84399795532227,122.18149897257487,116.17674942016602,105.96844970703125,132.21653873122818,130.83843477824246,124.0297723082902,117.03481994377182,111.34054930734595,130.13006327700887,125.2347396535703,4.895323623438571,4.91807740090196,-0.11310903837873511,-0.11310903837873511,-0.11310903837873511,-0.11310903837873511,0.11310903837873511,-0.11310903837873511,-0.11310903837873511,-0.11310903837873511,0.11310903837873511,2.2799987792969034,4.032400131225593,135.1450042724609,126.40661231994628,127.2151023864746,128.02359245300292,,,,,,,,,,0.0,0.0,0.0
2020-08-19,132.3200073242188,134.4100036621094,132.1300048828125,132.4600067138672,132.4600067138672,791700,-0.11310903837873511,0.9424359533415443,1.7406262623146747,3.3884762584663797,2.6251635008078478,132.51199951171876,131.72799911499024,122.82916590372722,116.6642495473226,106.48614974975585,132.2976947254412,131.13326603926512,124.5736583989726,117.54056377229954,111.7587563847028,130.4885161134486,125.7699446209997,4.718571492448916,4.878176219211351,-1.3136081873548104,-1.3136081873548104,-1.3136081873548104,-1.3136081873548104,1.3136081873548104,-1.3136081873548104,-1.3136081873548104,-1.3136081873548104,1.3136081873548104,1.833999633789091,3.931600189208992,134.4100036621094,126.2737239837646,127.08020401000972,127.88668403625485,,,,,,,,,,0.0,0.0,0.0
2020-08-20,130.6300048828125,132.343994140625,130.5099945068359,130.7200012207031,130.7200012207031,833900,-1.3136081873548104,1.122273258196612,1.717142163744058,3.4111884698089394,2.6222751853970543,132.25599975585936,131.27699966430663,123.41616592407226,117.0815828959147,106.97854972839356,131.7717968905285,131.05812698134474,124.97019664553586,117.97267647552587,112.13422657947508,130.52412920687237,126.136615480237,4.387513726635376,4.780043720696156,-0.03825202822126713,-0.03825202822126713,-0.03825202822126713,-0.03825202822126713,0.03825202822126713,-0.03825202822126713,-0.03825202822126713,-0.03825202822126713,0.03825202822126713,1.600006103515625,3.7026004791259886,132.343994140625,125.76048324584963,126.54680328369142,127.33312332153322,,,,,,,,,,0.0,0.0,0.0
2020-08-21,131.0,131.0500030517578,129.4499969482422,130.6699981689453,130.6699981689453,948100,-0.03825202822126713,1.1235877113726807,1.4012538102752885,3.1292474147710934,2.5384713016929643,132.05400085449222,131.24699935913083,124.03816579182943,117.57991625467936,107.47894973754883,131.40453065000077,130.98755810636302,125.33792577607842,118.38898210481831,112.50127156144478,130.54657058565283,126.4724216053265,4.074148980326328,4.638864772622191,0.9719172650625372,0.9719172650625372,0.9719172650625372,0.9719172650625372,-0.9719172650625372,0.9719172650625372,0.9719172650625372,0.9719172650625372,-0.9719172650625372,1.9700012207030966,3.6576004028320432,131.0500030517578,124.19827308654783,124.93879318237302,125.67931327819822,,,,,,,,,,0.0,0.0,0.0
2020-08-24,132.1499938964844,132.7799987792969,130.8099975585938,131.9400024414062,131.9400024414062,736100,0.9719172650625372,0.880674282319477,1.3709797084751232,3.0918403911437724,2.498215187290381,131.68000183105468,131.49399948120114,124.73983256022136,118.03324966430664,108.05254974365235,131.58302124713592,131.1607298036436,125.76386620609958,118.8332778535589,112.88619692540442,130.76094471730718,126.87742759318425,3.883517124122932,4.487795242922339,0.02273668238730381,0.02273668238730381,0.02273668238730381,0.02273668238730381,-0.02273668238730381,0.02273668238730381,0.02273668238730381,0.02273668238730381,-0.02273668238730381,2.690002441406307,3.680600738525404,132.7799987792969,123.00328216552731,123.73480224609372,124.46632232666013,,,,,,,,,,0.0,0.0,0.0
2020-08-25,132.5899963378906,133.1300048828125,130.4400024414062,131.9700012207031,131.9700012207031,1007300,0.02273668238730381,0.8125152570040829,1.251255313725316,3.0515010733368544,2.497641139300008,131.552001953125,131.9289993286133,125.38483250935873,118.48974965413412,108.60564971923829,131.7120145716583,131.30787006129077,126.16426201349336,119.2639900951046,113.2640940401628,130.94695341013733,127.25465526929675,3.6922981408405775,4.328695822505987,0.34856915178615827,-0.34856915178615827,-0.34856915178615827,-0.34856915178615827,0.34856915178615827,-0.34856915178615827,-0.34856915178615827,-0.34856915178615827,0.34856915178615827,1.6600036621094034,3.6491008758545043,133.1300048828125,124.68267715454101,125.41879730224609,126.15491744995117,,,,,,,,,,0.0,0.0,0.0
2020-08-26,131.8999938964844,132.7400054931641,131.0800018310547,131.5099945068359,131.5099945068359,709700,-0.34856915178615827,0.8206775370551569,0.8480829151194447,3.0547720687392528,2.429734985591792,131.36199951171872,131.93699951171874,126.00716578165688,118.85358289082845,109.18634963989258,131.64467455005087,131.34461996048077,126.50914798080578,119.66549843647284,113.6253989998989,131.03357511732173,127.56986558318853,3.4637095341332014,4.15569856483143,3.322937647115757,-3.322937647115757,-3.322937647115757,-3.322937647115757,3.322937647115757,-3.322937647115757,-3.322937647115757,-3.322937647115757,3.322937647115757,5.30998992919919,3.4741004943847784,132.7400054931641,125.10198295593258,125.8318031311035,126.5616233062744,,,,,,,,,,0.0,0.0,0.0
2020-08-27,131.4700012207031,131.6799926757812,126.370002746582,127.1399993896484,127.1399993896484,1389700,-3.322937647115757,1.6306179429273577,1.3327407531818478,1.8248632792769786,2.4487309889182076,130.6459991455078,131.45099945068358,126.52249908447266,119.0894162495931,109.63164962768555,130.14311616325006,130.58014349305668,126.54984807169886,119.91056404149498,113.89301484920088,130.43456346691045,127.5380236429263,2.896539823984142,3.9038668166619725,-1.698917470881538,1.698917470881538,1.698917470881538,1.698917470881538,-1.698917470881538,-1.698917470881538,1.698917470881538,1.698917470881538,-1.698917470881538,2.348007202148409,3.293000793457039,131.6799926757812,125.09698440551757,125.79180450439453,126.4866246032715,,,1.0,,,126.4866246032715,,,127.1399993896484,0.0,0.0,0.5165564251763595
2020-08-28,127.9899978637695,129.5200042724609,127.1719970703125,129.3000030517578,129.3000030517578,689400,1.698917470881538,1.923772611186217,1.4854428770160635,1.8632087926048775,2.456062515264104,130.3720001220703,131.21300048828124,127.0331657409668,119.35441627502442,110.10614967346191,129.8620784594193,130.3473906855478,126.72727742525106,120.21841450084786,114.19810372449903,130.26001571073311,127.66854063617309,2.591475074560023,3.641388468241583,0.7965960982109203,-0.7965960982109203,-0.7965960982109203,-0.7965960982109203,0.7965960982109203,0.7965960982109203,-0.7965960982109203,-0.7965960982109203,0.7965960982109203,1.9799957275390057,3.1230010986328147,129.5200042724609,124.43539093017571,125.09399108886711,125.75259124755853,,,,,,,,,,0.0,0.0,0.0
2020-08-31,128.6399993896484,129.3899993896484,127.4100036621094,128.2700042724609,128.2700042724609,875400,-0.7965960982109203,1.8149532909252126,1.3524713300459166,1.6174858178702676,2.448754584181272,129.63800048828122,130.65900115966798,127.42916590372721,119.56441637674968,110.51864974975587,129.3313870637665,129.96968406498652,126.82680818958718,120.4824010507368,114.47675522049829,129.9538601048451,127.71309349812034,2.2407666067247476,3.361264095938216,-2.5025269729154873,2.5025269729154873,2.5025269729154873,2.5025269729154873,-2.5025269729154873,-2.5025269729154873,2.5025269729154873,2.5025269729154873,-2.5025269729154873,3.514999389648409,3.114750671386721,129.3899993896484,122.64940185546871,123.27400207519528,123.89860229492184,,,,,,,,,,0.0,0.0,0.0
2020-09-01,129.0700073242188,131.7899932861328,128.2749938964844,131.4799957275391,131.4799957275391,891100,2.5025269729154873,2.2876145261370033,1.618558778104591,1.6888455238193274,2.4599088244626484,129.53999938964841,130.5460006713867,127.92049916585286,119.79641634623209,111.00234970092774,130.04758995169072,130.24428618545062,127.12701383719698,120.84297792538605,114.81345305232088,130.18865020064416,127.9921232928921,2.196526907752059,3.1283166583009847,-2.426226456545329,2.426226456545329,2.426226456545329,2.426226456545329,-2.426226456545329,-2.426226456545329,2.426226456545329,2.426226456545329,-2.426226456545329,4.639999389648409,3.1902503967285165,131.7899932861328,122.53754791259762,123.16049804687496,123.78344818115231,,,,,,,,,,0.0,0.0,0.0
2020-09-02,132.6699981689453,135.8899993896484,131.25,134.6699981689453,134.6699981689453,1251800,2.426226456545329,2.522591236908321,1.8006429739692174,1.7285649309531952,2.462746987794392,130.1720001220703,130.7669998168945,128.46183242797852,120.11541633605957,111.50174964904785,131.5883926907756,131.04896109154055,127.61365798763237,121.29632285140438,115.20665196552136,130.87808834961356,128.48678069111827,2.3913076584952933,2.9809148583398466,9.824011218105099,-9.824011218105099,-9.824011218105099,-9.824011218105099,9.824011218105099,-9.824011218105099,-9.824011218105099,-9.824011218105099,9.824011218105099,11.29999542236331,3.6038501739501974,135.8899993896484,124.77144241333008,125.40949249267578,126.04754257202148,,,,,,,,,,0.0,0.0,0.0
2020-09-03,131.8099975585938,132.2799987792969,120.9800033569336,121.4400024414062,121.4400024414062,2367900,-9.824011218105099,5.219975817813109,3.648310644073158,2.78081179977918,2.7857869794219394,129.03200073242186,129.83899993896483,128.57149912516277,120.2249163309733,111.81784965515136,128.2055959409858,129.30187770060704,127.21535762981134,121.30103365763395,115.33008464821215,129.42607513296628,127.96479711706553,1.4612780159007457,2.6769874898520265,2.099804842303222,-2.099804842303222,-2.099804842303222,-2.099804842303222,2.099804842303222,2.099804842303222,-2.099804842303222,-2.099804842303222,2.099804842303222,8.02999877929679,3.6373500823974574,132.2799987792969,127.96152900695797,128.68229904174802,129.40306907653806,1.0,1.0,1.0,127.96152900695797,128.68229904174802,129.40306907653806,121.4400024414062,121.4400024414062,121.4400024414062,-5.096474398330431,-5.628044147697605,-6.153692251628089
2020-09-04,120.5,122.6399993896484,114.6100006103516,118.8899993896484,118.8899993896484,2304300,-2.099804842303222,5.038902882849987,3.6667947837690886,2.737671689715239,2.663002840998216,126.95,128.66100006103517,128.8038324991862,120.41658299763998,112.16114967346192,125.10039709054001,127.40880891679637,126.67823774334921,121.22198335376557,115.4005780094287,127.80514040322507,127.29258987799759,0.512550525227482,2.244100096927118,4.020522166570873,4.020522166570873,-4.020522166570873,-4.020522166570873,4.020522166570873,4.020522166570873,-4.020522166570873,-4.020522166570873,4.020522166570873,5.639999389648395,3.7203498840331966,122.6399993896484,124.2778285980225,125.00529861450198,125.73276863098148,1.0,1.0,1.0,120.5,120.5,120.5,118.8899993896484,118.8899993896484,118.8899993896484,-1.3361000915780956,-1.3361000915780956,-1.3361000915780956
2020-09-08,114.2099990844727,117.6699981689453,112.0299987792969,114.1100006103516,114.1100006103516,1709900,-4.020522166570873,5.122635299907878,3.72647662848535,2.8495560156099375,2.713177756679968,124.1179992675781,126.87799987792967,128.76916580200196,120.50341631571452,112.43404968261719,121.43693159714388,124.99084377017004,125.86738373476874,120.98880359168642,115.37502202132816,125.69819581970607,126.31610178409788,-0.6179059643918094,1.6716988846633325,-7.536586125774621,-7.536586125774621,7.536586125774621,7.536586125774621,-7.536586125774621,-7.536586125774621,-7.536586125774621,7.536586125774621,-7.536586125774621,4.635002136230497,3.783100509643551,117.6699981689453,114.45522964477536,115.199299621582,115.94336959838864,1.0,1.0,1.0,114.2099990844727,114.2099990844727,114.2099990844727,114.1100006103516,114.1100006103516,114.1100006103516,-0.08755667185246387,-0.08755667185246387,-0.08755667185246387
2020-09-09,123.9599990844727,125.7799987792969,121.1449966430664,122.7099990844727,122.7099990844727,3374400,7.536586125774621,6.569169481814623,4.6763547330688615,3.3684761093544338,2.8766702081144446,122.36399993896484,125.95199966430661,129.0798324584961,120.71991628011068,112.79844970703125,121.8612874262535,124.57614473640687,125.66368149926578,121.04523623079416,115.52026909188548,125.23847324505479,126.04898306560713,-0.8105098205523404,1.175257143620198,1.0186618933470197,1.0186618933470197,-1.0186618933470197,-1.0186618933470197,1.0186618933470197,1.0186618933470197,1.0186618933470197,-1.0186618933470197,1.0186618933470197,5.959999084472699,3.900100708007811,125.7799987792969,109.34717704772949,110.10379714965819,110.86041725158691,,,,,,,,,,0.0,0.0,0.0
2020-09-10,124.0500030517578,126.4599990844727,120.5,121.4599990844727,121.4599990844727,1842600,-1.0186618933470197,6.26800051064817,4.676757410787631,3.290974478804096,2.863886225983733,119.72200012207031,124.94700012207029,129.28583246866862,120.86791623433432,113.16534973144532,121.72752464565991,124.00957279969157,125.39247618218236,121.05883501288197,115.63788750758027,124.65716952804216,125.70905832626384,-1.0518887982216825,0.729827955251822,-1.2349744865029875,-1.2349744865029875,1.2349744865029875,1.2349744865029875,-1.2349744865029875,-1.2349744865029875,-1.2349744865029875,1.2349744865029875,-1.2349744865029875,3.6800003051758097,3.938351058959957,126.4599990844727,117.19977722167971,117.97979736328128,118.75981750488285,,,,,,,,,,0.0,0.0,0.0
2020-09-11,123.5899963378906,124.4100036621094,120.7300033569336,122.9599990844727,122.9599990844727,1114200,1.2349744865029875,4.455437275297499,4.613517693549627,3.3057493501913537,2.8671550738636813,120.02599945068361,124.52900009155273,129.09549916585286,121.03991622924805,113.58314971923828,122.1383494585975,123.81874121510631,125.23554217587852,121.12116826113083,115.78287981603359,124.39606638287762,125.50542430835338,-1.1093579254757628,0.36199077910630506,0.09759494752408157,0.09759494752408157,-0.09759494752408157,-0.09759494752408157,0.09759494752408157,0.09759494752408157,0.09759494752408157,-0.09759494752408157,0.09759494752408157,3.685005187988196,4.036100769042958,124.4100036621094,117.79562675476079,118.58329696655278,119.37096717834477,,,,,,,,,,0.0,0.0,0.0
2020-09-14,125.2399978637695,125.745002746582,122.0599975585938,122.8399963378906,122.8399963378906,1098100,-0.09759494752408157,4.2689214173251315,4.564516320865128,3.3060434817705127,2.8613611783343074,120.81599884033206,123.88299942016602,128.9184992472331,121.23308283487955,113.94574966430665,122.37223175169521,123.64078760106707,125.0809908314922,121.17752328004099,115.92262469765451,124.15667099134116,125.30798519943022,-1.1513142080890617,0.059329781667231685,-5.820587242290595,-5.820587242290595,5.820587242290595,5.820587242290595,-5.820587242290595,-5.820587242290595,-5.820587242290595,5.820587242290595,-5.820587242290595,5.444992065429588,4.108850097656236,125.745002746582,115.5305819702149,116.33780212402348,117.14502227783208,,,,,,,,,,0.0,0.0,0.0
2020-09-15,125.7699966430664,130.5549926757812,125.1100006103516,129.9900054931641,129.9900054931641,1751400,5.820587242290595,3.7726581266654335,4.965219092932168,3.5579338307778765,2.9516774552625877,123.99199981689455,124.0549995422363,128.80733286539714,121.53624954223633,114.38614974975586,124.91148966551819,124.79519085417562,125.39770145482588,121.4664571230942,116.2011866936052,125.05410706854468,125.65480151748459,-0.6006944489399046,-0.07267506445419558,0.892379116154746,0.892379116154746,-0.892379116154746,-0.892379116154746,0.892379116154746,-0.892379116154746,0.892379116154746,-0.892379116154746,0.892379116154746,3.074996948242216,4.063849639892568,130.5549926757812,116.70553253173829,117.52730255126953,118.34907257080077,,,,,,,,,,0.0,0.0,0.0
2020-09-16,131.0,131.8099975585938,128.7350006103516,128.8300018310547,128.8300018310547,1125100,-0.892379116154746,2.8352091277351734,4.909540236220799,3.5578808998089535,2.9556019569826373,125.21600036621096,123.7900001525879,128.72666625976564,121.81258290608724,114.77554977416992,126.2176603873637,125.52879284997181,125.61914018877613,121.70788481843717,116.45126224088142,125.63501395508467,125.890001540712,-0.25498758562733315,-0.1091375686888231,1.1410395092836045,-1.1410395092836045,1.1410395092836045,1.1410395092836045,-1.1410395092836045,1.1410395092836045,-1.1410395092836045,1.1410395092836045,-1.1410395092836045,6.02999877929679,4.251349639892561,131.8099975585938,121.61452346801754,122.42729339599606,123.24006332397457,,,,,,,,,,0.0,0.0,0.0
2020-09-17,125.1999969482422,131.1900024414062,125.1600036621094,130.3000030517578,130.3000030517578,1291300,1.1410395092836045,2.6040900139852834,4.8527456908720215,3.568369719824614,2.9567467418229794,126.98400115966797,123.35300064086914,128.61599985758463,122.11891632080078,115.16574981689453,127.57844127549508,126.39628561393289,125.92113134122657,121.98959361297227,116.72549473218591,126.35270458534208,126.216668319308,0.1360362660340826,-0.06010280174424196,-1.7498071572502125,1.7498071572502125,-1.7498071572502125,-1.7498071572502125,1.7498071572502125,-1.7498071572502125,-1.7498071572502125,-1.7498071572502125,-1.7498071572502125,4.9600067138671875,4.407649993896467,131.1900024414062,122.45702835083017,123.30729827880869,124.15756820678719,,,,,,,,,,0.0,0.0,0.0
2020-09-18,130.8099975585938,131.2400054931641,126.2799987792969,128.0200042724609,128.0200042724609,1609300,-1.7498071572502125,2.978426657575771,3.583266984912451,3.5780068237943783,2.9367360980559543,127.99600219726562,124.01100082397461,128.37566680908202,122.44391644795736,115.51454986572266,127.72562894115036,126.6915071882107,126.0565424980804,122.18731199525058,116.94914838644877,126.60921222951421,126.35024876028228,0.25896346923192937,0.003710452450992309,-0.3671310771891728,0.3671310771891728,-0.3671310771891728,-0.3671310771891728,0.3671310771891728,-0.3671310771891728,-0.3671310771891728,-0.3671310771891728,-0.3671310771891728,4.249992370605497,4.54014930725096,131.2400054931641,121.49317245483397,122.37470245361325,123.25623245239255,,,,,,,,,,0.0,0.0,0.0
2020-09-21,126.6900024414062,128.6199951171875,124.370002746582,127.5500030517578,127.5500030517578,1544800,-0.3671310771891728,3.0020829389358314,3.479381339458044,3.578741059317541,2.938033173612068,128.93800354003906,124.87700119018555,128.26166687011718,122.7535831451416,115.79614990234376,127.66708697801951,126.84759734521924,126.15289479186605,122.36313793152951,117.1590663006133,126.75394927909015,126.43911944853973,0.3148298305504227,0.06593432807087839,2.8694657581656164,-2.8694657581656164,2.8694657581656164,2.8694657581656164,-2.8694657581656164,2.8694657581656164,2.8694657581656164,2.8694657581656164,2.8694657581656164,5.830001831054702,4.73314933776854,128.6199951171875,121.25167701721197,122.15970687866218,123.06773674011237,,,,,,,,,,0.0,0.0,0.0
2020-09-22,128.8300018310547,131.4100036621094,125.5800018310547,131.2100067138672,131.2100067138672,1149200,2.8694657581656164,1.8253958647654416,3.088003658435981,3.6322671300335854,2.9470194228374775,129.1820037841797,126.58700180053711,128.31966705322264,123.15091654459636,116.12794998168945,128.84806022330207,127.64076268497341,126.47916007715645,122.65319920308156,117.43730274444012,127.43949657674816,126.79251850523066,0.6469780715174949,0.1821430767602017,-4.1460329185592855,4.1460329185592855,-4.1460329185592855,-4.1460329185592855,4.1460329185592855,-4.1460329185592855,-4.1460329185592855,-4.1460329185592855,-4.1460329185592855,5.499992370605497,4.8736488342285,131.4100036621094,118.20706657409671,119.15369644165042,120.10032630920412,,,,,,,,,,0.0,0.0,0.0
2020-09-23,130.2590026855469,130.8999938964844,125.4000015258789,125.7699966430664,125.7699966430664,964900,-4.1460329185592855,2.6882747098788897,2.71598230054289,3.750734324793252,3.0041541824228997,128.57000274658202,126.89300155639648,128.25800018310548,123.45658315022787,116.45414993286133,127.82203902989019,127.30062340462666,126.43340759753775,122.75538928308104,117.60230658401687,127.18265043310481,126.71677614507036,0.4658742880344562,0.23888931901505261,-0.6201787390601032,0.6201787390601032,-0.6201787390601032,-0.6201787390601032,0.6201787390601032,-0.6201787390601032,-0.6201787390601032,-0.6201787390601032,-0.6201787390601032,4.029998779296804,4.99214859008787,130.8999938964844,120.6879762268067,121.66270599365241,122.63743576049811,,,,,,,,,,0.0,0.0,0.0
2020-09-24,125.2600021362305,128.3899993896484,124.3600006103516,124.9899978637695,124.9899978637695,1044900,-0.6201787390601032,2.538834507087524,2.6976821410397305,3.7518962061596093,2.987197501321124,127.50800170898438,127.24600143432617,128.04333368937174,123.69758313496908,116.76264991760254,126.87802530784997,126.88050966992536,126.34028438890755,122.82865513818558,117.74859750044762,126.8453192685917,126.58886664275178,0.2564526258399127,0.24240198038002464,0.5120404837081841,-0.5120404837081841,0.5120404837081841,0.5120404837081841,-0.5120404837081841,-0.5120404837081841,0.5120404837081841,0.5120404837081841,0.5120404837081841,3.25,4.8891490936279105,128.3899993896484,119.91726699829108,120.91569671630866,121.91412643432623,,,,,,,,,,0.0,0.0,0.0
2020-09-25,124.9300003051758,126.3300018310547,123.0800018310547,125.629997253418,125.629997253418,993800,0.5120404837081841,2.5293887024656265,2.6800459768601628,3.680470171953683,2.9720061433048284,127.03000030517578,127.5130012512207,127.83100026448568,123.98708305358886,117.04184989929199,126.46201595637265,126.65314377601493,126.29445941242436,122.92050242065221,117.90466482228861,126.65834665087267,126.51783928057891,0.14050737029376137,0.222023058362772,-2.228763419229492,-2.228763419229492,2.228763419229492,2.228763419229492,-2.228763419229492,-2.228763419229492,2.228763419229492,2.228763419229492,-2.228763419229492,2.139999389648395,4.87874870300291,126.3300018310547,117.633871383667,118.6117012023926,119.58953102111818,,,,,,,,,,0.0,0.0,0.0
2020-09-28,128.0399932861328,128.7200012207031,126.5800018310547,128.4299926757812,128.4299926757812,1156000,2.228763419229492,2.7791693642456816,2.7469429469593827,3.6951787404618175,2.9754655610073395,127.20599822998047,128.07200088500977,127.72266693115235,124.2892495473226,117.34314979553223,127.11800819617551,126.97620721233605,126.43223575199578,123.10114144541055,118.11308715602114,126.93090757778168,126.65948027281613,0.271427304965556,0.23190390768332883,-1.8220133381047727,1.8220133381047727,1.8220133381047727,1.8220133381047727,-1.8220133381047727,1.8220133381047727,1.8220133381047727,1.8220133381047727,1.8220133381047727,4.479995727539091,5.003748703002914,128.7200012207031,115.5967546844483,116.57250442504888,117.54825416564947,,,,,,,,,,0.0,0.0,0.0
2020-09-29,128.2400054931641,132.6199951171875,128.1399993896484,130.7700042724609,130.7700042724609,1109200,1.8220133381047727,2.5551536750508674,2.097316362633093,3.7106349755846257,2.960883205365489,127.1179977416992,128.15000076293944,127.62133382161458,124.57491633097331,117.6426498413086,128.33534022160399,127.6659884959951,126.71209178557417,123.35257957088761,118.36371917812886,127.52153783850156,126.96396353204906,0.5575743064524943,0.2970379874371619,1.345881859847613,-1.345881859847613,-1.345881859847613,-1.345881859847613,1.345881859847613,-1.345881859847613,-1.345881859847613,-1.345881859847613,-1.345881859847613,3.25,4.990498733520494,132.6199951171875,117.71175407409669,118.71250381469727,119.71325355529785,,,,,,,,,,0.0,0.0,0.0
2020-09-30,130.5299987792969,131.2700042724609,128.0200042724609,129.0099945068359,129.0099945068359,1349600,-1.345881859847613,1.5327014612635939,2.1253881907609755,3.6826014881829825,2.9664900369095566,127.7659973144531,128.1680000305176,127.50133361816407,124.84141629536947,117.90274978637696,128.56022498334798,127.91035322523888,126.86034357404269,123.538068585181,118.57453651137058,127.75053117209146,127.11552138203328,0.6350097900581773,0.364632347961365,-4.712814580216515,4.712814580216515,4.712814580216515,4.712814580216515,-4.712814580216515,4.712814580216515,4.712814580216515,4.712814580216515,4.712814580216515,3.8430023193359943,4.950648880004873,131.2700042724609,121.64089790344241,122.63899765014651,123.6370973968506,,,,,,,,,,0.0,0.0,0.0
2020-10-01,132.0850067138672,135.2100067138672,131.3670043945312,135.0899963378906,135.0899963378906,1627400,4.712814580216515,2.235796099723257,2.582901495402076,3.7965851849339702,3.0212937216271416,129.7859970092773,128.64699935913086,127.58899993896483,125.20908292134602,118.23464973449707,130.7368154348622,129.21574288208464,127.3912889136458,123.91682031477802,118.90157531981653,128.87967965913748,127.70622323061531,1.1734564285221722,0.5263971640735264,-3.3459094945611487,-3.3459094945611487,-3.3459094945611487,-3.3459094945611487,3.3459094945611487,-3.3459094945611487,-3.3459094945611487,-3.3459094945611487,-3.3459094945611487,2.970001220703182,4.534149169921866,135.2100067138672,120.37857673645019,121.36870651245117,122.35883628845214,,,,,,,,,,0.0,0.0,0.0
2020-10-02,131.5,133.4799957275391,130.5099945068359,130.5700073242188,130.5700073242188,868000,-3.3459094945611487,3.169713613110293,2.7723043076861975,3.123374350230939,3.0584638727726134,130.7739990234375,128.90199966430663,127.58400014241536,125.50008303324381,118.53364982604981,130.68121273131442,129.4619727806545,127.59636752077954,124.13495759377608,119.13263337930964,129.13973006914998,127.91835538569704,1.221374683452936,0.6653926679494084,3.622574452181762,3.622574452181762,3.622574452181762,3.622574452181762,-3.622574452181762,3.622574452181762,3.622574452181762,3.622574452181762,3.622574452181762,3.0299987792969034,4.284149169921872,133.4799957275391,125.23487854003908,126.14170837402345,127.04853820800783,,,,,,,,,,0.0,0.0,0.0
2020-10-05,132.3699951171875,135.3800048828125,132.3500061035156,135.3000030517578,135.3000030517578,1012500,3.622574452181762,3.3795460902295784,2.9574074936115533,3.143521095207643,3.0838638198342467,132.14800109863282,129.67699966430663,127.73833363850912,125.88824971516927,118.91334983825683,132.22080950479557,130.523432829946,128.0933762647136,124.5010246579722,119.45277931341752,130.0874643741666,128.46514410170153,1.6223202724650605,0.856778188852539,-3.1189956581810283,-3.1189956581810283,-3.1189956581810283,-3.1189956581810283,3.1189956581810283,-3.1189956581810283,-3.1189956581810283,-3.1189956581810283,-3.1189956581810283,5.141998291015597,4.259249114990232,135.3800048828125,124.05486755371098,124.91169738769534,125.76852722167972,,,,,,,,,,0.0,0.0,0.0
2020-10-06,135.4100036621094,135.6300048828125,130.4880065917969,131.0800018310547,131.0800018310547,1484100,-3.1189956581810283,3.8083220621251743,3.0583493516223594,3.078130334878874,3.111730865014965,132.21000061035156,129.66399917602538,127.7096669514974,126.22474975585938,119.23604988098144,131.8405402802153,130.62462719378394,128.2860617851227,124.71672882758146,119.68302134346975,130.24016244445707,128.6588372668388,1.5813251776182824,1.0016875866056876,2.7158967873544144,2.7158967873544144,2.7158967873544144,2.7158967873544144,-2.7158967873544144,2.7158967873544144,2.7158967873544144,2.7158967873544144,2.7158967873544144,1.625,4.108749008178707,135.6300048828125,126.00965682983399,126.86150665283203,127.71335647583008,,,,,,,,,,0.0,0.0,0.0
2020-10-07,133.8500061035156,135.1300048828125,133.5050048828125,134.6399993896484,134.6399993896484,1168600,2.7158967873544144,3.8544139965001287,2.7732568995705087,2.6810312986946347,3.1230543675713016,133.33600158691405,130.5509994506836,127.79866689046223,126.59174969991048,119.6353498840332,132.77369331669303,131.35469486575928,128.69599324347922,125.04208196076398,119.97919912656239,130.91706043602497,129.10188631297282,1.8151741230521452,1.1643848938949792,0.5718986006770548,0.5718986006770548,0.5718986006770548,0.5718986006770548,-0.5718986006770548,0.5718986006770548,0.5718986006770548,0.5718986006770548,0.5718986006770548,3.039993286132784,3.962748718261712,135.1300048828125,126.59075706481934,127.41250686645509,128.23425666809084,,,,,,,,,,0.0,0.0,0.0
2020-10-08,136.1000061035156,137.3399963378906,134.3000030517578,135.4100036621094,135.4100036621094,1149900,0.5718986006770548,3.229154902393512,2.734681678386618,2.6571309447839755,3.1231255060895964,133.4000030517578,131.59300003051757,127.928667195638,126.96791648864745,119.99904991149903,133.65246343183182,132.09202373782293,129.1291552059715,125.38201381982448,120.28475961241482,131.60828247080718,129.56915426476073,2.039128206046456,1.3393335563252746,1.8166984628525302,1.8166984628525302,1.8166984628525302,1.8166984628525302,-1.8166984628525302,1.8166984628525302,1.8166984628525302,1.8166984628525302,1.8166984628525302,4.550003051757784,4.00624885559081,137.3399963378906,126.41195770263673,127.20450744628907,127.99705718994142,,,,,,,,,,0.0,0.0,0.0
2020-10-09,137.9799957275391,140.6900024414062,136.1399993896484,137.8699951171875,137.8699951171875,1296600,1.8166984628525302,2.6251019262706903,2.7485145769813153,2.667858553924522,3.1234141166700846,134.86000061035156,132.81699981689454,128.2863337198893,127.40441640218098,120.39444984436035,135.0583073269504,133.14256398861647,129.69308036153384,125.79145582957409,120.63298209765784,132.57162287794262,130.1840313649405,2.3875915130021212,1.5489851476606442,-0.079785750523957,-0.079785750523957,-0.079785750523957,-0.079785750523957,0.079785750523957,-0.079785750523957,-0.079785750523957,-0.079785750523957,-0.079785750523957,3.2259979248046875,3.983298492431635,140.6900024414062,128.5262488555908,129.32749862670897,130.12874839782714,,,,,,,,,,0.0,0.0,0.0
2020-10-12,139.3999938964844,139.9949951171875,136.7689971923828,137.7599945068359,137.7599945068359,966100,-0.079785750523957,2.2367223996974204,2.7277243927011816,2.6676137886393287,3.1163445741731075,135.35199890136718,133.75,128.5683334350586,127.80074958801269,120.73874977111817,135.95886972024556,133.9820968101109,130.2135264354243,126.1838669337466,120.97213085823563,133.36983389777237,130.74521381989572,2.624620077876642,1.764112133703844,-1.8800787174552887,-1.8800787174552887,-1.8800787174552887,-1.8800787174552887,1.8800787174552887,-1.8800787174552887,-1.8800787174552887,-1.8800787174552887,-1.8800787174552887,4.5900115966796875,3.94054946899414,139.9949951171875,131.9267457580566,132.72340545654293,133.52006515502924,,,,,,,,,,0.0,0.0,0.0
2020-10-13,138.0,138.8500061035156,134.2599945068359,135.1699981689453,135.1699981689453,1095100,-1.8800787174552887,1.7724897483905622,2.8139849499402727,2.419955227864512,3.1209741521463785,136.1699981689453,134.18999938964845,128.79833323160807,128.11374956766764,121.10074974060059,135.69591253647883,134.1980788753535,130.5332988053289,126.47849418735966,121.25327674557641,133.64678224718358,131.07297562352903,2.573806623654548,1.926051031693985,-0.014799343590954467,-0.014799343590954467,-0.014799343590954467,-0.014799343590954467,0.014799343590954467,-0.014799343590954467,-0.014799343590954467,-0.014799343590954467,-0.014799343590954467,2.3699951171875,3.905299377441404,138.8500061035156,131.3257862854004,132.11389617919923,132.90200607299806,,,,,,,,,,0.0,0.0,0.0
2020-10-14,134.9799957275391,136.3399963378906,133.9700012207031,135.1499938964844,135.1499938964844,965600,-0.014799343590954467,1.3355218022703057,2.754822734893166,2.406579106745194,3.121233806629628,136.2719970703125,134.8039993286133,128.92066650390626,128.42058283487955,121.43684967041015,135.5139396564807,134.37115433374092,130.8311501015325,126.76280565323259,121.52845926341617,133.87804557784523,131.37497697708127,2.503068600763953,2.0414545455079787,0.5993435841389665,0.5993435841389665,0.5993435841389665,0.5993435841389665,-0.5993435841389665,0.5993435841389665,0.5993435841389665,0.5993435841389665,0.5993435841389665,5.1300048828125,3.86029968261719,136.3399963378906,130.2583474731445,131.03940734863278,131.82046722412107,,,,,,,,,,0.0,0.0,0.0
2020-10-15,132.4100036621094,136.2400054931641,131.1100006103516,135.9600067138672,135.9600067138672,944500,0.5993435841389665,1.3380885488098575,2.3302763561036546,2.3992643812020202,3.1178290424399195,136.38199768066406,134.89100036621093,128.963666788737,128.71274960835774,121.7643497467041,135.66262867560954,134.66003658467298,131.16204407652185,127.0643532289911,121.81423248025679,134.1983472910794,131.7146088094358,2.4837384816435986,2.129911332735103,-0.8826214679120663,-0.8826214679120663,-0.8826214679120663,-0.8826214679120663,0.8826214679120663,-0.8826214679120663,-0.8826214679120663,-0.8826214679120663,-0.8826214679120663,2.430007934570284,3.7337997436523445,136.2400054931641,127.84733703613279,128.6193969726562,129.39145690917965,,,,,,,,,,0.0,0.0,0.0
2020-10-16,136.9499969482422,136.9900054931641,134.5599975585938,134.7599945068359,134.7599945068359,627600,-0.8826214679120663,0.9565372467838819,2.038842609348288,2.3690550580203005,3.120749916959466,135.75999755859374,135.30999908447265,129.4076665242513,128.98958282470704,122.0551496887207,135.36175061935165,134.67821075233897,131.39416991073566,127.3166693364614,122.07058420355538,134.28475455504193,131.94019293516914,2.344561619872792,2.172841390162641,-0.16325410334736742,-0.16325410334736742,-0.16325410334736742,-0.16325410334736742,0.16325410334736742,-0.16325410334736742,-0.16325410334736742,-0.16325410334736742,-0.16325410334736742,4.6699981689453125,3.7548000335693352,136.9900054931641,128.02564605712894,128.7724060058594,129.51916595458988,,,,,,,,,,0.0,0.0,0.0
2020-10-19,136.5,138.6699981689453,134.0,134.5399932861328,134.5399932861328,1019300,-0.16325410334736742,0.9491259257068297,1.6805711135546282,2.3665453803128416,3.0355657282765076,135.11599731445312,135.23399810791017,129.92933298746746,129.36658274332683,122.39284965515137,135.08783150827873,134.65308030393783,131.59712625753548,127.55349962989325,122.31750319528959,134.32402205213282,132.13277073894423,2.1912513131885873,2.17652337476783,-0.8250339421311684,0.8250339421311684,0.8250339421311684,0.8250339421311684,-0.8250339421311684,0.8250339421311684,0.8250339421311684,0.8250339421311684,0.8250339421311684,1.9900054931640057,3.5628002166748005,138.6699981689453,128.72944541931156,129.4804054260254,130.2313654327393,,,,,,,,,,0.0,0.0,0.0
2020-10-20,135.6199951171875,136.3500061035156,134.3600006103516,135.6499938964844,135.6499938964844,742700,0.8250339421311684,0.6744125959040312,1.297842842801119,2.2924241283986966,3.018017256603017,135.21199645996094,135.6909973144531,130.64733276367187,129.7082492828369,122.70194961547851,135.27521897101394,134.83433732076446,131.85860158908056,127.81895845830607,122.58151291214493,134.5280177204946,132.39330578765092,2.134711932843686,2.1681610863830016,0.2875041704359427,-0.2875041704359427,-0.2875041704359427,-0.2875041704359427,0.2875041704359427,-0.2875041704359427,-0.2875041704359427,-0.2875041704359427,0.2875041704359427,2.449996948242216,3.4103004455566364,136.3500061035156,130.83183769226076,131.5443977355957,132.25695777893068,,,,,,,,,,0.0,0.0,0.0
2020-10-21,135.8000030517578,137.6499938964844,135.1999969482422,135.2599945068359,135.2599945068359,799600,-0.2875041704359427,0.6940044711769873,1.0039627866621237,2.0586144794258994,3.0093904899586903,135.23399658203124,135.75299682617188,131.0656659444173,130.0727492014567,123.00874954223633,135.27014414962127,134.91172953641382,132.07804629345188,128.06292685333983,122.83257195362395,134.64062953377788,132.60565310018313,2.03497643359475,2.1415241558253513,0.19221833313232112,-0.19221833313232112,-0.19221833313232112,-0.19221833313232112,0.19221833313232112,-0.19221833313232112,-0.19221833313232112,-0.19221833313232112,0.19221833313232112,3.6399993896484943,3.390800476074221,137.6499938964844,128.847345123291,129.5294052124023,130.21146530151364,,,,,,,,,,0.0,0.0,0.0
2020-10-22,135.4199981689453,136.3999938964844,132.7599945068359,135.0,135.0,599800,-0.19221833313232112,0.613962962717125,0.9888337223094967,2.049828333658231,3.005049215432247,135.0419952392578,135.71199645996094,131.51699930826823,130.40141588846842,123.26194953918457,135.18009609974752,134.9277787116113,132.26655943580982,128.2903718745418,123.07351112285912,134.69591729781206,132.7830121297992,1.9129051680128555,2.0958003582628524,-0.5185162579571759,0.5185162579571759,0.5185162579571759,0.5185162579571759,-0.5185162579571759,0.5185162579571759,0.5185162579571759,0.5185162579571759,-0.5185162579571759,2.0500030517578125,3.3308006286621117,136.3999938964844,130.19023284912112,130.86839294433597,131.54655303955082,,,,,,,,,,0.0,0.0,0.0
2020-10-23,135.1300048828125,136.25,134.1999969482422,135.6999969482422,135.6999969482422,729900,0.5185162579571759,0.49940912121581343,0.7840615884675316,2.049846509670026,2.6132536694958173,135.22999572753906,135.4949966430664,131.94166590372723,130.51858253479003,123.48904953002929,135.3533963825791,135.06818202736235,132.48807153338612,128.53331040154836,123.32354054514393,134.85039109018592,132.9990850793135,1.8513060108724346,2.046901488784769,0.9211496154099155,-0.9211496154099155,-0.9211496154099155,-0.9211496154099155,0.9211496154099155,-0.9211496154099155,-0.9211496154099155,-0.9211496154099155,0.9211496154099155,5.39999389648429,3.4938003540039064,136.25,129.07223251342776,129.73839263916017,130.4045527648926,,,,,,,,,,0.0,0.0,0.0
2020-10-26,135.4900054931641,138.1799926757812,132.7799987792969,134.4499969482422,134.4499969482422,1115600,-0.9211496154099155,0.6922799478060572,0.8193542209273492,2.0232737212081404,2.6158707991659145,135.21199645996094,135.16399688720702,132.32866592407225,130.62358258565266,123.69954948425293,135.05226323780013,134.95578474024958,132.61464736660264,128.72730012439078,123.54386641451221,134.78879199142534,133.10656003256747,1.6822319588578694,1.9739675827993892,-2.3577525034571813,-2.3577525034571813,-2.3577525034571813,-2.3577525034571813,2.3577525034571813,-2.3577525034571813,-2.3577525034571813,-2.3577525034571813,2.3577525034571813,3.5400085449219034,3.4468009948730467,138.1799926757812,128.5636392211914,129.26239929199218,129.96115936279296,,,,,,,,,,0.0,0.0,0.0
2020-10-27,134.1199951171875,134.7200012207031,131.1799926757812,131.2799987792969,131.2799987792969,527200,-2.3577525034571813,1.083549570184987,0.9318078865689344,2.0675852100102916,2.5833594005309872,134.33799743652344,134.77499694824218,132.37166570027668,130.58949928283693,123.85564949035644,133.79484175163242,134.28746002007637,132.5285410061313,128.81099516225655,123.69705715440894,134.24897765109787,132.97125919899187,1.2777184521060008,1.8347177566607118,4.814137533204244,-4.814137533204244,-4.814137533204244,-4.814137533204244,4.814137533204244,4.814137533204244,-4.814137533204244,-4.814137533204244,4.814137533204244,4.714996337890597,3.5200508117675766,134.7200012207031,130.5970304870605,131.2863906860351,131.97575088500972,,1.0,1.0,,131.2863906860351,131.97575088500972,,131.2799987792969,131.2799987792969,0.0,-0.004868674281318006,-0.5271817747178579
2020-10-28,129.1999969482422,129.2749938964844,124.5599975585938,124.9599990844727,124.9599990844727,1041900,-4.814137533204244,2.1109704673409113,1.6972448623041434,2.3199514282041496,2.6501534090919328,132.2779983520508,133.75599746704103,132.24266560872397,130.4846659342448,123.92964950561523,130.8498941959125,132.59155803178479,132.0402479789275,128.6847329957718,123.72206590549932,132.81990402546325,132.3778325238423,0.4420715016209442,1.5561885056527585,-3.801222522563795,3.801222522563795,3.801222522563795,3.801222522563795,-3.801222522563795,-3.801222522563795,3.801222522563795,3.801222522563795,-3.801222522563795,5.849998474121094,3.6204006195068317,129.2749938964844,126.97588943481443,127.67989959716795,128.38390975952146,1.0,1.0,1.0,126.97588943481443,127.67989959716795,128.38390975952146,124.9599990844727,124.9599990844727,124.9599990844727,-1.5876166406982577,-2.1302495704308786,-2.6669313011748566
2020-10-29,125.3899993896484,130.8699951171875,125.0199966430664,129.7100067138672,129.7100067138672,846800,3.801222522563795,3.2192400326978534,2.2087200601625887,2.226804995525249,2.686076212920034,131.21999969482422,133.13099746704103,132.2229990641276,130.41949946085612,124.07144958496093,130.4699317018974,132.06763961034522,131.8899098327946,128.71834852751263,123.84063899081353,132.3414582852177,132.18021579717748,0.1612424880402159,1.2771993021302501,1.8117384795912936,-1.8117384795912936,-1.8117384795912936,-1.8117384795912936,1.8117384795912936,1.8117384795912936,-1.8117384795912936,-1.8117384795912936,1.8117384795912936,2.929992675781193,3.618400192260732,130.8699951171875,121.31011253356937,122.03419265747074,122.75827278137211,,,,,,,,,,0.0,0.0,0.0
2020-10-30,127.1600036621094,128.4299926757812,125.5,127.3600006103516,127.3600006103516,882600,-1.8117384795912936,3.156914808794337,2.2482511658193993,2.1365794323247966,2.691107233797405,129.5520004272461,132.39099807739257,132.20099894205728,130.28833287556967,124.19634956359863,129.43328800471548,131.21170524671,131.59765762489505,128.67381253022864,123.91032931991329,131.57508018139214,131.82316282037556,-0.2480826389834192,0.9721429139075164,-0.4554034455677024,0.4554034455677024,0.4554034455677024,0.4554034455677024,-0.4554034455677024,-0.4554034455677024,-0.4554034455677024,0.4554034455677024,-0.4554034455677024,3.9800033569335938,3.6659004211425668,128.4299926757812,122.90951469421388,123.63319473266604,124.35687477111819,,,,,,,,,,0.0,0.0,0.0
2020-11-02,129.8899993896484,130.5,126.5199966430664,127.9400024414062,127.9400024414062,814200,0.4554034455677024,3.24827214534468,2.268202556683934,1.9556542414722107,2.661113642497193,128.2500015258789,131.73099899291992,132.21399892171223,130.23783289591472,124.40184959411621,128.93552615027906,130.6168501912002,131.3616798711216,128.64975318305414,123.99012482726958,131.01583745216354,131.53552131082228,-0.5196838586587376,0.6737775593942656,-0.406443850662849,-0.406443850662849,0.406443850662849,0.406443850662849,-0.406443850662849,-0.406443850662849,-0.406443850662849,0.406443850662849,-0.406443850662849,2.7800064086914062,3.5478008270263572,130.5,120.36501174926755,121.09819183349606,121.83137191772457,,,,,,,,,,0.0,0.0,0.0
2020-11-03,129.4499969482422,130.7700042724609,127.9899978637695,128.4600067138672,128.4600067138672,1323600,0.406443850662849,3.1823606192580756,2.2452207318282236,1.8399513786247472,2.6573706521478693,127.68600311279297,131.0120002746582,132.12233225504556,130.22099965413412,124.5974496459961,128.7770196714751,130.2246968316851,131.17447515129874,128.6435319873431,124.07863733987547,130.62263272319487,131.30770541475152,-0.6850726915566554,0.4020075092040814,-4.110227699939027,-4.110227699939027,4.110227699939027,4.110227699939027,-4.110227699939027,-4.110227699939027,-4.110227699939027,4.110227699939027,-4.110227699939027,5.639999389648409,3.748550796508778,130.7700042724609,122.694838180542,123.40439834594729,124.11395851135256,,,,,,,,,,0.0,0.0,0.0
2020-11-04,130.6399993896484,134.2700042724609,128.6300048828125,133.7400054931641,133.7400054931641,1793500,4.110227699939027,2.515233029994861,2.6837506587106934,1.9732413859163227,2.7019552114777143,129.44200439453124,130.86000137329103,132.38799921671549,130.32299969991047,124.8376496887207,130.43134827870477,130.8638438610449,131.33999323787071,128.81062947933722,124.26995156073268,131.10222853395936,131.48787579093025,-0.3856472569708842,0.24447655596908832,-9.682964271228492,-9.682964271228492,9.682964271228492,9.682964271228492,-9.682964271228492,-9.682964271228492,-9.682964271228492,9.682964271228492,-9.682964271228492,14.3699951171875,4.3150508880615135,134.2700042724609,122.52319252014159,123.27290267944335,124.0226128387451,,,,,,,,,,0.0,0.0,0.0
2020-11-05,139.0,152.3699951171875,138.0,146.6900024414062,146.6900024414062,2966200,9.682964271228492,4.508843505224657,4.087703099154004,2.9337928048325486,2.949581804928492,132.83800354003907,132.02900161743165,133.11133270263673,130.57733319600422,125.17874969482422,135.8508996662719,133.7413272392924,132.33031641229235,129.39683842891324,124.71391296431038,133.5003475966435,132.61395924652106,0.886388350122445,0.3728589147997597,0.3953928839059033,-0.3953928839059033,0.3953928839059033,0.3953928839059033,-0.3953928839059033,0.3953928839059033,0.3953928839059033,0.3953928839059033,0.3953928839059033,4.979995727539091,4.336550521850579,152.3699951171875,124.77689231872557,125.63990249633788,126.50291267395019,,,,,,,,,,0.0,0.0,0.0
2020-11-06,147.3200073242188,148.0,143.0200042724609,147.2700042724609,147.2700042724609,1413300,0.3953928839059033,4.058312200584522,4.089188399865075,2.9158630290041936,2.9495402123831833,136.82000427246095,133.1860023498535,133.83266626993816,130.83183326721192,125.52504974365235,139.6572678683349,136.20108669986848,133.29416724198066,129.9828438664066,125.1605682377391,135.61875631600003,133.6995922114055,1.919164104594529,0.6821199527587136,1.500639227924192,-1.500639227924192,1.500639227924192,1.500639227924192,-1.500639227924192,1.500639227924192,1.500639227924192,1.500639227924192,1.500639227924192,6.809997558593693,4.515750503540029,148.0,142.82958396911621,143.69689407348633,144.56420417785645,,1.0,1.0,,143.69689407348633,144.56420417785645,,147.2700042724609,147.2700042724609,0.0,2.4865604938874273,1.871694386582398
2020-11-09,154.4299926757812,154.4299926757812,147.6199951171875,149.4799957275391,149.4799957275391,1809300,1.500639227924192,3.918325975651797,4.0411296842734625,2.9244495269098483,2.953437193126895,141.12800292968748,134.6890022277832,134.5343330383301,131.1284999847412,125.90734970092774,142.93151048806965,138.61543379580857,134.33841424104895,130.62209474709945,125.64214105931929,137.75125468700605,134.86851099037835,2.882743696627699,1.1222447015325108,-5.7198309446985816,-5.7198309446985816,-5.7198309446985816,-5.7198309446985816,5.7198309446985816,-5.7198309446985816,-5.7198309446985816,-5.7198309446985816,-5.7198309446985816,7.640014648437614,4.668250656127926,154.4299926757812,138.06534889221194,138.96849899291993,139.87164909362795,,,,,,,,,,0.0,0.0,0.0
2020-11-10,146.3999938964844,148.3200073242188,140.6799926757812,140.9299926757812,140.9299926757812,1703300,-5.7198309446985816,5.610274694143786,4.480180342471269,3.1985565251694554,3.0464742152998836,143.62200012207032,135.65400161743165,134.87299931844075,131.24716657002767,126.19864959716797,142.2643378839735,139.0362626830763,134.7636773658704,130.9600586136136,125.94487079429872,138.24029130066378,135.31750963374154,2.9227816669222477,1.4823520946104582,5.19407344401058,5.19407344401058,5.19407344401058,5.19407344401058,-5.19407344401058,5.19407344401058,5.19407344401058,5.19407344401058,5.19407344401058,5.763000488281193,4.83790092468261,148.3200073242188,144.15984123229975,145.09349136352535,146.02714149475094,1.0,1.0,1.0,144.15984123229975,145.09349136352535,146.02714149475094,140.9299926757812,140.9299926757812,140.9299926757812,-2.240463452865469,-2.8695282252962606,-3.490548925901534
2020-11-11,143.5800018310547,148.7630004882812,143.0,148.25,148.25,1188700,5.19407344401058,5.7321047121121556,4.1953396220241315,3.3821032778938105,3.112378022696906,146.52399902343745,137.98300170898438,135.51433283487955,131.5078332265218,126.55864959716797,144.25955858931567,140.7114876497897,135.63376269710457,131.5269419377574,126.3865565211443,139.78024648517706,136.275471883094,3.504774602083046,1.8868365961049758,-1.0657685201043423,-1.0657685201043423,-1.0657685201043423,-1.0657685201043423,1.0657685201043423,-1.0657685201043423,-1.0657685201043423,-1.0657685201043423,-1.0657685201043423,4.5,4.806400680541985,148.7630004882812,137.67662528991707,138.64420547485358,139.61178565979012,,,,,,,,,,0.0,0.0,0.0
2020-11-12,148.6000061035156,149.9299926757812,145.4299926757812,146.6699981689453,146.6699981689453,746400,-1.0657685201043423,3.9755639961295213,4.219811114947154,3.4004134218289304,3.1166034899070234,146.5199981689453,139.6790008544922,135.90033289591472,131.7446664174398,126.90614959716797,145.06303844919222,141.79485319872705,136.34577788883624,132.0234355846816,126.78820883100174,140.84020828267987,137.04543679315708,3.7947714895227875,2.2684235747885384,0.6545351645544994,0.6545351645544994,0.6545351645544994,0.6545351645544994,-0.6545351645544994,0.6545351645544994,0.6545351645544994,0.6545351645544994,0.6545351645544994,3.929992675781193,4.881399917602531,149.9299926757812,138.18891899108883,139.15019912719723,140.11147926330563,,,,,,,,,,0.0,0.0,0.0
2020-11-13,147.6799926757812,150.5899963378906,146.6600036621094,147.6300048828125,147.6300048828125,657200,0.6545351645544994,3.9826976408207027,4.086751006337256,3.3864385089251914,3.1105652404038797,146.5919982910156,141.70600128173828,136.46899948120117,132.02649981180826,127.29724967956543,145.91869392706565,142.85578986856078,137.0737925336089,132.53512638134163,127.20091766371087,141.88479237500798,137.8294788738723,4.055313501135686,2.625801560057968,1.862764959049434,1.862764959049434,1.862764959049434,1.862764959049434,-1.862764959049434,1.862764959049434,1.862764959049434,1.862764959049434,1.862764959049434,3.1349945068359943,4.8046497344970645,150.5899963378906,139.19091285705562,140.16719284057612,141.14347282409665,,,,,,,,,,0.0,0.0,0.0
2020-11-16,147.8399963378906,150.8999938964844,147.7649993896484,150.3800048828125,150.3800048828125,786700,1.862764959049434,4.017388005675027,4.068623944862268,3.395512250525518,3.117249152093948,146.77200012207032,143.9500015258789,136.971666208903,132.35499992370606,127.71134971618652,147.40579757898126,144.22382896206108,137.93225784646074,133.12020436499643,127.65990948983169,143.19174814543945,138.75914746712712,4.432600678312326,2.9871613837088398,-1.2900667498435738,-1.2900667498435738,-1.2900667498435738,-1.2900667498435738,1.2900667498435738,-1.2900667498435738,-1.2900667498435738,-1.2900667498435738,-1.2900667498435738,3.8300018310546875,4.896649551391599,150.8999938964844,140.01976692199705,140.98069686889647,141.94162681579587,,,,,,,,,,0.0,0.0,0.0
2020-11-17,150.2899932861328,151.2100067138672,147.3800048828125,148.4400024414062,148.4400024414062,769800,-1.2900667498435738,2.642938004476239,4.16293138446753,3.4213628223139287,3.1224394893294463,148.2740020751953,145.9480010986328,137.55033289591472,132.62999992370607,128.12204971313477,147.7505325331229,144.99040595830564,138.61017685258628,133.62249282651806,128.0713964789718,143.99917188328047,139.47624783559223,4.522924047688235,3.294313916504719,-2.741853447371944,-2.741853447371944,-2.741853447371944,-2.741853447371944,2.741853447371944,-2.741853447371944,-2.741853447371944,-2.741853447371944,-2.741853447371944,5.050003051757784,5.026649856567377,151.2100067138672,140.1273648834229,141.1066947937012,142.08602470397952,,,,,,,,,,0.0,0.0,0.0
2020-11-18,147.3300018310547,149.3300018310547,144.2799987792969,144.3699951171875,144.3699951171875,1020600,-2.741853447371944,1.7947509297774265,4.254412103764114,3.4945593376061286,3.1460750517920455,147.4980010986328,147.01100006103513,137.8746660868327,132.83666648864747,128.49144966125488,146.6236867278111,144.87760398719325,138.98177803094768,133.97486995080232,128.3941410064612,144.05622161157387,139.83874763422892,4.217473977344952,3.4789459286727658,1.7247389190135476,1.7247389190135476,1.7247389190135476,1.7247389190135476,-1.7247389190135476,1.7247389190135476,1.7247389190135476,1.7247389190135476,1.7247389190135476,5.25,5.107149887084953,149.3300018310547,140.15137702941897,141.15670700073244,142.1620369720459,,,,,,,,,,0.0,0.0,0.0
2020-11-19,143.6399993896484,147.0500030517578,141.8000030517578,146.8600006103516,146.8600006103516,956700,1.7247389190135476,2.0028876948758016,2.9677444431314575,3.5042165233765674,3.151347666709293,147.53600158691407,147.0279998779297,138.2563326517741,133.09249992370604,128.85474967956543,146.70245802199128,145.23803973685838,139.49005045542538,134.39733325111538,128.75980159267687,144.48757222677045,140.35884044727504,4.128731779495411,3.608903098837295,0.36088708776667444,0.36088708776667444,0.36088708776667444,0.36088708776667444,-0.36088708776667444,0.36088708776667444,0.36088708776667444,0.36088708776667444,0.36088708776667444,3.589004516601591,5.184099960327141,147.0500030517578,138.0942720794678,139.11570205688477,140.13713203430177,,,,,,,,,,0.0,0.0,0.0
2020-11-20,147.8899993896484,150.0,146.4109954833984,147.3899993896484,147.3899993896484,957600,0.36088708776667444,1.9846595577678658,2.9673201549685713,3.504300779344685,3.116589281031073,147.48800048828124,147.03999938964844,138.57366612752278,133.42999992370605,129.2460496520996,146.93163847787702,145.62930512827475,139.99972458021398,134.82332230483777,129.12871640053768,144.93409948259782,140.879667035599,4.054432446998817,3.6980089684695994,1.2280328150411128,1.2280328150411128,1.2280328150411128,1.2280328150411128,-1.2280328150411128,1.2280328150411128,1.2280328150411128,1.2280328150411128,1.2280328150411128,4.339996337890597,5.131100082397457,150.0,135.6449831390381,136.68180313110352,137.71862312316895,,,,,,,,,,0.0,0.0,0.0
2020-11-23,149.5299987792969,149.75,145.4100036621094,149.1999969482422,149.1999969482422,1254600,1.2280328150411128,1.8501270962379366,2.953713141621002,3.492284130131526,3.1135837578387786,147.2519989013672,147.01199951171876,138.95499954223632,133.76166648864745,129.63504959106444,147.68775796799875,146.2785218228143,140.5932905394416,135.29468868658873,129.52616750049222,145.59039140038925,141.49598776986886,4.0944036305203895,3.7772879008797573,1.7091173618739512,1.7091173618739512,1.7091173618739512,1.7091173618739512,-1.7091173618739512,1.7091173618739512,1.7091173618739512,1.7091173618739512,1.7091173618739512,5.725006103515597,5.2403499603271415,149.75,138.7115798187256,139.7377998352051,140.76401985168457,,,,,,,,,,0.0,0.0,0.0
2020-11-24,150.4600067138672,152.6000061035156,146.875,151.75,151.75,1155300,1.7091173618739512,1.871586840184257,2.1831974631623927,3.4301461779308307,3.115614231186006,147.91399841308595,148.09400024414063,139.50766626993814,134.15299975077312,130.01624961853028,149.04183864533252,147.27333603684804,141.3130782465744,135.83420709030713,129.9662433915716,146.53802349263705,142.25554423136006,4.28247926127699,3.8783261729592042,2.313011207140632,-2.313011207140632,-2.313011207140632,-2.313011207140632,2.313011207140632,-2.313011207140632,-2.313011207140632,-2.313011207140632,-2.313011207140632,5.25,5.267100143432612,152.6000061035156,138.22123008728028,139.26930007934573,140.31737007141115,,,,,,,,,,0.0,0.0,0.0
2020-11-25,150.6999969482422,151.6300048828125,146.3800048828125,148.2400054931641,148.2400054931641,1415700,-2.313011207140632,1.6893464845228778,1.7352125152759188,3.256579965291849,3.1206751651498106,148.68800048828126,148.09300079345704,139.94399998982746,134.43233324686688,130.36844970703126,148.77456092794307,147.4490941198146,141.75997677861247,136.2409545789254,130.32810006685065,146.79986687733353,142.69883765816036,4.101029219173171,3.922866782201998,1.2614645493073275,1.2614645493073275,1.2614645493073275,1.2614645493073275,-1.2614645493073275,1.2614645493073275,1.2614645493073275,1.2614645493073275,1.2614645493073275,2.199996948242216,5.084600067138668,151.6300048828125,141.01238578796386,142.06580581665037,143.1192258453369,,,,,,,,,,0.0,0.0,0.0
2020-11-27,150.2200012207031,151.0599975585938,148.8600006103516,150.1100006103516,150.1100006103516,756300,1.2614645493073275,1.6195181293967613,1.7305192975905757,3.1865557308232293,3.1105015227703743,149.33800048828124,148.43700103759767,140.41566645304363,134.6896666208903,130.7392497253418,149.2197074887459,147.93289529991222,142.2986879935634,136.6956773996279,130.71982086969226,147.30911822087478,143.247812691656,4.061305529218771,3.9505545316053525,4.376785050107138,4.376785050107138,4.376785050107138,4.376785050107138,-4.376785050107138,4.376785050107138,4.376785050107138,4.376785050107138,4.376785050107138,5.479995727539091,5.212100219726563,151.0599975585938,140.44388473510742,141.46080474853517,142.4777247619629,,,,,,,,,,0.0,0.0,0.0
2020-11-30,152.1499938964844,157.0,151.5200042724609,156.6799926757812,156.6799926757812,2227100,4.376785050107138,2.3813444554250163,2.1721921128373824,3.221888472101203,2.8630624482820877,151.1959991455078,149.34199981689454,141.14633305867514,135.27699979146323,131.1749496459961,151.70646921775767,149.5232766409793,143.22651410209357,137.35090085130506,131.23388367773362,148.7507912139373,144.2427889867764,4.508002227160915,4.062044070716465,1.9785590046143102,1.9785590046143102,1.9785590046143102,1.9785590046143102,-1.9785590046143102,1.9785590046143102,1.9785590046143102,1.9785590046143102,1.9785590046143102,4.600006103515597,5.2431003570556625,157.0,139.59337707519538,140.63579711914068,141.678217163086,,,,,,,,,,0.0,0.0,0.0
2020-12-01,158.8000030517578,161.3800048828125,156.7799987792969,159.7799987792969,159.7799987792969,1514700,1.9785590046143102,2.40297441918476,2.1798606929927984,3.2241085324430787,2.849513549833118,153.31199951171874,150.28199920654296,141.98766657511393,135.9584997812907,131.65264961242676,154.39764573827074,151.3881352115825,144.29448085546153,138.08628111123923,131.79915328370515,150.4475923778388,145.39369341585197,5.0538989619868175,4.260415048970536,-0.14394525553650964,-0.14394525553650964,-0.14394525553650964,-0.14394525553650964,0.14394525553650964,-0.14394525553650964,-0.14394525553650964,-0.14394525553650964,-0.14394525553650964,2.9909973144530966,5.2536499023437475,161.3800048828125,145.46517921447753,146.51379928588867,147.5624193572998,,,,,,,,,,0.0,0.0,0.0
2020-12-02,159.5899963378906,161.1300048828125,158.1390075683594,159.5500030517578,159.5500030517578,689900,-0.14394525553650964,2.485365273735849,2.0962488939607633,3.233267130992151,2.787792666301785,154.87200012207032,151.39299926757812,142.7843335469564,136.71583315531413,132.13924964904785,156.11509817609976,152.87211118252344,145.27870809393227,138.79000969945295,132.34867506129035,151.84796325074942,146.44230894443757,5.405654306311845,4.489462900438798,-0.2632392108504477,-0.2632392108504477,-0.2632392108504477,-0.2632392108504477,0.2632392108504477,-0.2632392108504477,-0.2632392108504477,-0.2632392108504477,-0.2632392108504477,3.1499938964844034,5.129149627685547,161.1300048828125,149.82197509765626,150.872705078125,151.92343505859375,,,,,,,,,,0.0,0.0,0.0
2020-12-03,160.6699981689453,162.0,158.8500061035156,159.1300048828125,159.1300048828125,707800,-0.2632392108504477,1.89449960386958,1.7574272364355426,3.168942869466181,2.636499145045337,157.05,152.86900024414064,143.58000055948892,137.3228332519531,132.60434967041016,157.12006707833734,154.00991003712144,146.17234014482776,139.45689478743193,132.87899842409277,152.9682773479899,147.3821382732061,5.586139074783802,4.708798135307799,3.908754496226949,3.908754496226949,3.908754496226949,3.908754496226949,-3.908754496226949,3.908754496226949,3.908754496226949,3.908754496226949,3.908754496226949,5.990005493164091,4.710150146484376,162.0,149.8458757019043,150.8717056274414,151.89753555297852,,,,,,,,,,0.0,0.0,0.0
2020-12-04,160.0,165.5299987792969,159.5399932861328,165.3500061035156,165.3500061035156,1322400,3.908754496226949,2.1798835339297145,1.9802014297872514,2.526421786793188,2.6659886013358918,160.0980010986328,154.71800079345704,144.59166742960613,138.05433336893717,133.1294497680664,159.8633800867301,156.07174568555675,147.40960891635604,140.3058492568117,133.52198867517046,154.87315869499383,148.71309144582162,6.160067249172215,4.999051958080682,0.9615943629873206,0.9615943629873206,0.9615943629873206,0.9615943629873206,-0.9615943629873206,0.9615943629873206,0.9615943629873206,0.9615943629873206,0.9615943629873206,3.3399963378905966,4.6281501770019515,165.5299987792969,151.63766967773438,152.57969970703124,153.52172973632813,,,,,,,,,,0.0,0.0,0.0
2020-12-07,166.4700012207031,167.1999969482422,163.8600006103516,166.9400024414062,166.9400024414062,829000,0.9615943629873206,1.7254402494968508,1.9605837559804968,2.5268161590135114,2.6650314497455403,162.1500030517578,156.67300109863282,145.63300094604492,138.78733342488607,133.6820497894287,162.22225420495548,158.04779236843845,148.66963430506897,141.17910018089677,134.18373152202662,156.7295961944419,150.0632330010501,6.666363193391817,5.3325142051429095,1.8090357183988763,1.8090357183988763,1.8090357183988763,1.8090357183988763,-1.8090357183988763,1.8090357183988763,1.8090357183988763,1.8090357183988763,1.8090357183988763,3.587997436523409,4.467050170898437,167.1999969482422,155.3480683898926,156.273698425293,157.19932846069338,,,,,,,,,,0.0,0.0,0.0
2020-12-08,168.8699951171875,170.9010009765625,167.3130035400391,169.9600067138672,169.9600067138672,1093700,1.8090357183988763,1.7100842035418748,1.9677839196174902,2.53315424121138,2.668599374007013,164.18600463867188,158.7490020751953,146.81666793823243,139.57266693115236,134.24184982299803,164.8015050412594,160.21364952215276,150.0432067185398,142.1227364606663,134.89217261493437,158.76504396666118,151.5370680908884,7.227975875772785,5.711606539268885,-5.636621235949296,-5.636621235949296,-5.636621235949296,-5.636621235949296,5.636621235949296,-5.636621235949296,-5.636621235949296,-5.636621235949296,-5.636621235949296,9.455001831054688,4.557799530029291,170.9010009765625,157.37248657226561,158.26589660644532,159.159306640625,,,,,,,,,,0.0,0.0,0.0
2020-12-09,167.6999969482422,168.9750061035156,159.5200042724609,160.3800048828125,160.3800048828125,1551600,-5.636621235949296,3.5775305004543982,2.9405552659750964,2.5221435406494397,2.6968089671399498,164.3520050048828,159.61200256347655,147.78666814168295,140.07916692097982,134.6817498779297,163.32767165511044,160.2438959513636,150.71009692268646,142.72133542532683,135.39688216479334,159.0134994922229,152.19210044584574,6.8213990463771665,5.933565040690541,-1.2782161050909817,-1.2782161050909817,-1.2782161050909817,-1.2782161050909817,1.2782161050909817,-1.2782161050909817,-1.2782161050909817,-1.2782161050909817,-1.2782161050909817,2.8099975585937784,4.410149383544921,168.9750061035156,160.87384201049807,161.78540191650393,162.69696182250976,1.0,1.0,1.0,160.87384201049807,161.78540191650393,162.69696182250976,160.3800048828125,160.3800048828125,160.3800048828125,-0.3069716751424014,-0.8686797554310508,-1.4240935502070964
2020-12-10,159.4600067138672,160.3300018310547,157.5200042724609,158.3300018310547,158.3300018310547,1259700,-1.2782161050909817,3.63558397748057,2.8434977567110074,2.3193753539081516,2.70036716390497,164.19200439453124,160.62100219726562,148.899001566569,140.5708335876465,135.09764991760255,161.66178171375853,159.89591520221651,151.2017036909683,143.23309497961299,135.85100334630346,158.90834600588934,152.64675980771307,6.261586198176275,5.999169272187689,-3.593761369040954,-3.593761369040954,-3.593761369040954,-3.593761369040954,3.593761369040954,-3.593761369040954,-3.593761369040954,-3.593761369040954,-3.593761369040954,5.399002075195398,4.4550994873046905,160.3300018310547,159.27267745971676,160.15470733642576,161.03673721313473,1.0,1.0,1.0,159.27267745971676,159.4600067138672,159.4600067138672,158.3300018310547,158.3300018310547,158.3300018310547,-0.5918627373489684,-0.7086446978772333,-0.7086446978772333
2020-12-11,156.7700042724609,156.8390045166016,151.4400024414062,152.6399993896484,152.6399993896484,2165400,-3.593761369040954,3.104130248399617,3.1359573596065546,2.465189554515537,2.7465322558040897,161.6500030517578,160.8740020751953,149.66333465576173,140.94316685994465,135.43974990844725,158.65452093905517,158.57665778174956,151.29449696185088,143.541518075024,136.1834587134984,157.94398498800612,152.64625903600458,5.297725952001542,5.85888060815046,1.2251016277941085,1.2251016277941085,1.2251016277941085,1.2251016277941085,-1.2251016277941085,1.2251016277941085,1.2251016277941085,1.2251016277941085,-1.2251016277941085,3.0349884033203125,4.410349273681646,156.8390045166016,150.52878295898438,151.4198028564453,152.31082275390625,,,1.0,,,152.31082275390625,,,152.6399993896484,0.0,0.0,0.21612163193026654
2020-12-14,153.4900054931641,155.3849945068359,152.3500061035156,154.5099945068359,154.5099945068359,1278100,1.2251016277941085,3.159130649375502,2.81257141911843,2.473662805685083,2.73571585167108,159.16400146484375,160.6570022583008,150.5683344523112,141.38466669718426,135.80334983825685,157.27301212831543,157.83726445903798,151.50194841636605,143.90114025311618,136.54636041237637,157.41567876013377,152.7843135153254,4.631365244808364,5.613377535482041,-2.569413864374669,2.569413864374669,2.569413864374669,2.569413864374669,-2.569413864374669,-2.569413864374669,2.569413864374669,2.569413864374669,-2.569413864374669,4.479995727539091,4.4775993347168015,155.3849945068359,147.13623611450197,148.0183059692383,148.90037582397463,,,,,,,,,,0.0,0.0,0.0
2020-12-15,159.4499969482422,162.5,158.0200042724609,158.4799957275391,158.4799957275391,1240100,2.569413864374669,3.3692519592608923,2.8668477164380324,2.50267774935274,2.7488964124696738,156.8679992675781,160.527001953125,151.58633422851562,141.90016657511393,136.26894981384277,157.67533999472334,157.95412468967453,151.9521450170869,144.37913551457265,136.9806898245578,157.57941983204228,153.2062159014153,4.373203930626971,5.365342814511028,-0.32811981731429835,0.32811981731429835,0.32811981731429835,0.32811981731429835,-0.32811981731429835,-0.32811981731429835,0.32811981731429835,0.32811981731429835,-0.32811981731429835,3.7000122070312784,4.47109985351563,162.5,145.53427597045894,146.4297958374023,147.32531570434566,,,,,,,,,,0.0,0.0,0.0
2020-12-16,157.8800048828125,159.4900054931641,155.7899932861328,159.0,159.0,937500,0.32811981731429835,2.3794473450971685,2.868908422186349,2.47481949376768,2.7297037187649207,156.5919982910156,160.4720016479492,152.60433400472004,142.36333312988282,136.70744979858398,158.11689332981558,158.1442838370064,152.40684533856518,144.85850812065223,137.41671576862595,157.79797062711268,153.63538509390307,4.162585533209608,5.124791358250745,-0.37736232925509217,0.37736232925509217,0.37736232925509217,0.37736232925509217,-0.37736232925509217,-0.37736232925509217,0.37736232925509217,0.37736232925509217,-0.37736232925509217,3.3999938964844034,4.388599395751962,159.4900054931641,152.6635803222656,153.55780029296875,154.45202026367187,,,,,,,,,,0.0,0.0,0.0
2020-12-17,160.3899993896484,160.8099975585938,157.4100036621094,159.6000061035156,159.6000061035156,1593700,0.37736232925509217,2.2969378795054465,2.8694545223655568,2.3639586893059263,2.6649239914547587,156.84599914550782,160.5190017700195,153.4663340250651,142.9271666208903,137.16954986572264,158.61126425438226,158.40896061273534,152.8709202266265,145.34183592336905,137.85598884456437,158.07520685425158,154.07720887239287,3.9979979818587026,4.899432682972337,-1.9172916300574019,1.9172916300574019,1.9172916300574019,1.9172916300574019,-1.9172916300574019,1.9172916300574019,1.9172916300574019,1.9172916300574019,-1.9172916300574019,5.555007934570284,4.403849792480476,160.8099975585938,149.83508682250977,150.71280670166016,151.59052658081055,,,,,,,,,,0.0,0.0,0.0
2020-12-18,159.7700042724609,163.5850067138672,158.0299987792969,162.6600036621094,162.6600036621094,2216000,1.9172916300574019,0.9737188287344757,2.6325345716901176,2.369468354692641,2.668068812340889,158.85,160.2500015258789,153.99866739908853,143.55500005086262,137.64334991455078,159.960844056958,159.18187753080335,153.50247399665767,145.90964470168842,138.3471574548128,158.78056020930663,154.7129714494089,4.067588759897717,4.733063898357414,0.952909760765532,-0.952909760765532,-0.952909760765532,-0.952909760765532,0.952909760765532,-0.952909760765532,-0.952909760765532,-0.952909760765532,0.952909760765532,3.8300018310546875,4.415899658203131,163.5850067138672,151.12152801513676,152.00229797363286,152.88306793212894,,,,,,,,,,0.0,0.0,0.0
2020-12-21,159.8350067138672,161.8300018310547,158.0,161.1100006103516,161.1100006103516,1607500,-0.952909760765532,1.400151899453666,2.613709494896372,2.392767070986013,2.6744169480907143,160.1700012207031,159.66700134277343,154.46000061035156,144.14633344014484,137.96774993896486,160.34389624142256,159.53244536344846,153.9932821652831,146.40801702656262,138.7979068242294,159.13893565562125,155.18682546133059,3.9521101942906682,4.576873157544065,1.3344881685427648,1.3344881685427648,1.3344881685427648,1.3344881685427648,-1.3344881685427648,1.3344881685427648,1.3344881685427648,1.3344881685427648,-1.3344881685427648,2.684997558593807,4.333149719238291,161.8300018310547,153.8700274658203,154.75320739746093,155.63638732910155,,,,,,,,,,0.0,0.0,0.0
2020-12-22,163.0,164.7799987792969,162.0950012207031,163.2599945068359,163.2599945068359,1093400,1.3344881685427648,1.0965561330022697,2.57470548775611,2.3946516776817828,2.666818695358528,161.1260009765625,158.99700012207032,154.9193339029948,144.72683347066243,138.31884994506837,161.31592899656033,160.21018157133707,154.59113457441555,146.96054087837484,139.2823046001226,159.7729447096543,155.78483798321986,3.988106726434438,4.45911987132214,1.127043769808925,1.127043769808925,1.127043769808925,1.127043769808925,-1.127043769808925,1.127043769808925,1.127043769808925,1.127043769808925,-1.127043769808925,4.076004028320284,4.250699615478526,164.7799987792969,152.29707244873043,153.1637023925781,154.03033233642577,,,,,,,,,,0.0,0.0,0.0
2020-12-23,166.1699981689453,169.1060028076172,165.0299987792969,165.1000061035156,165.1000061035156,1572000,1.127043769808925,1.1050510158739741,1.8136599890538958,2.3824173848452714,2.6621993700847195,162.34600219726562,159.46900024414063,155.7250010172526,145.29900016784669,138.6366000366211,162.5772880322121,161.09924057718771,155.2691262859704,147.55527744313355,139.79354621405116,160.5924926164022,156.4748504365751,4.117642179827101,4.390824333023133,1.217440601168575,1.217440601168575,1.217440601168575,1.217440601168575,-1.217440601168575,1.217440601168575,1.217440601168575,1.217440601168575,-1.217440601168575,2.3999938964844034,4.108199310302746,169.1060028076172,155.42845962524416,156.27859954833986,157.12873947143555,,,,,,,,,,0.0,0.0,0.0
2020-12-24,166.0399932861328,167.5299987792969,165.1300048828125,167.1100006103516,167.1100006103516,462300,1.217440601168575,1.0960319477668994,1.7418203699291441,2.2961779541987006,2.653873100804452,163.8480010986328,160.3470001220703,156.35366770426432,145.93400026957195,138.9952000427246,164.08819222492525,162.19210603776295,156.03305366173691,148.1964159076325,140.3344661030868,161.59518615393287,157.26263933833633,4.332546815596544,4.379168829537815,-0.40093241966267745,-0.40093241966267745,-0.40093241966267745,-0.40093241966267745,0.40093241966267745,-0.40093241966267745,-0.40093241966267745,-0.40093241966267745,0.40093241966267745,4.490005493164091,4.222699737548839,167.5299987792969,160.06796432495113,160.88960418701168,161.71124404907223,,,,,,,,,,0.0,0.0,0.0
2020-12-28,170.0299987792969,170.5,166.0099945068359,166.4400024414062,166.4400024414062,958100,-0.40093241966267745,1.0631069476261454,1.053453337695635,2.302052321975293,2.5966906652515505,164.6040008544922,161.72700042724608,157.01266784667968,146.4565003712972,139.3234001159668,164.87212896375223,162.96445083842536,156.70446971203816,148.79456628578902,140.85140741671688,162.34054250585183,157.94244401263782,4.3980984932140075,4.382954762273054,-1.6041805634347035,-1.6041805634347035,-1.6041805634347035,-1.6041805634347035,1.6041805634347035,-1.6041805634347035,-1.6041805634347035,-1.6041805634347035,-1.6041805634347035,4.84298706054679,4.190849304199224,170.5,158.24005935668944,159.08459930419923,159.929139251709,,,,,,,,,,0.0,0.0,0.0
2020-12-29,166.9799957275391,167.4299926757812,162.5870056152344,163.7700042724609,163.7700042724609,936100,-1.6041805634347035,1.294896605016405,1.299866119367788,2.1620427535949034,2.563845034476468,165.13600158691406,162.6530014038086,157.55066782633463,147.0098336537679,139.60880020141602,164.50475406665512,163.1109150991591,157.16031065142028,149.28556425256514,141.30524101782072,162.56045970071477,158.3741151429951,4.1863445577196785,4.343632721362379,2.198199151742927,2.198199151742927,2.198199151742927,2.198199151742927,-2.198199151742927,2.198199151742927,2.198199151742927,2.198199151742927,-2.198199151742927,2.8799896240233807,4.1048484802246135,167.4299926757812,161.2801315307617,162.11830139160156,162.9564712524414,,,1.0,,,162.9564712524414,,,163.7700042724609,0.0,0.0,0.49923333131045056
2020-12-30,164.5500030517578,167.4299926757812,164.5500030517578,167.3699951171875,167.3699951171875,670100,2.198199151742927,1.5025609824303165,1.2410697869794,2.17185255653925,2.5400819437132705,165.95800170898434,163.54200134277343,158.11700083414715,147.54433352152506,139.97280014038085,165.4598344168326,163.88529328425514,157.81899997179235,149.87849641206094,141.82137476236264,163.30038822632596,159.0404766225649,4.259911603761054,4.3268884978421145,-0.6572210532457804,-0.6572210532457804,-0.6572210532457804,-0.6572210532457804,0.6572210532457804,-0.6572210532457804,-0.6572210532457804,-0.6572210532457804,0.6572210532457804,3.25,4.117798614501959,167.4299926757812,158.39932601928703,159.22029571533196,160.04126541137688,,,,,,,,,,0.0,0.0,0.0
2020-12-31,168.8699951171875,168.8699951171875,165.6199951171875,166.2700042724609,166.2700042724609,834200,-0.6572210532457804,1.5302637702077593,1.298786261299682,2.179832760169817,2.502095078734502,166.19200134277344,164.26900177001954,158.71133422851562,148.13083356221517,140.34080017089843,165.72989103537537,164.31887710029253,158.36422605570644,150.41592289928715,142.30550603979032,163.75725223342363,159.57599718922387,4.181255044199759,4.297761807113643,-1.0104095094731227,-1.0104095094731227,-1.0104095094731227,-1.0104095094731227,1.0104095094731227,-1.0104095094731227,-1.0104095094731227,-1.0104095094731227,1.0104095094731227,8.416000366210994,4.3810989379882885,168.8699951171875,158.3708357238769,159.19439544677726,160.01795516967766,,,,,,,,,,0.0,0.0,0.0
2021-01-04,167.3000030517578,170.5299987792969,162.1139984130859,164.5899963378906,164.5899963378906,1249700,-1.0104095094731227,1.464943023773122,1.3797038712042418,2.195068336966584,2.4905539788510014,165.68800048828123,164.76800079345702,159.38533426920574,148.6300001780192,140.71050010681154,165.34992613621378,164.36817150712852,158.76588865455705,150.88064661858562,142.74678307539625,163.88536671103392,159.94740453356954,3.937962177464385,4.225801881183791,2.83128000838081,2.83128000838081,2.83128000838081,2.83128000838081,-2.83128000838081,2.83128000838081,2.83128000838081,2.83128000838081,-2.83128000838081,6.2899932861328125,4.396098327636724,170.5299987792969,159.23157745361326,160.10779724121093,160.98401702880858,,,,,,,,,,0.0,0.0,0.0
2021-01-05,164.3999938964844,169.3899993896484,163.1000061035156,169.25,169.25,1150100,2.83128000838081,2.015974254722575,1.520584524313089,2.1106449337615762,2.510726006413892,166.25,165.4270004272461,160.131667582194,149.19400011698406,141.0887001800537,166.64995075747586,165.2557766876506,159.4422829349082,151.48292049994345,143.2715992521211,164.7106949093364,160.63648567923104,4.074209230105367,4.195483350968107,1.6248153618906942,1.6248153618906942,1.6248153618906942,1.6248153618906942,-1.6248153618906942,1.6248153618906942,1.6248153618906942,1.6248153618906942,-1.6248153618906942,8.160003662109318,4.63709869384766,169.3899993896484,160.8585824584961,161.73780212402346,162.6170217895508,,,,,,,,,,0.0,0.0,0.0
2021-01-06,166.7700042724609,174.2700042724609,166.1100006103516,172.0,172.0,1273200,1.6248153618906942,1.7297221133676335,1.4821999613859742,2.1293907862908386,2.5090166403064353,167.8959991455078,166.51600036621093,160.9520009358724,149.7628335316976,141.4887001800537,168.43330050498392,166.48199910807776,160.25245822943026,152.15561163109282,143.84047847485138,165.83212646174618,161.47822748076948,4.353898980976709,4.227166476969828,3.8197717001272133,3.8197717001272133,3.8197717001272133,3.8197717001272133,-3.8197717001272133,3.8197717001272133,3.8197717001272133,3.8197717001272133,3.8197717001272133,4.520004272460909,4.683699035644535,174.2700042724609,159.18838226318354,160.11580200195309,161.04322174072263,,,,,,,,,,0.0,0.0,0.0
2021-01-07,174.6999969482422,179.1699981689453,174.6499938964844,178.5700073242188,178.5700073242188,1064500,3.8197717001272133,2.1193121660436383,1.7843058530357807,2.2545736497418094,2.5466030110672335,170.13600158691406,168.0470016479492,161.93100128173828,150.4430004119873,141.95760032653808,171.81220277806221,168.67981878373976,161.4342355903844,153.0216573915232,144.5281919174131,167.79180044058813,162.74428524695088,5.047515193637253,4.391236220303313,0.46479617977426635,0.46479617977426635,0.46479617977426635,0.46479617977426635,-0.46479617977426635,0.46479617977426635,0.46479617977426635,0.46479617977426635,0.46479617977426635,4.520004272460909,4.436949157714847,179.1699981689453,163.96586639404293,164.90260620117184,165.83934600830074,,,,,,,,,,0.0,0.0,0.0
2021-01-08,180.7799987792969,182.0,177.4799957275391,179.3999938964844,179.3999938964844,791600,0.46479617977426635,1.906070930843813,1.7878303042892936,1.7747548299301752,2.527929073399632,172.76199951171876,169.47700042724608,162.85266774495443,151.1801670074463,142.41350028991698,174.34146648420295,170.62894153151151,162.5933167714231,153.88652088348914,145.21872264967195,169.57767635687986,163.97804144321265,5.5996349136672166,4.632915958976094,1.872910102934708,1.872910102934708,1.872910102934708,1.872910102934708,-1.872910102934708,1.872910102934708,1.872910102934708,1.872910102934708,1.872910102934708,6.7100067138671875,4.631949615478517,182.0,169.40871002197264,170.2960998535156,171.1834896850586,,,,,,,,,,0.0,0.0,0.0
2021-01-11,178.4199981689453,184.4700012207031,177.7599945068359,182.7599945068359,182.7599945068359,1029300,1.872910102934708,1.2689628801932784,1.8146796008543211,1.740949614618972,2.533103706728258,176.3959991455078,171.04199981689453,164.00333404541016,151.97366701761882,142.91500022888184,177.14764249174726,172.83458752702504,163.89439275435296,154.8331921498284,145.96211417159597,171.60572530302696,165.36929722570326,6.236428077323694,4.9536183826456135,-0.24074589398209084,-0.24074589398209084,-0.24074589398209084,-0.24074589398209084,0.24074589398209084,-0.24074589398209084,-0.24074589398209084,-0.24074589398209084,-0.24074589398209084,4.490005493164006,4.586499786376947,184.4700012207031,171.80971084594725,172.73610076904296,173.66249069213868,,,,,,,,,,0.0,0.0,0.0
2021-01-12,183.8399963378906,186.1399993896484,181.6499938964844,182.3200073242188,182.3200073242188,817400,-0.24074589398209084,1.552214509888901,1.8024493961900996,1.4371534534419468,2.535065948176552,179.0100006103516,172.63000030517577,165.0770009358724,152.746333694458,143.41360023498535,178.87176410257112,174.55920930833298,165.08314208144108,155.73439920472643,146.68207245184593,173.2540763832103,166.62490538114886,6.62917100206144,5.288728906528779,-1.2340938512572763,-1.2340938512572763,-1.2340938512572763,-1.2340938512572763,1.2340938512572763,-1.2340938512572763,-1.2340938512572763,-1.2340938512572763,-1.2340938512572763,4.490005493164006,4.659250640869132,186.1399993896484,174.3797016906738,175.2970016479492,176.2143016052246,,,,,,,,,,0.0,0.0,0.0
2021-01-13,182.1100006103516,182.6900024414062,178.1999969482422,180.0700073242188,180.0700073242188,887700,-1.2340938512572763,1.9691374780497088,1.747601758336813,1.5113485297905442,2.5387689175586967,180.62400207519536,174.26000061035157,165.8566680908203,153.50150057474772,143.9071002960205,179.27117850978703,175.56117258394858,166.0500366132332,156.53228799552946,147.34321967704142,174.30268114336545,167.6208388584133,6.681842284952154,5.567351582213454,2.149161414882047,2.149161414882047,2.149161414882047,2.149161414882047,-2.149161414882047,2.149161414882047,2.149161414882047,2.149161414882047,2.149161414882047,4.884994506835881,4.679500579833972,182.6900024414062,175.8896479797363,176.82149810791014,177.75334823608398,,,,,,,,,,0.0,0.0,0.0
2021-01-14,180.9199981689453,185.4299926757812,180.5449981689453,183.9400024414062,183.9400024414062,844400,2.149161414882047,1.4238334059552193,1.7438276576912333,1.4878869794499927,2.545830044197241,181.6980010986328,175.91700134277343,166.66200154622396,154.32483406066893,144.43980033874513,180.8274531536601,177.0845961943954,167.2042279569863,157.43090158391885,148.0679084446526,175.78534595844866,168.82966579048684,6.955680167961816,5.845017299363127,-3.6153142693317792,-3.6153142693317792,-3.6153142693317792,-3.6153142693317792,3.6153142693317792,-3.6153142693317792,-3.6153142693317792,-3.6153142693317792,-3.6153142693317792,8.010009765625,4.895000457763658,185.4299926757812,172.39510116577145,173.33100128173825,174.26690139770506,,,,,,,,,,0.0,0.0,0.0
2021-01-15,184.3300018310547,184.3500061035156,176.3399963378906,177.2899932861328,177.2899932861328,1457600,-3.6153142693317792,2.3743404601137295,2.2316776975204995,1.7804014215815962,2.6017487079123014,181.2760009765625,177.0190002441406,167.25333455403646,155.01883405049642,144.89330024719237,179.64829986448433,177.12194112016584,167.8549224943506,158.0820193446472,148.64656359002845,176.01683016270775,169.45635671609026,6.560473446617493,5.988108528814,4.726721868214975,4.726721868214975,4.726721868214975,4.726721868214975,-4.726721868214975,4.726721868214975,4.726721868214975,4.726721868214975,4.726721868214975,6.589996337890597,5.0545005798339675,184.3500061035156,174.66099166870114,175.63999176025388,176.6189918518066,,,1.0,,,176.6189918518066,,,177.2899932861328,0.0,0.0,0.3799146554347953
2021-01-19,179.5599975585938,186.1499938964844,179.5599975585938,185.6699981689453,185.6699981689453,884000,4.726721868214975,3.2005652660037924,2.476750163940239,2.0078918901679566,2.6566235321596534,181.85800170898438,179.1270004272461,168.13800099690752,155.85900077819824,145.4303002166748,181.655532632638,178.676133310853,169.0042822152922,158.9865432405258,149.37970090842285,177.50193293289814,170.6573671940795,6.8445657388186305,6.159399970814926,0.19389272036509542,0.19389272036509542,0.19389272036509542,0.19389272036509542,-0.19389272036509542,0.19389272036509542,0.19389272036509542,0.19389272036509542,0.19389272036509542,6.184997558593778,5.086000061035142,186.1499938964844,173.23010482788087,174.24100494384766,175.25190505981445,,,,,,,,,,0.0,0.0,0.0
2021-01-20,188.4799957275391,191.8249969482422,185.6399993896484,186.0299987792969,186.0299987792969,738400,0.19389272036509542,3.1861366490773824,2.42841607556513,1.993371328943398,2.655228536345088,182.6,180.8050003051758,168.82733408610025,156.7095007578532,145.9755002593994,183.11368801485764,180.01319975966098,170.10271554200216,159.87321391392814,150.10544938111343,178.81394306311333,171.79608064483637,7.017862418276962,6.3310924603073335,-1.0267180963514395,-1.0267180963514395,-1.0267180963514395,-1.0267180963514395,1.0267180963514395,-1.0267180963514395,-1.0267180963514395,-1.0267180963514395,-1.0267180963514395,6.979995727539091,5.243499755859363,191.8249969482422,174.9607937622071,175.97799377441413,176.99519378662114,,,,,,,,,,0.0,0.0,0.0
2021-01-21,188.4199981689453,188.8600006103516,181.8800048828125,184.1199951171875,184.1199951171875,1019000,-1.0267180963514395,3.160073111296017,2.493607669186087,1.9966429987856322,2.6632201736347976,183.40999755859374,182.01699981689455,169.4000005086263,157.51650072733563,146.5453002166748,183.44912371563427,180.75988982466578,171.00705615975608,160.6681903468219,150.7790047422238,179.63025876374013,172.70896319834384,6.921295565396292,6.449133081325126,-1.8792046202672903,-1.8792046202672903,-1.8792046202672903,-1.8792046202672903,1.8792046202672903,-1.8792046202672903,-1.8792046202672903,-1.8792046202672903,-1.8792046202672903,3.9199981689453125,5.305249786376938,188.8600006103516,180.2892974853516,181.33799743652347,182.38669738769534,,,1.0,,,182.38669738769534,,,184.1199951171875,0.0,0.0,0.9503421874062078
2021-01-22,182.7700042724609,184.1399993896484,180.2200012207031,180.6600036621094,180.6600036621094,787500,-1.8792046202672903,3.1433721110824155,2.3513592643749743,2.069894330232944,2.6750022211977944,182.75399780273438,182.2259994506836,169.7566670735677,158.28666750590006,147.05890022277833,182.51941703112598,180.741728704201,171.62982696635953,161.3236596358477,151.37070769113245,179.78868105579693,173.29792915862276,6.490751897174164,6.457456844494934,0.1439137061693965,0.1439137061693965,0.1439137061693965,0.1439137061693965,-0.1439137061693965,0.1439137061693965,0.1439137061693965,0.1439137061693965,0.1439137061693965,5.0,5.351449584960923,184.1399993896484,177.18845108032232,178.24950103759772,179.3105509948731,,,,,,,,,,0.0,0.0,0.0
2021-01-25,183.2899932861328,184.0500030517578,179.0500030517578,180.9199981689453,180.9199981689453,841200,0.1439137061693965,2.5521485853647747,2.3486395987301663,2.066587013432762,2.64861916646851,183.47999877929686,182.37799987792968,170.4413335164388,159.11400082906087,147.58540016174317,181.9862774103991,180.77414133415448,172.22919285039734,161.9661625385722,151.9558421560396,179.96272984243515,173.8625268630911,6.100202979344061,6.3860060714647595,-3.3053259938433817,-3.3053259938433817,-3.3053259938433817,-3.3053259938433817,3.3053259938433817,-3.3053259938433817,-3.3053259938433817,-3.3053259938433817,3.3053259938433817,6.570007324218693,5.559950256347638,184.0500030517578,172.36681030273436,173.43710021972657,174.50739013671875,,,,,,,,,,0.0,0.0,0.0
2021-01-26,180.3300018310547,181.3500061035156,174.7799987792969,174.9400024414062,174.9400024414062,1021500,-3.3053259938433817,1.472207582942569,2.483508800151856,2.2230282486380464,2.603409021487044,181.33399963378906,181.59600067138672,170.99500020345053,159.94700088500977,148.02000022888183,179.63751908740147,179.71338880820022,172.40408379175275,162.3915343386651,152.41097404287854,179.19000254996917,173.94233986889222,5.247662681076946,6.158337393387198,5.31611005028578,-5.31611005028578,-5.31611005028578,-5.31611005028578,5.31611005028578,5.31611005028578,-5.31611005028578,-5.31611005028578,5.31611005028578,8.979995727539091,5.784449768066388,181.3500061035156,171.818112487793,172.93010253906255,174.04209259033206,,,,,,,,,,0.0,0.0,0.0
2021-01-27,172.0,172.0,163.0200042724609,165.6399993896484,165.6399993896484,1584000,-5.31611005028578,2.1139957982005053,2.924763097136268,2.5471385339169927,2.678123408207413,177.25599975585936,179.9279998779297,171.42833353678387,160.54583409627278,148.32970024108886,174.97167918815046,177.15459073209988,171.96769124968154,162.49804138951703,152.67293494083438,177.10538667915057,173.32735168524454,3.778034993906033,5.682276913490965,-2.511472879400035,2.511472879400035,2.511472879400035,2.511472879400035,-2.511472879400035,-2.511472879400035,2.511472879400035,2.511472879400035,-2.511472879400035,5.430007934570284,5.813800811767562,172.0,168.62421661376953,169.78110656738284,170.9379965209961,1.0,1.0,1.0,168.62421661376953,169.78110656738284,170.9379965209961,165.6399993896484,165.6399993896484,165.6399993896484,-1.76974415896408,-2.4390859863378855,-3.0993677468876575
2021-01-28,168.3999938964844,172.3300018310547,166.8999938964844,169.8000030517578,169.8000030517578,1563200,2.511472879400035,3.0305206179662867,3.113303307263461,2.5762224515491443,2.674577195898492,174.39200134277343,178.9009994506836,171.93800048828126,161.25316747029623,148.8133002471924,173.24778714268626,175.81739297203768,171.8278403982026,162.73744996860688,153.01208480441701,175.98148150570552,173.06606660128256,2.91541490442296,5.128904511677365,-0.6360434697551126,0.6360434697551126,0.6360434697551126,0.6360434697551126,-0.6360434697551126,-0.6360434697551126,0.6360434697551126,0.6360434697551126,-0.6360434697551126,11.689987182617102,6.254300689697248,172.3300018310547,159.20963821411135,160.37239837646487,161.5351585388184,,,,,,,,,,0.0,0.0,0.0
2021-01-29,182.0200042724609,182.4299926757812,170.7400054931641,170.8800048828125,170.8800048828125,2833100,0.6360434697551126,3.17163883892819,3.002797858489086,2.5362235872756123,2.6746101633728423,172.43600158691405,177.59499969482422,172.35133412679036,161.968834177653,149.33320030212403,172.45852638939502,174.919686046724,171.76668971979032,163.0044189821874,153.36590500398918,175.19663894833735,172.9041361036181,2.2925028447192517,4.561624178285742,-7.26825714773522,7.26825714773522,7.26825714773522,7.26825714773522,-7.26825714773522,-7.26825714773522,7.26825714773522,7.26825714773522,-7.26825714773522,9.850006103515597,6.584300994873028,182.4299926757812,158.57054031372073,159.8214004516602,161.07226058959964,,,,,,,,,,0.0,0.0,0.0
2021-02-01,174.3600006103516,184.0800018310547,174.2299957275391,183.3000030517578,183.3000030517578,2154100,7.26825714773522,4.95181496772734,3.7140724074834277,2.9853984007982093,2.8128691031843696,172.91200256347653,178.1960006713867,173.1613342285156,162.88283411661783,150.02510032653808,176.07235194351597,176.4433800476392,172.510774450885,163.66984796807495,153.95865942077668,176.44331034886358,173.67420032199882,2.7691100268647517,4.2031213480015435,2.1658489659610805,-2.1658489659610805,-2.1658489659610805,-2.1658489659610805,2.1658489659610805,2.1658489659610805,-2.1658489659610805,-2.1658489659610805,2.1658489659610805,10.172012329101591,6.672101593017558,184.0800018310547,167.94453048706052,169.26139068603513,170.57825088500974,,,,,,,,,,0.0,0.0,0.0
2021-02-02,185.1999969482422,186.2400054931641,176.0679931640625,179.3300018310547,179.3300018310547,2093600,-2.1658489659610805,4.7636667498294205,3.4511904782508567,3.0276724007130387,2.7980171034241406,173.79000244140624,177.56200103759767,173.81900075276693,163.642667388916,150.59130035400392,177.15823523936223,176.96822037189656,172.95072460444436,164.18329563571362,154.4610622407822,176.88741673073912,174.0931485819289,2.7942681488102323,3.9213507081632817,1.8847961012105352,-1.8847961012105352,-1.8847961012105352,-1.8847961012105352,1.8847961012105352,-1.8847961012105352,-1.8847961012105352,-1.8847961012105352,1.8847961012105352,8.210006713867216,6.768102264404279,186.2400054931641,169.40137832641605,170.73579864501957,172.0702189636231,,,,,,,,,,0.0,0.0,0.0
2021-02-03,182.0500030517578,182.5500030517578,174.3399963378906,175.9499969482422,175.9499969482422,3003200,-1.8847961012105352,3.86264143385438,3.4810134922350477,3.017969855801381,2.5434779220708235,175.852001953125,176.5540008544922,174.26200052897136,164.13033396402994,151.1362003326416,176.75548914232223,176.78308884032302,173.14422604597974,164.56908912137027,154.88658570033587,176.74319830266268,174.23069290535952,2.5125053973031584,3.6395816459912576,4.6945124467753025,-4.6945124467753025,-4.6945124467753025,-4.6945124467753025,4.6945124467753025,4.6945124467753025,-4.6945124467753025,-4.6945124467753025,4.6945124467753025,7.4199981689453125,6.731101989746078,182.5500030517578,171.35018051147466,172.70380096435554,174.05742141723638,,,,,,,,,,0.0,0.0,0.0
2021-02-04,166.0,170.6699981689453,163.25,167.6900024414062,167.6900024414062,5452100,-4.6945124467753025,4.565427427864226,3.727001911708284,3.1908921491146973,2.6250168944509666,175.43000183105468,174.91100158691407,174.48133392333983,164.4706672668457,151.58350036621093,173.7336602420169,175.1298004041563,172.7923406521363,164.67141414825667,155.14011870510953,175.35039893939245,173.74619731543706,1.6042016239553902,3.2325056415840843,-0.32798798005263596,-0.32798798005263596,-0.32798798005263596,-0.32798798005263596,0.32798798005263596,0.32798798005263596,-0.32798798005263596,-0.32798798005263596,0.32798798005263596,2.940002441406193,6.652101898193342,170.6699981689453,167.74157867431643,169.08779907226565,170.43401947021488,1.0,1.0,1.0,166.0,166.0,166.0,167.6900024414062,167.6900024414062,167.6900024414062,1.018073759883249,1.018073759883249,1.018073759883249
2021-02-05,168.5,168.5,165.5599975585938,167.1399993896484,167.1399993896484,2090900,-0.32798798005263596,4.543275770069111,3.7125198993758377,3.056117347837784,2.620869344787534,174.68200073242187,173.55900115966796,174.61066741943358,164.7650006612142,152.02650039672852,171.53577329122743,173.6771093106094,172.42767347391128,164.7523513692859,155.37774010480337,174.08726054712415,173.2568493209342,0.8304112261899377,2.7520867585052553,2.1658460753899584,-2.1658460753899584,2.1658460753899584,2.1658460753899584,-2.1658460753899584,-2.1658460753899584,2.1658460753899584,2.1658460753899584,-2.1658460753899584,3.979995727539091,6.625101470947252,168.5,156.03537399291997,157.36579437255864,158.6962147521973,,,,,,,,,,0.0,0.0,0.0
2021-02-08,169.1600036621094,171.2299957275391,167.25,170.7599945068359,170.7599945068359,1654900,2.1658460753899584,2.5267624287365025,3.81796699548699,3.1014511105093945,2.513473413443006,172.1739990234375,172.54300079345703,174.79933369954426,165.26216735839844,152.43420028686523,171.27718036309693,173.1467248008324,172.32008128248708,164.94932327543506,155.6823392018733,173.57537346400287,173.0718971124825,0.5034763515203622,2.302364677108277,1.1185221742577718,1.1185221742577718,-1.1185221742577718,-1.1185221742577718,1.1185221742577718,1.1185221742577718,-1.1185221742577718,-1.1185221742577718,1.1185221742577718,3.7879943847655966,6.479000854492172,171.2299957275391,153.92477676391604,155.2497970581055,156.57481735229496,,,,,,,,,,0.0,0.0,0.0
2021-02-09,169.8999938964844,172.197998046875,168.4100036621094,168.8500061035156,168.8500061035156,1422300,-1.1185221742577718,2.4886042679630638,3.7009872195448428,3.0681175586711213,2.438330406054768,170.07799987792967,171.93400115966796,174.85733388264973,165.60550079345703,152.83440032958984,170.46812227656983,172.36550321950205,172.09620546448895,165.07721451569998,155.94308508111376,172.84839387008174,172.7591644451516,0.08922942493012442,1.8597376266726464,0.4027289961443038,0.4027289961443038,-0.4027289961443038,-0.4027289961443038,0.4027289961443038,0.4027289961443038,-0.4027289961443038,-0.4027289961443038,0.4027289961443038,5.615997314453097,6.535300445556627,172.197998046875,156.9761938476563,158.27199401855475,159.5677941894532,,,,,,,,,,0.0,0.0,0.0
2021-02-10,169.4400024414062,170.5,164.8840026855469,168.1699981689453,168.1699981689453,2084200,-0.4027289961443038,2.4706772147166216,3.259827139790434,3.0680258438697265,2.433781448630307,168.5220001220703,172.18700103759767,174.91500040690104,165.96383412679037,153.21310028076172,169.70208090736168,171.6026841194008,171.84290176800226,165.17861725842934,156.18520217196192,172.12864068529151,172.41922620246964,-0.29058551717812975,1.4296729979024911,-3.853241242845957,-3.853241242845957,3.853241242845957,3.853241242845957,-3.853241242845957,-3.853241242845957,-3.853241242845957,3.853241242845957,-3.853241242845957,5.880004882812386,6.604800415039046,170.5,157.8203370666504,159.12739715576174,160.43445724487307,,,,,,,,,,0.0,0.0,0.0
2021-02-11,169.8999938964844,174.6900024414062,168.8099975585938,174.6499938964844,174.6499938964844,1669300,3.853241242845957,2.09652624375908,3.3905901827056586,3.1997030951153587,2.4772741633432673,169.91399841308592,172.6720001220703,175.2776667277018,166.41416727701824,153.67940017700195,171.35138523706928,172.1567404425069,172.02400448596885,165.48915419738196,156.55084161205147,172.5165411793212,172.58446825387813,-0.06792707455693403,1.130152983410606,-0.7729780421954949,-0.7729780421954949,0.7729780421954949,0.7729780421954949,-0.7729780421954949,-0.7729780421954949,0.7729780421954949,0.7729780421954949,-0.7729780421954949,4.8300018310546875,6.602050781249986,174.6900024414062,155.9694390869141,157.2903991699219,158.61135925292973,,,,,,,,,,0.0,0.0,0.0
2021-02-12,173.1000061035156,176.2100067138672,171.3800048828125,176.0,176.0,1422900,0.7729780421954949,1.9995523502178136,3.3922266357536035,3.1632793255548313,2.469684944686831,171.68599853515624,173.18399963378906,175.5653335571289,166.841167195638,154.16390014648437,172.90092349137953,172.85551490750564,172.28052032558375,165.83377209254976,156.9359734613178,173.05245792096412,172.83747060544272,0.21498731552139816,0.9471198498327645,-0.5852265791459679,-0.5852265791459679,0.5852265791459679,0.5852265791459679,-0.5852265791459679,0.5852265791459679,0.5852265791459679,0.5852265791459679,-0.5852265791459679,4.110000610351591,6.407050323486315,176.2100067138672,160.16549072265622,161.48590087890622,162.80631103515623,,,,,,,,,,0.0,0.0,0.0
2021-02-16,178.1900024414062,180.7400054931641,176.6300048828125,177.0299987792969,177.0299987792969,1403300,0.5852265791459679,1.902447660335085,2.3862110839054695,3.0604911362463767,2.46116901790764,172.93999938964845,172.55699920654297,175.92400004069012,167.31766713460286,154.62210006713866,174.27728192068534,173.61451197510405,172.58693829033945,166.20086149211525,157.33387495276293,173.66438728378455,173.14802824795044,0.5163590358341139,0.8609676870330345,-1.3669989186196185,1.3669989186196185,-1.3669989186196185,-1.3669989186196185,1.3669989186196185,-1.3669989186196185,-1.3669989186196185,-1.3669989186196185,1.3669989186196185,5.539993286132898,6.35455017089843,180.7400054931641,162.11449600219728,163.39590606689455,164.67731613159182,,,,,,,,,,0.0,0.0,0.0
2021-02-17,175.8500061035156,176.4799957275391,170.9400024414062,174.6100006103516,174.6100006103516,1110800,-1.3669989186196185,1.965276410418529,2.3303312841564514,2.8661732051511697,2.4384386560580835,174.0919982910156,172.08499908447266,176.25800018310548,167.8216672261556,155.11050010681151,174.38818815057408,173.79550990878542,172.71745844001765,166.47657097140169,157.675976450933,173.80986625710256,173.25632249701718,0.5535437600853754,0.7994829016435028,-1.993010546575064,1.993010546575064,-1.993010546575064,-1.993010546575064,1.993010546575064,-1.993010546575064,-1.993010546575064,-1.993010546575064,1.993010546575064,3.2300109863282103,6.206800842285152,176.4799957275391,166.75999511718754,168.03090515136722,169.30181518554693,,,,,,,,,,0.0,0.0,0.0
2021-02-18,172.3600006103516,173.6600036621094,170.4299926757812,171.1300048828125,171.1300048828125,1102200,-1.993010546575064,2.288157938855398,2.3390435055222403,2.889251225921585,2.4500352709584505,174.68399963378906,171.60299987792968,176.32066701253254,168.22616729736328,155.57190017700196,173.30212706132022,173.31087263133577,172.6150420814883,166.62914257505452,157.94239285552467,173.39757989182715,173.0988174885576,0.2987624032695635,0.699338801968715,4.826736557678615,-4.826736557678615,4.826736557678615,4.826736557678615,-4.826736557678615,-4.826736557678615,4.826736557678615,4.826736557678615,-4.826736557678615,6.654998779296903,6.190550994873043,173.6600036621094,162.82503387451175,164.0663940429688,165.30775421142582,,,,,,,,,,0.0,0.0,0.0
2021-02-19,174.4799957275391,180.2299957275391,173.5749969482422,179.3899993896484,179.3899993896484,1783100,4.826736557678615,2.668431198503993,2.2667811107013534,3.1081732288196493,2.5192462365281894,175.6320007324219,172.77299957275392,176.56700032552084,168.7595006306966,156.10950019836426,175.33141783742963,174.41616840557444,173.0521361013696,167.04753132307397,158.3670979354083,174.31949058379968,173.56483096271248,0.7546596210871996,0.710402965792412,-3.9634319831330487,3.9634319831330487,-3.9634319831330487,-3.9634319831330487,3.9634319831330487,-3.9634319831330487,-3.9634319831330487,-3.9634319831330487,-3.9634319831330487,8.440002441406222,6.416551208496088,180.2299957275391,160.0407914733887,161.2789016723633,162.51701187133793,,,,,,,,,,0.0,0.0,0.0
2021-02-22,176.7050018310547,179.8000030517578,171.3600006103516,172.2799987792969,172.2799987792969,1387200,-3.9634319831330487,3.3338677330650555,2.7000013829027862,3.2049447538324403,2.5773787024704395,174.88800048828125,173.28699951171876,176.35733337402343,169.14416732788087,156.5480002593994,174.3142781513854,174.02777392806942,173.00232079026813,167.21908763311404,158.642600922416,174.00572261387617,173.4696582083854,0.5360644054907766,0.6755352537320849,-0.0348256089034851,0.0348256089034851,-0.0348256089034851,-0.0348256089034851,0.0348256089034851,-0.0348256089034851,-0.0348256089034851,-0.0348256089034851,0.0348256089034851,9.229995727539091,6.628050994873043,179.8000030517578,166.1135830688477,167.39689331054691,168.68020355224613,,,,,,,,,,0.0,0.0,0.0
2021-02-23,169.0,173.5,164.2700042724609,172.2200012207031,172.2200012207031,1853700,-0.0348256089034851,3.3002439096763103,2.6228621832905636,3.2042173429392773,2.5707292289396686,173.9260009765625,173.43300018310546,176.11800028483074,169.48533401489257,156.96250022888182,173.61618584115797,173.69908798127554,172.95184855997363,167.383052013035,158.91146033426324,173.7309962456957,173.37709102411262,0.3539052215830907,0.6112092473022861,4.023918607978868,-4.023918607978868,4.023918607978868,4.023918607978868,-4.023918607978868,-4.023918607978868,4.023918607978868,4.023918607978868,-4.023918607978868,9.199996948242216,6.759550476074219,173.5,165.2182908630371,166.54390106201174,167.86951126098634,1.0,1.0,1.0,165.2182908630371,166.54390106201174,167.86951126098634,172.2200012207031,172.2200012207031,172.2200012207031,4.237854247911494,3.4081705319115163,2.5915902935781214
2021-02-24,170.3399963378906,179.3099975585938,170.1100006103516,179.1499938964844,179.1499938964844,1121200,4.023918607978868,3.792630514349475,2.8483785110753983,3.248904415427647,2.5939831321033684,174.83399963378906,174.46299896240234,175.99766693115234,170.00050048828126,157.4639002227783,175.4607885262668,174.69016178404078,173.35172890426466,167.76885338626283,159.3122233750993,174.5646881919709,173.8047134591031,0.7599747328677893,0.6409623444153868,-5.693551379150998,5.693551379150998,-5.693551379150998,-5.693551379150998,5.693551379150998,-5.693551379150998,-5.693551379150998,-5.693551379150998,-5.693551379150998,9.660003662109403,6.793550872802735,179.3099975585938,158.62898895263672,159.98089904785155,161.3328091430664,,,,,,,,,,0.0,0.0,0.0
2021-02-25,175.8150024414062,177.3500061035156,167.6900024414062,168.9499969482422,168.9499969482422,1742100,-5.693551379150998,4.6763856778218145,3.4823683391317513,3.2833549970403766,2.7055251581117807,174.397998046875,174.54099884033204,175.5519999186198,170.3145004272461,157.80250022888183,173.29052466692528,173.6464954502592,173.0677461974245,167.8075794046884,159.5030703765477,173.70088953908956,173.44510482866895,0.25578471042061324,0.5639268176164322,-3.421129851258657,-3.421129851258657,3.421129851258657,3.421129851258657,-3.421129851258657,-3.421129851258657,3.421129851258657,3.421129851258657,-3.421129851258657,7.889999389648409,6.9165504455566404,177.3500061035156,164.36418563842778,165.72289581298833,167.08160598754887,,,,,,,,,,0.0,0.0,0.0
2021-02-26,170.9299926757812,176.3899993896484,168.5,174.7299957275391,174.7299957275391,1419500,3.421129851258657,4.330502195998456,3.4329660568294242,3.3238418652798285,2.6834413483323076,173.46599731445312,174.5489990234375,175.3739995320638,170.61533381144207,158.24410011291505,173.77034835379655,173.84349550067373,173.1749881025932,168.03454387429005,159.80459365082476,173.8592135680818,173.54028193228896,0.31893163579283623,0.514927781251713,-4.338122827447672,-4.338122827447672,4.338122827447672,4.338122827447672,-4.338122827447672,-4.338122827447672,4.338122827447672,4.338122827447672,-4.338122827447672,7.519989013671903,6.708050537109381,176.3899993896484,162.13359512329097,163.51690521240232,164.90021530151364,,,,,,,,,,0.0,0.0,0.0
2021-03-01,177.9600067138672,182.4799957275391,174.9600067138672,182.3099975585938,182.3099975585938,1413900,4.338122827447672,4.236773342390285,3.6909173746033805,3.4503515945976178,2.7266321170181875,175.4719970703125,175.17999877929688,175.31966603597004,170.990833791097,158.7142000579834,176.616898088729,175.38285951120463,173.76434355136743,168.5025915360705,160.25024521335482,175.15933418200675,174.18989049720042,0.9694436848063219,0.6058309619626349,-2.6657894111317906,2.6657894111317906,-2.6657894111317906,-2.6657894111317906,2.6657894111317906,-2.6657894111317906,-2.6657894111317906,-2.6657894111317906,-2.6657894111317906,5.4199981689453125,6.486550140380866,182.4799957275391,161.63228820800776,162.97389831542964,164.3155084228515,,,,,,,,,,0.0,0.0,0.0
2021-03-02,182.3500061035156,182.75,177.3300018310547,177.4499969482422,177.4499969482422,1387400,-2.6657894111317906,4.579677868768442,3.815274410392847,3.1043031240207273,2.7522287210511793,176.51799621582032,175.2219985961914,175.3249994913737,171.28916702270507,159.17790000915528,176.89459770856672,175.7587026815751,174.0021276414884,168.79594909056794,160.59083435661992,175.51174383835067,174.43137986394427,1.0803639744063958,0.7007375644513871,-3.262887227787095,3.262887227787095,-3.262887227787095,-3.262887227787095,3.262887227787095,-3.262887227787095,-3.262887227787095,-3.262887227787095,-3.262887227787095,7.239990234375,6.339949035644537,182.75,168.20958541870118,169.50689544677735,170.80420547485352,,,,,,,,,,0.0,0.0,0.0
2021-03-03,176.6199951171875,178.7299957275391,171.4900054931641,171.6600036621094,171.6600036621094,1114200,-3.262887227787095,4.407616050187455,3.940720710105803,3.1517545366535784,2.788067013621016,175.0199981689453,174.9269989013672,174.85799967447917,171.49800033569335,159.54810005187989,175.14973302641428,175.01348467803587,173.85102286862525,168.88985251914306,160.81002582801574,174.91916842662124,174.22609273788242,0.6930756887388156,0.6992051893088729,-3.681700564715661,-3.681700564715661,-3.681700564715661,-3.681700564715661,3.681700564715661,-3.681700564715661,-3.681700564715661,-3.681700564715661,3.681700564715661,11.699996948242102,6.514448547363282,178.7299957275391,168.802112121582,170.07010192871093,171.33809173583984,,,,,,,,,,0.0,0.0,0.0
2021-03-04,171.4199981689453,173.2599945068359,161.5599975585938,165.3399963378906,165.3399963378906,1825700,-3.681700564715661,3.909791938768087,4.065057443002303,3.2278697835811987,2.7875059878867345,174.29799804687502,174.347998046875,174.1683329264323,171.4978335062663,159.8473999786377,171.8798207969064,173.25466861619128,173.3019243827714,168.77346379188887,160.8997282143499,173.4454496437396,173.56786337492008,-0.1224137311804725,0.5348814052110038,-3.6772722666750024,3.6772722666750024,3.6772722666750024,3.6772722666750024,-3.6772722666750024,-3.6772722666750024,-3.6772722666750024,3.6772722666750024,-3.6772722666750024,11.79000854492179,6.732949066162105,173.2599945068359,164.39820892333987,165.70109863281252,167.0039883422852,1.0,1.0,1.0,164.39820892333987,165.70109863281252,167.0039883422852,165.3399963378906,165.3399963378906,165.3399963378906,0.5728696320468393,-0.21792389905760962,-0.9963786020392185
2021-03-05,168.4299926757812,171.8500061035156,160.0599975585938,171.4199981689453,171.4199981689453,1612100,3.6772722666750024,3.9730540110012744,3.918561403884389,3.1648754171587457,2.824556117294013,173.63599853515626,173.55099792480468,173.74499969482423,171.57250010172527,160.18290000915528,171.72654658758603,172.92109217123746,173.18050978833102,168.86023541080874,161.10805039166863,173.13384172454047,173.4087622485516,-0.2749205240111223,0.37292101936657857,-4.970251057909768,4.970251057909768,-4.970251057909768,-4.970251057909768,4.970251057909768,4.970251057909768,4.970251057909768,-4.970251057909768,4.970251057909768,10.197006225585909,7.095799255371091,171.8500061035156,158.44750656127928,159.7940963745117,161.1406861877441,,,1.0,,,161.1406861877441,,,171.4199981689453,0.0,0.0,6.379091602740747
2021-03-08,171.1999969482422,172.8070068359375,162.6100006103516,162.8999938964844,162.8999938964844,1278600,-4.970251057909768,3.382191516078219,4.032035016417822,3.3661965394473525,2.8892090419909446,169.75399780273438,172.61299743652344,173.1529993693034,171.45483322143554,160.43430000305176,168.7843623572188,171.09907430310054,172.51725069853447,168.66481765624073,161.14353442146694,171.55940359714725,172.6303349632133,-1.0709313660660484,0.08415054228005314,-4.910988520406968,-4.910988520406968,4.910988520406968,4.910988520406968,-4.910988520406968,-4.910988520406968,-4.910988520406968,4.910988520406968,-4.910988520406968,7.11599731445321,7.2525993347167965,172.8070068359375,156.2392477416992,157.65840759277341,159.07756744384764,,,,,,,,,,0.0,0.0,0.0
2021-03-09,166.2299957275391,172.6499938964844,165.5339965820312,170.8999938964844,170.8999938964844,1597400,4.910988520406968,4.591613630758708,4.381555558826594,3.5150297301648763,2.863034290373927,168.44399719238282,172.48099670410156,172.81899922688802,171.63016637166342,160.79159996032715,169.48957287030737,171.06287786553395,172.41291155001514,168.73810212313396,161.33673163879402,171.45795595089143,172.502161550863,-1.0442055999715762,-0.14152068617027275,3.235809816732042,3.235809816732042,-3.235809816732042,-3.235809816732042,3.235809816732042,3.235809816732042,3.235809816732042,-3.235809816732042,3.235809816732042,7.429992675781222,7.434699249267578,172.6499938964844,156.85128829956054,158.30180816650392,159.75232803344727,,,,,,,,,,0.0,0.0,0.0
2021-03-10,170.8500061035156,172.6399993896484,165.2100067138672,165.3699951171875,165.3699951171875,1394900,-3.235809816732042,4.5877984496077495,4.241745523990909,3.5836939757015913,2.8905633958992385,167.18599548339844,171.10299682617188,172.4999989827474,171.74749959309895,161.09379997253419,168.1163802859341,170.0278082749255,171.95852984467143,168.62767238523406,161.41659824232656,170.52134659186007,171.9738529261463,-1.4525063342862268,-0.40371781579346355,-5.793071363560198,-5.793071363560198,5.793071363560198,5.793071363560198,-5.793071363560198,-5.793071363560198,-5.793071363560198,5.793071363560198,-5.793071363560198,4.900009155273494,7.398899841308598,172.6399993896484,156.29365554809573,157.78059539794924,159.26753524780275,,,,,,,,,,0.0,0.0,0.0
2021-03-11,173.4400024414062,177.1600036621094,172.2599945068359,174.9499969482422,174.9499969482422,1633500,5.793071363560198,4.968573262929736,4.2990318813211505,3.811521067257315,2.9401089320627287,169.10799560546874,171.70299682617187,172.81033223470052,172.11933288574218,161.48369987487794,170.39425250670348,170.92275167007395,172.1515277223212,168.83496171516876,161.68458633551302,171.20267741591886,172.19430803889415,-0.9916306229752934,-0.5213003772298296,1.3489572172154891,1.3489572172154891,-1.3489572172154891,-1.3489572172154891,1.3489572172154891,1.3489572172154891,1.3489572172154891,-1.3489572172154891,1.3489572172154891,3.9700012207030966,7.3033996582031335,177.1600036621094,156.3624197387695,157.84219970703123,159.32197967529294,,,,,,,,,,0.0,0.0,0.0
2021-03-12,171.5,173.1000061035156,169.1300048828125,172.5899963378906,172.5899963378906,802700,-1.3489572172154891,4.858162486616149,4.19391848593569,3.7305306109561784,2.944712535678389,169.3419952392578,171.48899688720707,172.90333201090496,172.4206662495931,161.86199989318848,171.12616711709921,171.22588706422243,172.17981602009985,168.95807760443833,161.90053504843138,171.4161110962222,172.22361828326427,-0.8075071870420629,-0.5785417391922762,-3.3026230194031427,-3.3026230194031427,3.3026230194031427,3.3026230194031427,-3.3026230194031427,-3.3026230194031427,-3.3026230194031427,3.3026230194031427,-3.3026230194031427,6.889999389648409,7.406399536132819,173.1000061035156,161.0925244140625,162.55320434570314,164.01388427734378,,,,,,,,,,0.0,0.0,0.0
2021-03-15,173.4700012207031,178.3899993896484,171.5,178.2899932861328,178.2899932861328,1038400,3.3026230194031427,3.9724190958722754,4.08505405015877,3.800115877707624,2.9560969088206273,172.4199951171875,171.08699645996094,173.15033162434895,172.75083287556967,162.29949989318848,173.51410917344376,172.51027001366066,172.57402100500522,169.26404205301847,162.2250787759106,172.47363143313154,172.67297939458788,-0.19934796145633982,-0.5027029836450889,1.2619889420204506,-1.2619889420204506,1.2619889420204506,1.2619889420204506,-1.2619889420204506,1.2619889420204506,-1.2619889420204506,1.2619889420204506,1.2619889420204506,7.300003051757784,7.565899658203129,178.3899993896484,156.80592712402338,158.28720703124995,159.7684869384765,,,,,,,,,,0.0,0.0,0.0
2021-03-16,180.9900054931641,185.8600006103516,178.5599975585938,180.5399932861328,180.5399932861328,1354200,1.2619889420204506,3.5945948646770147,4.004111659724032,3.807359997304223,2.959029425434768,174.34799499511718,171.39599609375,173.05833129882814,173.10983276367188,162.74839988708496,175.85607054434013,173.97021969956467,173.08795470056185,169.63374537213696,162.58775035037044,173.71461017974713,173.25572116433196,0.458889015415167,-0.31038458383303774,2.2155755781271753,-2.2155755781271753,-2.2155755781271753,2.2155755781271753,-2.2155755781271753,2.2155755781271753,2.2155755781271753,2.2155755781271753,2.2155755781271753,9.199996948242188,7.748899841308594,185.8600006103516,161.74502014160151,163.25820007324216,164.7713800048828,,,,,,,,,,0.0,0.0,0.0
2021-03-17,177.4199981689453,185.6999969482422,176.5,184.5399932861328,184.5399932861328,1100900,2.2155755781271753,2.6263606840286973,3.842405838695421,3.8156607202858175,2.969815479819751,178.18199462890624,172.68399505615236,173.23199768066405,173.5254992167155,163.24119987487794,178.75071145827104,175.89199671530432,173.82679589963095,170.1224748119401,163.02244823028653,175.38005373457568,174.09159317335425,1.2884605612214273,0.00938444517785525,-4.584367488277051,4.584367488277051,4.584367488277051,-4.584367488277051,4.584367488277051,-4.584367488277051,-4.584367488277051,-4.584367488277051,-4.584367488277051,6.179992675781307,7.896398925781249,185.6999969482422,168.8124209594727,170.3622009277344,171.91198089599612,,,,,,,,,,0.0,0.0,0.0
2021-03-18,180.5,182.1199951171875,175.9400024414062,176.0800018310547,176.0800018310547,1040400,-4.584367488277051,3.166282739663917,3.9677513962051543,3.941200584287608,3.0273249561311104,178.40799560546876,173.75799560546875,173.2363311767578,173.7491658528646,163.65199989318847,177.8604749158656,175.92617946362256,173.97216402423896,170.31780356666516,163.28101364812352,175.4877380571109,174.23888270355428,1.2488553535566211,0.2572786268536084,2.141074644057622,2.141074644057622,-2.141074644057622,2.141074644057622,-2.141074644057622,2.141074644057622,2.141074644057622,2.141074644057622,2.141074644057622,6.75,7.901148986816404,182.1199951171875,168.32791931152343,169.90719909667968,171.48647888183595,,,,,,,,,,0.0,0.0,0.0
2021-03-19,176.4799957275391,180.3999938964844,173.6499938964844,179.8500061035156,179.8500061035156,1449900,2.141074644057622,3.1323954419815228,3.8682585289119715,3.819735507380657,3.0340927928615233,179.85999755859376,174.6009963989258,173.64166463216145,174.06149927775064,164.09349998474121,178.52365197841561,176.63960248905767,174.3513796422568,170.63033479738155,163.60911250862634,176.15885621809622,174.6545214739218,1.5043347441744288,0.5066898503177726,1.9071407057985414,1.9071407057985414,-1.9071407057985414,1.9071407057985414,-1.9071407057985414,1.9071407057985414,1.9071407057985414,1.9071407057985414,1.9071407057985414,5.439987182617216,7.751148223876953,180.3999938964844,164.7374673461914,166.31769714355468,167.89792694091798,,,,,,,,,,0.0,0.0,0.0
2021-03-22,182.5800018310547,185.2899932861328,179.8500061035156,183.2799987792969,183.2799987792969,897500,1.9071407057985414,2.9158541391422625,3.3554096931740793,3.7166565550947332,3.038527525662291,180.85799865722657,176.63899688720704,174.1796646118164,174.395166015625,164.58180000305177,180.10910091204272,177.84694726910115,174.92741958658198,171.04507787875582,163.99863500903564,177.2544166121271,175.2934457187644,1.9609708933627132,0.7975460589267608,-3.7701897141707916,-3.7701897141707916,3.7701897141707916,-3.7701897141707916,3.7701897141707916,-3.7701897141707916,-3.7701897141707916,-3.7701897141707916,-3.7701897141707916,9.2550048828125,7.752398681640623,185.2899932861328,163.3474678039551,164.8976974487305,166.44792709350588,,,,,,,,,,0.0,0.0,0.0
2021-03-23,183.6999969482422,184.3450012207031,175.0899963378906,176.3699951171875,176.3699951171875,1023500,-3.7701897141707916,3.4455281333584056,3.4214171168099754,3.830485006770442,3.079743753075768,180.0239990234375,177.18599700927734,174.36666463216145,174.58299916585287,165.03269996643067,178.86273231375765,177.57841051420775,175.02048897565334,171.2196653291962,164.24361243691982,177.11835176675177,175.37319011864759,1.7451616481041867,0.9870691767622459,-2.5968146271204153,-2.5968146271204153,2.5968146271204153,-2.5968146271204153,2.5968146271204153,-2.5968146271204153,-2.5968146271204153,-2.5968146271204153,-2.5968146271204153,7.8929901123046875,7.687048339843747,184.3450012207031,168.23471618652343,169.78519592285156,171.33567565917969,,,,,,,,,,0.0,0.0,0.0
2021-03-24,179.5229949951172,179.5229949951172,171.6300048828125,171.7899932861328,171.7899932861328,889500,-2.5968146271204153,3.1884508143650043,3.351888855680753,3.7671834635368016,3.0967952607480855,177.4739990234375,177.82799682617187,174.46466420491535,174.66099904378254,165.50099990844726,176.5051526378827,176.52597101819413,174.8120698989101,171.23836460647283,164.39304572106263,176.298604308195,175.1077681310539,1.190836177141108,1.0278225768380183,-0.2735905693414076,0.2735905693414076,-0.2735905693414076,0.2735905693414076,-0.2735905693414076,-0.2735905693414076,0.2735905693414076,0.2735905693414076,0.2735905693414076,6.410003662109403,7.524548339843747,179.5229949951172,167.43349487304687,168.9709045410156,170.50831420898436,,,,,,,,,,0.0,0.0,0.0
2021-03-25,169.8699951171875,173.1600036621094,166.75,172.2599945068359,172.2599945068359,796600,0.2735905693414076,2.6654008832674543,2.7759930126192827,3.5334134492526337,3.0961957579975916,176.70999755859376,177.55899658203126,174.6009974161784,174.75799891153972,165.92649978637695,175.0900999275338,175.75033892521992,174.647419873615,171.27186066877982,164.54882688513737,175.67727972337053,174.89682193666738,0.7804577867031526,0.9783496188110452,-5.944505874669426,5.944505874669426,-5.944505874669426,5.944505874669426,-5.944505874669426,-5.944505874669426,5.944505874669426,5.944505874669426,-5.944505874669426,12.020004272460994,7.731048583984377,173.1600036621094,162.96898864746095,164.4738983154297,165.97880798339844,,,,,,,,,,0.0,0.0,0.0
2021-03-26,171.5899963378906,182.7100067138672,170.6900024414062,182.5,182.5,1008800,5.944505874669426,3.8532028149320623,3.321666955417921,3.6973752502111608,3.1778851397903005,177.23999633789063,178.54999694824218,174.86266428629557,175.0701655069987,166.47789978027345,177.56006661835588,176.9775500297254,175.15403794628503,171.63999638455752,164.9042956596891,176.72692899669812,175.46002031172904,1.2669086849690814,1.0360614320426524,1.9780825262200499,-1.9780825262200499,1.9780825262200499,-1.9780825262200499,1.9780825262200499,-1.9780825262200499,-1.9780825262200499,-1.9780825262200499,-1.9780825262200499,4.4499969482421875,7.577548980712891,182.7100067138672,156.15169677734377,157.69790649414065,159.24411621093753,,,,,,,,,,0.0,0.0,0.0
2021-03-29,180.75,181.2200012207031,176.7700042724609,178.8899993896484,178.8899993896484,738300,-1.9780825262200499,3.8528486672292956,3.2652286554764,3.601227948636171,3.1797839944561237,176.36199645996095,178.60999755859376,174.95899759928386,175.26216557820638,166.98739974975587,178.00337754212006,177.32526809516594,175.39506771682463,171.8777014011179,165.1812402880051,177.05970905715202,175.71409283601938,1.3456162211326443,1.0979723898606508,0.7043403829922644,-0.7043403829922644,0.7043403829922644,-0.7043403829922644,0.7043403829922644,-0.7043403829922644,-0.7043403829922644,-0.7043403829922644,-0.7043403829922644,3.1750030517578978,7.46529922485352,181.2200012207031,166.03939895629884,167.5549087524414,169.07041854858397,,,,,,,,,,0.0,0.0,0.0
2021-03-30,177.6300048828125,178.9450073242188,175.7700042724609,177.6300048828125,177.6300048828125,761400,-0.7043403829922644,3.4054391327398545,3.245382738816421,3.552139031717915,3.1799951921849017,176.61399841308594,178.31899871826172,174.97899780273437,175.45149892171224,167.4790997314453,177.87891998901756,177.38067478382894,175.5392572114045,172.0663015152718,165.4277504780013,177.1474468764844,175.85601224689293,1.291434629591464,1.1366648378068134,-2.854243047943676,2.854243047943676,-2.854243047943676,2.854243047943676,-2.854243047943676,2.854243047943676,2.854243047943676,2.854243047943676,2.854243047943676,6.139999389648409,7.4102996826171905,178.9450073242188,164.79634292602535,166.28940277099605,167.78246261596675,,,,,,,,,,0.0,0.0,0.0
2021-03-31,179.8800048828125,185.5,179.3600006103516,182.6999969482422,182.6999969482422,1109200,2.854243047943676,3.154417709305345,3.3021349636929496,3.5136847375764226,3.19499588395073,178.7959991455078,178.13499908447267,175.24866434733073,175.7533322652181,167.96869964599608,179.48594564209245,178.3478242682677,176.00124042023276,172.41494726717244,165.7697751605803,178.0016853490625,176.36297407662252,1.6387112724399913,1.237074124733449,5.582921247191818,5.582921247191818,-5.582921247191818,5.582921247191818,-5.582921247191818,5.582921247191818,5.582921247191818,5.582921247191818,5.582921247191818,8.789001464843807,7.264749908447276,185.5,162.642348022461,164.12440795898442,165.60646789550788,,,,,,,,,,0.0,0.0,0.0
2021-04-01,185.4909973144531,194.2799987792969,185.4909973144531,192.8999938964844,192.8999938964844,1991100,5.582921247191818,3.594693717335805,3.316553061242567,3.5617080978241593,3.2522873239307404,182.9239990234375,179.81699829101564,175.97433064778645,176.1474988301595,168.4307995605469,183.9572950602231,180.9936732915798,177.09148257999095,173.08658814026464,166.30700721475662,180.29373281789665,177.5879385077234,2.7057943101732462,1.5308181618214083,2.809753032259263,2.809753032259263,-2.809753032259263,2.809753032259263,-2.809753032259263,2.809753032259263,2.809753032259263,2.809753032259263,2.809753032259263,5.470001220703097,6.948749542236341,194.2799987792969,169.517550201416,170.97050018310546,172.4234501647949,,,,,,,,,,0.0,0.0,0.0
2021-04-05,198.2400054931641,199.9400024414062,194.4700012207031,198.3200073242188,198.3200073242188,1361900,2.809753032259263,3.0392934236104083,3.349468042360132,3.530401566188645,3.264229283420709,186.08800048828124,181.66399841308595,176.60533091227214,176.58616561889647,168.94129959106445,188.74486581488833,184.1439158429687,178.46106482155403,173.91391335941069,166.94092800900341,183.0670058188693,179.1236473089453,3.9433585099239963,2.0133262314419262,-1.6841526186610996,-1.6841526186610996,-1.6841526186610996,-1.6841526186610996,1.6841526186610996,-1.6841526186610996,-1.6841526186610996,-1.6841526186610996,-1.6841526186610996,5.900009155273494,6.7338996887207205,199.9400024414062,178.99274978637695,180.38249969482422,181.7722496032715,,,,,,,,,,0.0,0.0,0.0
2021-04-06,197.3200073242188,198.4100036621094,192.5099945068359,194.9799957275391,194.9799957275391,1155900,-1.6841526186610996,2.9516332022479577,3.4366369118339835,3.318283790354831,3.240597628332873,189.30599975585938,182.83399810791016,177.36199747721355,176.8596654256185,169.39629959106446,190.8232424524386,186.11411218561784,179.52680229935953,174.60460458459522,167.4961570727368,184.89977349712618,180.29819163624853,4.601581860877644,2.53097735732907,-0.6616028897320867,-0.6616028897320867,-0.6616028897320867,-0.6616028897320867,0.6616028897320867,-0.6616028897320867,-0.6616028897320867,-0.6616028897320867,-0.6616028897320867,3.1999969482421875,6.538099670410169,198.4100036621094,185.1254231262206,186.47220306396474,187.8189830017089,,,,,,,,,,0.0,0.0,0.0
2021-04-07,194.5099945068359,195.8300018310547,192.6300048828125,193.6900024414062,193.6900024414062,854300,-0.6616028897320867,2.9427188623960236,3.11566412975105,3.200469464688605,3.2422883054772282,192.51799926757812,184.56599884033204,178.07766418457032,177.09783223470052,169.9238996887207,191.7788291154278,187.49154677757934,180.4405571472335,175.23035533399886,168.01484708003719,186.2521164116308,181.29017762181576,4.961938789815036,3.0171696438262634,-0.08776816913754276,-0.08776816913754276,-0.08776816913754276,-0.08776816913754276,0.08776816913754276,-0.08776816913754276,-0.08776816913754276,-0.08776816913754276,-0.08776816913754276,4.410003662109318,6.387100219726574,195.8300018310547,184.02618438720702,185.33380432128905,186.6414242553711,,,,,,,,,,0.0,0.0,0.0
2021-04-08,196.2200012207031,197.0200042724609,192.6100006103516,193.5200042724609,193.5200042724609,1101200,-0.08776816913754276,2.9682999449820207,2.887966961292651,3.072817883841098,3.234801121508158,194.68200073242187,186.73899993896484,178.5566645304362,177.27716573079428,170.3765997314453,192.35922083443887,188.5876299584669,181.2843924456353,175.83001595493204,168.51989969770895,187.37025300560467,182.19609070704874,5.1741622985559275,3.4485681747721966,-0.8577943496591514,-0.8577943496591514,-0.8577943496591514,-0.8577943496591514,0.8577943496591514,-0.8577943496591514,-0.8577943496591514,-0.8577943496591514,-0.8577943496591514,4.0,6.342099761962899,197.0200042724609,181.77838134765622,183.05580139160153,184.33322143554685,,,,,,,,,,0.0,0.0,0.0
2021-04-09,192.3000030517578,192.3000030517578,188.3000030517578,191.8600006103516,191.8600006103516,934600,-0.8577943496591514,1.722348248604752,2.951279277498563,2.860378647977427,3.2370334913436634,194.4740020751953,188.6990005493164,179.32033131917316,177.4361656188965,170.82849975585938,192.19281409307644,189.18260644062772,181.96668974658473,176.35558922232283,168.9820799138009,188.06098340633497,182.91193588507116,5.14904752126381,3.7886640440705195,0.3648477775541341,0.3648477775541341,0.3648477775541341,0.3648477775541341,-0.3648477775541341,0.3648477775541341,0.3648477775541341,0.3648477775541341,0.3648477775541341,3.680999755859318,6.32764968872071,192.3000030517578,183.06738479614253,184.3358047485351,185.6042247009277,,,,,,,,,,0.0,0.0,0.0
2021-04-12,191.5099945068359,192.7599945068359,189.0789947509766,192.5599975585938,192.5599975585938,571500,0.3648477775541341,0.7806841712324164,2.417329014055754,2.8275245403296108,3.232138433463049,193.3220001220703,189.7050003051758,179.91466471354167,177.64433212280272,171.2777996826172,192.31520858158223,189.7966775529852,182.65012896026275,176.88688129892188,169.44896937211362,188.75313942975941,183.62660712014693,5.126532309612486,4.056237697178913,-0.07270429550451886,-0.07270429550451886,-0.07270429550451886,-0.07270429550451886,0.07270429550451886,-0.07270429550451886,-0.07270429550451886,-0.07270429550451886,-0.07270429550451886,5.982009887695284,6.282250213623054,192.7599945068359,178.37917373657226,179.6447036743164,180.91023361206052,,,,,,,,,,0.0,0.0,0.0
2021-04-13,194.3999938964844,195.1900024414062,189.2079925537109,192.4199981689453,192.4199981689453,821000,-0.07270429550451886,0.4934004619651198,2.2650050569137012,2.7567300768186236,3.2217076776539786,192.81000061035155,191.05800018310546,180.2516647338867,177.7856653849284,171.69819961547853,192.35013844403662,190.27364493770523,183.2804431027584,177.39616381925052,169.90384122947663,189.31727154348033,184.27796942005793,5.039302123422402,4.252850582427611,-1.3356158870624535,-1.3356158870624535,-1.3356158870624535,-1.3356158870624535,1.3356158870624535,-1.3356158870624535,-1.3356158870624535,-1.3356158870624535,-1.3356158870624535,5.630004882812386,6.198750305175784,195.1900024414062,178.9390440368652,180.1954940795898,181.45194412231442,,,,,,,,,,0.0,0.0,0.0
2021-04-14,190.7899932861328,194.6900024414062,189.0599975585938,189.8500061035156,189.8500061035156,802500,-1.3356158870624535,0.6845677514568496,2.318345860197584,2.775992589375098,3.1901258485407253,192.04200134277343,192.28000030517578,180.66499837239584,177.99499893188477,172.1122996520996,191.5167609971963,190.1966196951253,183.7042858770008,177.80448651709528,170.2988147913388,189.39923070656266,184.69071287809183,4.708517828470832,4.343984031636255,-1.5749223799048548,1.5749223799048548,1.5749223799048548,1.5749223799048548,-1.5749223799048548,1.5749223799048548,1.5749223799048548,1.5749223799048548,1.5749223799048548,3.0199890136717897,5.889749908447264,194.6900024414062,181.55275177001946,182.79250183105464,184.0322518920898,,,,,,,,,,0.0,0.0,0.0
2021-04-15,192.3999938964844,193.5899963378906,190.5700073242188,192.8399963378906,192.8399963378906,724700,1.5749223799048548,1.13105715284292,2.2188867102347105,2.756205210732296,3.1392631725504856,191.9059997558594,193.29400024414062,181.3709981282552,178.1144989013672,172.59699966430665,191.95783944409442,190.67723363017353,184.29368655189694,178.2974540522033,170.7451748219636,189.9285792652285,185.29436350474361,4.634215760484892,4.402030377405983,0.2955777205217107,-0.2955777205217107,-0.2955777205217107,-0.2955777205217107,0.2955777205217107,-0.2955777205217107,-0.2955777205217107,-0.2955777205217107,-0.2955777205217107,4.079986572265625,5.7847496032714805,193.5899963378906,181.7325526428222,182.91050262451165,184.08845260620112,,,,,,,,,,0.0,0.0,0.0
2021-04-16,192.9799957275391,195.7899932861328,191.7100067138672,192.2700042724609,192.2700042724609,1255200,-0.2955777205217107,1.058169310727525,1.349744615317947,2.5161819110265045,3.1396810739373553,191.98800048828124,193.2310012817383,182.26866505940754,178.21849899291993,173.05109970092772,192.06189438688324,190.96682829240757,184.80828769515915,178.7555704528675,171.17140906850807,190.2887984971104,185.81107763568565,4.477720861424757,4.417168474209738,1.9919913381950718,-1.9919913381950718,-1.9919913381950718,-1.9919913381950718,1.9919913381950718,-1.9919913381950718,-1.9919913381950718,-1.9919913381950718,-1.9919913381950718,6.690002441406307,5.781749725341795,195.7899932861328,180.86354721069333,182.02049713134764,183.17744705200192,,,,,,,,,,0.0,0.0,0.0
2021-04-19,190.6199951171875,193.1600036621094,186.4700012207031,188.4400024414062,188.4400024414062,673300,-1.9919913381950718,1.3624639270438608,1.0502902499195068,2.541347648821377,3.148031039288785,191.16400146484375,192.24300079345704,182.83599853515625,178.29049911499024,173.46159973144532,190.85459707172424,190.5074054104073,185.04259187233637,179.07309281314744,171.51336141252585,190.00436833469436,186.00581280647975,3.9985555282146095,4.333445885010713,2.3827241747994217,-2.3827241747994217,-2.3827241747994217,-2.3827241747994217,2.3827241747994217,-2.3827241747994217,-2.3827241747994217,-2.3827241747994217,2.3827241747994217,5.410003662109403,5.7802505493164045,193.1600036621094,183.07014389038085,184.22649383544922,185.3828437805176,,,,,,,,,,0.0,0.0,0.0
2021-04-20,187.0399932861328,188.5500030517578,183.1399993896484,183.9499969482422,183.9499969482422,839000,-2.3827241747994217,1.586686151604971,1.1554215926366662,2.5761413366161254,3.1540271653646395,189.47000122070307,191.14000091552734,183.53766530354818,178.34533233642577,173.80909973144531,188.55306369723024,189.31514932637728,184.97210187723354,179.23299130938003,171.7596314231341,189.0729265829325,185.853530150314,3.2193964326185096,4.110635994532273,-2.8594780390809156,2.8594780390809156,2.8594780390809156,2.8594780390809156,-2.8594780390809156,-2.8594780390809156,2.8594780390809156,2.8594780390809156,-2.8594780390809156,8.570007324218722,5.7460006713867156,188.5500030517578,180.4434524536133,181.5995025634766,182.75555267333988,,,,,,,,,,0.0,0.0,0.0
2021-04-21,183.1999969482422,189.3000030517578,180.7299957275391,189.2100067138672,189.2100067138672,1166100,2.8594780390809156,2.2571351448356154,1.5832638230033231,2.4836829062483545,3.174396205000946,189.34200134277341,190.69200134277344,184.14799906412762,178.4834991455078,174.18369979858397,188.7720447027759,189.29603248773907,185.24551509250023,179.56010656854352,172.1051834090892,189.09401583384553,186.10215804391052,2.991857789935011,3.8868803536128205,1.1415906059217262,-1.1415906059217262,-1.1415906059217262,-1.1415906059217262,1.1415906059217262,1.1415906059217262,-1.1415906059217262,-1.1415906059217262,1.1415906059217262,5.839996337890597,5.6433509826660115,189.3000030517578,175.90880157470704,177.0580017089844,178.2072018432617,,,,,,,,,,0.0,0.0,0.0
2021-04-22,190.8139953613281,191.6999969482422,185.8600006103516,187.0500030517578,187.0500030517578,896100,-1.1415906059217262,2.089813026266047,1.6081754648631632,2.412147626071601,3.146949246615922,188.18400268554686,190.0450012207031,184.87066599527995,178.68533248901366,174.57179977416993,188.19803081910322,188.88766349937885,185.36193367051686,179.80567694504234,172.4011204317163,188.77955232890898,186.17236878523255,2.6071835436764275,3.630940991625542,-3.672812085058631,3.672812085058631,3.672812085058631,3.672812085058631,-3.672812085058631,-3.672812085058631,3.672812085058631,3.672812085058631,-3.672812085058631,6.139999389648381,5.62985076904296,191.6999969482422,176.88463088989258,178.0133010864258,179.141971282959,,,,,,,,,,0.0,0.0,0.0
2021-04-23,189.3999938964844,195.1999969482422,189.0599975585938,193.9199981689453,193.9199981689453,872800,3.672812085058631,2.8464166799904467,2.026164912109013,2.5163091917669806,3.095371871632774,188.51400146484374,190.2510009765625,185.50299936930338,179.15666580200195,175.00989974975585,190.1053532690506,189.8026334393,185.91406686396385,180.26844157533424,172.82723682255252,189.57039015045305,186.74626725810015,2.8241228923529036,3.469577371771014,-2.604168264976036,2.604168264976036,2.604168264976036,2.604168264976036,-2.604168264976036,2.604168264976036,2.604168264976036,2.604168264976036,-2.604168264976036,6.3800048828125,5.347850799560535,195.1999969482422,179.31432525634767,180.44029541015627,181.56626556396486,,,,,,,,,,0.0,0.0,0.0
2021-04-26,194.4400024414062,199.8800048828125,193.5,198.9700012207031,198.9700012207031,760000,2.604168264976036,2.698574996590834,2.1739508226231745,2.2402575435237284,3.0965122491976658,190.62000122070313,190.89200134277343,186.38233286539713,179.64283243815103,175.4327998352051,193.06023591960144,191.46942758137328,186.75638520955994,180.88160746534632,173.3449153254862,191.01648416126073,187.65172903310778,3.36475512815295,3.4486129230474014,0.2965252722877335,-0.2965252722877335,-0.2965252722877335,-0.2965252722877335,0.2965252722877335,-0.2965252722877335,-0.2965252722877335,-0.2965252722877335,0.2965252722877335,4.440002441406193,5.347351074218736,199.8800048828125,183.43472518920902,184.50429534912112,185.57386550903323,,,,,,,,,,0.0,0.0,0.0
2021-04-27,200.3600006103516,201.5,197.0599975585938,198.3800048828125,198.3800048828125,617300,-0.2965252722877335,2.1205020918426514,2.1799202602679313,2.174673974105969,3.09719564699547,193.5060028076172,191.48800201416014,187.0519999186198,180.10116577148438,175.81879989624022,194.83349224067183,192.72589618163494,187.5062961562214,181.45532541345995,173.84065967315604,192.14933350303795,188.4464161330859,3.702917369952047,3.499473812428331,-0.6704313934463049,-0.6704313934463049,-0.6704313934463049,-0.6704313934463049,0.6704313934463049,-0.6704313934463049,-0.6704313934463049,-0.6704313934463049,-0.6704313934463049,3.4600067138671022,5.361601257324196,201.5,188.11583251953127,189.18530273437503,190.25477294921876,,,,,,,,,,0.0,0.0,0.0
2021-04-28,197.7380065917969,198.7700042724609,195.3099975585938,197.0500030517578,197.0500030517578,697000,-0.6704313934463049,2.158512722954671,2.1332071214210226,2.1736653276759808,2.9608576826869926,195.07400207519532,192.20800170898437,187.60233357747396,180.33033243815103,176.19379989624022,195.5723291777005,193.51209743074818,188.1220191817399,181.96662631963363,174.30025063114817,192.90328266437945,189.08371886780233,3.819563796577114,3.5634918092580876,1.263633694905841,1.263633694905841,1.263633694905841,1.263633694905841,-1.263633694905841,1.263633694905841,1.263633694905841,1.263633694905841,1.263633694905841,6.669998168945284,5.38810119628904,198.7700042724609,189.70447723388676,190.7767974853516,191.84911773681645,,,,,,,,,,0.0,0.0,0.0
2021-04-29,200.7599945068359,201.6799926757812,195.0099945068359,199.5399932861328,199.5399932861328,866500,1.263633694905841,1.8549138997502654,2.1162515133828146,2.1128694122587874,2.9482023509812323,197.5720001220703,192.87800140380858,188.10233357747396,180.66716562906902,176.59789978027345,196.8948838805113,194.60807849536357,188.85866267234587,182.54280228574837,174.80004751540528,193.92431506772613,189.85825771360462,4.0660573541215115,3.6640049182307726,-5.698103387666931,-5.698103387666931,-5.698103387666931,-5.698103387666931,5.698103387666931,-5.698103387666931,-5.698103387666931,-5.698103387666931,-5.698103387666931,6.964996337890597,5.296900939941379,201.6799926757812,186.916181640625,187.99380187988282,189.07142211914064,,,,,,,,,,0.0,0.0,0.0
2021-04-30,194.0,194.2850036621094,187.3200073242188,188.1699981689453,188.1699981689453,1355800,-5.698103387666931,3.155127557081611,2.861269197803594,2.178796723008879,3.0342086877306405,196.4220001220703,192.46800079345704,188.50533345540364,180.87083231608074,176.82609970092773,193.98658864332265,193.43751843601478,188.81423270438455,182.72730051142696,175.0647990134952,193.0390355448368,189.73320145103725,3.3058340937995467,3.5923707533445275,-1.9291092725384202,-1.9291092725384202,-1.9291092725384202,-1.9291092725384202,1.9291092725384202,-1.9291092725384202,-1.9291092725384202,-1.9291092725384202,1.9291092725384202,7.022003173828097,5.374501037597629,194.2850036621094,190.02681060791016,191.08619079589843,192.1455709838867,1.0,1.0,1.0,190.02681060791016,191.08619079589843,192.1455709838867,188.1699981689453,188.1699981689453,188.1699981689453,-0.9771318231489378,-1.5261137473130864,-2.069042130185128
2021-05-03,190.0619964599609,190.0619964599609,183.0399932861328,184.5399932861328,184.5399932861328,1166800,-1.9291092725384202,2.625674669474954,2.8569057176926096,2.101870170508162,2.9797769669002427,193.53599853515624,192.0779998779297,188.6616663614909,181.15166549682618,177.002099609375,190.8377235242594,191.81978659058169,188.53847532256185,182.7867330614173,175.25242662285436,191.73149058195924,189.34851936474803,2.3829712172112067,3.3504908461178635,-1.1542157264094073,-1.1542157264094073,-1.1542157264094073,-1.1542157264094073,1.1542157264094073,1.1542157264094073,-1.1542157264094073,-1.1542157264094073,1.1542157264094073,6.434997558593693,5.4012504577636395,190.0619964599609,182.46110137939462,183.53600158691415,184.61090179443366,,1.0,1.0,,183.53600158691415,184.61090179443366,,184.5399932861328,184.5399932861328,0.0,0.5470271175888154,-0.03840970799211169
2021-05-04,182.9700012207031,183.7200012207031,177.2850036621094,182.4100036621094,182.4100036621094,1374500,-1.1542157264094073,2.5572884970668794,2.7765550295824184,2.087300630894096,2.984179532518277,190.3419982910156,191.92400054931642,188.6326665242513,181.40616556803386,177.12659957885742,188.0284835702094,190.10891696722308,188.14309005414557,182.7743812778334,175.39416082165147,190.2974156712131,188.83455523862665,1.4628604325864387,2.972964763411579,-0.08222898606057123,0.08222898606057123,0.08222898606057123,0.08222898606057123,-0.08222898606057123,-0.08222898606057123,0.08222898606057123,0.08222898606057123,-0.08222898606057123,6.7849884033203125,5.580500030517546,183.7200012207031,178.1792454528809,179.25949554443363,180.33974563598636,1.0,1.0,1.0,178.1792454528809,179.25949554443363,180.33974563598636,182.4100036621094,182.4100036621094,182.4100036621094,2.3744394014438184,1.757512542421968,1.1479765699025846
2021-05-05,183.2799987792969,186.8999938964844,180.1150054931641,182.5599975585938,182.5599975585938,1527000,0.08222898606057123,2.6489650334363155,2.5856452122368987,2.087366497750312,2.9728930791056363,187.44399719238282,191.25899963378907,188.83899993896483,181.60283228556315,177.34839950561525,186.2056548996709,188.73638616565412,187.78289053830355,182.76735230343212,175.53605857881863,189.10704365388705,188.36977318825384,0.7372704656332019,2.5258259038559037,-1.1667423922531264,1.1667423922531264,1.1667423922531264,1.1667423922531264,-1.1667423922531264,-1.1667423922531264,1.1667423922531264,1.1667423922531264,-1.1667423922531264,8.130004882812614,5.76650009155271,186.8999938964844,171.4429011535645,172.55900115966801,173.6751011657715,,,,,,,,,,0.0,0.0,0.0
2021-05-06,183.5,188.3200073242188,180.1900024414062,184.6900024414062,184.6900024414062,1923400,1.1667423922531264,2.6240487059444133,2.607757552167205,2.1119803442673075,2.9709420126195134,184.4739990234375,191.02299957275392,189.2690002441406,181.866832224528,177.61199951171875,185.70043741358268,188.00068003397266,187.5833493707618,182.8303900128739,175.71732479391937,188.42749885196693,188.09719757737625,0.33030127459068126,2.0867209780028593,0.2761436779918843,-0.2761436779918843,-0.2761436779918843,-0.2761436779918843,0.2761436779918843,0.2761436779918843,-0.2761436779918843,-0.2761436779918843,0.2761436779918843,4.77999877929679,5.80550003051755,188.3200073242188,174.21369369506843,175.36699371337897,176.52029373168952,,,,,,,,,,0.0,0.0,0.0
2021-05-07,186.4700012207031,186.6900024414062,181.9100036621094,184.1799926757812,184.1799926757812,1620200,-0.2761436779918843,1.183970175501367,2.247804488104146,2.1066156969144103,2.9705568231480264,183.67599792480468,190.0489990234375,189.6663335164388,182.1336654663086,177.9273994445801,185.1936225009822,187.30600960521053,187.36377797108563,182.8746392805102,175.88490237573842,187.77403636332298,187.80703425133217,-0.032997888009191456,1.6627772048004492,6.9008534914277915,-6.9008534914277915,-6.9008534914277915,-6.9008534914277915,6.9008534914277915,6.9008534914277915,6.9008534914277915,-6.9008534914277915,6.9008534914277915,13.660003662109318,6.30445022583005,186.6900024414062,175.5479072570802,176.7090072631837,177.87010726928722,,,,,,,,,,0.0,0.0,0.0
2021-05-10,179.7400054931641,180.3899993896484,166.7299957275391,171.4700012207031,171.4700012207031,4378800,-6.9008534914277915,3.17673844601984,2.747716294065403,2.5804083862976874,3.0688936890798417,181.06199951171874,187.2989990234375,189.29866689046224,182.0806655883789,178.09699951171876,180.61908207422252,184.4267353534819,186.33837301944806,182.50071672117224,175.7974785904902,185.2657232644584,186.59688365647077,-1.3311603920123787,1.0639896854378836,-0.3149199756742139,-0.3149199756742139,0.3149199756742139,0.3149199756742139,-0.3149199756742139,-0.3149199756742139,-0.3149199756742139,0.3149199756742139,-0.3149199756742139,8.079986572265597,6.409349060058565,180.3899993896484,172.82021194458008,174.0811019897461,175.3419920349121,1.0,1.0,1.0,172.82021194458008,174.0811019897461,175.3419920349121,171.4700012207031,171.4700012207031,171.4700012207031,-0.7812805624321123,-1.4999335017977962,-2.2082507272063228
2021-05-11,164.6940002441406,172.1799926757812,164.1000061035156,172.0099945068359,172.0099945068359,2331800,0.3149199756742139,3.2735251209173195,2.7826024816584005,2.5856014789266077,3.0675474464470844,178.98199768066405,184.66199798583983,189.0693333943685,182.01416549682617,178.23229949951173,177.749386218427,182.16914610863716,185.41396150250534,182.15675861578416,175.72247890566535,183.2263803786703,185.5163733490904,-2.289992970420087,0.39319315426628954,3.8718612964409087,3.8718612964409087,-3.8718612964409087,-3.8718612964409087,-3.8718612964409087,3.8718612964409087,3.8718612964409087,-3.8718612964409087,3.8718612964409087,6.279998779296903,6.441848754882791,172.1799926757812,166.28943145751956,167.5713012695313,168.853171081543,1.0,1.0,1.0,164.6940002441406,164.6940002441406,164.6940002441406,172.0099945068359,172.0099945068359,172.0099945068359,4.442174124042261,4.442174124042261,4.442174124042261
2021-05-12,168.9299926757812,170.8999938964844,164.6199951171875,165.3500061035156,165.3500061035156,1547800,-3.8718612964409087,3.385393563000485,2.8745242333302317,2.687549297963365,3.107047436386416,175.53999938964841,181.49199829101562,188.66000010172527,181.81949895222982,178.29579956054687,173.61625951345655,179.1111206531605,184.1195127670867,181.6057175498081,175.5170834046327,180.47616895172342,184.0225683679367,-3.5463994162132906,-0.3947253598296265,-0.9071665827825499,-0.9071665827825499,0.9071665827825499,0.9071665827825499,0.9071665827825499,-0.9071665827825499,-0.9071665827825499,0.9071665827825499,-0.9071665827825499,5.145004272460909,6.548099517822247,170.8999938964844,158.00792541503904,159.29629516601562,160.58466491699218,,,,,,,,,,0.0,0.0,0.0
2021-05-13,167.2980041503906,170.2949981689453,165.1499938964844,166.8500061035156,166.8500061035156,1286500,0.9071665827825499,3.3278514358325455,2.835632307424565,2.662438608596537,3.104780354275004,171.97200012207028,178.2229995727539,188.1316670735677,181.6901657104492,178.3682995605469,171.3608417101429,176.8818270986796,183.0053510468563,181.12192373189689,175.34545811154126,178.37983620584532,182.75052671872032,-4.370690512875001,-1.1899183904387014,-2.4932503752738313,-2.4932503752738313,2.4932503752738313,2.4932503752738313,2.4932503752738313,-2.4932503752738313,-2.4932503752738313,2.4932503752738313,-2.4932503752738313,5.610000610351506,6.624600219726541,170.2949981689453,156.49417495727545,157.8037948608399,159.11341476440435,,,,,,,,,,0.0,0.0,0.0
2021-05-14,169.1499938964844,172.8899993896484,167.2799987792969,171.0099945068359,171.0099945068359,1298800,2.4932503752738313,3.866206008725206,2.7455924241625453,2.7554190282303677,3.1106775338002874,169.33800048828124,176.50699920654296,187.4020004272461,181.68816553751628,178.45179946899415,171.2438926423739,175.8142211728898,182.23145707653242,180.79038506878013,175.25960734709165,177.24601440599773,181.88085766598815,-4.634843259990419,-1.878903364349045,-0.04093756298903335,-0.04093756298903335,0.04093756298903335,0.04093756298903335,0.04093756298903335,-0.04093756298903335,-0.04093756298903335,0.04093756298903335,-0.04093756298903335,3.970001220703125,6.488600158691382,172.8899993896484,155.72087768554692,157.04579772949222,158.37071777343755,,,,,,,,,,0.0,0.0,0.0
2021-05-17,168.7799987792969,171.4199981689453,167.4499969482422,171.0800018310547,171.0800018310547,1253700,0.04093756298903335,2.3520595738142833,2.735544499292076,2.736759868625424,3.0467266599782183,169.26000061035154,175.16100006103517,186.49400024414064,181.54966557820637,178.55149948120118,171.18926237193418,174.95345401982888,181.51200835101773,180.47201184787107,175.17684288142755,176.2973970867757,181.0807942708079,-4.7833971840321965,-2.4598021282856752,0.5903638625356532,0.5903638625356532,-0.5903638625356532,-0.5903638625356532,-0.5903638625356532,0.5903638625356532,0.5903638625356532,-0.5903638625356532,0.5903638625356532,3.2799987792969034,6.382099914550757,171.4199981689453,158.61507904052738,159.91279907226564,161.21051910400394,,,,,,,,,,0.0,0.0,0.0
2021-05-18,172.75,173.2799987792969,170.0,170.0700073242188,170.0700073242188,737600,-0.5903638625356532,2.35437510520154,2.7314029322681104,2.69908241875758,3.0037961047187816,168.87200317382812,173.9270004272461,185.66366729736328,181.5128323872884,178.619599609375,170.81617735602907,174.06555462062704,180.77381473638553,180.13096251922676,175.07571742484913,175.3393371233054,180.2651804229124,-4.92584329960701,-2.953010362549942,-2.399004172727278,-2.399004172727278,2.399004172727278,2.399004172727278,2.399004172727278,-2.399004172727278,-2.399004172727278,2.399004172727278,-2.399004172727278,9.239990234375,6.415599060058571,173.2799987792969,157.37937835693364,158.65579833984378,159.93221832275395,,,,,,,,,,0.0,0.0,0.0
2021-05-19,165.75,174.4299926757812,165.1900024414062,174.1499938964844,174.1499938964844,1001900,2.399004172727278,1.3813205540470803,2.8950275166779185,2.672036888930956,3.0193957624597614,170.6320007324219,173.08600006103512,185.01233367919923,181.54499893188478,178.7100994873047,171.92744953618086,174.08090721623745,180.3464714563919,179.93486518733354,175.0573862658716,175.15636124225603,179.812203643177,-4.655842400920989,-3.2935767702241514,-2.049961211219291,-2.049961211219291,2.049961211219291,2.049961211219291,2.049961211219291,-2.049961211219291,-2.049961211219291,2.049961211219291,-2.049961211219291,4.177993774414006,6.332498931884741,174.4299926757812,159.16568084716803,160.44880065917977,161.73192047119147,,,,,,,,,,0.0,0.0,0.0
2021-05-20,174.6399993896484,178.7480010986328,174.5700073242188,177.7200012207031,177.7200012207031,1030400,2.049961211219291,1.4448627427179646,2.9619121299725824,2.7189997459239703,2.9860820566027266,172.80599975585938,172.38899993896482,184.48566691080728,181.52116572062175,178.8161994934082,173.8583000976883,174.74256067159482,180.17702176376685,179.86224669662434,175.1101113144821,175.55076739278633,179.65722568595672,-4.106458293170391,-3.4561530748133995,-0.6527141875656017,0.6527141875656017,-0.6527141875656017,-0.6527141875656017,-0.6527141875656017,0.6527141875656017,0.6527141875656017,-0.6527141875656017,0.6527141875656017,4.479995727539091,6.249498748779277,178.7480010986328,160.49849502563475,161.7649948120117,163.03149459838866,,,,,,,,,,0.0,0.0,0.0
2021-05-21,178.9299926757812,179.8699951171875,175.3899993896484,176.5599975585938,176.5599975585938,1050400,-0.6527141875656017,1.4684540162213797,2.9633555273250844,2.5605005847107165,2.8917238749907783,173.916000366211,171.6270004272461,183.97566680908204,181.64799906412762,178.91739944458007,174.75886591799014,175.07300374195827,179.9436653634331,179.75397623308234,175.13882193317738,175.70603357214134,179.42780138022613,-3.721767808084792,-3.509276021467678,1.172410145470088,-1.172410145470088,1.172410145470088,1.172410145470088,1.172410145470088,-1.172410145470088,-1.172410145470088,1.172410145470088,-1.172410145470088,3.7900085449217897,6.119998931884742,179.8699951171875,164.9991038513184,166.24900360107426,167.49890335083012,,,,,,,,,,0.0,0.0,0.0
2021-05-24,176.9400024414062,180.3500061035156,176.5599975585938,178.6300048828125,178.6300048828125,826300,1.172410145470088,1.438121611237143,1.8979817239856627,2.490077227678532,2.8625684001290423,175.42600097656253,172.34300079345704,183.51133371988934,181.7129992167155,179.0659994506836,176.04924557293094,175.71973122211358,179.8589130743608,179.71712471340135,175.20795426881372,176.1558753122446,179.36870534338067,-3.2128300311360647,-3.4499868234013555,1.114029099243715,-1.114029099243715,1.114029099243715,1.114029099243715,1.114029099243715,1.114029099243715,-1.114029099243715,1.114029099243715,1.114029099243715,3.389999389648409,6.067498779296852,180.3500061035156,166.40599746704106,167.62999725341803,168.85399703979496,,,,,,,,,,0.0,0.0,0.0
2021-05-25,180.7400054931641,182.8500061035156,179.4600067138672,180.6199951171875,180.6199951171875,1038800,1.114029099243715,1.1831504111525504,1.9095597551372363,2.5162062072877736,2.8110239477855266,177.53599853515624,173.2040008544922,183.11800028483074,181.68483250935873,179.19849945068358,177.5728287543498,176.6106882939452,179.90801514163994,179.7467270217222,175.31512339452408,176.84266297454352,179.46139347477379,-2.6187305002302708,-3.283735558767139,-0.6366924634995585,0.6366924634995585,-0.6366924634995585,-0.6366924634995585,-0.6366924634995585,-0.6366924634995585,0.6366924634995585,-0.6366924634995585,-0.6366924634995585,5.229995727539006,6.155998229980447,182.8500061035156,167.0015087890625,168.2150085449219,169.42850830078126,,,,,,,,,,0.0,0.0,0.0
2021-05-26,180.1900024414062,182.9700012207031,177.7400054931641,179.4700012207031,179.4700012207031,1133800,-0.6366924634995585,1.203383376673085,1.2432052413625807,2.5160527583886583,2.7902518835615546,178.6,174.61600036621093,182.77200012207032,181.71849924723307,179.330499420166,178.20521957646758,177.13056337153756,179.87975617899886,179.73765404463958,175.39739820296327,177.24686885856806,179.46203108558336,-2.2151622270152984,-3.070020892416771,3.1593013486263013,-3.1593013486263013,3.1593013486263013,3.1593013486263013,3.1593013486263013,3.1593013486263013,-3.1593013486263013,3.1593013486263013,3.1593013486263013,8.79000854492179,6.2619987487792725,182.9700012207031,169.30680999755862,170.5380096435547,171.7692092895508,,,,,,,,,,0.0,0.0,0.0
2021-05-27,178.1600036621094,185.3500061035156,176.5599975585938,185.1399993896484,185.1399993896484,2070900,3.1593013486263013,1.5790172679850691,1.446216091110731,2.617099343891933,2.783904069967689,180.08399963378906,176.44499969482422,182.5153335571289,181.94316584269205,179.5359994506836,180.5168128475279,178.5868244657395,180.2191267087182,179.91478012152513,175.5903209987392,178.46119663258042,179.88262133032893,-1.421424697748506,-2.7403016534831184,-1.3071179523189627,1.3071179523189627,-1.3071179523189627,-1.3071179523189627,1.3071179523189627,-1.3071179523189627,1.3071179523189627,-1.3071179523189627,-1.3071179523189627,3.1499938964844034,6.071248626708963,185.3500061035156,169.1936039733887,170.44600372314454,171.6984034729004,,,,,,,,,,0.0,0.0,0.0
2021-05-28,185.2799987792969,185.5,182.3500061035156,182.7200012207031,182.7200012207031,965200,-1.3071179523189627,1.7505729801481649,1.523517847933582,2.310176746743144,2.74490826084038,181.31600036621094,177.61600036621095,182.1970001220703,182.23283259073892,179.67069946289064,181.25120897191962,179.33831114846015,180.38047345142692,180.00675458379325,175.73150278531276,179.11639733844544,180.0927976185048,-0.9764002800593516,-2.387521378798365,0.14229121338607764,-0.14229121338607764,-0.14229121338607764,0.14229121338607764,-0.14229121338607764,0.14229121338607764,-0.14229121338607764,0.14229121338607764,0.14229121338607764,5.690002441406307,6.004648590087873,185.5,171.99325912475587,173.20750885009767,174.42175857543947,,,,,,,,,,0.0,0.0,0.0
2021-06-01,185.4499969482422,187.3800048828125,181.6900024414062,182.9799957275391,182.9799957275391,825500,0.14229121338607764,1.7417273826964093,1.5191628233033765,2.2709464903498437,2.706763383392894,182.18599853515624,178.8059997558594,182.01499989827474,182.4254992167155,179.78049942016602,181.8274712237928,180.0004356173836,180.54818456601484,180.10423789998165,175.87503729902022,179.7107970906137,180.30666414509992,-0.5958670544862059,-2.029190513935933,1.2733642395118074,-1.2733642395118074,-1.2733642395118074,1.2733642395118074,-1.2733642395118074,1.2733642395118074,-1.2733642395118074,1.2733642395118074,1.2733642395118074,3.4600067138671875,5.8558990478515485,187.3800048828125,172.28977310180667,173.49070281982426,174.69163253784183,,,,,,,,,,0.0,0.0,0.0
2021-06-02,182.9199981689453,185.5800018310547,182.1199951171875,185.3099975585938,185.3099975585938,757600,1.2733642395118074,1.757287445258714,1.4584212118027788,2.2718617256511053,2.6255789668216636,183.1239990234375,180.3299987792969,182.06033325195312,182.79899927775065,179.84789932250976,182.98831333539314,180.96581051578545,180.85539830747155,180.2749185445263,176.06186819524942,180.57221254722603,180.67728143498834,-0.10506888776231449,-1.6443661887012095,-2.3420195321725323,2.3420195321725323,2.3420195321725323,-2.3420195321725323,2.3420195321725323,-2.3420195321725323,-2.3420195321725323,-2.3420195321725323,-2.3420195321725323,3.069992065429716,5.670149230957018,185.5800018310547,174.4970269775391,175.6682067871094,176.8393865966797,,,,,,,,,,0.0,0.0,0.0
2021-06-03,182.0899963378906,183.6499938964844,180.5800018310547,180.9700012207031,180.9700012207031,1159400,-2.3420195321725323,2.158997037752734,1.6629136799237219,2.3368266042801116,2.5737540980059457,183.4239990234375,181.01199951171876,181.785666402181,182.9668327331543,179.86359939575195,182.31554263049645,180.9665724621341,180.86279204380907,180.2977081404665,176.1590589482287,180.63341080468402,180.69896438207832,-0.06555357739429724,-1.328603666439827,2.094266044409594,-2.094266044409594,-2.094266044409594,2.094266044409594,-2.094266044409594,2.094266044409594,2.094266044409594,2.094266044409594,2.094266044409594,3.893997192382784,5.458348846435527,183.6499938964844,173.10567352294925,174.23970336914064,175.37373321533207,,,,,,,,,,0.0,0.0,0.0
2021-06-04,182.6699981689453,186.3139953613281,182.4199981689453,184.7599945068359,184.7599945068359,1061100,2.094266044409594,1.8177864391049912,1.6678578144435465,2.3705207428632975,2.5475307856563094,183.347998046875,181.71599884033202,181.70933278401694,183.28999938964844,179.88359939575196,183.1303599226096,181.6562855611708,181.11422446077853,180.444012611495,176.3293745038447,181.2682698357843,180.99978142835667,0.2684884074276397,-1.0091852516663338,-0.48711513490060177,-0.48711513490060177,0.48711513490060177,-0.48711513490060177,0.48711513490060177,-0.48711513490060177,-0.48711513490060177,-0.48711513490060177,-0.48711513490060177,1.870010375976591,5.312849426269517,186.3139953613281,171.64162643432624,172.73329620361335,173.82496597290046,,,,,,,,,,0.0,0.0,0.0
2021-06-07,183.25,184.2100067138672,182.3399963378906,183.8600006103516,183.8600006103516,798800,-0.48711513490060177,1.7071391304404677,1.6570121724429774,2.372419441539388,2.441345329544057,183.5759979248047,182.4459991455078,181.3739995320638,183.4384994506836,179.8989993286133,183.3735734851903,182.05696102465822,181.2913713091381,180.55601221801487,176.47849581288443,181.6669976472562,181.21164951591186,0.45534813134435126,-0.7162785750641968,0.22299774869370598,0.22299774869370598,-0.22299774869370598,0.22299774869370598,-0.22299774869370598,0.22299774869370598,0.22299774869370598,0.22299774869370598,0.22299774869370598,5.059997558593807,4.8828491210937415,184.2100067138672,174.62572662353517,175.68829650878905,176.75086639404296,,,,,,,,,,0.0,0.0,0.0
2021-06-08,185.5500030517578,187.0599975585938,182.0,184.2700042724609,184.2700042724609,957400,0.22299774869370598,1.7075931132540725,1.636068213373416,1.7254208983570123,2.4338216322273536,183.83399963378906,183.00999908447267,180.88399963378907,183.6331662495931,179.9409992980957,183.67238374761385,182.4593325242587,181.4835411777396,180.67778244930818,176.63278310911366,182.06746020498,181.43819431269327,0.6292658922867247,-0.44716968159401255,-1.476095489031038,-1.476095489031038,1.476095489031038,-1.476095489031038,1.476095489031038,-1.476095489031038,-1.476095489031038,-1.476095489031038,-1.476095489031038,3.6899871826171022,4.663349151611317,187.0599975585938,173.46773864746095,174.4443084716797,175.42087829589846,,,,,,,,,,0.0,0.0,0.0
2021-06-09,184.7200012207031,185.1799926757812,181.4900054931641,181.5500030517578,181.5500030517578,737400,-1.476095489031038,1.699004910607202,1.7007295057203953,1.7744726817324776,2.406558941831394,183.08200073242188,183.10299987792968,180.3229995727539,183.68749974568684,179.9170993041992,182.96492351566184,182.2939998928949,181.48782904057947,180.7063798461098,176.7301538010472,181.98785141217658,181.44647644151289,0.5413749706636963,-0.2494607511424708,-0.7491052533686107,0.7491052533686107,-0.7491052533686107,0.7491052533686107,-0.7491052533686107,0.7491052533686107,0.7491052533686107,0.7491052533686107,0.7491052533686107,3.279998779296875,4.513349151611315,185.1799926757812,176.8006294250489,177.73329925537118,178.66596908569343,,,,,,,,,,0.0,0.0,0.0
2021-06-10,182.3899993896484,184.0800018310547,180.8000030517578,182.9100036621094,182.9100036621094,589500,0.7491052533686107,1.3388039706820993,1.693707374685983,1.4813264596105804,2.403121270276816,183.47000122070312,183.4470001220703,179.85166625976564,183.72699991861978,179.973299407959,182.94661689781103,182.40600057820663,181.57958224196852,180.77862980729012,176.8525270656227,182.12972098908932,181.5548858652608,0.5748351238285352,-0.08460157614826962,0.21868344457710154,0.21868344457710154,-0.21868344457710154,0.21868344457710154,-0.21868344457710154,0.21868344457710154,0.21868344457710154,0.21868344457710154,0.21868344457710154,1.5,4.33109893798827,184.0800018310547,175.2506245422363,176.15329437255855,177.05596420288083,,,,,,,,,,0.0,0.0,0.0
2021-06-11,183.25,183.75,182.25,183.3099975585938,183.3099975585938,525300,0.21868344457710154,0.8595813444539319,1.342179229831137,1.479764022454684,2.3863945503988173,183.18000183105468,183.26399993896484,179.310666402181,183.70649998982748,179.94969940185547,183.06774378473864,182.57036366554973,181.6912219398153,180.86162547126727,176.9803977684538,182.3113019997823,181.684894138841,0.6264078609412991,0.05760031126964414,-0.8892067560534259,0.8892067560534259,-0.8892067560534259,0.8892067560534259,-0.8892067560534259,0.8892067560534259,0.8892067560534259,0.8892067560534259,0.8892067560534259,3.5299987792967897,4.227098846435534,183.75,174.55158416748048,175.41780395507814,176.2840237426758,,,,,,,,,,0.0,0.0,0.0
2021-06-14,183.9100036621094,185.8500061035156,182.3200073242188,184.9400024414062,184.9400024414062,636600,0.8892067560534259,0.9427774370861162,1.3001369338079372,1.406675203874371,2.3109424873615185,183.39600219726563,183.48600006103516,179.2029998779297,183.85416666666666,179.93879943847656,183.69183000362784,183.00120707934178,181.90082068185345,180.99534274897675,177.13801370257164,182.71571745233985,181.92601327236434,0.7897041799755016,0.20402108501081564,1.6383685191400235,-1.6383685191400235,1.6383685191400235,-1.6383685191400235,1.6383685191400235,-1.6383685191400235,-1.6383685191400235,-1.6383685191400235,-1.6383685191400235,4.679992675781222,4.262598419189439,185.8500061035156,174.45038253784182,175.29580230712892,176.14122207641603,,,,,,,,,,0.0,0.0,0.0
2021-06-15,184.0,186.2599945068359,181.5800018310547,181.9100036621094,181.9100036621094,651900,-1.6383685191400235,1.2192757736529727,1.414906802345992,1.4776688598922787,2.306096523945292,182.92400207519532,183.37900085449218,179.1153335571289,183.88849995930988,179.9166995239258,183.09788788978835,182.8028064580268,181.90141313219257,181.02533163137454,177.23250855325554,182.59176148461208,181.9248273753084,0.6669341093036678,0.2966036898693861,0.10994279820570083,-0.10994279820570083,0.10994279820570083,-0.10994279820570083,0.10994279820570083,-0.10994279820570083,-0.10994279820570083,-0.10994279820570083,-0.10994279820570083,4.0749969482421875,4.302348327636703,186.2599945068359,176.47228958129884,177.3248092651367,178.1773289489746,,,,,,,,,,0.0,0.0,0.0
2021-06-16,182.3200073242188,184.0899963378906,180.0149993896484,181.7100067138672,181.7100067138672,997800,-0.10994279820570083,1.0116380478760632,1.3366505084842804,1.4659890083510607,2.293159710664626,182.95600280761718,183.01900177001954,179.09200032552084,183.86233342488606,179.92719955444335,182.63526083114797,182.6041155954523,181.8890643310103,181.04777999473495,177.32117188316863,182.4561069044975,181.9089147337202,0.5471921707772935,0.34672138605096764,0.20912710845412122,-0.20912710845412122,0.20912710845412122,-0.20912710845412122,0.20912710845412122,-0.20912710845412122,-0.20912710845412122,-0.20912710845412122,-0.20912710845412122,4.5399932861328125,4.067348480224593,184.0899963378906,176.79482818603515,177.6552978515625,178.51576751708984,,,,,,,,,,0.0,0.0,0.0
2021-06-17,181.1199951171875,183.5,178.9600067138672,181.3300018310547,181.3300018310547,784800,-0.20912710845412122,0.926584809588719,1.1047940104783633,1.3872405197272293,2.2390665657650857,182.64000244140624,183.05500183105468,179.0510004679362,183.94500020345052,179.93129959106446,182.20017449778356,182.37245854737998,181.85299578262607,181.05703316969624,177.4005546544139,182.28285997012168,181.8660322964857,0.4168276736359644,0.360742643567967,3.937572005486901,-3.937572005486901,3.937572005486901,-3.937572005486901,3.937572005486901,3.937572005486901,-3.937572005486901,-3.937572005486901,-3.937572005486901,7.004989624023409,4.208698272705064,183.5,175.1418296813965,175.9552993774414,176.76876907348634,,,,,,,,,,0.0,0.0,0.0
2021-06-18,179.4499969482422,180.1649932861328,173.1600036621094,174.1900024414062,174.1900024414062,2088700,-3.937572005486901,1.8724062618250121,1.44419494627352,1.599415659133062,2.2725818002061846,180.81600341796874,181.9980026245117,178.7010004679362,183.9850003560384,179.92379959106447,179.53011714565778,180.88473925538474,181.3586091154506,180.83188462122772,177.3369793630672,181.0378049657039,181.29743749240575,-0.2596325267018358,0.23666760951400642,-1.1768775607242299,1.1768775607242299,-1.1768775607242299,1.1768775607242299,1.1768775607242299,-1.1768775607242299,-1.1768775607242299,1.1768775607242299,-1.1768775607242299,4.769989013671903,4.2231979370117045,180.1649932861328,174.24086380004886,175.08260345458987,175.9243431091309,1.0,1.0,1.0,174.24086380004886,175.08260345458987,175.9243431091309,174.1900024414062,174.1900024414062,174.1900024414062,-0.02919025854981392,-0.5098170780943336,-0.9858446176768348
2021-06-21,174.4299926757812,178.9799957275391,174.2100067138672,176.2400054931641,176.2400054931641,781500,1.1768775607242299,1.9479111571983079,1.5479430668114658,1.617638377072137,2.2770849346960924,179.0760040283203,181.23600311279296,178.43633422851562,184.05133387247722,180.0297996520996,178.43341326149323,180.04024220770825,181.0283766236902,180.68133120719284,177.31525710821762,180.29968196992857,180.92281289986934,-0.6231309299407712,0.0647079016230509,-0.011341927512929792,0.011341927512929792,-0.011341927512929792,0.011341927512929792,0.011341927512929792,-0.011341927512929792,-0.011341927512929792,0.011341927512929792,-0.011341927512929792,3.1649932861328125,4.191947174072256,178.9799957275391,170.87395782470708,171.7185974121094,172.56323699951173,,,,,,,,,,0.0,0.0,0.0
2021-06-22,175.8000030517578,178.125,174.9600067138672,176.2599945068359,176.2599945068359,929000,0.011341927512929792,1.9405167522278397,1.5397297780024592,1.5941414912833252,2.142205168622172,177.9460021972656,180.43500213623048,178.59600067138672,183.94733378092448,180.0943995666504,177.70894034327412,179.35292444391328,180.72073906776413,180.53636934816473,177.29436081908136,179.67819159099125,180.57741894482982,-0.8992273538385689,-0.12807914946927307,-0.9191027042235395,0.9191027042235395,-0.9191027042235395,0.9191027042235395,0.9191027042235395,-0.9191027042235395,-0.9191027042235395,0.9191027042235395,-0.9191027042235395,2.7799987792969034,4.16144714355468,178.125,169.75771194458014,170.59610137939458,171.43449081420903,,,,,,,,,,0.0,0.0,0.0
2021-06-23,177.0,179.4100036621094,176.6300048828125,177.8800048828125,177.8800048828125,669800,0.9191027042235395,2.0582951084257908,1.5456526059337157,1.587201219793843,2.130288763493688,177.18000183105468,180.06800231933593,178.79166768391926,183.93050053914388,180.1643995666504,177.7659618564536,179.0851208873495,180.53746589454147,180.44927543126792,177.30595773123446,179.40154748204068,180.3776104957915,-0.9760630137508031,-0.29767592232557905,-2.8165023438899146,2.8165023438899146,-2.8165023438899146,2.8165023438899146,2.8165023438899146,-2.8165023438899146,-2.8165023438899146,2.8165023438899146,-2.8165023438899146,4.7899932861328125,4.13944702148437,179.4100036621094,168.9698162841797,169.80210571289064,170.63439514160157,,,,,,,,,,0.0,0.0,0.0
2021-06-24,179.5800018310547,184.3699951171875,179.5800018310547,182.8899993896484,182.8899993896484,896100,2.8165023438899146,2.523516353908344,1.8025843556404986,1.7051104333709381,2.1584979366086148,177.49200134277345,180.06600189208984,179.37633412679037,184.0181671142578,180.1602995300293,179.47397436751857,179.77691697867655,180.6892422490645,180.52929916760826,177.41653281357927,179.9382323909034,180.56371337681793,-0.6254809859145212,-0.3632369350433675,-0.25152097731004963,0.25152097731004963,-0.25152097731004963,0.25152097731004963,0.25152097731004963,-0.25152097731004963,-0.25152097731004963,0.25152097731004963,-0.25152097731004963,3.7799987792967897,3.8889465332031206,184.3699951171875,170.30322021484378,171.13110961914066,171.95899902343754,,,,,,,,,,0.0,0.0,0.0
2021-06-25,184.4700012207031,186.5899963378906,182.8099975585938,183.3500061035156,183.3500061035156,1055900,0.25152097731004963,1.103293618124593,1.8030291779581367,1.547998392495368,2.1275624540448157,179.32400207519532,180.07000274658202,179.92633412679035,184.02900060017905,180.2004995727539,180.76598494618423,180.4265695468291,180.86090443322266,180.62178136222818,177.53402733417204,180.4631206543822,180.7701054306474,-0.30698477626518184,-0.3519865032877304,-2.170709350995095,2.170709350995095,-2.170709350995095,2.170709350995095,-2.170709350995095,2.170709350995095,-2.170709350995095,2.170709350995095,2.170709350995095,5.119995117187614,3.987446594238281,186.5899963378906,175.81431274414064,176.59210205078125,177.3698913574219,,,,,,,,,,0.0,0.0,0.0
2021-06-28,184.75,189.3099975585938,184.1900024414062,187.3300018310547,187.3300018310547,862200,2.170709350995095,1.2187140805398007,1.9140370317251978,1.5925224617079639,2.019428025951295,181.54200134277343,180.3090026855469,180.470334370931,183.93616739908853,180.31429962158202,182.9539905744744,181.68173905305193,181.27826555566344,180.8417230169438,177.72800702717961,181.51956391233182,181.25602368252942,0.2635402298024019,-0.22888115666970396,4.446699273812641,-4.446699273812641,-4.446699273812641,4.446699273812641,-4.446699273812641,4.446699273812641,4.446699273812641,4.446699273812641,4.446699273812641,11.027999877929688,4.25434646606445,189.3099975585938,177.8176138305664,178.61510314941404,179.4125924682617,,,,,,,,,,0.0,0.0,0.0
2021-06-29,188.9600067138672,198.9499969482422,187.9219970703125,195.6600036621094,195.6600036621094,2063000,4.446699273812641,1.645796199769873,2.2259074829168,1.861455992786588,2.0688749562043736,185.42200317382813,181.6840026855469,181.28966776529947,183.89183400472004,180.59399963378905,187.18932827035275,184.22324170924418,182.20611962704706,181.3275682839984,178.08309606945545,183.69501618152836,182.32298516249833,1.3720310190300324,0.09130127847024333,-0.00511589769889105,-0.00511589769889105,0.00511589769889105,-0.00511589769889105,0.00511589769889105,-0.00511589769889105,-0.00511589769889105,-0.00511589769889105,-0.00511589769889105,2.666000366210909,4.214646148681636,198.9499969482422,179.95043533325202,180.8013046264649,181.6521739196778,,,,,,,,,,0.0,0.0,0.0
2021-06-30,195.5800018310547,195.9960021972656,193.3300018310547,195.6499938964844,195.6499938964844,902100,-0.00511589769889105,1.8533337655943174,2.221631520873759,1.850067729884128,2.057047210037874,188.9760009765625,183.0780014038086,182.142333984375,183.90300064086915,180.87909957885742,190.00955014572997,186.3008330160151,183.07346635410755,181.79715600899792,178.43095543236691,185.5342435222908,183.31017099464543,2.224072527645376,0.5178555283052698,-1.2624591350664964,-1.2624591350664964,1.2624591350664964,-1.2624591350664964,1.2624591350664964,-1.2624591350664964,-1.2624591350664964,-1.2624591350664964,-1.2624591350664964,4.100006103515597,4.266146850585931,195.9960021972656,189.6777754211426,190.5207046508789,191.36363388061525,,,,,,,,,,0.0,0.0,0.0
2021-07-01,196.3899993896484,196.3899993896484,192.2899932861328,193.1799926757812,193.1799926757812,887100,-1.2624591350664964,2.2286302384004584,2.296606839917176,1.7838564209828278,2.0619119649032167,191.03399963378905,184.26300048828125,182.77666727701822,183.8945004781087,181.10329956054687,191.06636432241373,187.55158931779076,183.7255003103446,182.17036376856458,178.72301557580084,186.7105126228278,184.04126889695178,2.669243725876015,0.9481331678194189,1.2889562002122847,1.2889562002122847,-1.2889562002122847,1.2889562002122847,-1.2889562002122847,1.2889562002122847,1.2889562002122847,1.2889562002122847,1.2889562002122847,3.9800109863282103,4.270447540283202,196.3899993896484,186.61047912597655,187.46370849609374,188.31693786621094,,,,,,,,,,0.0,0.0,0.0
2021-07-02,195.0,197.3200073242188,193.3399963378906,195.6699981689453,195.6699981689453,724100,1.2889562002122847,2.175180731758993,1.6332938434034021,1.7510101215643654,2.0683792958909697,193.497998046875,186.41100006103517,183.3750005086263,183.9303337097168,181.37149948120117,192.60090893792426,189.0276636543643,184.49611307541562,182.6129747325115,179.05859938952648,188.0888950145382,184.90265625043276,3.1862387641054397,1.395754287076623,-0.7001559411293189,-0.7001559411293189,0.7001559411293189,-0.7001559411293189,0.7001559411293189,-0.7001559411293189,-0.7001559411293189,-0.7001559411293189,-0.7001559411293189,4.625991821289119,4.408246612548828,197.3200073242188,186.99501480102538,187.849104309082,188.70319381713864,,,,,,,,,,0.0,0.0,0.0
2021-07-06,195.8099975585938,197.0659942626953,192.4400024414062,194.3000030517578,194.3000030517578,911200,-0.7001559411293189,2.2737160713288302,1.7383516021819285,1.7567007023875447,2.067319811561934,194.89199829101562,188.21699981689454,183.9663340250651,183.97100041707355,181.6327995300293,193.16727364253546,189.98627081752673,185.1286221061474,182.99615598888025,179.360409363036,189.04445009718737,185.59875601349387,3.445694083693496,1.8057422463999977,-1.183738042013893,-1.183738042013893,1.183738042013893,-1.183738042013893,1.183738042013893,-1.183738042013893,-1.183738042013893,-1.183738042013893,-1.183738042013893,7.214996337890597,4.515996551513668,197.0659942626953,187.62186477661137,188.50351409912116,189.38516342163092,,,,,,,,,,0.0,0.0,0.0
2021-07-07,196.0,196.0,188.7850036621094,192.0,192.0,848900,-1.183738042013893,1.0550948562180047,1.8508318970112287,1.7874656532035047,2.0728841897459147,194.15999755859374,189.79100036621094,184.41200052897136,183.96166712443033,181.80629959106446,192.77818242835698,190.35240339615822,185.5719368089766,183.29136398924484,179.61069828654024,189.49915008223547,186.07292223471654,3.4262278475189305,2.1298393666237843,-1.3333320617676079,-1.3333320617676079,-1.3333320617676079,-1.3333320617676079,1.3333320617676079,-1.3333320617676079,-1.3333320617676079,-1.3333320617676079,-1.3333320617676079,6.1199951171875,4.6374969482421875,196.0,187.13080184936524,188.03400115966798,188.93720046997072,,,1.0,,,188.93720046997072,,,192.0,0.0,0.0,1.6210674882504548
2021-07-08,187.0299987792969,191.4499969482422,185.3300018310547,189.4400024414062,189.4400024414062,838000,-1.3333320617676079,1.1054738068203025,1.9774858771374202,1.7806043768903854,2.0801797051217936,192.91799926757812,190.9470001220703,184.70600077311198,183.91200052897136,181.9406996154785,191.66545576604005,190.18651231347604,185.82148943042367,183.49295869259439,179.80533797277522,189.4900504451848,186.32233558336023,3.167714861824578,2.3374144656639433,1.8475506518653841,1.8475506518653841,1.8475506518653841,1.8475506518653841,-1.8475506518653841,1.8475506518653841,1.8475506518653841,1.8475506518653841,1.8475506518653841,5.489990234375,4.747996520996094,191.4499969482422,185.7975067138672,186.72500610351562,187.65250549316406,1.0,1.0,1.0,185.7975067138672,186.72500610351562,187.0299987792969,189.4400024414062,189.4400024414062,189.4400024414062,1.9604653431375343,1.4540078988592684,1.2885652985290308
2021-07-09,190.0,193.3399963378906,187.8500061035156,192.9400024414062,192.9400024414062,814400,1.8475506518653841,1.478409353038139,1.880855125927385,1.8141501267320213,2.0862384596682424,192.87000122070313,191.9520004272461,185.15500081380208,183.9635004679362,182.09979965209962,192.09030465782877,190.6871468821906,186.280748334358,183.80269783189968,180.0654303384907,190.02081229075733,186.81253312840067,3.2082791623566607,2.511587405002487,0.3524373728500461,0.3524373728500461,0.3524373728500461,0.3524373728500461,-0.3524373728500461,0.3524373728500461,0.3524373728500461,0.3524373728500461,0.3524373728500461,2.5059967041016193,4.798296356201175,193.3399963378906,181.00440460205078,181.95400390625,182.9036032104492,,,,,,,,,,0.0,0.0,0.0
2021-07-12,193.2299957275391,194.1959991455078,191.6900024414062,193.6199951171875,193.6199951171875,870900,0.3524373728500461,1.322868980283995,1.8793335226957943,1.8141476028077677,2.077028084792981,192.46000061035156,192.97899932861327,185.4376673380534,183.97650044759115,182.28989959716796,192.60020147761503,191.2203920158264,186.75424812679861,184.1245764314173,180.33383756183125,190.57453272559275,187.31678957201453,3.257743153578218,2.6608185547176335,0.4286756801911565,-0.4286756801911565,-0.4286756801911565,-0.4286756801911565,0.4286756801911565,-0.4286756801911565,-0.4286756801911565,-0.4286756801911565,-0.4286756801911565,2.9199981689453125,4.767796325683601,194.1959991455078,182.783744354248,183.74340362548824,184.70306289672848,,,,,,,,,,0.0,0.0,0.0
2021-07-13,193.5249938964844,193.6499938964844,190.7299957275391,192.7899932861328,192.7899932861328,678600,-0.4286756801911565,1.3028044331102493,1.8106373773304192,1.8151544881949229,2.0774507526294173,192.15799865722653,193.5249984741211,185.77333374023436,183.98516693115235,182.50649948120116,192.66346541378763,191.50577406497302,187.14365104030406,184.40868845944075,180.58049411082732,190.91537281182968,187.72221206935663,3.1931607424730544,2.767286992268718,0.1919161419536775,-0.1919161419536775,-0.1919161419536775,-0.1919161419536775,0.1919161419536775,-0.1919161419536775,-0.1919161419536775,-0.1919161419536775,-0.1919161419536775,7.380004882812614,4.902796936035171,193.6499938964844,183.7068472290039,184.6604064941406,185.61396575927733,,,,,,,,,,0.0,0.0,0.0
2021-07-14,197.1399993896484,199.5599975585938,192.1799926757812,192.4199981689453,192.4199981689453,895900,-0.1919161419536775,1.175150525675224,1.0760744156732003,1.7651877936126872,2.060745463075679,192.2419982910156,193.20099792480468,186.08800048828124,184.051500193278,182.63679946899413,192.58230966550687,191.6719966293316,187.48406053247447,184.67135435155566,180.81493973574055,191.1468536360013,188.0701962248817,3.076657411119612,2.829161076038897,0.7639544926159181,-0.7639544926159181,-0.7639544926159181,-0.7639544926159181,0.7639544926159181,-0.7639544926159181,-0.7639544926159181,-0.7639544926159181,-0.7639544926159181,4.294998168945284,4.9137969970703255,199.5599975585938,182.86384063720703,183.84440002441406,184.8249594116211,,,,,,,,,,0.0,0.0,0.0
2021-07-15,193.2100067138672,193.4649963378906,189.1699981689453,190.9499969482422,190.9499969482422,598100,-0.7639544926159181,1.0257786783269414,1.0904696897015769,1.7791064639264935,2.038756046823165,192.54399719238282,192.73099822998046,186.2760004679362,184.16816685994465,182.82349945068358,192.03820542641864,191.5407239600426,187.70766933349176,184.87721148587326,181.0156339379683,191.11656799173068,188.28351479698247,2.833053194748203,2.829939499780758,1.712492445520878,-1.712492445520878,-1.712492445520878,-1.712492445520878,1.712492445520878,-1.712492445520878,-1.712492445520878,-1.712492445520878,-1.712492445520878,5.639999389648409,4.968797302246105,193.4649963378906,188.7496441650391,189.73240356445316,190.71516296386721,,1.0,1.0,,189.73240356445316,190.71516296386721,,190.9499969482422,190.9499969482422,0.0,0.6417424545909994,0.12313335800125354
2021-07-16,191.2599945068359,193.1399993896484,187.5,187.6799926757812,187.6799926757812,952400,-1.712492445520878,0.7672183903047137,1.1453723280594772,1.831115379089834,2.018562464688395,191.49199523925782,192.18099822998047,186.49966684977213,184.14266662597657,182.97809936523439,190.58546784287282,190.8387728174496,187.70588374267174,184.96910595111615,181.14760143772696,190.58786409696924,188.23880945467127,2.349054642297972,2.733762528284201,0.29304551067348017,-0.29304551067348017,-0.29304551067348017,-0.29304551067348017,0.29304551067348017,0.29304551067348017,-0.29304551067348017,-0.29304551067348017,0.29304551067348017,4.720001220703097,4.854547882080089,193.1399993896484,182.53364227294915,183.5274017333984,184.5211611938476,,,,,,,,,,0.0,0.0,0.0
2021-07-19,185.0,187.2200012207031,182.5,187.1300048828125,187.1300048828125,734000,-0.29304551067348017,0.6172910345967876,1.004830675317942,1.560242651730552,2.0133464821743146,190.19399719238282,191.32699890136718,186.57866719563802,184.14399998982748,183.05789947509766,189.43364685618604,190.1644513747883,187.66873026784214,185.03995509641766,181.26606487228312,190.05588575632976,188.15667578268173,1.899209973648027,2.5668520173569664,-1.373372520905511,1.373372520905511,1.373372520905511,1.373372520905511,-1.373372520905511,-1.373372520905511,1.373372520905511,1.373372520905511,-1.373372520905511,5.459991455078097,4.889048004150399,187.2200012207031,182.4599940490722,183.43090362548824,184.40181320190425,,1.0,1.0,,183.43090362548824,184.40181320190425,,187.1300048828125,187.1300048828125,0.0,2.0166183474060246,1.4794820254403442
2021-07-20,187.0700073242188,191.0899963378906,185.6300048828125,189.6999969482422,189.6999969482422,631000,1.373372520905511,1.1203509147769792,1.1489553481288146,1.5661959638301162,1.9639323792137209,189.57599792480468,190.86699829101562,186.77333374023436,184.07366663614908,183.26539947509767,189.52243022020477,190.08000511541627,187.79977973109376,185.19274335385452,181.4330734282427,190.00113363200862,188.27099586901954,1.7301377629890737,2.399509166483388,-2.303642828823521,2.303642828823521,2.303642828823521,2.303642828823521,-2.303642828823521,-2.303642828823521,2.303642828823521,2.303642828823521,-2.303642828823521,4.115005493164091,4.936548614501963,191.0899963378906,176.46409561157222,177.4419052124023,178.4197148132324,,,,,,,,,,0.0,0.0,0.0
2021-07-21,190.0,194.1150054931641,190.0,194.0700073242188,194.0700073242188,742000,2.303642828823521,1.630209749917936,1.3415580956494166,1.6207118099157762,1.9575056861805131,189.90599975585937,191.0739990234375,187.1000005086263,183.99200007120768,183.45879959106446,191.03828925487613,190.80546006247127,188.20431054355348,185.48380118894843,181.6833097430145,190.62711420004095,188.70055227310837,1.9265619269325782,2.304919718573226,1.370641295264923,-1.370641295264923,-1.370641295264923,-1.370641295264923,1.370641295264923,-1.370641295264923,-1.370641295264923,-1.370641295264923,1.370641295264923,3.1990051269530966,4.957498931884773,194.1150054931641,180.2295893859863,181.21689910888668,182.20420883178707,,,,,,,,,,0.0,0.0,0.0
2021-07-22,193.2299957275391,193.3500061035156,190.1510009765625,191.4100036621094,191.4100036621094,619400,-1.370641295264923,1.7372381457317114,1.3460788725917072,1.669305420479351,1.9649520387482968,189.9980010986328,191.2709991455078,187.428667195638,183.87583338419597,183.5497996520996,191.16219405728725,190.9153770805873,188.41112945442805,185.67810290937993,181.8759175433926,190.74755873266685,188.90125237599733,1.8463063566695155,2.213197046192484,-0.8776932467682494,0.8776932467682494,0.8776932467682494,0.8776932467682494,-0.8776932467682494,0.8776932467682494,0.8776932467682494,0.8776932467682494,-0.8776932467682494,3.2099914550780966,4.878498840332037,193.3500061035156,183.2085078430176,184.20000762939455,185.1915074157715,,,,,,,,,,0.0,0.0,0.0
2021-07-23,192.4299926757812,193.6199951171875,190.4100036621094,193.0899963378906,193.0899963378906,354600,0.8776932467682494,1.4366801690272888,1.2376824546269476,1.5739553611335506,1.9667016982537449,191.0800018310547,191.28599853515624,187.76800028483072,183.80983327229816,183.7061996459961,191.80479481748836,191.31076240009696,188.7129918340063,185.92111580867535,182.09797850962028,191.10793374885512,189.21152970650795,1.8964040423471715,2.1498384454234216,0.5645017134824521,-0.5645017134824521,-0.5645017134824521,-0.5645017134824521,0.5645017134824521,-0.5645017134824521,-0.5645017134824521,-0.5645017134824521,0.5645017134824521,2.8099975585937784,4.829998779296886,193.6199951171875,182.61730865478512,183.5930084228515,184.56870819091793,,,,,,,,,,0.0,0.0,0.0
2021-07-26,192.7799987792969,193.7299957275391,190.9199981689453,192.0,192.0,628400,-0.5645017134824521,1.482241779408509,1.243826747425238,1.5853593887673165,1.960715921145695,192.05400085449222,191.1239990234375,188.05766703287762,183.6841667175293,183.909599609375,191.86986321165892,191.43607832735205,188.92505687697363,186.12042348707945,182.29405814309314,191.24517471056973,189.41808306158143,1.8270916489883007,2.0852890861363975,-2.5260448455810396,-2.5260448455810396,-2.5260448455810396,2.5260448455810396,2.5260448455810396,-2.5260448455810396,-2.5260448455810396,-2.5260448455810396,2.5260448455810396,8.13499450683588,4.9807487487793,193.7299957275391,182.99399780273436,183.95999755859373,184.9259973144531,,,,,,,,,,0.0,0.0,0.0
2021-07-27,191.3300018310547,191.3300018310547,183.1950073242188,187.1499938964844,187.1499938964844,966900,-2.5260448455810396,1.892599661167294,1.4665900114247676,1.631890781264056,1.845059544442956,191.54400024414065,190.55999908447265,188.13133341471354,183.66716664632162,184.12769958496094,190.2965734399341,190.65679024901246,188.810536684684,186.15417989394516,182.39021528672464,190.61514689301814,189.25007645675944,1.3650704362586907,1.9412453561608563,1.7045164549514404,1.7045164549514404,1.7045164549514404,-1.7045164549514404,-1.7045164549514404,-1.7045164549514404,1.7045164549514404,1.7045164549514404,-1.7045164549514404,4.024993896484403,4.630598449707035,191.3300018310547,182.77234848022462,183.76849822998048,184.76464797973634,,1.0,1.0,,183.76849822998048,184.76464797973634,,187.1499938964844,187.1499938964844,0.0,1.8400845079944486,1.291018570289308
2021-07-28,188.1799926757812,191.2949981689453,187.2700042724609,190.3399963378906,190.3399963378906,683300,1.7045164549514404,1.6991050811915156,1.59703288892469,1.3257937561516007,1.8400316141557171,190.797998046875,190.35199890136718,188.4123331705729,183.76383336385092,184.3168995666504,190.31104773925296,190.5991913560812,188.9092115010199,186.29141977735318,182.54763669367844,190.57281603838314,189.33081126276917,1.2420047756139638,1.801397240051478,1.943888315345977,1.943888315345977,1.943888315345977,-1.943888315345977,-1.943888315345977,-1.943888315345977,1.943888315345977,1.943888315345977,-1.943888315345977,4.6999969482421875,4.732298278808599,191.2949981689453,181.1426852416992,182.0688049316406,182.99492462158202,,,,,,,,,,0.0,0.0,0.0
2021-07-29,190.9199981689453,195.1999969482422,190.5,194.0399932861328,194.0399932861328,714800,1.943888315345977,1.8534984968875863,1.6977949786761275,1.404691029855123,1.8485904272200322,191.3239959716797,190.66099853515624,188.82333272298177,183.9576665242513,184.62829956054688,191.55402958821293,191.22479170699967,189.24022968070463,186.54547136780496,182.77520811135082,191.10622792265232,189.67963956079612,1.4265883618562043,1.7264354644124233,-2.2933400856596697,-2.2933400856596697,-2.2933400856596697,2.2933400856596697,2.2933400856596697,-2.2933400856596697,-2.2933400856596697,-2.2933400856596697,2.2933400856596697,4.309997558593722,4.742797851562505,195.1999969482422,180.8839419555664,181.8304016113281,182.77686126708983,,,,,,,,,,0.0,0.0,0.0
2021-07-30,189.5099945068359,191.0500030517578,186.7400054931641,189.5899963378906,189.5899963378906,1184900,-2.2933400856596697,2.123715620990217,1.7775552938381467,1.4696327476692712,1.874669882840521,190.62399597167968,190.85199890136718,189.09866587320963,184.07483317057293,184.81519958496094,190.8993518381055,190.92755618534346,189.26279527149083,186.64529185862744,182.91015441286646,190.87296152499667,189.67299932206237,1.1999622029343016,1.6211408121167992,-1.461049805351673,1.461049805351673,1.461049805351673,-1.461049805351673,-1.461049805351673,-1.461049805351673,1.461049805351673,1.461049805351673,-1.461049805351673,4.300003051757898,4.75879745483399,191.0500030517578,184.76584167480468,185.7144012451172,186.66296081542967,,,,,,,,,,0.0,0.0,0.0
2021-08-02,191.3000030517578,195.3099975585938,191.0099945068359,192.3600006103516,192.3600006103516,964700,1.461049805351673,2.260654102915548,1.8188227510494706,1.478567965475039,1.877942543386016,190.69599609375,191.37499847412113,189.70433247884114,184.20266647338866,185.08509963989258,191.38623476218754,191.18800062625402,189.46261497077217,186.83265935868397,183.09728008014338,191.1017367688974,189.87203645452823,1.2297003143691825,1.5428527125672757,-1.465997118154432,1.465997118154432,1.465997118154432,-1.465997118154432,-1.465997118154432,1.465997118154432,1.465997118154432,1.465997118154432,-1.465997118154432,6.007003784179716,4.82784805297852,195.3099975585938,180.58064865112303,181.53240814208982,182.48416763305664,,,,,,,,,,0.0,0.0,0.0
2021-08-03,193.0,195.3200073242188,189.3130035400391,195.1799926757812,195.1799926757812,680800,1.465997118154432,1.7720048670550783,1.8251722164396702,1.5093714540068743,1.8857104377830392,192.30199584960937,191.922998046875,190.33566538492838,184.385999806722,185.28739959716796,192.65082073338544,191.9138173625317,189.8314780485147,187.1063424182609,183.33654171570058,191.72916075457184,190.26521839684327,1.4639423577285697,1.5270706415995345,-0.6660456203255106,-0.6660456203255106,-0.6660456203255106,0.6660456203255106,0.6660456203255106,-0.6660456203255106,-0.6660456203255106,-0.6660456203255106,0.6660456203255106,3.9100036621094034,4.66259841918946,195.3200073242188,184.68873184204105,185.65430145263676,186.61987106323247,,,,,,,,,,0.0,0.0,0.0
2021-08-04,195.4400024414062,197.2400054931641,193.3300018310547,193.8800048828125,193.8800048828125,1320600,-0.6660456203255106,1.8051826126614892,1.7003064881034593,1.4917354129558598,1.6495806626112732,193.00999755859374,191.90399780273438,190.9229990641276,184.75949986775717,185.5002996826172,193.06054878319446,192.27130600258275,190.09267332814682,187.32842971218062,183.54532316455428,192.06005985122425,190.53298035876693,1.527079492457318,1.5270724117710914,0.45388364032449036,0.45388364032449036,0.45388364032449036,-0.45388364032449036,-0.45388364032449036,0.45388364032449036,0.45388364032449036,0.45388364032449036,0.45388364032449036,8.100006103515597,4.761598968505865,197.2400054931641,185.062290802002,185.99481048583988,186.9273301696778,,,,,,,,,,0.0,0.0,0.0
2021-08-05,197.5,201.4600067138672,193.3600006103516,194.7599945068359,194.7599945068359,1465400,0.45388364032449036,1.5935267448746024,1.6330597592963305,1.4570473600852871,1.6498161497878898,193.15399780273438,192.23899688720704,191.48566538492838,185.13866653442383,185.66499969482422,193.62703069107494,192.72379482153787,190.3937908235461,187.57208757430044,183.76739586440144,192.47543441362606,190.84609251788316,1.629341895742897,1.5475263085654527,0.1335026560682481,0.1335026560682481,0.1335026560682481,-0.1335026560682481,-0.1335026560682481,0.1335026560682481,0.1335026560682481,0.1335026560682481,0.1335026560682481,3.9700012207030966,4.68559951782227,201.4600067138672,186.76448776245118,187.71680755615236,188.66912734985354,,,,,,,,,,0.0,0.0,0.0
2021-08-06,194.4499969482422,198.0,194.0299987792969,195.0200042724609,195.0200042724609,701800,0.1335026560682481,0.9122228054539248,1.6148773561267544,1.4012003368969974,1.560005982050469,194.23999938964843,192.43199768066407,191.88999888102214,185.63316650390624,185.8097998046875,194.0913552182036,193.1412874489784,190.69225620734707,187.81628156440405,183.9902197932739,192.86690669960066,191.1552711663704,1.7116355332302646,1.5803481534984152,-0.7178797685377277,-0.7178797685377277,-0.7178797685377277,0.7178797685377277,0.7178797685377277,-0.7178797685377277,-0.7178797685377277,-0.7178797685377277,-0.7178797685377277,3.904998779296875,4.755549621582032,198.0,191.1516877746582,192.08880767822265,193.0259275817871,,,,,,,,,,0.0,0.0,0.0
2021-08-09,194.3300018310547,194.9499969482422,191.0449981689453,193.6199951171875,193.6199951171875,663700,-0.7178797685377277,0.900321357817396,1.6227184200138063,1.4099744949837858,1.5631665545276165,194.4919982910156,192.5939971923828,192.23233184814453,186.07933298746744,185.90059982299806,193.9342351845316,193.2283252068346,190.8811425886271,188.00656725465922,184.18090841354942,192.9827664561525,191.33784331087537,1.6449231452771187,1.593263151854156,-1.4512951293552905,-1.4512951293552905,-1.4512951293552905,-1.4512951293552905,1.4512951293552905,-1.4512951293552905,-1.4512951293552905,-1.4512951293552905,-1.4512951293552905,4.099990844726506,4.814549255371093,194.9499969482422,187.53779083251953,188.48890075683593,189.44001068115233,,,,,,,,,,0.0,0.0,0.0
2021-08-10,193.6000061035156,194.4299926757812,190.3300018310547,190.8099975585938,190.8099975585938,661800,-1.4512951293552905,0.7547362558023535,1.4568814301251514,1.44481047868441,1.5505603307535294,193.6179992675781,192.95999755859376,192.34833170572918,186.4093330383301,186.04789978027344,192.89282264255235,192.7886292707908,190.87655258668948,188.09848300232917,184.31217750553049,192.64849431806653,191.29874362552115,1.3497506925453706,1.544560659992399,-0.5660090377198761,-0.5660090377198761,-0.5660090377198761,-0.5660090377198761,0.5660090377198761,-0.5660090377198761,-0.5660090377198761,-0.5660090377198761,0.5660090377198761,4.6999969482421875,4.680548858642571,194.4299926757812,184.3579885864258,185.3208984375,186.28380828857422,,,,,,,,,,0.0,0.0,0.0
2021-08-11,191.1999969482422,192.0,187.3000030517578,189.7299957275391,189.7299957275391,866000,-0.5660090377198761,0.748866063403581,1.3713646297775748,1.4492724389252198,1.5535564304219087,192.78799743652343,192.89899749755858,192.15066477457682,186.72016626993815,186.14669967651366,191.8385470042146,192.23251408110866,190.8025811764217,188.15197522282787,184.41946103467916,192.19949453490847,191.18254007752248,1.0169544573859923,1.4390394194711178,0.843298835585413,-0.843298835585413,-0.843298835585413,-0.843298835585413,0.843298835585413,0.843298835585413,-0.843298835585413,-0.843298835585413,0.843298835585413,3.2899932861328125,4.630298614501948,192.0,184.13278518676753,185.06889495849606,186.00500473022456,,,,,,,,,,0.0,0.0,0.0
2021-08-12,189.6199951171875,189.6199951171875,186.3300018310547,188.1300048828125,188.1300048828125,654900,-0.843298835585413,0.569511508201423,1.1995223547119043,1.4514067709869014,1.5560356767184624,191.46199951171874,192.30799865722656,191.8999984741211,187.02116622924805,186.19519973754882,190.60236629708058,191.48660331778206,190.6301568994147,188.151254883811,184.49293715048378,191.57341920381677,190.95642635939583,0.6169928444209347,1.2746301044610813,-0.12225361269849373,0.12225361269849373,0.12225361269849373,0.12225361269849373,-0.12225361269849373,-0.12225361269849373,0.12225361269849373,0.12225361269849373,-0.12225361269849373,2.0199890136719034,4.4492980957031225,189.6199951171875,181.8133430480957,182.7394027709961,183.66546249389648,,,,,,,,,,0.0,0.0,0.0
2021-08-13,188.0,188.7299957275391,186.7100067138672,188.3600006103516,188.3600006103516,490700,0.12225361269849373,0.5654577831393411,0.9765239401872806,1.398781277191861,1.52852834482097,190.1299987792969,192.18499908447265,191.7393320719401,187.25799967447918,186.31509979248048,189.85491106817094,190.91813009824924,190.48369520334612,188.15809900599263,184.56951266454058,191.07904711251444,190.7640985261333,0.3149485863811492,1.082693800845095,0.4194060753731856,-0.4194060753731856,-0.4194060753731856,-0.4194060753731856,0.4194060753731856,0.4194060753731856,-0.4194060753731856,-0.4194060753731856,0.4194060753731856,2.6300048828125,4.344798278808592,188.7299957275391,179.83153930664062,180.72139892578124,181.61125854492187,,,,,,,,,,0.0,0.0,0.0
2021-08-16,186.7200012207031,188.25,185.6199951171875,187.5700073242188,187.5700073242188,550600,-0.4194060753731856,0.5775682200999073,0.8193093768826195,1.400588980422091,1.5094174258819557,188.92000122070317,191.70599975585938,191.46933237711588,187.4221664428711,186.47289993286134,189.09327648685357,190.30938050297095,190.29571534017663,188.13881731150823,184.6289284003758,190.53919483739205,190.52749917784334,0.011695659548706772,0.8684941725858174,2.191182198573674,-2.191182198573674,-2.191182198573674,-2.191182198573674,2.191182198573674,2.191182198573674,-2.191182198573674,-2.191182198573674,2.191182198573674,4.479995727539091,4.295798492431642,188.25,179.1714395141602,180.0403991699219,180.90935882568363,,,,,,,,,,0.0,0.0,0.0
2021-08-17,185.7599945068359,186.1199951171875,181.6399993896484,183.4600067138672,183.4600067138672,806100,-2.191182198573674,0.8639042945650659,0.7842913666939996,1.4455258256527703,1.535285785425619,187.45000305175782,190.53400115966798,191.10799916585287,187.53716659545898,186.58490005493164,187.2155198958581,189.06403981404299,189.85470188041472,187.98541368535606,184.60578143628652,189.45008897223437,190.0039812175488,-0.5538922453144437,0.5840168890057653,1.984083318674186,1.984083318674186,-1.984083318674186,-1.984083318674186,1.984083318674186,1.984083318674186,1.984083318674186,-1.984083318674186,1.984083318674186,3.860000610351591,4.283048248291017,186.1199951171875,178.79924331665038,179.6584030151367,180.51756271362305,,,,,,,,,,0.0,0.0,0.0
2021-08-18,181.8000030517578,183.3999938964844,179.5399932861328,179.8200073242188,179.8200073242188,696100,-1.984083318674186,0.9985611296047414,0.8966152421839654,1.377721508721901,1.551060370161191,185.46800537109374,189.12800140380858,190.70199940999348,187.55699996948243,186.55810012817383,184.75034903864503,187.38330663407493,189.2073022316279,187.71769544400732,184.51101363208716,187.96853794946273,189.24961278100585,-1.2810748315431226,0.21099854489598774,-0.17239325212280845,-0.17239325212280845,0.17239325212280845,0.17239325212280845,0.17239325212280845,-0.17239325212280845,-0.17239325212280845,0.17239325212280845,-0.17239325212280845,4.3699951171875,4.341597747802737,183.3999938964844,176.69728897094726,177.55389862060548,178.41050827026368,,,,,,,,,,0.0,0.0,0.0
2021-08-19,178.3000030517578,181.9700012207031,177.6000061035156,180.1300048828125,180.1300048828125,954100,0.17239325212280845,1.1467770430760211,0.858349443665361,1.3619422825128962,1.54458296336406,183.8680053710938,187.66500244140624,190.39166615804035,187.54883346557617,186.57050018310548,183.2102343200342,186.06452449748176,188.62167014460755,187.468918704296,184.42426098358666,186.76260978536268,188.57408627002857,-1.8114764846658886,-0.19349646101638754,-0.793867005506173,-0.793867005506173,0.793867005506173,0.793867005506173,0.793867005506173,-0.793867005506173,-0.793867005506173,0.793867005506173,-0.793867005506173,2.5850067138671022,4.3103485107421875,181.9700012207031,173.8484788513184,174.71679840087893,175.58511795043947,,,,,,,,,,0.0,0.0,0.0
2021-08-20,180.3899993896484,182.6900024414062,180.1049957275391,181.5599975585938,181.5599975585938,607000,0.793867005506173,1.3172545304037016,0.9558342882714148,1.3582694244405817,1.5455165812010108,182.50800476074224,186.31900177001955,190.0123326619466,187.58366673787435,186.60980010986327,182.66015539955407,185.24551959950213,188.16607836486475,187.27518358476476,184.36754289596303,185.9622079043213,188.05452414325563,-2.0923162389343304,-0.5732604165999762,-1.4705872465566712,-1.4705872465566712,1.4705872465566712,1.4705872465566712,1.4705872465566712,-1.4705872465566712,-1.4705872465566712,1.4705872465566712,-1.4705872465566712,3.9000091552733807,4.364849090576167,182.6900024414062,172.4872344970703,173.34930419921872,174.21137390136715,,,,,,,,,,0.0,0.0,0.0
2021-08-23,182.9700012207031,184.7100067138672,180.8099975585938,184.2299957275391,184.2299957275391,775700,1.4705872465566712,1.6549937847846625,1.1781251483476922,1.4124485499602903,1.502355991480572,181.84000244140626,185.3800018310547,189.69933268229167,187.56850001017253,186.62510009765626,183.18343550888244,185.06087889550884,187.91213754955342,187.1753413599377,184.3648191896576,185.6957137232779,187.77122574209145,-2.075512018813555,-0.873710737042692,-0.309399846625256,-0.309399846625256,0.309399846625256,0.309399846625256,0.309399846625256,-0.309399846625256,-0.309399846625256,0.309399846625256,-0.309399846625256,2.615005493164091,4.088849639892578,184.7100067138672,173.08733444213863,173.96030426025385,174.8332740783691,,,,,,,,,,0.0,0.0,0.0
2021-08-24,185.9700012207031,186.1150054931641,183.5,184.8000030517578,184.8000030517578,654900,0.309399846625256,1.297950999046215,1.1496574092731184,1.3045317719944431,1.4929306472835593,182.1080017089844,184.77900238037108,189.43299967447916,187.60316670735676,186.544100189209,183.72229135650758,185.01344692391774,187.7113546787279,187.0974614154072,184.3734366918774,185.55791208150558,187.5511351724371,-1.9932230909315365,-1.097613207820461,-0.4437186427967907,-0.4437186427967907,0.4437186427967907,0.4437186427967907,0.4437186427967907,-0.4437186427967907,-0.4437186427967907,0.4437186427967907,-0.4437186427967907,2.3700103759766193,4.006100463867189,186.1150054931641,175.7145375061035,176.53230743408204,177.35007736206055,,,,,,,,,,0.0,0.0,0.0
2021-08-25,185.25,187.0700073242188,184.6999969482422,185.6199951171875,185.6199951171875,520300,0.4437186427967907,0.5196174064940459,1.1691958451899491,1.244090237790203,1.4938224493112173,183.26799926757815,184.36800231933594,189.20633290608723,187.64716669718425,186.41710006713868,184.35485927673423,185.12372841360315,187.57642825540273,187.04901989743277,184.39812101713105,185.56746331776435,187.40808776093715,-1.8406244431727998,-1.2462154548909288,-0.13468376606850327,-0.13468376606850327,0.13468376606850327,0.13468376606850327,0.13468376606850327,-0.13468376606850327,-0.13468376606850327,0.13468376606850327,-0.13468376606850327,2.3500061035155966,3.8886009216308595,187.0700073242188,177.30158447265626,178.10280456542972,178.90402465820316,,,,,,,,,,0.0,0.0,0.0
2021-08-26,185.6199951171875,186.8500061035156,184.5,185.8699951171875,185.8699951171875,503500,0.13468376606850327,0.5282664266692231,1.1513422880064748,1.1483602230123333,1.4850283076620547,184.41599731445314,184.14200134277345,189.03699951171876,187.65649998982747,186.32600006103516,184.85990455688534,185.2594132688003,187.46633579487272,187.0103633472608,184.42726703891435,185.61400667152174,187.29415497251125,-1.680148300989515,-1.333002024110646,2.6147311228407,-2.6147311228407,2.6147311228407,2.6147311228407,2.6147311228407,-2.6147311228407,-2.6147311228407,2.6147311228407,-2.6147311228407,5.48001098632821,3.947101593017584,186.8500061035156,178.5150852966309,179.2928054809571,180.07052566528327,,,,,,,,,,0.0,0.0,0.0
2021-08-27,186.2799987792969,191.4100036621094,185.9299926757812,190.7299957275391,190.7299957275391,736100,2.6147311228407,1.0444872139534964,1.4415688736623542,1.2025433825263678,1.4895016152867078,186.2499969482422,184.3790008544922,189.13866628011067,187.8191665649414,186.29639999389647,186.81660161376993,186.2540646249346,187.67689450020606,187.13231850726993,184.5520735476,186.401081910909,187.54866169510592,-1.147579784196921,-1.2959175761279011,0.052433338098773374,-0.052433338098773374,0.052433338098773374,0.052433338098773374,-0.052433338098773374,0.052433338098773374,-0.052433338098773374,0.052433338098773374,0.052433338098773374,2.9100036621094034,3.877601623535159,191.4100036621094,178.1663825988769,178.95580291748044,179.74522323608394,,,,,,,,,,0.0,0.0,0.0
2021-08-30,191.7200012207031,192.9199981689453,190.0099945068359,190.8300018310547,190.8300018310547,638700,0.052433338098773374,1.075030772188693,1.4290935178464266,1.1550522944629755,1.466274701995839,187.56999816894532,184.7050003051758,189.26199951171876,187.9203333536784,186.2694999694824,188.15440168619818,187.08605320786552,187.88032077961566,187.25355402608255,184.67638895915357,187.08245420631602,187.79172392739844,-0.7092697210824213,-1.1785880051188053,-1.4672761226699973,1.4672761226699973,-1.4672761226699973,-1.4672761226699973,1.4672761226699973,-1.4672761226699973,1.4672761226699973,-1.4672761226699973,-1.4672761226699973,2.9499969482421875,3.724751281738283,192.9199981689453,182.87928009033206,183.6548004150391,184.43032073974612,,,,,,,,,,0.0,0.0,0.0
2021-08-31,190.0,190.1999969482422,187.25,188.0299987792969,188.0299987792969,842800,-1.4672761226699973,1.4641575798383404,1.3088157585383906,1.1407586365665718,1.4779375243662585,188.21599731445312,185.16199951171876,189.20633290608723,187.9898333231608,186.23119995117187,188.11293405056443,187.2576796753985,187.8899774247564,187.27901123110595,184.74279707440394,187.22823029446693,187.80937391642797,-0.5811436219610471,-1.0590991284872537,-1.0477058094412988,1.0477058094412988,-1.0477058094412988,-1.0477058094412988,1.0477058094412988,-1.0477058094412988,1.0477058094412988,-1.0477058094412988,-1.0477058094412988,4.110000610351619,3.7347511291503936,190.1999969482422,184.7255453491211,185.47049560546876,186.2154458618164,,,,,,,,,,0.0,0.0,0.0
2021-09-01,190.0599975585938,190.0599975585938,185.9499969482422,186.0599975585938,186.0599975585938,758800,-1.0477058094412988,1.5883825141951293,1.1554048750784462,1.1524452996255798,1.4844788110075255,188.3039978027344,185.78599853515624,188.9393325805664,188.01966654459636,186.16619995117188,187.42862188657423,187.0399192905249,187.77191420758464,187.23904356971212,184.7688802523087,187.04850218125569,187.67979048251433,-0.6312883012586497,-0.9735369630415329,-0.08599573482151382,0.08599573482151382,-0.08599573482151382,-0.08599573482151382,0.08599573482151382,-0.08599573482151382,0.08599573482151382,-0.08599573482151382,-0.08599573482151382,2.550003051757784,3.457250976562503,190.0599975585938,181.98354446411133,182.7304946899414,183.47744491577149,,,,,,,,,,0.0,0.0,0.0
2021-09-02,186.7200012207031,187.6900024414062,185.1399993896484,185.8999938964844,185.8999938964844,696600,-0.08599573482151382,1.5887631912165068,1.1626272073258312,1.1426205309389275,1.4714136655184658,188.30999755859375,186.36299743652347,188.75566558837892,188.09216639200847,186.10099990844728,186.91907922321099,186.83266012797208,187.65114515525562,187.19514030173744,184.79127854229236,186.8718085989832,187.54795369836395,-0.6761450993807614,-0.9140585903093787,-0.2904751500064597,0.2904751500064597,-0.2904751500064597,-0.2904751500064597,0.2904751500064597,-0.2904751500064597,0.2904751500064597,-0.2904751500064597,-0.2904751500064597,2.75,3.396250915527348,187.6900024414062,182.4540454101563,183.1454956054688,183.8369458007813,,,,,,,,,,0.0,0.0,0.0
2021-09-03,185.8999938964844,188.0299987792969,185.2799987792969,185.3600006103516,185.3600006103516,947700,-0.2904751500064597,0.6582364121594807,1.1642769886952673,1.139522076832734,1.4691620645133976,187.23599853515626,186.7429977416992,188.4979990641276,188.13299967447918,186.05609985351563,186.39938635225786,186.56490385204108,187.50332937816503,187.13497178726578,184.80254036542223,186.63922275457833,187.38588309925194,-0.7466603446736144,-0.880578941182226,-1.445839407501993,1.445839407501993,-1.445839407501993,-1.445839407501993,1.445839407501993,1.445839407501993,1.445839407501993,-1.445839407501993,-1.445839407501993,4.205001831054716,3.41125106811524,188.0299987792969,180.21825042724603,180.8975006103515,181.57675079345697,,,,,,,,,,0.0,0.0,0.0
2021-09-07,185.1600036621094,185.7949981689453,181.5899963378906,182.6799926757812,182.6799926757812,942900,-1.445839407501993,0.6462175691513081,1.1795445613694413,1.1666399208388354,1.4812576754024036,185.60599670410156,186.58799743652344,188.1873321533203,188.12249959309895,185.95449981689453,185.15958846009897,185.85855636544838,187.19214636510802,186.98890689836466,184.7605097181026,186.0301104347634,187.03729862343928,-1.0071881886758831,-0.9059007906809575,2.1458278553264787,2.1458278553264787,-2.1458278553264787,-2.1458278553264787,-2.1458278553264787,2.1458278553264787,2.1458278553264787,-2.1458278553264787,2.1458278553264787,5.760009765625,3.494252014160165,185.7949981689453,180.52524642944337,181.20749664306643,181.88974685668947,,,1.0,,,181.88974685668947,,,182.6799926757812,0.0,0.0,0.43446419204396164
2021-09-08,182.0500030517578,182.0500030517578,176.2899932861328,178.7599945068359,178.7599945068359,1246900,-2.1458278553264787,0.8445041738952174,1.3351573153762195,1.2126468636349281,1.5022255294965077,183.7519958496094,185.98399658203124,187.9076655069987,188.0194994608561,185.81939971923828,183.02639047567797,184.56790875479157,186.64813656780015,186.71910649208502,184.6416876347112,184.9116310612361,186.42416498517235,-1.512533923936246,-1.0272274173320153,-0.11188868492812011,-0.11188868492812011,-0.11188868492812011,0.11188868492812011,0.11188868492812011,-0.11188868492812011,-0.11188868492812011,-0.11188868492812011,-0.11188868492812011,2.7249908447265057,3.395501708984381,182.0500030517578,178.10764373779296,178.80649414062498,179.50534454345703,1.0,1.0,1.0,178.10764373779296,178.80649414062498,179.50534454345703,178.7599945068359,178.7599945068359,178.7599945068359,0.3662676993264442,-0.02600556205329873,-0.4152244260563922
2021-09-09,178.7700042724609,181.0899963378906,178.3650054931641,178.9600067138672,178.9600067138672,660400,0.11188868492812011,0.9779042578667865,1.3179767243741185,1.214841073667518,1.4876946989823752,182.33199768066407,185.31799774169923,187.52833251953126,187.97033284505207,185.72459976196288,181.67092922174106,183.5482902018962,186.15212819012706,186.46470977804506,184.52917910162518,183.99599654625626,185.87126437248307,-1.8752678262268034,-1.196835499110973,-0.18998453572603688,-0.18998453572603688,-0.18998453572603688,0.18998453572603688,0.18998453572603688,-0.18998453572603688,-0.18998453572603688,-0.18998453572603688,-0.18998453572603688,2.9799957275391193,3.380001831054696,181.0899963378906,174.57989929199218,175.25899963378905,175.9380999755859,,,,,,,,,,0.0,0.0,0.0
2021-09-10,180.3000030517578,182.0599975585938,179.0800018310547,179.3000030517578,179.3000030517578,983900,0.18998453572603688,1.032515410742892,1.3203825342454656,1.2118051790497744,1.4878788924281703,181.01199951171876,184.66099853515624,187.03699951171876,187.93016611735027,185.67809982299804,180.88062049841332,182.7758743564165,185.71005560055485,186.22980136078974,184.42563106103376,183.27353600864112,185.38450427465156,-2.1109682660104454,-1.3796620524908676,-1.7122097117552673,-1.7122097117552673,-1.7122097117552673,1.7122097117552673,1.7122097117552673,-1.7122097117552673,-1.7122097117552673,-1.7122097117552673,-1.7122097117552673,3.6499938964844034,3.461502075195321,182.0599975585938,173.65399230957027,174.3299926757812,175.00599304199216,,,,,,,,,,0.0,0.0,0.0
2021-09-13,179.8800048828125,182.4199981689453,178.7700042724609,182.3699951171875,182.3699951171875,950200,1.7122097117552673,1.5147235400992356,1.1090422380625293,1.2862122269262075,1.504137755683263,180.41399841308592,183.8249984741211,186.79633280436198,187.9474993387858,185.60969970703124,181.3770787046714,182.70207813110213,185.4945678274344,186.10325033640933,184.38492539877936,183.13452971764826,185.16120730002459,-2.0266775823763226,-1.5090651584679586,0.13159524088421828,0.13159524088421828,0.13159524088421828,-0.13159524088421828,-0.13159524088421828,0.13159524088421828,0.13159524088421828,0.13159524088421828,0.13159524088421828,3.8200073242187216,3.521002197265632,182.4199981689453,174.4446929931641,175.13699340820315,175.82929382324224,,,,,,,,,,0.0,0.0,0.0
2021-09-14,183.4700012207031,183.5500030517578,179.7299957275391,182.1300048828125,182.1300048828125,751300,-0.13159524088421828,1.3773434740836499,1.1014332737322996,1.2846908805181603,1.4118009963751368,180.3040008544922,182.9549987792969,186.45533294677733,188.07983271280924,185.5604997253418,181.6280540973851,182.5980648132313,185.27749925036204,185.97297999366845,184.34027350737406,182.97998743536584,184.9366737876385,-1.9566863522726692,-1.598589397228901,1.2189102076461849,1.2189102076461849,1.2189102076461849,-1.2189102076461849,-1.2189102076461849,1.2189102076461849,1.2189102076461849,1.2189102076461849,1.2189102076461849,3.0299987792969034,3.4485023498535226,183.5500030517578,174.67379333496092,175.37799377441405,176.08219421386718,,,,,,,,,,0.0,0.0,0.0
2021-09-15,182.2599945068359,182.3699951171875,179.3399963378906,179.9100036621094,179.9100036621094,881500,-1.2189102076461849,1.0482446857680983,1.0787647088886574,1.219708079736273,1.414247097273171,180.53400268554688,182.14299926757812,185.9463333129883,188.14099934895833,185.42039978027344,181.05537061895987,182.10932642211822,184.93120921241027,185.774193884437,184.25254539162623,182.50768223948023,184.56432785241412,-2.0566456129338917,-1.6902006403698993,-0.22232999185283525,-0.22232999185283525,-0.22232999185283525,0.22232999185283525,0.22232999185283525,-0.22232999185283525,-0.22232999185283525,-0.22232999185283525,-0.22232999185283525,3.7599945068358807,3.443502044677737,182.3699951171875,175.96329788208007,176.65299835205076,177.34269882202148,,,,,,,,,,0.0,0.0,0.0
2021-09-16,178.6300048828125,181.3300018310547,177.5700073242188,180.3099975585938,180.3099975585938,696600,0.22232999185283525,1.0488595270751655,1.0733928860460287,1.1363667811440692,1.4144264643010873,180.8040008544922,181.56799926757813,185.49399973551434,188.20849939982097,185.23379974365236,180.8069129321712,181.78217571965922,184.63306652506728,185.5950399065405,184.1744751375068,182.16957690395924,184.2491922750941,-2.0796153711348495,-1.7680835865228894,2.778545047236185,2.778545047236185,2.778545047236185,-2.778545047236185,-2.778545047236185,2.778545047236185,2.778545047236185,2.778545047236185,2.778545047236185,6.279998779296903,3.5390022277832074,181.3300018310547,174.79429061889647,175.482991027832,176.17169143676756,,,,,,,,,,0.0,0.0,0.0
2021-09-17,178.0700073242188,178.8000030517578,172.5200042724609,175.3000030517578,175.3000030517578,1891000,-2.778545047236185,1.6764015912196053,1.3206763464302835,1.2958820521907974,1.4557637409226682,180.00400085449218,180.50800018310548,184.8453333536784,188.16549936930338,185.0029997253418,178.97127630536676,180.60359887094987,184.030933397757,185.2574977145804,183.99874301699688,181.11271938823594,183.58628936966176,-2.473569981425811,-1.9091808655034739,2.9777530689271607,2.9777530689271607,2.9777530689271607,-2.9777530689271607,-2.9777530689271607,2.9777530689271607,2.9777530689271607,2.9777530689271607,2.9777530689271607,3.9100036621094034,3.6052520751953225,178.8000030517578,173.54419692993164,174.25199737548826,174.9597978210449,1.0,1.0,1.0,173.54419692993164,174.25199737548826,174.9597978210449,175.3000030517578,175.3000030517578,175.3000030517578,1.0117342745462552,0.6014310837489288,0.1944476588049588
2021-09-20,171.4199981689453,171.8000030517578,167.8899993896484,170.0800018310547,170.0800018310547,1370500,-2.9777530689271607,1.471446624159503,1.514906584060106,1.4229005793100518,1.4570022687505386,177.54600219726564,178.9800003051758,184.01399993896484,187.95199940999348,184.73329971313476,176.00751814726274,178.69021759096893,183.13087329667943,184.7598748987271,183.7231243796515,179.4153782255927,182.58582362606123,-3.1704454004685374,-2.161433772496487,-0.6408727223400135,-0.6408727223400135,-0.6408727223400135,0.6408727223400135,0.6408727223400135,-0.6408727223400135,-0.6408727223400135,-0.6408727223400135,-0.6408727223400135,3.9700012207032103,3.608751678466814,171.8000030517578,170.8684484863281,171.58949890136716,172.31054931640622,1.0,1.0,1.0,170.8684484863281,171.4199981689453,171.4199981689453,170.0800018310547,170.0800018310547,170.0800018310547,-0.46143490050856584,-0.7817036239668917,-0.7817036239668917
2021-09-21,171.0299987792969,172.5700073242188,168.6000061035156,171.1699981689453,171.1699981689453,1000700,0.6408727223400135,1.6629712843619358,1.5659886086771844,1.3794908488151265,1.4595070590258215,175.3540008544922,177.8290008544922,183.26566670735676,187.74899927775064,184.4495997619629,174.3950114878236,177.3229049687828,182.35920393359982,184.3143051698818,183.47454762300384,178.14685821687772,181.74020692553412,-3.593348708656407,-2.4478167597284712,-1.261905523874251,-1.261905523874251,-1.261905523874251,1.261905523874251,1.261905523874251,-1.261905523874251,-1.261905523874251,-1.261905523874251,-1.261905523874251,2.0399932861328125,3.58000106811525,172.5700073242188,163.8607493591308,164.58249969482418,165.30425003051755,,,,,,,,,,0.0,0.0,0.0
2021-09-22,172.4100036621094,174.0,171.9600067138672,173.3300018310547,173.3300018310547,823100,1.261905523874251,2.0001732397200787,1.5720666620684132,1.4195994843488384,1.4400860428843976,174.03800048828126,177.28600158691407,182.68300018310546,187.51566594441732,184.30119979858398,174.04000826890064,176.59692258010497,181.77667476569368,183.9541640768055,183.27366552811378,177.40580338828954,181.1172287703875,-3.711425382097957,-2.7005384842023687,-0.4557741174564929,-0.4557741174564929,-0.4557741174564929,0.4557741174564929,0.4557741174564929,-0.4557741174564929,-0.4557741174564929,-0.4557741174564929,-0.4557741174564929,2.259994506835909,3.5745002746582144,174.0,164.69400497436524,165.4100051879883,166.12600540161137,,,,,,,,,,0.0,0.0,0.0
2021-09-23,174.2100067138672,175.8899993896484,173.6300048828125,174.1199951171875,174.1199951171875,676000,0.4557741174564929,2.0303475147666634,1.5857010820136193,1.419938997771062,1.3120995605889483,172.8,176.8020004272461,182.16266682942708,187.15666580200195,184.19699981689453,174.06667055166292,176.14657213230177,181.282695433532,183.6317323076377,183.09240472789742,176.90029442350462,180.59891516644674,-3.6986207429421256,-2.9001549359503205,0.04019760360237831,0.04019760360237831,0.04019760360237831,-0.04019760360237831,-0.04019760360237831,0.04019760360237831,0.04019760360237831,0.04019760360237831,0.04019760360237831,3.7200012207030966,3.6430000305175896,175.8899993896484,166.13609939575193,166.85099945068356,167.56589950561522,,,,,,,,,,0.0,0.0,0.0
2021-09-24,173.1399993896484,176.3699951171875,172.6499938964844,174.0500030517578,174.0500030517578,637600,-0.04019760360237831,1.657748578981628,1.580065667351103,1.4175952467406765,1.312025531929401,172.55,176.2770004272461,181.6933334350586,186.79666595458986,184.113399810791,174.06111471836124,175.76537775402105,180.81607011857886,183.31757725006787,182.91334726896397,176.4617880586205,180.11381056535868,-3.6520225067381773,-3.0505284501078918,-0.9365065184966791,-0.9365065184966791,-0.9365065184966791,0.9365065184966791,0.9365065184966791,-0.9365065184966791,-0.9365065184966791,-0.9365065184966791,-0.9365065184966791,4.865005493164119,3.612249755859385,176.3699951171875,167.8753993225097,168.60399932861324,169.33259933471675,,,,,,,,,,0.0,0.0,0.0
2021-09-27,172.9199981689453,176.9199981689453,172.0549926757812,175.6799926757812,175.6799926757812,964000,0.9365065184966791,0.49261784416239035,1.4874258582995723,1.2775935666618148,1.3121675746376487,173.6699981689453,175.60800018310547,181.27066650390628,186.50499928792317,184.0445997619629,174.6007407041679,175.74985319434106,180.48471028355968,183.06716464107484,182.77011252454452,176.34151184587597,179.78537961057518,-3.443867764699206,-3.129196313026155,2.424860362271152,2.424860362271152,2.424860362271152,-2.424860362271152,-2.424860362271152,2.424860362271152,2.424860362271152,2.424860362271152,2.424860362271152,4.720001220703097,3.7027496337890695,176.9199981689453,168.42304565429686,169.14549560546874,169.86794555664062,,,,,,,,,,0.0,0.0,0.0
2021-09-28,173.2799987792969,176.0,171.2799987792969,171.4199981689453,171.4199981689453,1216800,-2.424860362271152,1.4621550692055432,1.6187756854114363,1.349263471229711,1.330619490110431,173.71999816894532,174.53699951171876,180.73233286539713,186.1008326212565,183.91189971923828,173.54049319242705,174.96260682608727,179.89989014713296,182.6852903305132,182.5453577848297,175.58435589557894,179.16572172601002,-3.581365830431082,-3.2196302165071407,0.8808741821054702,0.8808741821054702,0.8808741821054702,-0.8808741821054702,-0.8808741821054702,0.8808741821054702,0.8808741821054702,0.8808741821054702,0.8808741821054702,3.6300048828123863,3.7367500305175794,176.0,168.77394897460937,169.51449890136718,170.25504882812498,,,,,,,,,,0.0,0.0,0.0
2021-09-29,172.0,173.4400024414062,169.8099975585938,169.9100036621094,169.9100036621094,949000,-0.8808741821054702,1.3208829062213456,1.6077282820566716,1.3340218924445553,1.3319481114552982,173.03599853515624,173.53699951171876,180.2806660970052,185.69433263142903,183.76919982910155,172.3303300156545,174.043951705364,179.2553813416476,182.26642847253274,182.2951527526966,174.71137862889134,178.4801129805359,-3.7687343516445537,-3.3294510435346236,1.6008481914415857,1.6008481914415857,1.6008481914415857,-1.6008481914415857,-1.6008481914415857,1.6008481914415857,1.6008481914415857,1.6008481914415857,1.6008481914415857,5.190002441406193,3.790750122070308,173.4400024414062,167.77914993286132,168.52649993896483,169.27384994506835,,,,,,,,,,0.0,0.0,0.0
2021-09-30,170.5500030517578,172.25,167.0599975585938,167.1900024414062,167.1900024414062,1059300,-1.6008481914415857,1.3115642489047359,1.612712218674507,1.3516605649445852,1.338166268891035,171.65,172.225,179.8596659342448,185.28083267211915,183.7263998413086,170.61688749090507,172.79777911191712,178.47696979969655,181.77211942233188,181.9960408653443,173.5542438308167,177.6438084961559,-4.089564665339225,-3.481473767895544,-1.2381075633724992,-1.2381075633724992,-1.2381075633724992,1.2381075633724992,1.2381075633724992,-1.2381075633724992,-1.2381075633724992,-1.2381075633724992,-1.2381075633724992,5.060012817382898,3.9162506103515637,172.25,165.1003521728515,165.85850219726558,166.61665222167963,,,,,,,,,,0.0,0.0,0.0
2021-10-01,168.5399932861328,170.3200073242188,165.2599945068359,169.2599945068359,169.2599945068359,1519400,1.2381075633724992,1.5918406237505769,1.5476829446228348,1.4056204747825767,1.3431230609046656,170.69199829101564,171.62099914550782,179.49733225504556,184.94449920654296,183.6988998413086,170.16458982954867,172.1545455473569,177.8823262324152,181.36188581854512,181.74384192755204,172.8935900886658,177.02278523768777,-4.129195149021967,-3.611018044120829,3.1135467238001,3.1135467238001,3.1135467238001,-3.1135467238001,-3.1135467238001,3.1135467238001,3.1135467238001,3.1135467238001,3.1135467238001,5.714996337890597,4.064500427246093,170.3200073242188,163.63424865722655,164.41749877929686,165.20074890136718,,,,,,,,,,0.0,0.0,0.0
2021-10-04,168.5099945068359,168.9700012207031,163.2550048828125,163.9900054931641,163.9900054931641,1264600,-3.1135467238001,1.6767916815149224,1.573782178942729,1.52459228903023,1.3687347871252484,168.35400085449217,171.01199951171876,178.9116658528646,184.4619992574056,183.6852998352051,168.10639505075383,170.67008371932184,176.9860474750442,180.79231597181132,181.3922808100394,171.523807843204,176.05739414550084,-4.53358630229684,-3.795531695756031,-1.2622672090318354,-1.2622672090318354,-1.2622672090318354,1.2622672090318354,1.2622672090318354,-1.2622672090318354,-1.2622672090318354,-1.2622672090318354,-1.2622672090318354,3.389999389648409,4.023750305175779,168.9700012207031,161.3781063842774,162.19100646972663,163.00390655517583,,,,,,,,,,0.0,0.0,0.0
2021-10-05,165.1100006103516,167.2200012207031,163.8300018310547,166.0599975585938,166.0599975585938,1004600,1.2622672090318354,1.8870202785736472,1.6286822315762113,1.56518427283023,1.3806380301825951,167.28200073242186,170.5009994506836,178.30599924723307,184.00266596476237,183.67739974975586,167.42426255336716,169.8318862355531,176.2811410288216,180.30928913859108,181.08867124070386,170.68322164557168,175.3168462501744,-4.633624604602716,-3.963150277525368,0.7346749600383056,0.7346749600383056,0.7346749600383056,-0.7346749600383056,-0.7346749600383056,0.7346749600383056,0.7346749600383056,0.7346749600383056,0.7346749600383056,2.9289855957030966,3.8821990966796833,167.2200012207031,160.11775054931638,160.92250061035153,161.72725067138668,,,,,,,,,,0.0,0.0,0.0
2021-10-06,164.5200042724609,166.2489929199219,163.3200073242188,164.8399963378906,164.8399963378906,946900,-0.7346749600383056,1.8830761876360744,1.5370188134584928,1.516428345808261,1.381888200568873,166.26799926757812,169.6519989013672,177.64066569010416,183.53683268229167,183.6156997680664,166.56284048154166,168.92426989052356,175.54300266166476,179.80209921069925,180.76691530203428,169.7842639059284,174.54078329370893,-4.756519387780514,-4.121824099576398,-0.29726128612601577,-0.29726128612601577,-0.29726128612601577,-0.29726128612601577,0.29726128612601577,-0.29726128612601577,-0.29726128612601577,-0.29726128612601577,-0.29726128612601577,4.730010986328182,3.982450103759767,166.2489929199219,158.6791632080078,159.45560302734373,160.23204284667966,,,,,,,,,,0.0,0.0,0.0
2021-10-07,166.6999969482422,169.4900054931641,164.7599945068359,165.3300018310547,165.3300018310547,1438800,0.29726128612601577,1.818499902713727,1.5269630761098714,1.5202416385679496,1.3836862270691896,165.8959991455078,168.77299957275392,176.9643325805664,183.08533274332683,183.5581997680664,166.15189426471267,168.27076660698376,174.88409938227056,179.32760421464533,180.46123384716338,169.09899281748628,173.85850318536419,-4.759510367877908,-4.249361353236701,-0.30242544877664346,-0.30242544877664346,-0.30242544877664346,-0.30242544877664346,0.30242544877664346,-0.30242544877664346,-0.30242544877664346,-0.30242544877664346,-0.30242544877664346,1.8400115966796875,3.9254508972167956,169.4900054931641,157.4876026916504,158.28409271240236,159.08058273315433,,,,,,,,,,0.0,0.0,0.0
2021-10-08,166.5700073242188,166.9900054931641,165.1499938964844,165.8300018310547,165.8300018310547,643600,0.30242544877664346,1.6746650801407346,1.5423447443415628,1.5226828681915723,1.383731588157467,165.21000061035159,167.95099945068358,176.29633280436198,182.66666615804036,183.51579971313475,166.04459678682667,167.82699119317846,174.29996405638568,178.88505987419973,180.1715064805078,168.59607112726604,173.26379938134127,-4.667728254075229,-4.333034733404406,1.2965139790952267,1.2965139790952267,1.2965139790952267,1.2965139790952267,-1.2965139790952267,1.2965139790952267,1.2965139790952267,1.2965139790952267,1.2965139790952267,3.429992675781307,3.914450836181641,166.9900054931641,160.85401351928715,161.6391036987305,162.42419387817387,,,,,,,,,,0.0,0.0,0.0
2021-10-11,165.1499938964844,167.0299987792969,163.6000061035156,163.6799926757812,163.6799926757812,500000,-1.2965139790952267,0.9985128478731116,1.4760129501888535,1.4522417400452943,1.3771807952905837,165.147998046875,166.7509994506836,175.39466603597006,182.26666615804035,183.41109970092774,165.2563954164782,167.07299146274258,173.61480461247572,178.38653308080896,179.84494185071122,167.83975136549913,172.553887773522,-4.714136408022881,-4.409255068328101,2.0894417900663322,2.0894417900663322,2.0894417900663322,2.0894417900663322,-2.0894417900663322,2.0894417900663322,2.0894417900663322,2.0894417900663322,2.0894417900663322,5.799987792968693,4.013449859619139,167.0299987792969,158.37821365356447,159.1611038208008,159.94399398803714,,,,,,,,,,0.0,0.0,0.0
2021-10-12,165.1999969482422,165.4299926757812,159.6300048828125,160.2599945068359,160.2599945068359,1075100,-2.0894417900663322,1.0352389689189831,1.435595611976751,1.48954841386929,1.3981971883550672,163.98799743652344,165.63499908447267,174.37566579182942,181.8188326517741,183.23649963378907,163.59092844659745,165.8342647434868,172.75320396049898,177.79222034067868,179.45712111122853,166.6736349257048,171.64322901302674,-4.969594087321951,-4.521322872126872,0.13103173734923557,0.13103173734923557,0.13103173734923557,0.13103173734923557,-0.13103173734923557,0.13103173734923557,0.13103173734923557,0.13103173734923557,0.13103173734923557,2.1899871826171022,3.971449279785149,165.4299926757812,158.2004090881348,159.00309906005862,159.80578903198244,,,1.0,,,159.80578903198244,,,160.2599945068359,0.0,0.0,0.28422341743988083
2021-10-13,159.3699951171875,160.9299926757812,158.7400054931641,160.0500030517578,160.0500030517578,1360900,-0.13103173734923557,1.0655493271254104,1.4424355848633736,1.486653752220759,1.3820177046899829,163.02999877929685,164.6489990234375,173.44299926757813,181.32466608683268,183.0713996887207,162.4106199816509,164.78258079953608,171.93364261154795,177.210508298419,179.07282174371423,165.65461463740525,170.78447153441422,-5.1298568970089775,-4.643029677103293,-2.849108073505717,-2.849108073505717,-2.849108073505717,-2.849108073505717,2.849108073505717,-2.849108073505717,-2.849108073505717,-2.849108073505717,-2.849108073505717,2.679992675781193,3.917449188232415,160.9299926757812,156.69280426025387,157.4870941162109,158.28138397216793,,,,,,,,,,0.0,0.0,0.0
2021-10-14,162.5,164.8399963378906,162.1600036621094,164.6100006103516,164.6100006103516,905100,2.849108073505717,1.8871970917158611,1.7486744050268288,1.665809698329106,1.4009221249462602,162.88599853515623,164.39099884033203,172.72799936930338,180.8336659749349,182.9311996459961,163.14374685788448,164.75120258332072,171.4611495792127,176.79737689881023,178.78642924602389,165.4939047870893,170.327103317817,-4.833198530727714,-4.681063447828177,-0.7654422587716542,-0.7654422587716542,-0.7654422587716542,-0.7654422587716542,0.7654422587716542,-0.7654422587716542,-0.7654422587716542,-0.7654422587716542,-0.7654422587716542,2.0900115966796875,3.707949829101554,164.8399963378906,152.31160446166987,153.09509429931637,153.87858413696284,,,,,,,,,,0.0,0.0,0.0
2021-10-15,166.1000061035156,167.4900054931641,165.3999938964844,165.8699951171875,165.8699951171875,574900,0.7654422587716542,1.9212821092497252,1.71326677168066,1.5909009267148144,1.3994725801367058,162.89399719238278,164.0519989013672,172.06033274332682,180.40799916585286,182.78369964599608,164.05249627765215,164.95461940766012,171.1004299365014,176.439102086298,178.53065827317565,165.55176483787363,169.9969471548074,-4.445182316933767,-4.633887221649296,0.3436378381918845,0.3436378381918845,0.3436378381918845,0.3436378381918845,-0.3436378381918845,0.3436378381918845,0.3436378381918845,0.3436378381918845,-0.3436378381918845,2.0770111083983807,3.616300201416003,167.4900054931641,156.68250671386718,157.4240966796875,158.1656866455078,,,,,,,,,,0.0,0.0,0.0
2021-10-18,164.6699981689453,165.6170043945312,163.5399932861328,165.3000030517578,165.3000030517578,730000,-0.3436378381918845,1.8016421353583751,1.3792320577606278,1.457888282860835,1.3919687081452574,163.21799926757814,164.18299865722656,171.39166615804035,179.944832611084,182.64199966430664,164.46833186902072,165.01741643385967,170.72620884716312,176.07388572450978,178.2686651004743,165.51303225539428,169.64902536939633,-4.135993114002048,-4.534308400119846,-2.093158736358113,-2.093158736358113,-2.093158736358113,-2.093158736358113,2.093158736358113,-2.093158736358113,-2.093158736358113,-2.093158736358113,2.093158736358113,4.089996337890625,3.6222999572753736,165.6170043945312,159.5341450500489,160.2574050903321,160.98066513061528,,,,,,,,,,0.0,0.0,0.0
2021-10-19,165.8300018310547,169.8000030517578,165.7100067138672,168.7599945068359,168.7599945068359,999100,2.093158736358113,1.3913076559835793,1.4792283857628938,1.5326745484846762,1.423685736153449,164.91799926757812,164.45299835205077,170.92766621907552,179.55749918619793,182.4781996154785,165.8988860816258,165.6978851744008,170.59935630907748,175.8340860124549,178.08037459366957,166.0125649094622,169.5831712314289,-3.570606321966693,-4.341567984489216,0.4444181230224086,-0.4444181230224086,-0.4444181230224086,-0.4444181230224086,0.4444181230224086,0.4444181230224086,-0.4444181230224086,-0.4444181230224086,0.4444181230224086,4.229995727539006,3.731800079345683,169.8000030517578,157.64794448852538,158.37240447998045,159.0968644714355,,,,,,,,,,0.0,0.0,0.0
2021-10-20,166.0500030517578,170.1399993896484,165.9100036621094,169.5099945068359,169.5099945068359,1051700,0.4444181230224086,1.2896236737575382,1.4456078953735598,1.506247353768925,1.3929132252361085,166.80999755859375,164.9199981689453,170.61933288574218,179.26349919637045,182.34609954833985,167.10258889002918,166.39099596211628,170.52907490248126,175.62673874997557,177.9106640969006,166.55063100136587,169.5777507333109,-3.027119731945021,-4.078678333980378,0.4424517870949223,-0.4424517870949223,-0.4424517870949223,-0.4424517870949223,0.4424517870949223,0.4424517870949223,-0.4424517870949223,-0.4424517870949223,0.4424517870949223,1.9100036621094034,3.714300537109358,170.1399993896484,161.5900428771973,162.33640289306643,163.0827629089356,,,,,,,,,,0.0,0.0,0.0
2021-10-21,169.3000030517578,170.3099975585938,168.3999938964844,170.2599945068359,170.2599945068359,521600,0.4424517870949223,0.8893930120727185,1.44642764324522,1.50599129892547,1.373749607659044,167.93999633789062,165.41299743652343,170.32933247884114,178.9288324991862,182.21889953613282,168.15505742896477,167.09445024297437,170.51171487695578,175.45077992233163,177.75916568917654,167.12130230989973,169.62828730912756,-2.506984999227825,-3.7643396670298674,-1.3215083240882302,1.3215083240882302,1.3215083240882302,1.3215083240882302,-1.3215083240882302,-1.3215083240882302,1.3215083240882302,1.3215083240882302,-1.3215083240882302,3.5700073242187216,3.7068008422851393,170.3099975585938,161.96853820800783,162.7113983154297,163.45425842285155,,,,,,,,,,0.0,0.0,0.0
2021-10-22,169.5599975585938,171.5500030517578,167.9799957275391,168.0099945068359,168.0099945068359,818800,-1.3215083240882302,1.2543197930142738,1.5350265673039845,1.5303158903727303,1.352853281728877,168.3679962158203,165.63099670410153,169.95299886067707,178.49499918619793,182.04589950561524,168.10670312158848,167.26091283640375,170.3503135627545,175.2068197447744,177.56611279447674,167.25802418635146,169.50841376821705,-2.2503895818655906,-3.4615496499970124,-0.41068222437744817,0.41068222437744817,0.41068222437744817,0.41068222437744817,-0.41068222437744817,-0.41068222437744817,0.41068222437744817,0.41068222437744817,-0.41068222437744817,2.3350067138671875,3.5803009033202926,171.5500030517578,162.1550357055665,162.89639587402354,163.63775604248056,,,,,,,,,,0.0,0.0,0.0
2021-10-25,169.0099945068359,169.25,166.9149932861328,167.3200073242188,167.3200073242188,645200,-0.41068222437744817,1.262755786350998,1.466884941377166,1.5087636078582898,1.325765091781628,168.7719970703125,165.9949981689453,169.45133260091146,178.12383270263672,181.9093995666504,167.84447118913192,167.27165728873376,170.15480993446187,174.9482357309857,177.36321961684789,167.26756005371567,169.34630958718014,-2.0787495334644746,-3.184989626690505,-1.21922570859619,1.21922570859619,1.21922570859619,1.21922570859619,-1.21922570859619,-1.21922570859619,1.21922570859619,1.21922570859619,-1.21922570859619,4.489990234375,3.568800354003888,169.25,163.67334106445315,164.38940124511723,165.1054614257813,,,,,,,,,,0.0,0.0,0.0
2021-10-26,168.6699981689453,169.5899963378906,165.1000061035156,165.2799987792969,165.2799987792969,887900,-1.21922570859619,0.8576648816399411,1.3337824277204005,1.4390393367549528,1.3139725033808038,168.07599792480468,166.49699859619142,168.88966573079426,177.6724993387858,181.714599609375,166.98964705252024,166.90953755974522,169.84030598896737,174.6312443555205,177.1239479170944,166.9617813961128,169.0451013791888,-2.083319983075995,-2.9646556979676033,-0.006047015313292865,0.006047015313292865,0.006047015313292865,0.006047015313292865,-0.006047015313292865,-0.006047015313292865,0.006047015313292865,0.006047015313292865,-0.006047015313292865,2.830001831054716,3.5288002014160043,169.5899963378906,161.39863922119144,162.11239929199223,162.826159362793,,,,,,,,,,0.0,0.0,0.0
2021-10-27,165.0299987792969,167.5299987792969,164.6999969482422,165.2700042724609,165.2700042724609,731200,-0.006047015313292865,0.7635933251141211,1.3296984856876333,1.4296349235126578,1.295109373864891,167.22799987792968,167.0189987182617,168.40166575113932,177.1739995320638,181.52869964599608,166.41643279250047,166.6114405984208,169.5454478137089,174.32431845115786,176.8892163597749,166.70150799247406,168.76546455646823,-2.063956563994168,-2.7845158711729168,2.2145509219486064,-2.2145509219486064,-2.2145509219486064,-2.2145509219486064,2.2145509219486064,-2.2145509219486064,-2.2145509219486064,-2.2145509219486064,2.2145509219486064,2.75,3.4068000793456945,167.5299987792969,161.8266358947754,162.5323959350586,163.23815597534178,,,,,,,,,,0.0,0.0,0.0
2021-10-28,166.3999938964844,168.9900054931641,166.2400054931641,168.9299926757812,168.9299926757812,718400,2.2145509219486064,1.4313843010151337,1.2054236344326363,1.4766327252836449,1.3329643115656862,166.96199951171874,167.45099792480468,168.02233225504557,176.75816599527994,181.3752995300293,167.25428608692738,167.03299552157725,169.5057410306168,174.14745531098157,176.73160796999287,167.04435178990593,168.7776518245655,-1.7333000346595782,-2.574272703870249,0.41437102858671815,0.41437102858671815,0.41437102858671815,0.41437102858671815,-0.41437102858671815,-0.41437102858671815,0.41437102858671815,0.41437102858671815,-0.41437102858671815,4.0,3.3537994384765497,168.9900054931641,160.03503860473637,160.7163986206055,161.39775863647466,,,,,,,,,,0.0,0.0,0.0
2021-10-29,167.1199951171875,170.3500061035156,166.3500061035156,168.2299957275391,168.2299957275391,997800,-0.41437102858671815,1.2967028334427815,1.2088298659289896,1.4534185125598704,1.3302284020247441,167.00599975585936,167.68699798583984,167.7866653442383,176.31599934895834,181.24209945678712,167.57952263379798,167.2506319226612,169.42343488203116,173.95344024267197,176.56325921271653,167.2267585495418,168.73708470626724,-1.5103261567254265,-2.3614833944412847,-2.282596263569369,-2.282596263569369,-2.282596263569369,-2.282596263569369,2.282596263569369,2.282596263569369,-2.282596263569369,-2.282596263569369,2.282596263569369,4.705001831054716,3.3032997131347557,170.3500061035156,161.6116467285157,162.282406616211,162.9531665039063,,,,,,,,,,0.0,0.0,0.0
2021-11-01,168.4900054931641,172.1699981689453,167.4649963378906,172.0700073242188,172.0700073242188,1134200,2.282596263569369,1.5921422328616024,1.3653236698702522,1.3458955399387191,1.3686974737230724,167.95599975585938,168.36399841308594,167.85299886067708,175.93349939982096,181.13369949340822,169.07635086393827,168.12688199567165,169.59418149120455,173.8916883437063,176.4742839277958,167.97187374564598,168.98396786315254,-1.0120941175065639,-2.0916055390543407,-0.011616791318039471,0.011616791318039471,-0.011616791318039471,-0.011616791318039471,0.011616791318039471,0.011616791318039471,-0.011616791318039471,-0.011616791318039471,0.011616791318039471,2.949996948242216,3.281299591064446,172.1699981689453,163.08274673461912,163.74340667724607,164.40406661987305,,,,,,,,,,0.0,0.0,0.0
2021-11-02,172.0,173.3099975585938,170.3600006103516,172.0899963378906,172.0899963378906,1096600,0.011616791318039471,1.3175205748355634,1.2325045142146454,1.3252509975801061,1.3672514106605005,169.31799926757813,168.6969985961914,167.8836654663086,175.57466608683268,181.02149948120118,170.08089935525572,168.84744823971147,169.75520180389398,173.83261647466315,176.38746635175806,168.60543106752976,169.21404404646648,-0.6086129789367192,-1.7950070270308165,3.503979840558126,3.503979840558126,-3.503979840558126,-3.503979840558126,3.503979840558126,3.503979840558126,-3.503979840558126,-3.503979840558126,3.503979840558126,8.085006713867188,3.5391006469726505,173.3099975585938,164.95113906860354,165.6073989868164,166.2636589050293,,,,,,,,,,0.0,0.0,0.0
2021-11-03,172.0,178.5,170.4149932861328,178.1199951171875,178.1199951171875,1844400,3.503979840558126,1.6596039213496652,1.6185553886519526,1.4978197253233636,1.43744987658578,171.88799743652345,169.55799865722656,168.0433319091797,175.36316604614257,180.95329940795898,172.76059794256633,170.533365853798,170.2948658886226,173.97318626622132,176.42177385206358,170.0692101520925,169.87374412577915,0.19546602631334054,-1.3969124163619853,-13.283173732266325,-13.283173732266325,13.283173732266325,13.283173732266325,-13.283173732266325,-13.283173732266325,-13.283173732266325,13.283173732266325,-13.283173732266325,7.649993896484403,3.685099792480462,178.5,165.52397613525397,166.2317962646485,166.93961639404304,,,,,,,,,,0.0,0.0,0.0
2021-11-04,159.7469940185547,159.8999938964844,152.25,154.4600067138672,154.4600067138672,6324500,-13.283173732266325,6.73837352681524,4.654025949761325,3.407333651796475,2.227254677230191,168.99400024414064,167.97799987792968,167.38799896240235,174.77533289591472,180.67879943847657,166.6604008663333,167.61093691926513,169.27326207089646,173.3334098874556,175.9868873740795,167.66779423851938,168.73198579897087,-1.0641915604514907,-1.3303682451798864,1.0423414090186467,1.0423414090186467,-1.0423414090186467,-1.0423414090186467,1.0423414090186467,-1.0423414090186467,-1.0423414090186467,-1.0423414090186467,1.0423414090186467,3.3800048828125,3.7620994567871024,159.8999938964844,170.392780456543,171.12980041503909,171.86682037353518,1.0,1.0,1.0,159.7469940185547,159.7469940185547,159.7469940185547,154.4600067138672,154.4600067138672,154.4600067138672,-3.309600494938524,-3.309600494938524,-3.309600494938524
2021-11-05,154.0099945068359,156.3899993896484,153.0099945068359,156.0700073242188,156.0700073242188,3033700,1.0423414090186467,6.832201600335906,4.688126058550278,3.417993861795981,2.2329904571965824,166.56200256347657,166.78400115966798,166.78866577148438,174.2409996032715,180.42239944458007,163.1302696856285,165.51258608380215,168.42143918401405,172.76739668866094,175.5924937097258,165.88351932862696,167.79406146750776,-1.9105421388807997,-1.4464030239200691,-2.0695813263012375,-2.0695813263012375,-2.0695813263012375,-2.0695813263012375,2.0695813263012375,-2.0695813263012375,-2.0695813263012375,-2.0695813263012375,-2.0695813263012375,5.214996337890597,3.851349639892567,156.3899993896484,151.6233750915528,152.3757949829102,153.12821487426763,,,1.0,,,153.12821487426763,,,156.0700073242188,0.0,0.0,1.92113024524361
2021-11-08,156.75,161.9400024414062,156.7250061035156,159.3000030517578,159.3000030517578,2175300,2.0695813263012375,6.804976295846341,4.765856507327331,3.446161700340836,2.253071465074795,164.00800170898438,165.98200073242188,166.24266611735027,173.75666631062825,180.2020994567871,161.85351414100495,164.38302553252134,167.8329594335459,172.3258427989264,175.2698701323403,164.8706706706471,167.16487195522998,-2.294201284582897,-1.6159626760526349,1.0420612870735824,1.0420612870735824,1.0420612870735824,1.0420612870735824,-1.0420612870735824,1.0420612870735824,1.0420612870735824,1.0420612870735824,1.0420612870735824,5.299987792968693,3.826349639892567,161.9400024414062,147.91703018188477,148.6873001098633,149.45757003784178,,,,,,,,,,0.0,0.0,0.0
2021-11-09,161.4299926757812,161.4299926757812,156.1300048828125,157.6399993896484,157.6399993896484,1501700,-1.0420612870735824,6.769219895693155,4.76271765735051,3.4218104405772594,2.2552859323532313,161.11800231933594,165.21800079345704,165.78333282470703,173.2578328450521,180.03659942626953,160.44900922388612,163.1570207792717,167.17534910813316,171.84433973632713,174.92076378099983,163.7582597043396,166.459325839261,-2.7010661349214047,-1.832983367826389,2.1314391165698923,2.1314391165698923,2.1314391165698923,2.1314391165698923,-2.1314391165698923,2.1314391165698923,2.1314391165698923,2.1314391165698923,2.1314391165698923,4.6599884033203125,3.9498497009277274,161.4299926757812,153.52203323364256,154.28730316162105,155.05257308959958,,,,,,,,,,0.0,0.0,0.0
2021-11-10,156.6000061035156,158.0099945068359,153.3500061035156,154.2799987792969,154.2799987792969,1301200,-2.1314391165698923,6.1608601941135674,4.792394195318951,3.4542286208312243,2.2544331951174508,156.35000305175782,164.11900024414064,165.2623326619466,172.7714993794759,179.81699935913085,158.39267240902305,161.54301677927626,166.3433910224018,171.2684597049491,174.51203576116413,162.30006571587148,165.55715346444885,-3.257087748577362,-2.117804243976584,-2.2037813866903795,-2.2037813866903795,-2.2037813866903795,-2.2037813866903795,2.2037813866903795,-2.2037813866903795,-2.2037813866903795,-2.2037813866903795,-2.2037813866903795,4.180007934570284,4.024850463867182,158.0099945068359,152.7403233337402,153.53029327392574,154.3202632141113,,1.0,1.0,,153.53029327392574,154.3202632141113,,154.2799987792969,154.2799987792969,0.0,0.48831112699925466,-0.026091476242834463
2021-11-11,155.9799957275391,158.4400024414062,154.2599945068359,157.6799926757812,157.6799926757812,1135000,2.2037813866903795,1.9324474093049424,4.791698921174436,3.4279219803394976,2.2650148911824264,156.99400024414064,162.99400024414064,164.9453323364258,172.4024991353353,179.6311993408203,158.15511249794244,160.84064876045895,165.7844620968134,170.82293619579605,174.17872797729515,161.5892852481653,164.97366007269568,-3.3843748245303686,-2.371118360087341,-1.7884369959461224,-1.7884369959461224,-1.7884369959461224,-1.7884369959461224,1.7884369959461224,-1.7884369959461224,-1.7884369959461224,-1.7884369959461224,-1.7884369959461224,4.080001831054716,4.124349975585933,158.4400024414062,149.15532348632811,149.96029357910155,150.76526367187498,,,,,,,,,,0.0,0.0,0.0
2021-11-12,158.2899932861328,161.7599945068359,157.6799926757812,160.5,160.5,1267400,1.7884369959461224,2.0185883689620563,4.850215947172358,3.4499394283281317,2.2789883668033055,157.87999877929687,162.22100067138672,164.65333251953126,172.0753323872884,179.45739929199217,158.93674166529496,160.77871262219367,165.4435290583093,170.4844792713437,173.90786207675464,161.4217029022937,164.64227784508859,-3.220574942794883,-2.5410096766288492,0.9906519239193748,0.9906519239193748,0.9906519239193748,0.9906519239193748,-0.9906519239193748,0.9906519239193748,0.9906519239193748,0.9906519239193748,0.9906519239193748,2.9199981689453125,4.16649932861328,161.7599945068359,149.36643249511712,150.19130249023434,151.01617248535152,,,,,,,,,,0.0,0.0,0.0
2021-11-15,160.8500061035156,161.1600036621094,158.2400054931641,158.9100036621094,158.9100036621094,1254100,-0.9906519239193748,1.9143904186799925,4.76205179048458,3.455336540501179,2.277904174085501,157.8019989013672,160.90500030517578,164.48399912516277,171.69783248901368,179.2175993347168,158.92782899756645,160.4389473567238,165.02201129081254,170.10498826776222,173.6108747814151,161.03528763457302,164.21766494264568,-3.1823773080726596,-2.6692832029176112,-0.251710960459677,-0.251710960459677,-0.251710960459677,-0.251710960459677,0.251710960459677,-0.251710960459677,-0.251710960459677,-0.251710960459677,-0.251710960459677,3.7700042724609943,4.150499725341798,161.1600036621094,152.5936959838867,153.42699584960934,154.260295715332,,,,,,,,,,0.0,0.0,0.0
2021-11-16,158.7599945068359,160.0700073242188,156.3000030517578,159.3099975585938,159.3099975585938,1156600,0.251710960459677,1.829701984134131,4.766544836002418,3.4171307789086236,2.2682135245259225,158.13599853515626,159.6270004272461,164.25899912516277,171.28249918619792,178.97719924926758,159.0552185179089,160.23368375706377,164.6534942758307,169.75105414615015,173.3276890938345,160.76985839211468,163.85413402530853,-3.0842756331938403,-2.752281688972857,0.8599555195421638,0.8599555195421638,0.8599555195421638,0.8599555195421638,-0.8599555195421638,0.8599555195421638,0.8599555195421638,0.8599555195421638,0.8599555195421638,3.188995361328125,4.098449707031254,160.0700073242188,152.02890426635744,152.8590042114258,153.68910415649415,,,,,,,,,,0.0,0.0,0.0
2021-11-17,158.9499969482422,160.2899932861328,157.1009979248047,157.9400024414062,157.9400024414062,1453200,-0.8599555195421638,1.4742654512764428,4.537342870610088,3.416065316241002,2.2686528498520455,158.8679992675781,157.60900115966797,164.02899932861328,170.83483250935873,178.68329925537108,158.68347982574136,159.81665079058058,164.22036577038395,169.36380654927328,173.02298242744976,160.33449593815953,163.41605020427872,-3.081554266119184,-2.8181362044021223,-1.0130467764866469,1.0130467764866469,1.0130467764866469,1.0130467764866469,-1.0130467764866469,1.0130467764866469,1.0130467764866469,1.0130467764866469,1.0130467764866469,4.2899932861328125,4.2174491882324245,160.2899932861328,151.05341796875004,151.8731079101563,152.69279785156255,,,,,,,,,,0.0,0.0,0.0
2021-11-18,159.1300048828125,159.2899932861328,155.0,156.3399963378906,156.3399963378906,1320900,-1.0130467764866469,1.2117560897486541,1.5524305965080443,3.415067407460276,2.2690640410299903,158.6,157.7970001220703,163.72933247884114,170.3468325297038,178.2900991821289,157.90231866312445,159.1845317991824,163.71195483925536,168.93679637840825,172.69262626726047,159.71995753811817,162.89189806602775,-3.171940527909584,-2.888897069103615,-0.7355724212753424,0.7355724212753424,0.7355724212753424,0.7355724212753424,-0.7355724212753424,0.7355724212753424,0.7355724212753424,0.7355724212753424,0.7355724212753424,3.5699920654296022,4.217448425292969,159.2899932861328,151.01160507202147,151.85509490966797,152.69858474731444,,,,,,,,,,0.0,0.0,0.0
2021-11-19,156.0399932861328,158.1799926757812,154.6100006103516,155.1900024414062,155.1900024414062,1075800,-0.7355724212753424,0.5268850560773687,1.5383167682943764,3.408948387891398,2.269286171941414,157.53800048828126,157.70899963378906,163.37466583251953,169.83549931844075,177.88549926757813,156.99821325588505,158.45825373413214,163.16215145874898,168.4860818230967,172.34603965684752,159.02304136939324,162.32138727901875,-3.2983459096255103,-2.970786837207994,2.538824911027234,2.538824911027234,2.538824911027234,2.538824911027234,-2.538824911027234,2.538824911027234,2.538824911027234,2.538824911027234,2.538824911027234,5.440002441406278,4.372698211669923,158.1799926757812,150.01160675048828,150.85509643554687,151.69858612060546,,,,,,,,,,0.0,0.0,0.0
2021-11-22,155.9799957275391,156.5800018310547,151.1399993896484,151.25,151.25,1178000,-2.538824911027234,1.0027824893520492,1.5243665151499732,3.4444028709129486,2.255602617345151,156.00599975585936,156.90399932861328,162.96033274332683,169.17749938964843,177.4661993408203,155.08214217059003,157.1476621461081,162.39362555818454,167.92096438627385,171.92829629730596,157.82718885102506,161.50128451760995,-3.67409566658489,-3.1114486030833737,-0.8859479919937829,-0.8859479919937829,-0.8859479919937829,-0.8859479919937829,0.8859479919937829,-0.8859479919937829,-0.8859479919937829,-0.8859479919937829,-0.8859479919937829,4.971008300781193,4.396749114990233,156.5800018310547,148.56005661010735,149.43459625244134,150.30913589477532,,,,,,,,,,0.0,0.0,0.0
2021-11-23,150.8300018310547,152.7200012207031,147.7489929199219,152.5899963378906,152.5899963378906,1508000,0.8859479919937829,1.2150510089583955,1.5703720110263644,3.451601578189516,2.2607430142873612,154.6619995117187,156.3989990234375,162.7046661376953,168.54016596476237,177.03539932250976,154.25142689302356,156.3189956355231,161.76113335042365,167.4183096961629,171.54535966444627,157.02146692592743,160.84118909689,-3.8197221709625637,-3.253103316659212,-0.01965972869576263,-0.01965972869576263,-0.01965972869576263,-0.01965972869576263,0.01965972869576263,-0.01965972869576263,-0.01965972869576263,-0.01965972869576263,-0.01965972869576263,5.25,4.5177490234374975,152.7200012207031,146.90715377807618,147.78650360107423,148.66585342407228,,1.0,1.0,,147.78650360107423,148.66585342407228,,152.5899963378906,152.5899963378906,0.0,3.250291887128353,2.6395724528783484
2021-11-24,151.2700042724609,152.6999969482422,147.4499969482422,152.6199951171875,152.6199951171875,1212200,0.01965972869576263,1.2758222216886734,1.435268816229461,3.4517364953577316,2.2563836449955237,153.59799804687498,156.23299865722657,162.45699920654297,167.94999923706055,176.61859924316406,153.70761630107822,155.6464500867348,161.17138249666647,166.93311905422928,171.17059997044112,156.3443174168905,160.23221176506019,-3.887894348169681,-3.380061522961306,2.9550482578465305,2.9550482578465305,2.9550482578465305,2.9550482578465305,-2.9550482578465305,2.9550482578465305,2.9550482578465305,2.9550482578465305,2.9550482578465305,5.0,4.630249023437497,152.6999969482422,142.7809533691406,143.6845031738281,144.5880529785156,,,,,,,,,,0.0,0.0,0.0
2021-11-26,149.6499938964844,151.7700042724609,146.7700042724609,148.1100006103516,148.1100006103516,811800,-2.9550482578465305,1.6458773753979206,1.4427735280771041,3.444181811677498,2.280110102193081,151.95199890136718,155.2759994506836,161.90699920654296,167.31749928792317,176.17969924926757,151.84174440416933,154.2761865455742,160.32871269754938,166.31596762983983,170.71395443855818,155.07749944665375,159.33427019804472,-4.256770751390974,-3.55540336864724,-1.8432217380925475,-1.8432217380925475,-1.8432217380925475,-1.8432217380925475,1.8432217380925475,-1.8432217380925475,-1.8432217380925475,-1.8432217380925475,-1.8432217380925475,4.300003051757784,4.645249176025386,151.7700042724609,142.5134490966797,143.4394989013672,144.36554870605468,,,,,,,,,,0.0,0.0,0.0
2021-11-29,149.1399993896484,151.2100067138672,146.9100036621094,150.8399963378906,150.8399963378906,1134500,1.8432217380925475,2.112678741918575,1.45298063621852,3.487148246917302,2.2974690584789483,151.08199768066407,154.30999908447265,161.40599924723307,166.73316599527996,175.7936991882324,151.5078283820764,153.65142468963174,159.71653744853913,165.80855873502182,170.32041071379248,154.42557589145943,158.7050647269222,-4.279488835462757,-3.7002204620103436,3.056218988513384,3.056218988513384,3.056218988513384,3.056218988513384,-3.056218988513384,3.056218988513384,3.056218988513384,3.056218988513384,3.056218988513384,5.2100067138671875,4.67049942016601,151.2100067138672,141.55045608520507,142.47950592041013,143.40855575561523,,,,,,,,,,0.0,0.0,0.0
2021-11-30,149.7700042724609,150.6000061035156,145.3899993896484,146.2299957275391,146.2299957275391,2415400,-3.056218988513384,2.243147419008366,1.6470810241561693,3.4686462927985686,2.3244460848472364,150.07799682617187,153.04199829101563,160.77033233642578,166.08099924723308,175.32659912109375,149.74855083056397,152.30207396925124,158.84643798266816,165.16663863641583,169.84337279327264,153.16471740470246,157.78098554178268,-4.616268137080226,-3.8834299970243205,0.0888939532390438,0.0888939532390438,0.0888939532390438,0.0888939532390438,-0.0888939532390438,0.0888939532390438,0.0888939532390438,0.0888939532390438,0.0888939532390438,5.983993530273409,4.82219924926757,150.6000061035156,140.93490798950197,141.86900787353517,142.80310775756837,,,,,,,,,,0.0,0.0,0.0
2021-12-01,148.5,151.9440002441406,145.9600067138672,146.1000061035156,146.1000061035156,1447700,-0.0888939532390438,2.1146886189676826,1.625938568825234,3.467558480636693,2.3203640011368623,148.77999877929688,151.7209991455078,160.01499938964844,165.471332804362,174.85139923095704,148.5323692548812,151.17442526639022,158.0240875388519,164.54150314353384,169.37320711624776,152.0778387429814,156.91572780561475,-4.837889062633337,-4.074321810146124,-2.1081358272383284,-2.1081358272383284,-2.1081358272383284,-2.1081358272383284,2.1081358272383284,-2.1081358272383284,-2.1081358272383284,-2.1081358272383284,-2.1081358272383284,8.190002441406278,4.827449035644524,151.9440002441406,139.99116775512695,140.95560760498046,141.92004745483396,,,,,,,,,,0.0,0.0,0.0
2021-12-02,143.6199951171875,150.3600006103516,142.1699981689453,149.1799926757812,149.1799926757812,1634400,2.1081358272383284,2.499945923265544,1.8756286300162197,3.39053182971168,2.3293442240981523,148.0919982910156,150.8449981689453,159.33733266194662,164.97833277384441,174.41529922485353,148.74824372851452,150.81180115900673,157.4535007734925,164.0378470626239,168.97334148376325,151.63201627110445,156.34271038859006,-4.710694117485616,-4.201596271614022,-0.4893491233202914,-0.4893491233202914,-0.4893491233202914,-0.4893491233202914,0.4893491233202914,-0.4893491233202914,-0.4893491233202914,-0.4893491233202914,-0.4893491233202914,4.255004882812614,4.657699584960935,150.3600006103516,141.32361236572265,142.28910217285156,143.25459197998046,,1.0,1.0,,142.28910217285156,143.25459197998046,,149.1799926757812,149.1799926757812,0.0,4.842880022223095,4.136272781139746
2021-12-03,150.2700042724609,152.0700073242188,147.8150024414062,149.9100036621094,149.9100036621094,1564500,0.4893491233202914,2.067234240212554,1.8947637333621448,1.7080463211971542,2.3309104095442836,148.45199890136718,150.20199890136718,158.65899963378905,164.4941660563151,173.99019927978514,149.13549703971282,150.64783797775266,156.96682354050006,163.5746390822792,168.5958496457107,151.36709125433597,155.86621359403597,-4.499122339699994,-4.261101485231217,-1.8811233383636132,-1.8811233383636132,-1.8811233383636132,-1.8811233383636132,1.8811233383636132,-1.8811233383636132,-1.8811233383636132,-1.8811233383636132,-1.8811233383636132,5.998001098632784,4.788599395751949,152.0700073242188,140.11306152343752,141.04460144042972,141.9761413574219,,,,,,,,,,0.0,0.0,0.0
2021-12-06,150.6499938964844,153.7980041503906,147.8000030517578,152.7299957275391,152.7299957275391,1558700,1.8811233383636132,2.0745516935716477,2.0202352136868535,1.7483114559759843,2.346697151290672,148.8299987792969,149.95599822998048,158.14966634114583,164.05133260091145,173.60799926757812,150.33366326898823,151.02641211407746,156.6934798106316,163.21907700507458,168.2816743205984,151.57676886559798,155.63390115948064,-4.05713229388266,-4.220307646961506,-5.748706229888067,-5.748706229888067,-5.748706229888067,-5.748706229888067,5.748706229888067,-5.748706229888067,-5.748706229888067,-5.748706229888067,5.748706229888067,9.789993286132784,5.017349243164058,153.7980041503906,141.53508865356451,142.49280853271492,143.4505284118653,,,,,,,,,,0.0,0.0,0.0
2021-12-07,154.1600036621094,163.9499969482422,154.1600036621094,161.5099945068359,161.5099945068359,2157000,5.748706229888067,2.2759797551995677,2.556157646373975,2.1380168154179295,2.458750984722437,151.88599853515623,150.98199768066405,157.95599924723308,163.70366592407225,173.34629928588868,154.05910701493747,152.93251800366988,157.0042226942577,163.16304151332903,168.14758165101892,153.10495742578843,156.06916733335882,-2.9642099075703925,-3.969088099083283,-0.08668156424368127,0.08668156424368127,0.08668156424368127,0.08668156424368127,-0.08668156424368127,-0.08668156424368127,0.08668156424368127,0.08668156424368127,-0.08668156424368127,4.570007324218807,4.980850219726564,163.9499969482422,142.75983581542965,143.76330566406247,144.7667755126953,,,,,,,,,,0.0,0.0,0.0
2021-12-08,160.5700073242188,162.5700073242188,158.0,161.3699951171875,161.3699951171875,1442600,-0.08668156424368127,2.275465551925668,2.5662563104290377,2.121995331368806,2.4587700855053,154.93999633789062,151.85999755859376,157.82566579182944,163.35766576131184,173.08869918823243,156.4960697156875,154.46660475158217,157.28588543122092,163.10425310689814,168.01337201668562,154.37650168600368,156.46182124327206,-2.0853195572683774,-3.592334390720302,-1.1216444279367215,1.1216444279367215,1.1216444279367215,1.1216444279367215,-1.1216444279367215,-1.1216444279367215,1.1216444279367215,1.1216444279367215,-1.1216444279367215,2.7899932861328125,4.887350463867189,162.5700073242188,152.99212646484375,153.98829650878906,154.98446655273438,,,,,,,,,,0.0,0.0,0.0
2021-12-09,160.6100006103516,161.6399993896484,158.8500061035156,159.5599975585938,159.5599975585938,1012000,-1.1216444279367215,2.67111090213174,2.6192872137145793,2.076680141654712,2.458099084851655,157.01599731445313,152.5539978027344,157.6353322347005,163.01849899291992,172.78729919433593,157.51737899665628,155.39267617103883,157.43260234266432,162.98804800695373,167.84597846306002,155.1739625894791,156.69131578514774,-1.5173531956686475,-3.177338151709971,-0.20681990229633354,0.20681990229633354,0.20681990229633354,0.20681990229633354,-0.20681990229633354,-0.20681990229633354,0.20681990229633354,0.20681990229633354,-0.20681990229633354,7.35400390625,5.046050262451175,161.6399993896484,151.81783630371098,152.79530639648442,153.77277648925786,,,,,,,,,,0.0,0.0,0.0
2021-12-10,161.4600067138672,163.7890014648438,156.4349975585938,159.2299957275391,159.2299957275391,1442600,-0.20681990229633354,2.746368697342013,2.349556418500651,2.0228253908893996,2.4575658943334475,158.87999572753907,153.66599731445314,157.31199900309244,162.66716562906902,172.43889907836913,158.0882512402839,156.09037063585706,157.54856320620465,162.86483317812048,167.67536494354474,155.79796768764217,156.8793661512508,-1.0813984636086218,-2.7581502140897016,-2.6628087346244187,2.6628087346244187,2.6628087346244187,2.6628087346244187,-2.6628087346244187,-2.6628087346244187,2.6628087346244187,2.6628087346244187,-2.6628087346244187,6.059997558593693,5.145050048828123,163.7890014648438,150.53868881225583,151.54789886474606,152.5571089172363,,,,,,,,,,0.0,0.0,0.0
2021-12-13,159.3899993896484,160.6300048828125,154.5700073242188,154.9900054931641,154.9900054931641,1361500,-2.6628087346244187,3.1971966580399247,2.5410999144288113,2.0679594292227903,2.4555331106456637,159.33199768066407,154.08099822998048,156.87066599527995,162.32866566975912,172.0746990966797,157.05550265791067,155.89030424627651,157.38349496665364,162.60664210648255,167.42416970690354,155.6736658115686,156.73941350991106,-1.0657476983424488,-2.4196697109402514,-1.6259140480978564,1.6259140480978564,1.6259140480978564,1.6259140480978564,-1.6259140480978564,-1.6259140480978564,1.6259140480978564,1.6259140480978564,-1.6259140480978564,3.260009765625,5.162050628662108,160.6300048828125,152.46989135742194,153.49890136718756,154.52791137695317,,,,,,,,,,0.0,0.0,0.0
2021-12-14,153.6600036621094,155.4600067138672,152.1999969482422,152.4700012207031,152.4700012207031,1253500,-1.6259140480978564,1.0648588709231317,2.3653481277583017,2.0862772988239278,2.435492004370163,157.5239990234375,154.7049987792969,156.2173324584961,162.0351656595866,171.6684991455078,155.52700217884149,155.2684309688995,157.0664953701407,162.27429322498156,167.12804755866196,155.18079433605084,156.42316074774752,-1.242366411696679,-2.184209051091537,0.26890775813395296,-0.26890775813395296,-0.26890775813395296,-0.26890775813395296,0.26890775813395296,0.26890775813395296,-0.26890775813395296,-0.26890775813395296,0.26890775813395296,7.610000610351506,5.354050445556633,155.4600067138672,149.27349349975586,150.30590362548827,151.3383137512207,,,,,,,,,,0.0,0.0,0.0
2021-12-15,152.3000030517578,153.1000061035156,145.4900054931641,152.8800048828125,152.8800048828125,2050100,0.26890775813395296,1.160441781676738,2.3590985773628064,2.0864708043197493,2.4339136965016985,155.8260009765625,155.38299865722655,155.57699940999348,161.73033243815104,171.27729919433594,154.64466974683182,154.83417168052003,156.79639920966792,161.96628377113996,166.84590809973426,154.82682672786032,156.16070475775234,-1.3338780298920199,-2.0141428468516334,-3.388283470124793,3.388283470124793,3.388283470124793,3.388283470124793,-3.388283470124793,3.388283470124793,3.388283470124793,3.388283470124793,-3.388283470124793,9.895004272460994,5.689350891113277,153.1000061035156,143.6810957336426,144.7519058227539,145.82271591186526,,,1.0,,,145.82271591186526,,,152.8800048828125,0.0,0.0,4.839636216357842
2021-12-16,153.6000061035156,153.7799987792969,143.8849945068359,147.6999969482422,147.6999969482422,2292700,-3.388283470124793,1.559831812941933,2.5684287790855707,2.2028459265275377,2.4618200938317356,153.4540008544922,155.23499908447266,154.56299947102863,161.30316569010418,170.88279922485353,152.32977881396863,153.53704900192406,156.20953454764046,161.4985366621925,166.46678114623936,153.73039137714983,155.53398566075157,-1.8035942836017398,-1.9720331342016548,0.013543854349573444,-0.013543854349573444,0.013543854349573444,0.013543854349573444,-0.013543854349573444,0.013543854349573444,0.013543854349573444,0.013543854349573444,-0.013543854349573444,4.169998168945398,5.683351135253906,153.7799987792969,140.5834341430664,141.72130432128904,142.8591744995117,,,,,,,,,,0.0,0.0,0.0
2021-12-17,146.1100006103516,148.8600006103516,144.6900024414062,147.6799926757812,147.6799926757812,2705700,-0.013543854349573444,1.6024162622279274,2.56116410895259,2.197429160142083,2.4603324747509174,151.1440002441406,155.01199798583986,154.33699900309244,160.86249898274738,170.45619918823243,150.7798501012395,152.47212966989807,155.65924152364954,161.04546964624456,166.09476553296295,152.7995608077085,154.95220840260563,-2.1526475948971324,-2.0081560263407505,1.029245049469088,-1.029245049469088,1.029245049469088,1.029245049469088,-1.029245049469088,1.029245049469088,1.029245049469088,1.029245049469088,1.029245049469088,2.510009765625,5.630352020263676,148.8600006103516,141.27662628173832,142.4132965087891,143.54996673583986,,,,,,,,,,0.0,0.0,0.0
2021-12-20,146.0,146.6600036621094,144.1499938964844,146.1600036621094,146.1600036621094,864400,-1.029245049469088,1.4624919343400535,2.472228221317707,2.201738860547118,2.462262839077008,149.37799987792968,154.35499877929686,154.0066655476888,160.39766565958658,169.97739929199219,149.23990128819614,151.32447039575467,155.0463874680663,160.55742158119094,165.70001777314408,151.77809047761633,154.3009339773837,-2.5228434997673617,-2.111093521026073,-2.96250802036426,2.96250802036426,-2.96250802036426,-2.96250802036426,2.96250802036426,-2.96250802036426,-2.96250802036426,-2.96250802036426,-2.96250802036426,2.625,5.489601898193362,146.6600036621094,136.4732261657715,137.59929656982425,138.725366973877,,,,,,,,,,0.0,0.0,0.0
2021-12-21,148.5,150.5500030517578,147.9250030517578,150.4900054931641,150.4900054931641,1128500,2.96250802036426,2.296787084465837,1.7532640655884204,2.2473918600185767,2.492647516690139,148.98200073242188,153.25299987792968,153.71299896240234,159.9778325398763,169.58639938354492,149.65660268985215,151.17274950437456,154.7524273406533,160.22734236519005,165.3988294111643,151.57992355693136,154.0186429785526,-2.4387194216212436,-2.176618701145107,-0.6113350623720343,-0.6113350623720343,-0.6113350623720343,-0.6113350623720343,0.6113350623720343,-0.6113350623720343,-0.6113350623720343,-0.6113350623720343,-0.6113350623720343,2.5799865722655966,5.370050811767582,150.5500030517578,134.582879486084,135.6807998657227,136.77872024536134,,,,,,,,,,0.0,0.0,0.0
2021-12-22,150.5599975585938,152.4299926757812,149.8500061035156,151.4100036621094,151.4100036621094,563800,0.6113350623720343,2.320733159986056,1.793403442912966,2.242518943480097,2.4780231380635613,148.68800048828126,152.2570007324219,153.50533243815104,159.64433263142902,169.1768994140625,150.24106968060457,151.21588662396272,154.5367871033279,159.9382492929579,165.12182296068795,151.55378203465105,153.82541043659384,-2.2716284019427917,-2.195620641304644,-0.43590492447400314,-0.43590492447400314,-0.43590492447400314,-0.43590492447400314,0.43590492447400314,-0.43590492447400314,-0.43590492447400314,-0.43590492447400314,-0.43590492447400314,2.395004272460909,5.227301025390628,152.4299926757812,138.73589126586913,139.80990142822264,140.88391159057616,,,,,,,,,,0.0,0.0,0.0
2021-12-23,152.0,153.5050048828125,151.1100006103516,152.0700073242188,152.0700073242188,662400,0.43590492447400314,1.46962214327325,1.8125816842285905,2.244788979590706,2.4774980991325966,149.56200256347657,151.50800170898438,153.4316660563151,159.34699935913085,168.74579956054689,150.85071556180932,151.37118129673655,154.37764002080473,159.68027414644186,164.8633711659064,151.63320130996917,153.6953805764179,-2.0621792664487373,-2.168932366333463,-2.2029267333328937,-2.2029267333328937,-2.2029267333328937,-2.2029267333328937,2.2029267333328937,-2.2029267333328937,-2.2029267333328937,-2.2029267333328937,2.2029267333328937,3.8000030517578125,5.167301177978518,153.5050048828125,140.92993041992182,141.97539062499993,143.02085083007807,,,,,,,,,,0.0,0.0,0.0
2021-12-27,152.8399963378906,155.5,151.6999969482422,155.4199981689453,155.4199981689453,1015600,2.2029267333328937,1.5715311263395582,2.001071267200264,2.1821520903369627,2.4884699656021643,151.11000366210942,151.127001953125,153.35633290608723,159.1508326212565,168.3611994934082,152.373809764188,152.10732981895632,154.444888933588,159.54059296685182,164.67637368081805,152.21578544211934,153.82313002771625,-1.6073445855969055,-2.0566148101861517,-0.6562889489627398,-0.6562889489627398,-0.6562889489627398,-0.6562889489627398,0.6562889489627398,0.6562889489627398,-0.6562889489627398,-0.6562889489627398,0.6562889489627398,3.7849884033203125,5.1415504455566445,155.5,142.13694229125977,143.17040252685547,144.20386276245117,,,,,,,,,,0.0,0.0,0.0
2021-12-28,155.5099945068359,157.4149932861328,153.6300048828125,156.4400024414062,156.4400024414062,1065900,0.6562889489627398,1.1387785535170831,1.818511880065385,2.152874872933501,2.4843377924842427,153.16600341796874,151.27200164794922,153.22099965413412,158.9371660868327,167.9779995727539,153.72920732326074,152.89508847758356,154.5736059340924,159.4389342610995,164.51327722063166,152.86566498047117,154.0169724287303,-1.1513074482591321,-1.8755533378007478,0.30043544705213543,-0.30043544705213543,-0.30043544705213543,-0.30043544705213543,0.30043544705213543,0.30043544705213543,-0.30043544705213543,-0.30043544705213543,0.30043544705213543,1.9900054931640057,4.980550384521486,157.4149932861328,144.18858901977538,145.2168991088867,146.24520919799804,,,,,,,,,,0.0,0.0,0.0
2021-12-29,156.1999969482422,157.8899993896484,155.8999938964844,156.9100036621094,156.9100036621094,643800,0.30043544705213543,0.7742770698808018,1.7134117811182092,2.0115158858024333,2.453035108053606,154.45000305175782,151.71600189208985,153.15433298746746,158.8191660563151,167.5968995666504,154.78947276954364,153.62507305658823,154.72434127138382,159.35601850375554,164.3627173481857,153.48787093149244,154.23127103861023,-0.7434001071177931,-1.649122691664157,-0.5417156864937706,0.5417156864937706,0.5417156864937706,0.5417156864937706,-0.5417156864937706,-0.5417156864937706,0.5417156864937706,0.5417156864937706,-0.5417156864937706,3.211990356445284,4.84195022583008,157.8899993896484,146.45778244018555,147.45389251708986,148.45000259399413,,,,,,,,,,0.0,0.0,0.0
2021-12-30,157.0899963378906,158.9499969482422,155.7380065917969,156.0599975585938,156.0599975585938,624300,-0.5417156864937706,0.9990174704626625,1.7341344242392822,2.019510214903212,2.4478202301945218,155.3800018310547,152.03400115966798,153.0459996541341,158.65249938964843,167.22129959106445,155.21298103256038,154.0677866024074,154.8105126447522,159.24795224325842,164.19830705532252,153.88358272027727,154.36673226231272,-0.4831495420354486,-1.4159280617384153,0.21145830848209565,-0.21145830848209565,-0.21145830848209565,-0.21145830848209565,0.21145830848209565,0.21145830848209565,-0.21145830848209565,-0.21145830848209565,0.21145830848209565,2.1999969482421022,4.542449951171871,158.9499969482422,147.23770889282224,148.20609893798826,149.17448898315428,,,,,,,,,,0.0,0.0,0.0
2021-12-31,156.0299987792969,157.5099945068359,155.3099975585938,156.3899993896484,156.3899993896484,821300,0.21145830848209565,1.0137725997491187,1.1903309033212015,1.9766558487228145,2.44653059265138,156.24400024414064,152.9030014038086,152.99433288574218,158.51166610717775,166.877099609375,155.60532048492308,154.4900071091785,154.9124150153907,159.15424887100892,164.0436871015468,154.26918528479592,154.51660390137462,-0.2474186165786989,-1.182226172706472,1.9438540175184653,-1.9438540175184653,-1.9438540175184653,-1.9438540175184653,1.9438540175184653,1.9438540175184653,-1.9438540175184653,-1.9438540175184653,1.9438540175184653,3.559997558593807,4.50769958496093,157.5099945068359,148.95660705566408,149.86509704589844,150.77358703613282,,,,,,,,,,0.0,0.0,0.0
2022-01-03,156.8699951171875,160.0599975585938,156.5,159.4299926757812,159.4299926757812,1099700,1.9438540175184653,0.9105500452870788,1.2417764850173243,2.01218458835704,2.459770110454177,157.0459991455078,154.07800140380863,153.0973327636719,158.4133326212565,166.5740995788574,156.88021121520913,155.38818630310627,155.20387163864171,159.16328965149327,163.95232681588806,155.0631556526398,154.88055862540472,0.18259702723509008,-0.9092615327181596,0.6397819226745419,0.6397819226745419,-0.6397819226745419,-0.6397819226745419,0.6397819226745419,0.6397819226745419,0.6397819226745419,-0.6397819226745419,0.6397819226745419,6.3300018310546875,4.524299621582026,160.0599975585938,147.59305541992185,148.49459533691405,149.39613525390624,,,,,,,,,,0.0,0.0,0.0
2022-01-04,160.3699951171875,163.1199951171875,156.7899932861328,160.4499969482422,160.4499969482422,1165100,0.6397819226745419,0.9099351776798897,1.0729629879934621,1.9806322676710975,2.460926938666208,157.847998046875,155.5070007324219,153.27266591389974,158.32366587320965,166.29729949951172,158.07013979288683,156.3085155113128,155.54233133603532,159.20547677597685,163.882973749202,155.89190046734788,155.29310961228157,0.5987908550663121,-0.6076510551612653,-2.0006179595712754,-2.0006179595712754,2.0006179595712754,2.0006179595712754,-2.0006179595712754,-2.0006179595712754,-2.0006179595712754,2.0006179595712754,-2.0006179595712754,4.709991455078097,4.270299530029291,163.1199951171875,150.10653839111336,151.01139831542974,151.91625823974616,,,,,,,,,,0.0,0.0,0.0
2022-01-05,159.8899993896484,161.8399963378906,157.1300048828125,157.2400054931641,157.2400054931641,1419000,-2.0006179595712754,1.4590882844207982,1.1774402189379731,1.5660676993946177,2.468764842672716,157.91399841308595,156.18200073242187,153.4723327636719,158.21633275349936,165.98609954833984,157.79342835964593,156.47787732619486,155.65185870101138,159.14103509457317,163.75142982333986,156.09930124055037,155.43732412197656,0.6619771185738159,-0.35372542041424904,0.7122838196772965,0.7122838196772965,-0.7122838196772965,-0.7122838196772965,0.7122838196772965,0.7122838196772965,0.7122838196772965,-0.7122838196772965,0.7122838196772965,3.8500061035157103,4.234299468994136,161.8399963378906,153.72533615112306,154.57939605712892,155.43345596313478,,,,,,,,,,0.0,0.0,0.0
2022-01-06,158.4199981689453,161.2799987792969,157.4299926757812,158.3600006103516,158.3600006103516,990300,0.7122838196772965,1.4394755313203758,1.1794466018188043,1.5771721369496277,2.455720993122936,158.37399902343748,156.8770004272461,153.66466623942057,158.18466618855794,165.69399948120116,157.98228577654783,156.82008155967787,155.82657753387204,159.11542740656589,163.64466884882523,156.4471011435967,155.65381867667102,0.7932824669256888,-0.12432384294626148,-2.317503255115231,-2.317503255115231,2.317503255115231,2.317503255115231,-2.317503255115231,-2.317503255115231,-2.317503255115231,2.317503255115231,-2.317503255115231,5.1300048828125,4.35130004882812,161.2799987792969,152.52453750610348,153.37139739990232,154.21825729370116,,,,,,,,,,0.0,0.0,0.0
2022-01-07,158.9600067138672,159.6300048828125,154.5,154.6900024414062,154.6900024414062,927800,-2.317503255115231,1.8614209615614252,1.4702218307216592,1.6400656348285574,2.474020637899872,158.03399963378905,157.13899993896484,153.7336664835612,158.09533284505207,165.40629943847657,156.8848579981673,156.43279444726485,155.7532501085517,158.97033150606885,163.46734872194563,156.17677826633664,155.5824248814662,0.5943533848704305,0.01941160261707693,-2.0234047665737003,-2.0234047665737003,2.0234047665737003,2.0234047665737003,-2.0234047665737003,-2.0234047665737003,-2.0234047665737003,2.0234047665737003,-2.0234047665737003,5.650009155273409,4.266100311279291,159.6300048828125,151.70713867187504,152.57739868164066,153.44765869140628,,,,,,,,,,0.0,0.0,0.0
2022-01-10,153.7700042724609,154.1000061035156,148.4499969482422,151.5599975585938,151.5599975585938,1364600,-2.0234047665737003,1.5333938551663513,1.4312629113191222,1.6932813730855454,2.4579862007506867,156.46000061035156,156.75299987792968,153.84866638183593,157.87783279418946,165.1236993408203,155.10990451830946,155.54683137659737,155.4827176859738,158.72736973729917,163.23155958999806,155.46650431129927,155.2844673019942,0.18203700930507694,0.05193668395467693,-0.10557116962701954,0.10557116962701954,-0.10557116962701954,-0.10557116962701954,0.10557116962701954,-0.10557116962701954,0.10557116962701954,-0.10557116962701954,0.10557116962701954,5.522003173828097,4.239200592041011,154.1000061035156,150.24458419799805,151.09780426025392,151.95102432250977,1.0,1.0,1.0,150.24458419799805,151.09780426025392,151.95102432250977,151.5599975585938,151.5599975585938,151.5599975585938,0.8755146600573991,0.30589014883617527,-0.2573373662069048
2022-01-11,149.8899993896484,152.5220031738281,147.0,151.7200012207031,151.7200012207031,1556600,0.10557116962701954,1.403902211086789,1.4031817090668832,1.5944569252039857,2.455493492238678,154.71400146484376,156.28099975585937,153.87799987792968,157.6419995625814,164.83959930419923,153.97993675244066,154.8510440755257,155.2399617849886,158.49761994986977,163.00360793912094,154.89011922043832,155.02043277745412,-0.13031355701579628,0.01548663576058229,-0.7381987267178258,0.7381987267178258,-0.7381987267178258,-0.7381987267178258,0.7381987267178258,-0.7381987267178258,-0.7381987267178258,-0.7381987267178258,-0.7381987267178258,3.4600067138671875,4.249200439453121,152.5220031738281,144.77376480102538,145.62160491943357,146.46944503784178,,,,,,,,,,0.0,0.0,0.0
2022-01-12,153.25,154.6100006103516,151.1499938964844,152.8399963378906,152.8399963378906,759000,0.7381987267178258,1.4981101726728083,1.4304545228662926,1.562252566034093,2.4577760228148997,153.83399963378906,155.8739990234375,154.09833323160808,157.43433278401693,164.55239929199217,153.59995661425734,154.4853990323193,155.0851253045307,158.3121240937393,162.80234830345302,154.57471570004637,154.8589189671161,-0.28420326706972787,-0.04445134480547974,3.984556715394807,-3.984556715394807,3.984556715394807,3.984556715394807,-3.984556715394807,3.984556715394807,3.984556715394807,3.984556715394807,3.984556715394807,7.389999389648409,4.238200378417966,154.6100006103516,143.17376220703122,144.02360229492186,144.87344238281247,,,,,,,,,,0.0,0.0,0.0
2022-01-13,151.9499969482422,153.75,146.3600006103516,146.75,146.75,1886800,-3.984556715394807,1.9171992266752795,1.858021736450194,1.7987409458424592,2.4908961271144383,151.51199951171876,154.9429992675781,154.11999969482423,157.06749954223633,164.1775993347168,151.31663774283822,153.07896284462487,154.54737528488357,157.933038057879,162.48448002021632,153.37091328465462,154.25825830288528,-0.8873450182306613,-0.21303007949051606,-1.349230478731919,1.349230478731919,-1.349230478731919,-1.349230478731919,1.349230478731919,-1.349230478731919,-1.349230478731919,-1.349230478731919,-1.349230478731919,3.720001220703182,3.929450225830075,153.75,145.28595977783206,146.13359985351565,146.98123992919926,,,1.0,,,146.98123992919926,,,146.75,0.0,0.0,-0.1573261521746925
2022-01-14,145.4299926757812,148.8600006103516,145.1399993896484,148.7299957275391,148.7299957275391,1093800,1.349230478731919,2.2043467816393525,1.945824063272201,1.6619844354055249,2.497598516722537,150.31999816894532,154.1769989013672,154.1049997965495,156.72116622924804,163.81689926147462,150.45442373773852,152.28824155060926,154.17206047473232,157.63129896508096,162.21211399461876,152.6569259681753,153.84875737137816,-1.1918314032028547,-0.4087903442329838,1.1698986649354288,-1.1698986649354288,1.1698986649354288,1.1698986649354288,-1.1698986649354288,1.1698986649354288,1.1698986649354288,1.1698986649354288,1.1698986649354288,4.970001220703097,3.9694503784179602,148.8600006103516,145.10520950317382,145.89109954833984,146.67698959350585,,1.0,1.0,,145.4299926757812,145.4299926757812,,148.7299957275391,148.7299957275391,0.0,2.269135128896596,2.269135128896596
2022-01-18,146.0,148.7700042724609,143.8000030517578,146.9900054931641,146.9900054931641,1373300,-1.1698986649354288,2.1135170611749734,1.7538619245834368,1.6842019985404157,2.499398442968832,149.40599975585937,152.93300018310546,154.0076665242513,156.33333307902018,163.43059936523437,149.2996176562137,151.32492590380105,153.70870208882468,157.28240409714925,161.91068610350084,151.78509204894283,153.34070167669563,-1.5556096277528013,-0.6381542009369474,3.605689403150869,3.605689403150869,3.605689403150869,3.605689403150869,-3.605689403150869,3.605689403150869,3.605689403150869,3.605689403150869,3.605689403150869,6.739990234375,4.18094940185546,148.7700042724609,140.1272097778321,140.92109985351567,141.71498992919925,,,,,,,,,,0.0,0.0,0.0
2022-01-19,148.0,148.3999938964844,141.6600036621094,141.6900024414062,141.6900024414062,1148500,-3.605689403150869,2.434475548460927,1.8774237905371214,1.8560447497698607,2.5337350570453734,147.4,151.05700073242187,153.63966674804686,155.89466654459636,162.98879943847658,146.76307925127787,149.57312163791107,152.9333021115719,156.7711778133544,161.5102765260336,150.23200134009105,152.47768691852605,-2.245685578435001,-0.9596604764365582,3.204184110872073,3.204184110872073,3.204184110872073,3.204184110872073,-3.204184110872073,3.204184110872073,3.204184110872073,3.204184110872073,3.204184110872073,6.359985351562386,4.3676986694335795,148.3999938964844,139.57191558837889,140.40810546875,141.24429534912107,,,,,,,,,,0.0,0.0,0.0
2022-01-20,142.6499938964844,143.4299926757812,137.0700073242188,137.1499938964844,137.1499938964844,1262700,-3.204184110872073,2.22471947685822,1.9693799261826301,1.8257180044436125,2.5622308067965,144.26199951171876,149.0479995727539,152.82766672770182,155.39183298746744,162.452999420166,143.5587174663467,147.31437113946984,151.9150241622114,156.12786030788322,161.02789469178512,148.2193848103054,151.34230225022665,-3.1229174399212525,-1.392311869133497,2.070722905051033,2.070722905051033,2.070722905051033,2.070722905051033,-2.070722905051033,2.070722905051033,2.070722905051033,2.070722905051033,2.070722905051033,5.779998779296903,4.5276992797851445,143.4299926757812,138.79105682373051,139.66459655761724,140.53813629150397,1.0,1.0,1.0,138.79105682373051,139.66459655761724,140.53813629150397,137.1499938964844,137.1499938964844,137.1499938964844,-1.1823981780975399,-1.80045818561862,-2.4108348697551327
2022-01-21,136.8800048828125,139.8600006103516,134.0800018310547,134.3099975585938,134.3099975585938,1389400,-2.070722905051033,1.974991763439055,1.8394961992266394,1.8423144610393736,2.56977113600912,141.7739990234375,146.64299926757812,151.92566680908203,154.87566630045572,161.8877993774414,140.47581083042908,144.94993957931055,150.7792159942361,155.41252054561144,160.49882742182092,146.07947907927286,150.08065005084646,-4.0011709715736,-1.9140836896215179,-2.486781623559703,-2.486781623559703,-2.486781623559703,-2.486781623559703,2.486781623559703,-2.486781623559703,-2.486781623559703,-2.486781623559703,-2.486781623559703,8.259994506835994,4.820948791503899,139.8600006103516,133.46905426025387,134.37459411621091,135.28013397216793,,1.0,1.0,,134.37459411621091,135.28013397216793,,134.3099975585938,134.3099975585938,0.0,-0.04807200203428559,-0.717131470148985
2022-01-24,130.5599975585938,137.7299957275391,129.4700012207031,137.6499938964844,137.6499938964844,1790800,2.486781623559703,2.4324102606775058,2.2238198383442893,1.9555009641100496,2.5948214413147888,139.55799865722656,144.93899841308593,151.1953333536784,154.41533279418945,161.38399932861327,139.53387185244753,143.6226767278876,149.9321694072844,154.83014262268924,160.04637527280434,144.78263520499772,149.1598607060789,-4.3772255010811705,-2.4067120519134484,3.0512147725925067,3.0512147725925067,3.0512147725925067,3.0512147725925067,-3.0512147725925067,3.0512147725925067,3.0512147725925067,3.0512147725925067,3.0512147725925067,4.099990844726591,4.835948181152338,137.7299957275391,129.253913269043,130.2181030273438,131.18229278564456,,1.0,1.0,,130.2181030273438,130.5599975585938,,137.6499938964844,137.6499938964844,0.0,5.7072639643506555,5.430450727994759
2022-01-25,132.9499969482422,136.6499938964844,132.5500030517578,133.4499969482422,133.4499969482422,1858200,-3.0512147725925067,2.510376613236609,2.292001898968087,1.9290497989898885,2.598416006047839,136.84999694824222,143.12799835205078,150.33600006103515,153.8239995320638,160.85789932250975,137.50591355104575,141.7730985861339,148.8688034421849,154.1291542399205,159.5197143158823,143.0391523962661,147.9961670943873,-4.957014698121185,-2.916772581154996,-0.14237725421598393,-0.14237725421598393,-0.14237725421598393,-0.14237725421598393,0.14237725421598393,-0.14237725421598393,-0.14237725421598393,-0.14237725421598393,-0.14237725421598393,8.434997558593778,5.068448638916012,136.6499938964844,127.09090972900395,128.05809936523443,129.02528900146487,,,,,,,,,,0.0,0.0,0.0
2022-01-26,136.1799926757812,139.9799957275391,131.5449981689453,133.6399993896484,133.6399993896484,1401500,0.14237725421598393,2.427852837327555,2.2944321909514147,1.9128082703749958,2.599203935882136,135.23999633789066,141.31999816894532,149.62433319091798,153.24749959309895,160.3352993774414,136.21727549724665,140.29435327768198,147.88629995492448,153.4573786710591,159.00724471338265,141.59312885678645,146.93274726440666,-5.339618407620208,-3.4013417464480384,4.42981008379432,4.42981008379432,4.42981008379432,4.42981008379432,-4.42981008379432,4.42981008379432,4.42981008379432,4.42981008379432,4.42981008379432,8.10000610351561,5.373948669433592,139.9799957275391,125.49940689086918,126.51309661865238,127.52678634643559,,,,,,,,,,0.0,0.0,0.0
2022-01-27,134.6999969482422,135.0500030517578,126.9499969482422,127.7200012207031,127.7200012207031,1375900,-4.42981008379432,2.7313425760890593,2.3805204552094947,2.060609158473227,2.628337217842674,133.3539978027344,138.80799865722656,148.79933319091796,152.50833282470703,159.75889938354493,133.3848507383988,138.00810744914034,146.5852484236844,152.61353023006382,158.38769533728998,139.45880152815823,145.509580890799,-6.050779362640753,-3.9312292696865816,-1.362359439816573,-1.362359439816573,-1.362359439816573,-1.362359439816573,1.362359439816573,-1.362359439816573,-1.362359439816573,-1.362359439816573,-1.362359439816573,5.580001831054702,5.492349243164062,135.0500030517578,128.1573086547852,129.23209838867191,130.30688812255863,1.0,1.0,1.0,128.1573086547852,129.23209838867191,130.30688812255863,127.7200012207031,127.7200012207031,127.7200012207031,-0.34122707372083394,-1.170063155224108,-1.9852265211202569
2022-01-28,128.4799957275391,129.5,123.9199981689453,129.4600067138672,129.4600067138672,1414200,1.362359439816573,2.939310087382931,2.423880892657879,2.1260145727743414,2.638213364603878,132.38399963378907,137.0789993286133,148.01866658528647,151.79783299763997,159.2266995239258,132.07656939688826,136.4539073154543,145.48039411982523,151.85439831149998,157.81486981999447,137.92052540288267,144.3207235443596,-6.4001981414769205,-4.42502304404465,-6.0404693804114205,-6.0404693804114205,-6.0404693804114205,-6.0404693804114205,6.0404693804114205,-6.0404693804114205,-6.0404693804114205,-6.0404693804114205,-6.0404693804114205,8.3800048828125,5.801349639892583,129.5,122.96683471679688,124.06530456542968,125.1637744140625,,1.0,1.0,,124.06530456542968,125.1637744140625,,129.4600067138672,129.4600067138672,0.0,4.348276230275515,3.432488609357559
2022-01-31,129.7599945068359,137.3899993896484,129.0099945068359,137.2799987792969,137.2799987792969,1527200,6.0404693804114205,4.101702999446866,3.279241552051697,2.6279000881535923,2.7214549520650553,132.31000061035155,135.93399963378906,147.67133331298828,151.11716639200847,158.8118995666504,133.81104585769117,136.60410576342568,144.9513363559202,151.37654914650972,157.4082387102777,137.82198284540794,143.79918837657718,-5.977205531169233,-4.735459541469567,-1.2456342723431553,-1.2456342723431553,-1.2456342723431553,-1.2456342723431553,1.2456342723431553,-1.2456342723431553,-1.2456342723431553,-1.2456342723431553,-1.2456342723431553,3.8699951171873863,5.816849517822261,137.3899993896484,116.73703079223631,117.89730072021483,119.05757064819335,,,,,,,,,,0.0,0.0,0.0
2022-02-01,137.8300018310547,139.1799926757812,135.3099975585938,138.9900054931641,138.9900054931641,1551900,1.2456342723431553,3.7327828087580053,3.3333893621385924,2.5965423057068007,2.139436340034049,133.41800231933593,135.13399963378907,147.3816670735677,150.85933303833008,158.41219955444336,135.53736573618215,137.0379057142872,144.56673436477465,150.97043296115413,157.0435212208299,138.00167863737045,143.44295260743547,-5.441273970065026,-4.876622427188659,-3.2808096829796836,-3.2808096829796836,-3.2808096829796836,-3.2808096829796836,3.2808096829796836,-3.2808096829796836,-3.2808096829796836,-3.2808096829796836,-3.2808096829796836,6.819992065429716,5.841349029541012,139.1799926757812,124.59293045043944,125.75630035400388,126.91967025756834,,,,,,,,,,0.0,0.0,0.0
2022-02-02,139.5899963378906,144.3099975585938,137.4900054931641,143.5500030517578,143.5500030517578,2812300,3.2808096829796836,3.8416610906218236,3.3337646755564303,2.729437998493461,2.179776451156305,135.4000030517578,135.31999969482425,147.29466705322267,150.65066630045573,158.05469955444335,138.20824484137404,138.22192341200912,144.50113879619292,150.7271401772395,156.7763228412443,138.85526700881465,143.45088226997785,-4.5956152611632035,-4.820420993983568,-10.330896214406676,10.330896214406676,10.330896214406676,10.330896214406676,-10.330896214406676,10.330896214406676,10.330896214406676,10.330896214406676,-10.330896214406676,11.229995727539091,6.167349243164063,144.3099975585938,126.32902481079097,127.49729461669916,128.66556442260736,,,,,,,,,,0.0,0.0,0.0
2022-02-03,133.6699981689453,139.6999969482422,128.4700012207031,128.7200012207031,128.7200012207031,3537400,-10.330896214406676,6.262488833561174,4.642517035748067,3.49543818981236,2.5289473338907067,135.60000305175782,134.4770004272461,146.56900024414062,150.1409996032715,157.51819961547852,135.04549696781706,136.494301195408,143.4830008880968,150.00559463768093,156.22075211608507,137.29599534910517,142.3597058959575,-5.06371054685232,-4.869078904557318,2.1208791964336955,-2.1208791964336955,-2.1208791964336955,-2.1208791964336955,2.1208791964336955,-2.1208791964336955,-2.1208791964336955,-2.1208791964336955,-2.1208791964336955,6.4949951171875,6.299598693847652,139.6999969482422,130.74182922363286,131.97529907226567,133.20876892089848,1.0,1.0,1.0,130.74182922363286,131.97529907226567,133.20876892089848,128.7200012207031,128.7200012207031,128.7200012207031,-1.5464278073327589,-2.466596305858774,-3.36972388271292
2022-02-04,127.5,132.1199951171875,125.625,131.4499969482422,131.4499969482422,2030800,2.1208791964336955,6.3031170931577405,4.677289791648196,3.5442520192851363,2.5466013235263465,135.9980010986328,134.19100036621094,145.9036666870117,149.7044995625814,157.0113995361328,133.84699696129212,135.57715496865058,142.7066780532675,149.39721438556816,155.73024211276143,136.39661097974164,141.55157930723783,-5.154968327496192,-4.926256789145093,-2.2441970458194342,2.2441970458194342,2.2441970458194342,2.2441970458194342,-2.2441970458194342,2.2441970458194342,2.2441970458194342,2.2441970458194342,2.2441970458194342,5.0,6.293098449707027,132.1199951171875,125.84087982177735,127.10079956054689,128.36071929931643,1.0,1.0,1.0,125.84087982177735,127.10079956054689,127.5,131.4499969482422,131.4499969482422,131.4499969482422,4.457309210177784,3.4218489598277273,3.0980368221507355
2022-02-07,131.8600006103516,133.1999969482422,128.1999969482422,128.5,128.5,2036400,-2.2441970458194342,5.512476547881364,4.624041147649488,3.542709261941802,2.548039520567648,134.24200134277345,133.2760009765625,145.1179997762044,149.27483291625975,156.4972994995117,132.06466464086142,134.29039951980502,141.79011817886314,148.71205981554954,155.19102939765725,135.18174775208908,140.58479565484984,-5.403047902760761,-5.021615011868227,2.381321057271445,-2.381321057271445,-2.381321057271445,-2.381321057271445,2.381321057271445,-2.381321057271445,-2.381321057271445,-2.381321057271445,-2.381321057271445,4.1199951171875,6.216597747802732,133.1999969482422,118.27517852783204,119.53379821777345,120.79241790771485,,,,,,,,,,0.0,0.0,0.0
2022-02-08,128.5,132.25,128.1300048828125,131.5599975585938,131.5599975585938,1249700,2.381321057271445,5.659142054608571,4.621401591138462,3.603113977329786,2.5510644177934934,132.75599975585936,133.08700103759764,144.32266642252605,148.83949966430663,156.00979949951173,131.89644228010556,133.7939627995848,141.13011039691028,148.14969711860016,154.72308817312134,134.62455541462828,139.9162920921642,-5.291736677535937,-5.075639345001769,-3.922167648118983,-3.922167648118983,-3.922167648118983,-3.922167648118983,3.922167648118983,-3.922167648118983,-3.922167648118983,-3.922167648118983,-3.922167648118983,6.390014648437614,6.259998321533208,132.25,119.52348190307617,120.76680145263673,122.01012100219727,,,,,,,,,,0.0,0.0,0.0
2022-02-09,133.2700042724609,138.0700073242188,131.6799926757812,136.7200012207031,136.7200012207031,1556200,3.922167648118983,5.78511776839399,4.789763138169983,3.743131814162246,2.5947281533738122,131.38999938964844,133.39500122070314,143.66533304850262,148.44316635131835,155.62399948120117,133.50429526030473,134.32596978524265,140.84558722425177,147.77495299080024,154.36659140178634,134.94693169248595,139.6795298053893,-4.732598112903361,-5.007031098582088,2.1796340703131545,2.1796340703131545,2.1796340703131545,2.1796340703131545,-2.1796340703131545,2.1796340703131545,2.1796340703131545,2.1796340703131545,-2.1796340703131545,6.354995727539091,6.404747772216803,138.0700073242188,118.47800369262694,119.73000335693358,120.98200302124023,,,,,,,,,,0.0,0.0,0.0
2022-02-10,133.5200042724609,138.9799957275391,132.625,133.7400054931641,133.7400054931641,1878700,-2.1796340703131545,2.8345451023850883,4.589731130907276,3.751194195102982,2.6051295596555413,132.3940002441406,133.99700164794922,142.89299977620442,148.02366638183594,155.26059951782227,133.58286533792452,134.21943082304654,140.38716259643968,147.314790777763,153.95814415607106,134.76125073874414,139.2395650415208,-4.478314302776653,-4.901287739421001,4.8601819668138315,4.8601819668138315,4.8601819668138315,4.8601819668138315,-4.8601819668138315,4.8601819668138315,4.8601819668138315,4.8601819668138315,-4.8601819668138315,8.405006408691406,6.455498123168953,138.9799957275391,123.97956222534184,125.2605117797852,126.54146133422856,,,,,,,,,,0.0,0.0,0.0
2022-02-11,133.9700012207031,134.7550048828125,126.3499984741211,127.2399978637695,127.2399978637695,2203700,-4.8601819668138315,3.629255355310212,4.881392379506084,3.797635353306855,2.671094302293471,131.5520004272461,133.77500076293944,141.93233311971028,147.4891663869222,154.82129951477052,131.46857617987285,132.9504430122689,139.53895842013839,146.65660084615664,153.42907195226312,133.60413491182496,138.3507082135392,-4.74657330171425,-4.870344851879651,-1.6268466909599963,-1.6268466909599963,-1.6268466909599963,-1.6268466909599963,1.6268466909599963,-1.6268466909599963,-1.6268466909599963,-1.6268466909599963,1.6268466909599963,4.599990844726619,6.4994976043701245,134.7550048828125,124.77789985656739,126.06899948120119,127.36009910583498,,,1.0,,,127.36009910583498,,,127.2399978637695,0.0,0.0,-0.09430052497499278
2022-02-14,127.6500015258789,131.7899932861328,127.1900024414062,129.3099975585938,129.3099975585938,1318300,1.6268466909599963,3.6025785098601597,4.448630070895963,3.8057902802455246,2.682133732082933,131.71399993896483,132.97800064086914,141.02966639200847,147.01199963887532,154.3810994720459,130.74904997277986,132.2885438388734,138.87902546132906,146.08785975476115,152.95146651872508,132.94349839594324,137.6810259428025,-4.737527546859269,-4.8437813908755745,-4.462148620679029,-4.462148620679029,-4.462148620679029,-4.462148620679029,4.462148620679029,-4.462148620679029,-4.462148620679029,-4.462148620679029,4.462148620679029,3.979995727539091,6.449997329711924,131.7899932861328,120.45611015319822,121.75600967407225,123.05590919494628,,,,,,,,,,0.0,0.0,0.0
2022-02-15,131.7799987792969,135.5800018310547,131.6000061035156,135.0800018310547,135.0800018310547,1560800,4.462148620679029,4.017063369333154,4.698437477249792,3.9683858480714043,2.74964520872519,132.41800079345703,132.5870002746582,140.21800003051757,146.65766639709472,153.99069953918456,132.1927005922048,132.79608165563363,138.6339271626017,145.72694638021338,152.59757612887023,133.27219123211424,137.48835749008043,-4.216166257966194,-4.718258364293698,-1.2733204007905923,-1.2733204007905923,-1.2733204007905923,-1.2733204007905923,1.2733204007905923,-1.2733204007905923,-1.2733204007905923,-1.2733204007905923,1.2733204007905923,4.730010986328182,6.349498367309583,135.5800018310547,117.59999916076657,118.88999862670896,120.17999809265135,,,,,,,,,,0.0,0.0,0.0
2022-02-16,133.8600006103516,137.2400054931641,132.5099945068359,136.8000030517578,136.8000030517578,1195700,1.2733204007905923,3.6238831912357137,4.575313494199673,3.906893892126378,2.7553077451694037,132.43400115966796,131.9120002746582,139.42966690063477,146.35116640726724,153.61819953918456,133.72846807872247,133.52406736401983,138.51560947803114,145.4342597137066,152.28475289962049,133.81493151205942,137.4373682724269,-3.622436760367492,-4.499094043508457,-2.7485450889956584,2.7485450889956584,2.7485450889956584,2.7485450889956584,-2.7485450889956584,-2.7485450889956584,2.7485450889956584,2.7485450889956584,-2.7485450889956584,3.430007934570284,6.202999496459978,137.2400054931641,121.61110542297361,122.88100509643552,124.15090476989744,,,,,,,,,,0.0,0.0,0.0
2022-02-17,134.6199951171875,136.4600067138672,133.0299987792969,133.0399932861328,133.0399932861328,1144100,-2.7485450889956584,3.7196260046791,3.1496862462732076,3.8891360271996227,2.7584921558634217,132.29399871826172,132.34399948120117,138.62299982706705,146.04766629536945,153.1917995452881,133.49897648119259,133.4360538953131,138.1623439172635,145.0278903226386,151.90366855083855,133.69571024653226,137.11163679196068,-3.4159265454284196,-4.28246054389245,-0.12026734078770636,-0.12026734078770636,-0.12026734078770636,-0.12026734078770636,0.12026734078770636,0.12026734078770636,-0.12026734078770636,-0.12026734078770636,0.12026734078770636,3.320007324218693,6.079999923706067,136.4600067138672,123.59340660095214,124.83400650024413,126.07460639953612,,,,,,,,,,0.0,0.0,0.0
2022-02-18,133.0399932861328,134.8500061035156,131.5299987792969,133.1999969482422,133.1999969482422,1364000,0.12026734078770636,2.6108181936965975,3.0894607855823044,3.860820441837075,2.7552670436417848,133.48599853515626,132.51899948120118,137.7843330383301,145.72449963887533,152.80959953308104,133.3993166368758,133.3931344503911,137.8421924999073,144.6400905398715,151.53329881613365,133.61944666217994,136.82188569242598,-3.2024390302460404,-4.066456241163168,-1.6666676212956126,1.6666676212956126,1.6666676212956126,1.6666676212956126,-1.6666676212956126,-1.6666676212956126,1.6666676212956126,1.6666676212956126,-1.6666676212956126,6.4199981689453125,5.988000106811533,134.8500061035156,123.08400688171383,124.30000686645505,125.51600685119627,,,,,,,,,,0.0,0.0,0.0
2022-02-22,132.5099945068359,134.75,128.3300018310547,130.9799957275391,130.9799957275391,1515600,-1.6666676212956126,2.804631828649708,3.0442728912597055,3.833383728198108,2.761702083860556,133.81999816894532,132.7669990539551,136.99399948120117,145.36383298238118,152.42029945373534,132.59287633376357,132.9543819553271,137.39947012749644,144.1922185788114,151.1263027153694,133.2133772876198,136.38915310243436,-3.175775814814557,-3.888320155893446,-0.6336859506250359,0.6336859506250359,0.6336859506250359,0.6336859506250359,-0.6336859506250359,0.6336859506250359,0.6336859506250359,0.6336859506250359,-0.6336859506250359,5.5699920654296875,6.061500167846688,134.75,121.67640586853022,122.87400588989253,124.07160591125484,,,,,,,,,,0.0,0.0,0.0
2022-02-23,132.8600006103516,135.6199951171875,130.0500030517578,130.1499938964844,130.1499938964844,1391900,-0.6336859506250359,1.5570315060283952,2.9558950573663636,3.7756506062409225,2.738852556780746,132.83399658203126,132.62599868774413,136.28033269246419,145.06449953715006,152.04989936828613,131.77858218800387,132.4444932173557,136.9317619835602,143.73181776955477,150.71093026351028,132.74208753513744,135.92699316125288,-3.1849056261154374,-3.7476372499378443,5.186323716133751,-5.186323716133751,-5.186323716133751,-5.186323716133751,5.186323716133751,-5.186323716133751,-5.186323716133751,-5.186323716133751,5.186323716133751,12.0,6.239750289917,135.6199951171875,121.41469963073729,122.62699966430662,123.83929969787596,,,,,,,,,,0.0,0.0,0.0
2022-02-24,125.3499984741211,137.0,125.0,136.8999938964844,136.8999938964844,2006200,5.186323716133751,3.0672860886187587,3.165148992999375,3.95383380738714,2.8136488545633083,132.85399475097657,132.64399795532228,135.78633244832358,144.83216616312663,151.72629936218263,133.48571942416405,133.25458424992456,136.9297124295553,143.50782354420818,150.43744637505432,133.38176543688314,135.99906728978854,-2.617301852905399,-3.521570170531356,0.6281962371757202,-0.6281962371757202,-0.6281962371757202,-0.6281962371757202,0.6281962371757202,0.6281962371757202,-0.6281962371757202,-0.6281962371757202,0.6281962371757202,3.7200012207030966,6.020750045776373,137.0,121.8925444793701,123.1404945373535,124.38844459533689,,,,,,,,,,0.0,0.0,0.0
2022-02-25,136.3800048828125,138.8500061035156,135.1300048828125,137.7599945068359,137.7599945068359,1166000,0.6281962371757202,2.6383975052060116,3.06762904976999,3.8011647834837,2.788621400954704,133.7979949951172,133.04599685668944,135.28366572062174,144.6909994761149,151.46399925231933,134.91047778505467,134.07374975118117,136.9832790151863,143.31937013314678,150.18640772419852,134.05533913995282,136.12950634290317,-2.074167202950349,-3.232089577015155,-0.7113790408073634,0.7113790408073634,0.7113790408073634,0.7113790408073634,-0.7113790408073634,-0.7113790408073634,0.7113790408073634,0.7113790408073634,-0.7113790408073634,5.149002075195284,5.999200057983403,138.8500061035156,123.75434989929198,124.95849990844725,126.16264991760252,,,,,,,,,,0.0,0.0,0.0
2022-02-28,136.0899963378906,139.3500061035156,134.2010040283203,136.7799987792969,136.7799987792969,1498800,-0.7113790408073634,2.7114046087417094,2.517611726937144,3.8032319586081713,2.789885786706038,134.51399536132814,133.9999969482422,134.95133234659832,144.53566602071126,151.17119926452636,135.53365144980208,134.5657950290204,136.97016416125797,143.10496451498776,149.920934279745,134.47451754600576,136.1776909678212,-1.7031734218154497,-2.926306345975214,-3.048690017663961,3.048690017663961,3.048690017663961,3.048690017663961,-3.048690017663961,-3.048690017663961,3.048690017663961,3.048690017663961,-3.048690017663961,6.050003051757784,5.882699966430667,139.3500061035156,125.65176597595212,126.8516059875488,128.05144599914547,,,,,,,,,,0.0,0.0,0.0
2022-03-01,136.6699981689453,137.4499969482422,131.3999938964844,132.6100006103516,132.6100006103516,1065700,-3.048690017663961,3.045118981382977,2.7599290703621118,3.625835715060438,2.8010242707611157,134.83999633789062,134.32999725341796,134.41399917602538,144.25949948628744,150.84889930725097,134.55910116998524,134.21019604380788,136.68886328700594,142.76086733778655,149.57814351401444,134.18766878667435,135.91341760800864,-1.7257488213342924,-2.6861948410470298,3.400945996590137,-3.400945996590137,-3.400945996590137,-3.400945996590137,3.400945996590137,3.400945996590137,-3.400945996590137,-3.400945996590137,3.400945996590137,5.285003662109375,5.953450393676766,137.4499969482422,126.40806617736813,127.58460617065427,128.7611461639404,,,,,,,,,,0.0,0.0,0.0
2022-03-02,133.1499938964844,138.3350067138672,133.0500030517578,137.1199951171875,137.1199951171875,1106600,3.400945996590137,3.2675418049184324,2.5971181873576383,3.699491829921083,2.837396871670882,136.23399658203124,134.53399658203125,134.0849988301595,144.0463326772054,150.56679924011232,135.41273248571935,134.739250420786,136.71667824379188,142.575920707603,149.33144750615648,134.6387959144456,136.00279371979968,-1.3639978053540744,-2.4217554339084386,-3.916274291432199,-3.916274291432199,3.916274291432199,3.916274291432199,-3.916274291432199,-3.916274291432199,3.916274291432199,3.916274291432199,-3.916274291432199,5.570007324218807,5.890951156616221,138.3350067138672,124.3524060821533,125.54309616088865,126.73378623962401,,,,,,,,,,0.0,0.0,0.0
2022-03-03,134.9900054931641,136.9100036621094,131.3399963378906,131.75,131.75,1442300,-3.916274291432199,2.9342130238383213,2.859607964756783,3.7134696867189785,2.8670514498043964,135.20399780273436,134.02899627685548,133.75366541544597,143.69666608174643,150.22599922180177,134.19182165714625,134.19575034427945,136.3962473893537,142.22097248768156,148.98330003078703,134.19436577376166,135.68777196277748,-1.4934061890158148,-2.236085584929914,-1.6091044532732448,-1.6091044532732448,1.6091044532732448,1.6091044532732448,-1.6091044532732448,1.6091044532732448,1.6091044532732448,1.6091044532732448,-1.6091044532732448,4.659996032714901,5.562451171875011,136.9100036621094,125.3749141693115,126.55310440063475,127.731294631958,,,,,,,,,,0.0,0.0,0.0
2022-03-04,130.5700073242188,131.8999938964844,127.2399978637695,129.6300048828125,129.6300048828125,1039500,-1.6091044532732448,2.8446420600911577,2.774357437961343,2.905174700672493,2.7635648353461284,133.5779998779297,133.68799743652343,133.50299911499025,143.16533292134602,149.88549934387208,132.67121606570169,133.3656148058309,135.95971561473814,141.80815387768587,148.6000664635004,133.49215640592334,135.23904847537267,-1.7468920694493306,-2.1382468818337976,4.589990244168855,-4.589990244168855,4.589990244168855,4.589990244168855,-4.589990244168855,4.589990244168855,4.589990244168855,4.589990244168855,-4.589990244168855,7.3800048828125,5.606701660156261,131.8999938964844,124.67261108398438,125.78510131835938,126.89759155273438,,,,,,,,,,0.0,0.0,0.0
2022-03-07,130.0500030517578,130.8800048828125,123.5,123.6800003051758,123.6800003051758,1458800,-4.589990244168855,3.1934190640818083,3.091003904640612,3.040846553583632,2.817532517372956,130.95800018310547,132.7359977722168,133.14866587320964,142.53716634114582,149.51969940185546,129.67414414552638,131.60459398752997,135.16747591734705,141.21378818678392,148.1065998068999,131.98259392888525,134.38282268498773,-2.4002287561024787,-2.190643256687534,-4.414617618855328,-4.414617618855328,-4.414617618855328,-4.414617618855328,4.414617618855328,-4.414617618855328,-4.414617618855328,-4.414617618855328,-4.414617618855328,10.629997253417912,5.888201522827157,130.8800048828125,119.56525024414063,120.68659057617188,121.80793090820313,,,,,,,,,,0.0,0.0,0.0
2022-03-08,124.0500030517578,133.5099945068359,122.879997253418,129.1399993896484,129.1399993896484,1920600,4.414617618855328,4.153067942802699,3.455545561398521,3.1738302018634896,2.883473327047285,130.26399993896484,132.55199813842773,132.86499938964843,142.0301663716634,149.21059936523437,129.49609589356706,131.15648587882424,134.77860646394714,140.81792625900897,147.73102356101373,131.54527169207958,133.99446540385148,-2.4491937117718976,-2.242353347704407,-0.1703586973385232,-0.1703586973385232,-0.1703586973385232,-0.1703586973385232,0.1703586973385232,-0.1703586973385232,-0.1703586973385232,-0.1703586973385232,-0.1703586973385232,4.320007324218807,5.898202133178723,133.5099945068359,117.92596153259275,119.10360183715818,120.28124214172362,,,,,,,,,,0.0,0.0,0.0
2022-03-09,132.4299926757812,133.0700073242188,128.75,129.3600006103516,129.3600006103516,1105500,0.1703586973385232,3.6192283049187806,3.4507862085609085,3.1273472156764472,2.8841143064438057,128.71200103759764,132.47299880981444,132.72866617838542,141.53233311971027,148.85809936523438,129.45073079916193,130.82985219364738,134.42901898952164,140.44225656561036,147.36724092832736,131.2090761410445,133.6511717154441,-2.4420955743995876,-2.2823017930434433,2.98392129880889,2.98392129880889,2.98392129880889,2.98392129880889,-2.98392129880889,2.98392129880889,2.98392129880889,2.98392129880889,2.98392129880889,5.089996337890597,5.8332012176513715,133.0700073242188,120.53394981384272,121.71359024047847,122.89323066711421,,,,,,,,,,0.0,0.0,0.0
2022-03-10,127.0699996948242,128.4299926757812,123.3399963378906,125.5,125.5,1030300,-2.98392129880889,3.4587024636120827,3.0254352230840458,3.0473219579925104,2.888859188807897,127.46200103759766,131.332999420166,132.45733286539715,141.04083302815755,148.4543994140625,128.13382053277462,129.86078815843877,133.8529532482622,139.95234651427887,146.9342262564793,130.33075673472996,133.04738121800378,-2.7166244832738187,-2.3691663310895184,1.4900420291490062,1.4900420291490062,1.4900420291490062,1.4900420291490062,-1.4900420291490062,1.4900420291490062,1.4900420291490062,1.4900420291490062,1.4900420291490062,4.930000305175781,5.761951446533206,128.4299926757812,120.23696464538578,121.40360488891606,122.57024513244633,,,,,,,,,,0.0,0.0,0.0
2022-03-11,127.6900024414062,128.4499969482422,123.5199966430664,123.629997253418,123.629997253418,946800,-1.4900420291490062,3.453174096476856,2.9863234380295687,3.0297773981648723,2.8878629294996623,126.26199951171876,129.9199996948242,132.32099939982098,140.56016629536947,148.0376993560791,126.63254610632242,128.7279170847986,133.19340770020773,139.4171875221195,146.47275637523055,129.29987066068196,132.34979722062707,-3.0499265599451064,-2.505318376860636,4.060500489032895,4.060500489032895,4.060500489032895,4.060500489032895,-4.060500489032895,4.060500489032895,4.060500489032895,4.060500489032895,4.060500489032895,6.669998168945298,5.675201034545901,128.4499969482422,115.75369949340813,116.90608978271479,118.05848007202142,,,,,,,,,,0.0,0.0,0.0
2022-03-14,123.4700012207031,123.6999969482422,117.0299987792969,118.6100006103516,118.6100006103516,1747600,-4.060500489032895,3.3169962424695596,3.1301647404580017,2.9718291891897657,2.927043196762157,125.24799957275391,128.10299987792968,131.95933252970377,139.9889995574951,147.53619941711426,123.95836427433215,126.88829590762641,132.25254272666862,138.7349846725533,145.92101863731216,127.65527526832345,131.33203450875482,-3.676759240431366,-2.7396065495747823,-2.4028315145901464,-2.4028315145901464,-2.4028315145901464,-2.4028315145901464,2.4028315145901464,-2.4028315145901464,-2.4028315145901464,-2.4028315145901464,-2.4028315145901464,4.3699951171875,5.663701248168945,123.6999969482422,115.9645546722412,117.09959487915039,118.23463508605957,,1.0,1.0,,117.09959487915039,118.23463508605957,,118.6100006103516,118.6100006103516,0.0,1.2898471021697322,0.31747509857734857
2022-03-15,118.9599990844727,122.0299987792969,117.6600036621094,121.4599990844727,121.4599990844727,1444200,2.4028315145901464,2.5645146013396274,3.276845855954987,3.00332883872981,2.9216221440745223,123.71199951171877,126.9879997253418,131.43199920654297,139.55166625976562,147.05569946289063,123.12557587771235,125.90133284887119,131.55624958846244,138.16859170245232,145.43664201250346,126.70215585542334,130.60077262547466,-3.8986167700513192,-2.97140859367009,-4.701135458186052,-4.701135458186052,-4.701135458186052,-4.701135458186052,4.701135458186052,-4.701135458186052,-4.701135458186052,-4.701135458186052,-4.701135458186052,5.5499954223632955,5.742201232910155,122.0299987792969,111.23985420227052,112.37259445190432,113.5053347015381,,,,,,,,,,0.0,0.0,0.0
2022-03-16,123.5299987792969,127.3499984741211,121.8000030517578,127.1699981689453,127.1699981689453,1167500,4.701135458186052,3.710683408316195,3.482541442681394,3.0235548491261,2.9915553450906747,123.27399902343753,125.99300003051758,131.03799896240236,139.20983301798503,146.6247994995117,124.47371664145666,126.13199927070283,131.27326562591296,137.80798207840292,145.07492629282902,126.77413159596517,130.34664118425025,-3.5725095882850724,-3.0916287925930868,-1.2896118685712097,-1.2896118685712097,-1.2896118685712097,-1.2896118685712097,1.2896118685712097,-1.2896118685712097,-1.2896118685712097,-1.2896118685712097,-1.2896118685712097,4.090003967285199,5.710200881958006,127.3499984741211,109.39715606689457,110.5455963134766,111.69403656005862,,,,,,,,,,0.0,0.0,0.0
2022-03-17,125.8300018310547,128.8800048828125,124.7900009155273,128.8099975585938,128.8099975585938,789700,1.2896118685712097,3.4142602060468628,3.3336023750448076,3.023991288557544,2.9956940374841463,123.9359985351563,125.69899978637696,130.54666544596355,138.9206662495931,146.2327995300293,125.91914361383573,126.61890805031938,131.11434510544075,137.51296619250755,144.75284849611148,127.08734174406189,130.23281573049792,-3.1454739864360306,-3.102397831361676,-1.599252851205614,-1.599252851205614,-1.599252851205614,-1.599252851205614,1.599252851205614,-1.599252851205614,-1.599252851205614,-1.599252851205614,-1.599252851205614,4.229995727539119,5.750200271606447,128.8800048828125,114.78755653381349,115.92959671020509,117.07163688659668,,,,,,,,,,0.0,0.0,0.0
2022-03-18,127.5100021362305,130.9199981689453,126.6900024414062,130.8699951171875,130.8699951171875,1714800,1.599252851205614,3.222737029962088,3.3346883179901243,2.9915725057212166,2.9766751387570385,125.38399810791017,125.82299880981445,130.6183319091797,138.59366607666016,145.86829940795897,127.56942744828632,127.39183297156812,131.0985805900696,137.29516386216918,144.47794050841,127.66928841685043,130.28001420358603,-2.6107257867355997,-3.004063422436461,1.4823890225327296,1.4823890225327296,1.4823890225327296,1.4823890225327296,-1.4823890225327296,-1.4823890225327296,1.4823890225327296,1.4823890225327296,-1.4823890225327296,4.6300048828125,5.815700149536138,130.9199981689453,116.22956428527831,117.37960433959961,118.52964439392089,,,,,,,,,,0.0,0.0,0.0
2022-03-21,130.6499938964844,131.4100036621094,126.7799987792969,128.9299926757812,128.9299926757812,1110400,-1.4823890225327296,2.2252490121083013,2.9691333367003603,3.008475018436412,2.979411418400383,127.4479965209961,126.347998046875,130.53433176676432,138.21899922688803,145.50479934692382,128.02294919078463,127.67149837233413,130.95867169237357,137.02089595441876,144.17006035330843,127.8632429182244,130.18001260893382,-2.316769690709421,-2.866604676091053,0.8531809245362197,-0.8531809245362197,-0.8531809245362197,-0.8531809245362197,0.8531809245362197,0.8531809245362197,-0.8531809245362197,-0.8531809245362197,0.8531809245362197,3.3399963378905966,5.661700057983402,131.4100036621094,118.1254578399658,119.28859786987303,120.45173789978027,,,,,,,,,,0.0,0.0,0.0
2022-03-22,128.1999969482422,131.3999938964844,128.0599975585938,130.0299987792969,130.0299987792969,1193100,0.8531809245362197,2.2111226038981147,2.6365206743533203,2.9930162283182704,2.98146264007382,129.16199645996093,126.43699798583987,130.58533172607423,137.85166575113934,145.1523992919922,128.69196572028872,128.10031662814552,130.89875731088475,136.79168621097213,143.89005913402104,128.19658997377402,130.16890047340516,-1.972310499631135,-2.6877458407990695,-3.3607591772763143,3.3607591772763143,3.3607591772763143,3.3607591772763143,-3.3607591772763143,-3.3607591772763143,3.3607591772763143,3.3607591772763143,-3.3607591772763143,3.879997253417997,5.577200317382817,131.3999938964844,118.95426353454592,120.0866035461426,121.21894355773928,,,,,,,,,,0.0,0.0,0.0
2022-03-23,128.4499969482422,129.3999938964844,125.5199966430664,125.6600036621094,125.6600036621094,967700,-3.3607591772763143,2.1329744629196825,2.8535719472779775,3.0844169448705343,2.99144564334744,128.85999755859376,126.06699829101565,130.38866526285807,137.35566584269205,144.71969940185548,127.68131170089562,127.65662336159349,130.56077320451215,136.42671301264875,143.52906793655745,127.80634592582562,129.83490811701287,-2.0285621911872482,-2.5559091108767054,4.010817395553289,-4.010817395553289,-4.010817395553289,-4.010817395553289,4.010817395553289,4.010817395553289,-4.010817395553289,-4.010817395553289,4.010817395553289,4.699996948242202,5.212200164794927,129.3999938964844,119.1301531982422,120.24559326171877,121.36103332519534,,,,,,,,,,0.0,0.0,0.0
2022-03-24,127.3499984741211,131.0,126.3000030517578,130.6999969482422,130.6999969482422,1148100,4.010817395553289,2.843387780741643,2.964937022065453,2.9874486098350204,3.0407357946356384,129.23799743652344,126.58699798583987,130.18799845377603,136.92666575113932,144.3443994140625,128.68754011667784,128.2099640137114,130.569755381527,136.23895183020917,143.27502692688785,128.2515230061974,129.898988771178,-1.647465764980609,-2.3742204416974864,0.13772604343793252,-0.13772604343793252,-0.13772604343793252,-0.13772604343793252,0.13772604343793252,0.13772604343793252,-0.13772604343793252,-0.13772604343793252,0.13772604343793252,2.873001098632784,5.169850158691412,131.0,117.93315353393557,118.97559356689455,120.01803359985354,,,,,,,,,,0.0,0.0,0.0
2022-03-25,131.3600006103516,131.8600006103516,128.9869995117188,130.8800048828125,130.8800048828125,942500,0.13772604343793252,2.75321142101996,2.890568054484524,2.982395220960663,3.04030619020119,129.23999938964843,127.3119987487793,130.09266510009766,136.49283243815105,143.93249938964843,129.4183617053894,128.6954259899116,130.58977147838414,136.06324865160602,143.02958094581706,128.65590483336896,129.97165663129908,-1.315751797930119,-2.162526712944013,-1.5434017398376345,1.5434017398376345,1.5434017398376345,1.5434017398376345,-1.5434017398376345,-1.5434017398376345,1.5434017398376345,1.5434017398376345,-1.5434017398376345,4.599998474121094,5.142399978637703,131.8600006103516,119.62632965087889,120.66029968261718,121.69426971435546,,,,,,,,,,0.0,0.0,0.0
2022-03-28,126.370002746582,129.0,124.4000015258789,128.8600006103516,128.8600006103516,1640900,-1.5434017398376345,2.761721826436906,2.525272617475133,2.995477923954258,3.044649215763597,129.2260009765625,128.3369987487793,130.14666519165038,136.03949915568035,143.50019943237305,129.2322413403768,128.72534864817342,130.4781733578659,135.82707658467965,142.7489951965999,128.68730418367397,129.88931174085855,-1.2020075571845723,-1.9704228817921248,2.3513881460073596,-2.3513881460073596,-2.3513881460073596,-2.3513881460073596,2.3513881460073596,2.3513881460073596,-2.3513881460073596,-2.3513881460073596,2.3513881460073596,4.029998779296903,5.041399765014658,129.0,120.54672065734864,121.57520065307618,122.60368064880373,,,,,,,,,,0.0,0.0,0.0
2022-03-29,131.0,132.7299957275391,128.6999969482422,131.8899993896484,131.8899993896484,1074700,2.3513881460073596,2.9496671519843756,2.5218323008626693,2.973725874157597,3.062894942609722,129.5980010986328,129.37999877929687,130.23266525268554,135.63116582234701,143.03789947509765,130.118160690134,129.30073969207797,130.56925890830348,135.69799208648192,142.53396557666028,129.18002652305466,130.0375108259541,-0.8574843028994223,-1.7478351660135845,-3.3816052051802976,3.3816052051802976,3.3816052051802976,3.3816052051802976,-3.3816052051802976,-3.3816052051802976,3.3816052051802976,3.3816052051802976,-3.3816052051802976,5.059997558593707,5.030149459838875,132.7299957275391,117.90892051696775,118.91720046997068,119.92548042297362,,,,,,,,,,0.0,0.0,0.0
2022-03-30,130.5200042724609,132.0099945068359,126.9499969482422,127.4300003051758,127.4300003051758,1198200,-3.3816052051802976,2.956176416699896,2.446547418065204,2.9539175535415656,3.0757621200419187,129.9520004272461,129.40599899291993,129.97766520182293,135.09783261617025,142.76759941101074,129.22210722848126,128.96060525809574,130.3667260951985,135.42691038873417,142.23487715544277,128.91079172030408,129.844361898489,-0.9335701781849366,-1.584982168447855,-2.6132008342461313,2.6132008342461313,2.6132008342461313,2.6132008342461313,-2.6132008342461313,-2.6132008342461313,2.6132008342461313,2.6132008342461313,-2.6132008342461313,4.319992065429702,4.96764869689942,132.0099945068359,121.66366691589357,122.66969680786134,123.67572669982911,,,,,,,,,,0.0,0.0,0.0
2022-03-31,127.5299987792969,128.3699951171875,124.0500030517578,124.0999984741211,124.0999984741211,1092300,-2.6132008342461313,2.2964911688713383,2.5360231623292,2.884066720709204,3.087104165880214,128.6320007324219,128.93499908447265,129.5543317159017,134.49199930826822,142.44789932250976,127.51473764369454,128.07685857010034,129.96242108738704,135.0555362275993,141.87577064690174,128.17066968242978,129.418853496684,-1.2481838142542188,-1.517622497609128,2.0870236661853747,2.0870236661853747,2.0870236661853747,2.0870236661853747,-2.0870236661853747,2.0870236661853747,2.0870236661853747,2.0870236661853747,-2.0870236661853747,6.550003051757798,5.062149047851564,128.3699951171875,121.08116737365718,122.07469711303708,123.06822685241696,,,,,,,,,,0.0,0.0,0.0
2022-04-01,123.870002746582,125.0400009155273,118.4899978637695,121.5100021362305,121.5100021362305,1644100,-2.0870236661853747,2.2332205456344365,2.4898432446140224,2.8977872993342695,3.0878930646701743,126.75800018310547,127.99899978637696,129.1699986775716,133.89649925231933,142.0699993133545,125.51315914120653,126.88288467303309,129.41710373569953,134.61142035575114,141.47248810213597,127.14595159839911,128.83301265516891,-1.6870610567698066,-1.5515102094412636,-1.6294919699854342,-1.6294919699854342,-1.6294919699854342,-1.6294919699854342,1.6294919699854342,-1.6294919699854342,-1.6294919699854342,-1.6294919699854342,-1.6294919699854342,3.3699951171875,4.861648559570314,125.0400009155273,117.23326721191405,118.24569702148438,119.25812683105468,,,1.0,,,119.25812683105468,,,121.5100021362305,0.0,0.0,1.8882363533731352
2022-04-04,122.5299987792969,125.379997253418,122.0100021362305,123.4899978637695,123.4899978637695,970200,1.6294919699854342,2.619181786986953,2.5757767736911727,2.7407337275062877,3.0956595958795696,125.68399963378906,127.45500030517579,128.84633204142253,133.3153325398763,141.7284992980957,124.83877204872753,126.26599616225789,129.03470980847825,134.24678355273534,141.11639918652475,126.58349717768687,128.43723378173192,-1.8537366040450536,-1.6119554883620215,4.4942874065686675,4.4942874065686675,4.4942874065686675,4.4942874065686675,-4.4942874065686675,4.4942874065686675,4.4942874065686675,4.4942874065686675,4.4942874065686675,5.599998474121094,4.610148620605473,125.379997253418,114.3443740844726,115.31670379638668,116.28903350830073,,,,,,,,,,0.0,0.0,0.0
2022-04-05,121.7300033569336,122.2600021362305,116.6600036621094,117.9400024414062,117.9400024414062,1695500,-4.4942874065686675,2.3188296142324925,2.8292362066076993,2.7140848997798153,3.1314654101253963,122.89400024414063,126.24600067138672,128.41166559855142,132.7028325398763,141.3650993347168,122.53918217962043,124.75217912210303,128.3189222364091,133.71213499170815,140.65746063711646,125.2537287567206,127.65966108985593,-2.4059323331353255,-1.7707508573166824,2.424962312318392,2.424962312318392,2.424962312318392,2.424962312318392,-2.424962312318392,2.424962312318392,2.424962312318392,2.424962312318392,2.424962312318392,2.904998779296889,4.539398193359378,122.2600021362305,115.23767028808595,116.15970001220705,117.08172973632814,,,1.0,,,117.08172973632814,,,117.9400024414062,0.0,0.0,0.7330543433300042
2022-04-06,115.6800003051758,117.0550003051758,114.1500015258789,115.0800018310547,115.0800018310547,1295700,-2.424962312318392,2.233766041026768,2.754581356912272,2.746347582330648,3.135415274903809,120.4240005493164,125.18800048828125,127.90933252970378,132.09483261108397,140.93909942626954,120.05278873009853,122.9936014328215,127.46479833928946,133.10124537988347,140.15097630432317,123.68853999892585,126.72783447809287,-3.039294479167026,-2.0244595816867514,0.6691034586455027,0.6691034586455027,0.6691034586455027,0.6691034586455027,-0.6691034586455027,0.6691034586455027,0.6691034586455027,0.6691034586455027,0.6691034586455027,5.160003662109403,4.542898559570318,117.0550003051758,112.27332611083986,113.18120574951175,114.08908538818362,,,,,,,,,,0.0,0.0,0.0
2022-04-07,114.620002746582,116.9000015258789,111.7399978637695,114.3099975585938,114.3099975585938,1239100,-0.6691034586455027,2.2688334078646566,2.175213468076724,2.6863791082264625,3.1348551575560912,118.46600036621093,123.5490005493164,127.1563326517741,131.47133255004883,140.47719940185547,118.13852500626362,121.4147643647801,126.61610151472846,132.48513889393953,139.63927375490277,122.24568731579785,125.80799470627812,-3.562307390480271,-2.3320291434454554,-0.1049800972311952,-0.1049800972311952,-0.1049800972311952,-0.1049800972311952,0.1049800972311952,-0.1049800972311952,-0.1049800972311952,-0.1049800972311952,-0.1049800972311952,3.520004272460895,4.472398757934574,116.9000015258789,107.06062347412109,107.96920318603516,108.87778289794922,,,,,,,,,,0.0,0.0,0.0
2022-04-08,113.9800033569336,116.0800018310547,112.5599975585938,114.4300003051758,114.4300003051758,1113900,0.1049800972311952,2.3632308942259854,2.172816050948284,2.676962239365375,3.131947746898654,117.05,121.90400009155273,126.37866617838542,130.83116594950357,140.03239936828612,116.90235010590102,120.14480726303384,125.82990143669281,131.89316713693088,139.1400802212448,121.0432739295483,124.96518030619647,-3.9219063766481668,-2.650004590085998,-0.3932508494643846,-0.3932508494643846,-0.3932508494643846,-0.3932508494643846,0.3932508494643846,-0.3932508494643846,-0.3932508494643846,-0.3932508494643846,-0.3932508494643846,5.440002441406193,4.410898971557619,116.0800018310547,107.06072425842284,107.95520401000977,108.84968376159668,,,,,,,,,,0.0,0.0,0.0
2022-04-11,113.4000015258789,118.6399993896484,113.1999969482422,114.879997253418,114.879997253418,1827000,0.3932508494643846,2.039513505051819,2.2353828802092224,2.5336225374256385,3.0986114854414217,115.32799987792968,120.50599975585938,125.64866612752279,130.29999923706055,139.58809936523437,116.22823248840669,119.18756907946732,125.1234560055138,131.3353582882911,138.65968253871358,120.09507751783595,124.21812970969435,-4.123052191858406,-2.9446141104404795,0.6789683129746908,0.6789683129746908,0.6789683129746908,0.6789683129746908,-0.6789683129746908,0.6789683129746908,0.6789683129746908,0.6789683129746908,0.6789683129746908,5.170005798339787,4.450899505615233,118.6399993896484,106.37602409362793,107.25820388793946,108.14038368225098,,,,,,,,,,0.0,0.0,0.0
2022-04-12,117.5899963378906,118.9400024414062,113.7699966430664,114.0999984741211,114.0999984741211,1079100,-0.6789683129746908,1.0965787202065613,1.8916044913533205,2.4642933769979605,3.0907070015236315,114.55999908447268,118.72699966430665,125.0316660563151,129.72283261617025,139.14969932556153,115.5188211503115,118.26255624213164,124.41226519703687,130.77026452389208,138.1733521611969,119.17275766495673,123.4686385070593,-4.295880842102562,-3.214867456772896,-1.7616145163107937,-1.7616145163107937,-1.7616145163107937,-1.7616145163107937,1.7616145163107937,-1.7616145163107937,-1.7616145163107937,-1.7616145163107937,-1.7616145163107937,3.370002746582003,4.341899871826168,118.9400024414062,108.84802047729488,109.73820037841793,110.62838027954098,,,,,,,,,,0.0,0.0,0.0
2022-04-13,114.1800003051758,117.2200012207031,113.8499984741211,116.1100006103516,116.1100006103516,1052300,1.7616145163107937,1.001421977868261,1.9959696912169116,2.22766656254311,3.1013757855285093,114.76599884033206,117.59499969482422,124.33133290608724,129.20816586812336,138.74739936828612,115.71588097032486,117.87118249089889,123.87663522370234,130.2896001332842,137.73645411068512,118.70156427194055,122.92355421841428,-4.221989946473727,-3.4162919547130626,2.3512215507560845,2.3512215507560845,2.3512215507560845,2.3512215507560845,-2.3512215507560845,2.3512215507560845,2.3512215507560845,2.3512215507560845,2.3512215507560845,3.4499969482422017,4.309899520874018,117.2200012207031,109.38782272338862,110.25620269775385,111.12458267211909,,,,,,,,,,0.0,0.0,0.0
2022-04-14,116.7799987792969,116.7799987792969,113.3300018310547,113.379997253418,113.379997253418,841100,-2.3512215507560845,1.5115809114230456,1.9726822252152865,2.228489160027681,3.08319314395786,114.5799987792969,116.5229995727539,123.71899948120117,128.73633244832357,138.32929931640626,114.93725306468924,117.05460335681144,123.19943277400658,129.73518692410826,137.2541480343036,117.88286165370631,122.216624072859,-4.333762419152691,-3.5997860476009884,-1.9227380119821713,-1.9227380119821713,-1.9227380119821713,-1.9227380119821713,1.9227380119821713,-1.9227380119821713,-1.9227380119821713,-1.9227380119821713,-1.9227380119821713,3.7599945068359943,4.286399459838862,116.7799987792969,107.73822227478026,108.60020217895506,109.46218208312986,,,,,,,,,,0.0,0.0,0.0
2022-04-18,112.120002746582,115.879997253418,112.120002746582,115.5599975585938,115.5599975585938,916800,1.9227380119821713,1.7835834108819364,2.1036187582667965,2.2464862520413234,3.0730341820782563,114.80599822998052,115.92799911499023,123.24999923706055,128.3764991760254,137.9723992919922,115.14483456265744,116.7828568480446,122.70656598591545,129.2704266170422,136.82456089617074,117.52549794676594,121.72354062735788,-4.198042680591939,-3.719437374199179,-1.5403243483059568,-1.5403243483059568,-1.5403243483059568,-1.5403243483059568,1.5403243483059568,-1.5403243483059568,-1.5403243483059568,-1.5403243483059568,-1.5403243483059568,2.5,4.179899215698237,115.879997253418,107.3499199676514,108.20719985961918,109.06447975158696,,,,,,,,,,0.0,0.0,0.0
2022-04-19,115.4300003051758,117.6600036621094,115.1600036621094,117.3399963378906,117.3399963378906,740100,1.5403243483059568,1.884070882797167,2.0938468211935466,2.2850681195322893,3.0718957596710457,115.29799804687502,115.31299896240235,123.03866577148438,128.093665822347,137.6198992919922,115.87655515440184,116.8841549371075,122.36033568604287,128.87926496854544,136.43872793462063,117.4969592377082,121.3988336429529,-3.9018744052446976,-3.755924780408283,1.337991941216055,1.337991941216055,1.337991941216055,1.337991941216055,-1.337991941216055,1.337991941216055,1.337991941216055,1.337991941216055,1.337991941216055,3.8360061645508097,4.2046997070312475,117.6600036621094,106.68421897888187,107.52019882202153,108.35617866516117,,,,,,,,,,0.0,0.0,0.0
2022-04-20,118.7300033569336,119.4660034179688,115.629997253418,115.7699966430664,115.7699966430664,628100,-1.337991941216055,2.0012334895743225,1.6035913818245195,2.2720440983454857,3.0553012985177115,115.63199768066409,115.09599838256838,122.59299901326497,127.7289992014567,137.25139930725098,115.84103565062338,116.68158070182729,121.93515252197989,128.44945289230023,136.0294461268671,117.23127268468639,120.98188275407242,-3.7506100693860276,-3.7548618382038326,-1.8830442846923694,1.8830442846923694,1.8830442846923694,1.8830442846923694,-1.8830442846923694,1.8830442846923694,1.8830442846923694,1.8830442846923694,-1.8830442846923694,6.25,4.323199844360348,119.4660034179688,108.40966430664066,109.25060424804691,110.09154418945316,,,,,,,,,,0.0,0.0,0.0
2022-04-21,117.8899993896484,119.3000030517578,113.0500030517578,113.5899963378906,113.5899963378906,1092300,-1.8830442846923694,2.002754384180961,1.5263649570670303,2.198830901016788,3.0407821244155873,115.12799682617188,114.94699783325197,122.06733220418296,127.39799919128419,136.90619926452638,115.0906892130458,116.11947445383879,121.39675534881285,127.96225759543434,135.58510058649134,116.67107632364088,120.43433561213303,-3.7632592884921507,-3.7565413282614966,-1.672677135082023,1.672677135082023,1.672677135082023,1.672677135082023,-1.672677135082023,1.672677135082023,1.672677135082023,1.672677135082023,1.672677135082023,3.1100006103515057,4.243700027465813,119.3000030517578,109.95496376037605,110.81960372924812,111.68424369812018,,,,,,,,,,0.0,0.0,0.0
2022-04-22,112.8099975585938,114.5699996948242,111.4599990844727,111.6900024414062,111.6900024414062,1018900,-1.672677135082023,1.8570201341558688,1.5978180609246355,1.939819973138674,3.0461170991500577,114.78999786376953,114.68499832153323,121.60699895222982,127.03216590881348,136.51469932556154,113.9571269558326,115.31411590612377,120.77051322575437,127.42874103300719,135.1119303261926,115.90475726483554,119.78660722911621,-3.8818499642806756,-3.7816030554653324,2.6143773884124277,-2.6143773884124277,-2.6143773884124277,-2.6143773884124277,2.6143773884124277,-2.6143773884124277,-2.6143773884124277,-2.6143773884124277,-2.6143773884124277,4.830001831054702,4.341550064086909,114.5699996948242,109.963862991333,110.81260299682617,111.66134300231934,,,1.0,,,111.66134300231934,,,111.6900024414062,0.0,0.0,0.025666392966683414
2022-04-25,110.9899978637695,114.6699981689453,109.8399963378906,114.6100006103516,114.6100006103516,900600,2.6143773884124277,2.0755883263524595,1.8341234119912528,2.074820461882488,3.0180047000272165,114.59999847412107,114.7029983520508,121.30633239746093,126.81366589864095,136.19849937438966,114.17475150733895,115.18609494325611,120.3730607989542,127.00845446177257,134.7059515199383,115.70556393337648,119.4031548869855,-3.697590953609023,-3.7648006350940704,4.598206303460241,4.598206303460241,4.598206303460241,4.598206303460241,-4.598206303460241,4.598206303460241,4.598206303460241,4.598206303460241,-4.598206303460241,3.860000610351591,4.304550170898434,114.6699981689453,105.01858955383301,105.88689956665038,106.75520957946777,,,,,,,,,,0.0,0.0,0.0
2022-04-26,112.8199996948242,113.0999984741211,109.2399978637695,109.3399963378906,109.3399963378906,1195700,-4.598206303460241,2.5812923021997567,2.335269285092712,2.2498127088220206,3.065604125942056,112.99999847412107,114.14899826049805,120.99733225504558,126.47833239237467,135.8308992767334,112.56316645085617,114.12316792409874,119.661250188563,126.42916075279284,134.20365537771954,114.72624584176327,118.6577357352007,-3.93148989343743,-3.7981384867627423,-0.8505582004062389,-0.8505582004062389,-0.8505582004062389,-0.8505582004062389,0.8505582004062389,-0.8505582004062389,-0.8505582004062389,-0.8505582004062389,-0.8505582004062389,4.41000366210929,4.323550415039053,113.0999984741211,105.19998779296874,106.06089782714844,106.92180786132812,,,,,,,,,,0.0,0.0,0.0
2022-04-27,108.5800018310547,112.7200012207031,108.3099975585938,110.2699966430664,110.2699966430664,755200,0.8505582004062389,2.768045100766867,2.369773108913061,2.1627327894762636,2.956841409101123,111.89999847412108,113.76599807739258,120.62433217366537,126.02816569010416,135.44179931640625,111.79877651492626,113.4225913275474,119.05536286304711,125.89935209345755,133.72972154138978,114.04066904196375,118.03642172837594,-3.995752686412189,-3.837661326692632,-6.175755323573321,-6.175755323573321,-6.175755323573321,-6.175755323573321,6.175755323573321,-6.175755323573321,-6.175755323573321,-6.175755323573321,-6.175755323573321,6.885002136230398,4.414800643920888,112.7200012207031,103.58818756103517,104.45289764404299,105.3176077270508,,,,,,,,,,0.0,0.0,0.0
2022-04-28,112.9300003051758,118.2200012207031,111.3349990844727,117.0800018310547,117.0800018310547,1496200,6.175755323573321,4.103918911333706,3.098649338085234,2.591628883681837,3.0675430213858834,112.5979995727539,113.8629981994629,120.28799896240234,125.66299896240234,135.1134992980957,113.55918495363575,114.0875750554578,118.92792021582179,125.61019306846073,133.40002412138313,114.5082587018239,117.96557581005585,-3.4573171082319476,-3.761592483000495,2.818588144984547,2.818588144984547,2.818588144984547,2.818588144984547,-2.818588144984547,2.818588144984547,2.818588144984547,2.818588144984547,-2.818588144984547,4.794998168945298,4.438550949096667,118.2200012207031,103.00743980407714,103.89039993286133,104.7733600616455,,,,,,,,,,0.0,0.0,0.0
2022-04-29,115.7699966430664,118.4550018310547,113.6600036621094,113.7799987792969,113.7799987792969,1376400,-2.818588144984547,4.295263945374086,3.14336755501875,2.601287261958773,3.0499445603253568,113.01599884033203,113.90299835205079,119.78699900309245,125.166832224528,134.72399932861327,113.63278956218949,114.03165209615582,118.59579625217503,125.22231784586519,133.0115087680745,114.39621871374283,117.65553306703667,-3.2593143532938456,-3.6611368570591654,-5.079977888300537,-5.079977888300537,-5.079977888300537,-5.079977888300537,5.079977888300537,-5.079977888300537,-5.079977888300537,-5.079977888300537,5.079977888300537,5.5550003051757955,4.388800811767568,118.4550018310547,108.45518913269044,109.34289932250977,110.2306095123291,,,,,,,,,,0.0,0.0,0.0
2022-05-02,114.4300003051758,119.6050033569336,114.0500030517578,119.5599975585938,119.5599975585938,1281700,5.079977888300537,4.726500883317639,3.4886861670753753,2.839565373602761,2.835728897588103,114.00599822998046,114.30299835205078,119.40999908447266,125.01416549682617,134.30449935913086,115.60852556099093,115.03680581659908,118.65800278807302,125.03666800038089,132.7451422094709,115.19064622833528,117.79660451085573,-2.6059582825204473,-3.4501011421514223,-0.4265658637040842,-0.4265658637040842,-0.4265658637040842,-0.4265658637040842,0.4265658637040842,0.4265658637040842,-0.4265658637040842,-0.4265658637040842,0.4265658637040842,3.3199996948242045,4.3863010406494025,119.6050033569336,108.79964004516606,109.67740020751957,110.55516036987308,,,,,,,,,,0.0,0.0,0.0
2022-05-03,118.629997253418,121.2699966430664,117.9499969482422,120.0699996948242,120.0699996948242,1305700,0.4265658637040842,3.671599482234257,3.465763847280128,2.8149122933234945,2.821806616500948,116.1519989013672,114.57599868774415,119.11466598510742,124.82449887593587,133.89149940490722,117.09568360560202,115.95193197627637,118.74909936270213,124.87382641659214,132.4941492883888,115.94131599241051,117.96500415411266,-2.023688161702154,-3.1648185460615688,-0.6079814764629136,0.6079814764629136,0.6079814764629136,0.6079814764629136,-0.6079814764629136,-0.6079814764629136,0.6079814764629136,0.6079814764629136,-0.6079814764629136,6.8199996948242045,4.447301101684558,121.2699966430664,109.95514106750491,110.8324012756348,111.70966148376466,,,,,,,,,,0.0,0.0,0.0
2022-05-04,119.3399963378906,119.8199996948242,113.0,119.3399963378906,119.3399963378906,2847000,-0.6079814764629136,3.8344085085301662,3.435365593696284,2.62344592026757,2.8087255973963527,117.96599884033205,114.93299865722656,118.75833257039388,124.67183214823405,133.4892993927002,117.84378784969822,116.56794367838805,118.78722174819816,124.69238936483143,132.23367101214131,116.46418989171514,118.0668554269851,-1.6026655352699635,-2.8523879439032482,-8.798391421322876,8.798391421322876,8.798391421322876,8.798391421322876,-8.798391421322876,-8.798391421322876,8.798391421322876,8.798391421322876,-8.798391421322876,7.019996643066392,4.653050994873033,119.8199996948242,111.48593421936037,112.37539443969729,113.2648546600342,,,1.0,,,113.2648546600342,,,119.3399963378906,0.0,0.0,5.3636599773963445
2022-05-05,113.25,113.9300003051758,106.9100036621094,108.8399963378906,108.8399963378906,3025700,-8.798391421322876,5.066716881095329,4.475020911509865,3.256021141272512,3.0062512234638135,116.31799774169922,114.45799865722657,118.19766565958659,124.29316546122233,132.9853993988037,114.84252401242901,115.16286234375215,118.1454652701138,124.17263877378419,131.77042992948287,115.2912370372806,117.38338438334847,-2.0921473460678754,-2.700339824336174,-1.580295524789365,1.580295524789365,1.580295524789365,1.580295524789365,-1.580295524789365,1.580295524789365,1.580295524789365,1.580295524789365,-1.580295524789365,4.708999633789105,4.630500793457019,113.9300003051758,109.58328750610353,110.51389770507814,111.44450790405274,1.0,1.0,1.0,109.58328750610353,110.51389770507814,111.44450790405274,108.8399963378906,108.8399963378906,108.8399963378906,-0.6782888021784661,-1.514652366758958,-2.3370479309796752
2022-05-06,107.4000015258789,109.0800018310547,104.3710021972656,107.120002746582,107.120002746582,1666400,-1.580295524789365,5.006506954077366,4.472046649661427,3.2688778852652076,2.9597404605008313,114.98599853515626,114.00099868774414,117.41166585286459,123.79983215332031,132.5066993713379,112.26835025714668,113.70052423517576,117.43414510730531,123.61353595322018,131.28230265853435,114.03412406948081,116.62313389173613,-2.5890098222553206,-2.6780738239200037,-4.070202108439196,4.070202108439196,4.070202108439196,4.070202108439196,-4.070202108439196,4.070202108439196,4.070202108439196,4.070202108439196,-4.070202108439196,5.39599609375,4.724300384521474,109.0800018310547,103.74289855957035,104.66899871826176,105.59509887695316,,1.0,1.0,,104.66899871826176,105.59509887695316,,107.120002746582,107.120002746582,0.0,2.341671419746381,1.4441047793380724
2022-05-09,105.1699981689453,107.8359985351562,102.4400024414062,102.7600021362305,102.7600021362305,1984900,-4.070202108439196,3.6816439171977127,4.483336104569737,3.375072059401291,2.9893284797170545,111.62599945068357,112.81599884033203,116.47433242797851,123.28349876403809,132.00959938049317,109.09890088350795,111.71133839900389,116.48742620594565,122.92981353299099,130.71750462838972,112.29964377205769,115.59623524318015,-3.296591471122454,-2.8017773533604937,-2.423119708063527,-2.423119708063527,-2.423119708063527,-2.423119708063527,2.423119708063527,-2.423119708063527,-2.423119708063527,-2.423119708063527,-2.423119708063527,4.740005493164091,4.689300537109369,107.8359985351562,98.68654098510746,99.63140106201175,100.57626113891605,,,,,,,,,,0.0,0.0,0.0
2022-05-10,106.1100006103516,106.9800033569336,102.2399978637695,105.25,105.25,1435800,2.423119708063527,4.206970090696686,4.405304378360934,3.4327924285001106,2.9525496334370755,108.66199951171873,112.40699920654296,115.68733240763346,122.91699879964193,131.53329933166503,107.81593392233864,110.536549599185,115.76243096685239,122.35014751551587,130.21319760604536,111.21508319174113,114.82984744738901,-3.6147642556478843,-2.964374733817972,4.152021611954397,4.152021611954397,4.152021611954397,4.152021611954397,-4.152021611954397,4.152021611954397,4.152021611954397,4.152021611954397,4.152021611954397,6.164993286132798,4.739049911499019,106.9800033569336,97.51953735351557,98.45739746093746,99.39525756835933,,,,,,,,,,0.0,0.0,0.0
2022-05-11,104.25,106.8249969482422,100.6600036621094,100.879997253418,100.879997253418,1499600,-4.152021611954397,4.100066440886992,4.543036499169374,3.5350276721626734,2.983627074517901,104.96999969482422,111.46799926757815,114.65366566975912,122.44316546122234,131.0650993347168,105.50395503269843,108.78081280904554,114.80227395308243,121.6462081626602,129.63234215351807,109.62506997046066,113.79652521079858,-4.17145524033792,-3.2057908351219617,-0.2775638543962382,-0.2775638543962382,-0.2775638543962382,-0.2775638543962382,0.2775638543962382,-0.2775638543962382,-0.2775638543962382,-0.2775638543962382,-0.2775638543962382,4.339996337890611,4.787549591064449,106.8249969482422,96.55409355163575,97.50190353393556,98.44971351623536,,,,,,,,,,0.0,0.0,0.0
2022-05-12,99.83000183105469,102.5699996948242,98.2300033569336,101.1600036621094,101.1600036621094,1535500,0.2775638543962382,2.8356877214946308,3.871056132007506,3.4992627357489687,2.9169463029574842,103.43400115966797,109.8759994506836,113.77799911499024,121.87783215840658,130.59989944458007,104.0559712425021,107.39521114596623,113.92212748269709,120.97452932657656,129.06853347051987,108.32275207686817,112.86048657756234,-4.537734500694171,-3.472179568236404,-3.608139347914584,-3.608139347914584,-3.608139347914584,-3.608139347914584,3.608139347914584,-3.608139347914584,-3.608139347914584,-3.608139347914584,-3.608139347914584,3.540000915527301,4.792049789428704,102.5699996948242,96.29238784790041,97.2498977661133,98.2074076843262,,,,,,,,,,0.0,0.0,0.0
2022-05-13,102.9199981689453,106.0400009155273,102.5,104.8099975585938,104.8099975585938,1333800,3.608139347914584,3.6069664714467984,4.130824883176189,3.5971584190057126,2.955492523065051,102.97200012207036,108.97899932861328,113.13499908447265,121.34466540018717,130.1863993835449,104.307313347866,106.9251723118985,113.33424813275495,120.44454467844598,128.58816642275895,107.78232830482597,112.26415405763875,-4.481825752812782,-3.67410880515168,2.184906944823828,2.184906944823828,2.184906944823828,2.184906944823828,-2.184906944823828,2.184906944823828,2.184906944823828,2.184906944823828,2.184906944823828,2.480003356933608,4.728050231933585,106.0400009155273,92.02749015808105,92.9859001159668,93.94431007385253,,,,,,,,,,0.0,0.0,0.0
2022-05-16,104.4499969482422,104.6600036621094,102.1800003051758,102.5199966430664,102.5199966430664,1411200,-2.184906944823828,3.2007875673436406,3.598156836212089,3.578984889783209,2.948788816265125,102.92399902343752,107.27499923706054,112.50199890136719,120.8359987894694,129.70669929504393,103.7115411129328,106.12423128120176,112.63655448825892,119.85685457892534,128.07196504098286,106.97273881840141,111.54236461952227,-4.569625801120864,-3.853212204345517,-5.462354942336348,-5.462354942336348,-5.462354942336348,-5.462354942336348,5.462354942336348,-5.462354942336348,-5.462354942336348,-5.462354942336348,-5.462354942336348,4.3199996948242045,4.819050216674795,104.6600036621094,95.63829040527341,96.58390045166013,97.52951049804685,,,,,,,,,,0.0,0.0,0.0
2022-05-17,104.3300018310547,108.6500015258789,104.3300018310547,108.120002746582,108.120002746582,1542900,5.462354942336348,3.9728061338300575,4.195280046154276,3.7993684457067536,3.0435948967017605,103.49799957275393,106.07999954223632,111.98966573079427,120.41799888610839,129.27379928588869,105.18102832414921,106.4870988203618,112.34516405331203,119.47203976475014,127.67687667871749,107.14924096119843,111.2888563326378,-4.139615371439376,-3.910492837764289,3.2186489720040465,3.2186489720040465,3.2186489720040465,3.2186489720040465,-3.2186489720040465,3.2186489720040465,3.2186489720040465,3.2186489720040465,3.2186489720040465,4.242996215820298,4.83939971923827,108.6500015258789,94.05809318542485,95.02190322875981,95.98571327209477,,,,,,,,,,0.0,0.0,0.0
2022-05-18,106.6999969482422,108.6429977416992,104.4000015258789,104.6399993896484,104.6399993896484,1676900,-3.2186489720040465,3.706572971113982,4.251634722824058,3.848343815800889,3.061934003859528,104.25000000000003,104.60999984741211,111.5463322957357,119.97899894714355,128.79949920654298,105.00068534598228,106.15126256023208,111.84805665565632,118.98574335900909,127.22070089081512,106.76320379634458,110.79634841093488,-4.033144614590299,-3.9350231931294912,-0.1815772577547463,-0.1815772577547463,-0.1815772577547463,-0.1815772577547463,0.1815772577547463,-0.1815772577547463,-0.1815772577547463,-0.1815772577547463,-0.1815772577547463,4.495002746582003,4.75164985656737,108.6429977416992,98.00332214355471,98.97120208740236,99.93908203125002,,,,,,,,,,0.0,0.0,0.0
2022-05-19,104.0100021362305,108.1500015258789,103.6549987792969,104.8300018310547,104.8300018310547,1398000,0.1815772577547463,3.710130267942342,3.3202373614201917,3.8350773591220393,3.062360089812589,104.98399963378907,104.20900039672851,111.20466562906901,119.55699907938639,128.29359924316407,104.94379084100643,105.91103333674528,111.39527892503688,118.52162068596141,126.77732071141392,106.46578810937692,110.35439681242525,-3.888608703048334,-3.9257402951132603,3.6058367960240956,-3.6058367960240956,-3.6058367960240956,-3.6058367960240956,3.6058367960240956,-3.6058367960240956,-3.6058367960240956,-3.6058367960240956,3.6058367960240956,4.75,4.833649826049795,108.1500015258789,98.18936805725099,99.13969802856447,100.09002799987793,,,,,,,,,,0.0,0.0,0.0
2022-05-20,107.3300018310547,108.8099975585938,104.0599975585938,108.6100006103516,108.6100006103516,2229000,3.6058367960240956,3.709689992722684,3.502464895349212,3.91854203064123,3.020763843840996,105.74400024414062,104.35800018310549,111.01466573079428,119.08549919128419,127.81529922485352,106.1658607641215,106.40175465921915,111.2155835498959,118.19664953594142,126.41757179852159,106.79566695568072,110.2251822789383,-3.42951532325759,-3.8264953007421263,-2.4675446921232953,2.4675446921232953,2.4675446921232953,2.4675446921232953,-2.4675446921232953,2.4675446921232953,2.4675446921232953,2.4675446921232953,-2.4675446921232953,4.660003662109389,4.825149917602529,108.8099975585938,97.51597190856936,98.48270187377932,99.44943183898927,,,,,,,,,,0.0,0.0,0.0
2022-05-23,107.9300003051758,109.9300003051758,105.2699966430664,105.9300003051758,105.9300003051758,1727100,-2.4675446921232953,3.7676589216454914,3.3174822519749663,3.9002997366714616,3.0303688859854176,106.4260009765625,104.67500000000003,110.73133239746093,118.55499928792318,127.30549919128418,106.0872406111396,106.31598114030217,110.87457817926881,117.79446431526057,126.01187731350484,106.66248747098766,109.9070206512522,-3.24453318026454,-3.710102876646609,-3.5589508469794535,3.5589508469794535,3.5589508469794535,3.5589508469794535,-3.5589508469794535,3.5589508469794535,3.5589508469794535,3.5589508469794535,-3.5589508469794535,3.770004272460895,4.8206501007079945,109.9300003051758,98.19466773986824,99.15969772338875,100.12472770690925,,,,,,,,,,0.0,0.0,0.0
2022-05-24,104.4199981689453,104.7900009155273,101.0199966430664,102.1600036621094,102.1600036621094,1488600,-3.5589508469794535,3.0080007519509673,3.43991581695209,3.846862893163198,3.0576372591234375,105.23400115966797,104.36600036621095,110.30733261108398,117.97799936930339,126.76649925231933,104.77816162812955,105.56034887153984,110.31234756525853,117.28185904794414,125.53956298377425,105.96979765423715,109.33316754094533,-3.3633698867081705,-3.6407562786589214,2.173055512655563,-2.173055512655563,-2.173055512655563,-2.173055512655563,2.173055512655563,-2.173055512655563,-2.173055512655563,-2.173055512655563,2.173055512655563,3.8399963378907103,4.792149734497065,104.7900009155273,99.32457008361821,100.28870010375981,101.2528301239014,,,1.0,,,101.2528301239014,,,102.1600036621094,0.0,0.0,0.895948821477786
2022-05-25,101.5,105.0599975585938,101.2200012207031,104.379997253418,104.379997253418,1381900,2.173055512655563,3.0212263906485903,3.215835851595587,3.8783451590741165,3.056414026319362,105.1820007324219,104.71600036621096,109.98333257039388,117.50749931335449,126.24639923095702,104.64544016989238,105.34573948642677,109.92961528707528,116.85884718582852,125.12056168218302,105.72521297718805,108.96626603816553,-3.241053060977478,-3.560815635122633,3.927961497796781,-3.927961497796781,-3.927961497796781,-3.927961497796781,3.927961497796781,-3.927961497796781,-3.927961497796781,-3.927961497796781,3.927961497796781,5.678001403808608,4.731799697875976,105.0599975585938,94.24727149963375,95.20570144653317,96.16413139343258,,,,,,,,,,0.0,0.0,0.0
2022-05-26,103.7399978637695,109.0179977416992,103.3399963378906,108.4800033569336,108.4800033569336,1531100,3.927961497796781,3.507100345456857,3.4036272390678586,3.7128301486872757,3.0681171466992776,105.91200103759768,105.44800033569337,109.72899932861328,117.03016611735026,125.73689933776855,105.92362789890612,105.91560564470072,109.83609193674356,116.58413099471721,124.79104567574244,106.14902688176429,108.93024658029648,-2.7812196985321975,-3.4048964478045463,3.419984300945794,-3.419984300945794,-3.419984300945794,-3.419984300945794,3.419984300945794,3.419984300945794,-3.419984300945794,-3.419984300945794,3.419984300945794,2.6499938964844034,4.624549484252931,109.0179977416992,94.65003822326666,95.59639816284185,96.54275810241705,,,,,,,,,,0.0,0.0,0.0
2022-05-27,109.879997253418,112.3099975585938,109.6600036621094,112.1900024414062,112.1900024414062,1187000,3.419984300945794,3.469868089290024,3.3865667209612362,3.7532290177989633,3.069494244488461,106.6280014038086,106.18600082397461,109.68933283487955,116.70416615804037,125.25429939270019,108.01241941307282,107.05640506228352,109.98795713059278,116.44006120608407,124.54152006714172,107.07840773709381,109.17170997741572,-2.093302240321904,-3.1425776063080177,-0.39219398505316416,0.39219398505316416,0.39219398505316416,0.39219398505316416,-0.39219398505316416,-0.39219398505316416,0.39219398505316416,0.39219398505316416,-0.39219398505316416,3.25,4.509299468994142,112.3099975585938,98.84398887634276,99.76889877319334,100.69380867004392,,,,,,,,,,0.0,0.0,0.0
2022-05-31,111.9199981689453,112.870002746582,109.620002746582,111.75,111.75,2020900,-0.39219398505316416,3.1009124230197953,3.2599618747703474,3.5575667613784527,3.0641825950635777,107.79200134277343,107.10900115966797,109.56233291625976,116.40616607666016,124.79939933776855,109.25827960871523,107.90978596005016,110.10163731571582,116.28628870752392,124.28822264006959,107.79711423907938,109.36269442353307,-1.5655801844536938,-2.8271781219371532,-1.9328891830956632,1.9328891830956632,1.9328891830956632,1.9328891830956632,-1.9328891830956632,-1.9328891830956632,1.9328891830956632,1.9328891830956632,-1.9328891830956632,5.5810012817382955,4.622349548339846,112.870002746582,102.38953872680669,103.29139862060552,104.19325851440435,,,,,,,,,,0.0,0.0,0.0
2022-06-01,112.120002746582,113.1699981689453,107.588996887207,109.5899963378906,109.5899963378906,1605900,-1.9328891830956632,2.518976654275677,2.936073150859513,3.5721252768941967,3.0185323118241993,109.27799987792969,107.25600051879883,109.30399958292644,116.1713326772054,124.31169929504395,109.36885185177368,108.21527875602114,110.06862822037226,116.06673813802774,123.99716865388783,108.0729422542811,109.37953160237436,-1.3065893480932544,-2.5230603671683736,3.4400989127121036,-3.4400989127121036,-3.4400989127121036,-3.4400989127121036,3.4400989127121036,3.4400989127121036,-3.4400989127121036,-3.4400989127121036,3.4400989127121036,4.629997253418011,4.512849426269536,113.1699981689453,102.70083374023434,103.6253036499023,104.54977355957028,,,,,,,,,,0.0,0.0,0.0
2022-06-02,109.1800003051758,113.3600006103516,108.7300033569336,113.3600006103516,113.3600006103516,1175000,3.4400989127121036,2.670439466430477,2.834521048988864,3.672647648691703,2.9960579139170775,111.07400054931638,108.12800064086915,109.22366638183594,115.90833269755045,123.8983992767334,110.69923477129967,109.15068272953576,110.28097482617738,115.97799264531704,123.78653166292672,108.88633584752272,109.67438115852082,-0.7880453109981005,-2.176057355934319,-3.7932277951709343,3.7932277951709343,3.7932277951709343,3.7932277951709343,-3.7932277951709343,-3.7932277951709343,3.7932277951709343,3.7932277951709343,-3.7932277951709343,2.5200042724610086,4.287849807739267,113.3600006103516,103.24172943115232,104.14429931640623,105.04686920166013,,,,,,,,,,0.0,0.0,0.0
2022-06-03,111.1600036621094,111.1600036621094,108.6399993896484,109.0599975585938,109.0599975585938,1117000,-3.7932277951709343,3.2287374372880566,3.1930744826568347,3.1947566760465667,3.031848858978356,111.18999938964843,108.55100021362304,109.07266642252604,115.56999931335449,123.4733992767334,110.15282236706439,109.13419451663722,110.20220209923652,115.75117313427694,123.49491712620726,108.91305303384135,109.62887126222992,-0.7158182283885708,-1.8840095304251694,0.7060373094609695,-0.7060373094609695,-0.7060373094609695,-0.7060373094609695,0.7060373094609695,0.7060373094609695,-0.7060373094609695,-0.7060373094609695,0.7060373094609695,3.2449951171875,4.214649581909187,111.1600036621094,103.92673103332521,104.78430099487306,105.64187095642093,,,,,,,,,,0.0,0.0,0.0
2022-06-06,111.4400024414062,112.504997253418,109.2600021362305,109.8300018310547,109.8300018310547,1109600,0.7060373094609695,2.730994708515925,2.9996615772758517,3.17386941357731,3.012583587461384,110.71799926757815,108.67300033569336,109.01066640218099,115.3088326772054,123.05449928283691,110.04521552172783,109.26070493744038,110.17818917870866,115.55703637023686,123.22432474412503,109.05412207956647,109.64376982288361,-0.5896477433171441,-1.6251371730035644,1.5569507930109976,-1.5569507930109976,-1.5569507930109976,-1.5569507930109976,1.5569507930109976,1.5569507930109976,-1.5569507930109976,-1.5569507930109976,1.5569507930109976,4.014999389648395,4.145599746704106,112.504997253418,101.88777458190918,102.73070449829103,103.57363441467287,,,,,,,,,,0.0,0.0,0.0
2022-06-07,108.8600006103516,112.2149963378906,108.1999969482422,111.5400009155273,111.5400009155273,1036500,1.5569507930109976,2.8671151270831934,2.876573306800279,3.0238137312889726,3.01575837515349,110.67599945068359,109.23400039672852,108.90833307902018,115.10733273824056,122.64149932861328,110.543477319661,109.67512238800163,110.2660480004389,115.42533028975458,122.99295199504388,109.4365649774066,109.78423138530167,-0.347666407895062,-1.369643019981864,-1.9365282807780697,-1.9365282807780697,1.9365282807780697,1.9365282807780697,-1.9365282807780697,-1.9365282807780697,1.9365282807780697,1.9365282807780697,-1.9365282807780697,3.3600006103515057,4.076599502563477,112.2149963378906,103.38467781066896,104.21379776000978,105.0429177093506,,,,,,,,,,0.0,0.0,0.0
2022-06-08,111.2799987792969,111.870002746582,108.5100021362305,109.379997253418,109.379997253418,1106700,-1.9365282807780697,2.867727393948109,2.656082992242194,3.0315308597565824,2.981063265461405,110.63399963378909,109.95599975585938,108.9096664428711,114.95349934895833,122.26779930114746,110.15565063091333,109.62146327262278,110.20888343611497,115.22712264921896,122.72338853481367,109.42786225063912,109.75428811627324,-0.32642586563412124,-1.1609995891123155,-3.885536758748814,-3.885536758748814,3.885536758748814,3.885536758748814,-3.885536758748814,-3.885536758748814,3.885536758748814,3.885536758748814,-3.885536758748814,4.435997009277401,3.9901496887207073,111.870002746582,103.24647743225094,104.06179733276365,104.87711723327634,,,,,,,,,,0.0,0.0,0.0
2022-06-09,108.120002746582,109.4059982299805,104.9700012207031,105.129997253418,105.129997253418,963300,-3.885536758748814,2.5173111781723163,2.9605681658740246,3.0117499549046642,3.002364006652565,108.98799896240234,110.03099975585937,108.73833312988283,114.68133265177408,121.83179931640625,108.4804328384149,108.8048330873128,109.88121335981195,114.89606935755334,122.37500454904344,108.76665225106665,109.41174805235804,-0.6450958012913901,-1.0578188315481305,3.6906661797633125,-3.6906661797633125,3.6906661797633125,3.6906661797633125,-3.6906661797633125,3.6906661797633125,3.6906661797633125,3.6906661797633125,-3.6906661797633125,3.2799987792969034,3.937149810791022,109.4059982299805,103.09167343139644,103.88970336914059,104.68773330688472,,,,,,,,,,0.0,0.0,0.0
2022-06-10,102.9300003051758,104.129997253418,100.8499984741211,101.25,101.25,1350200,-3.6906661797633125,2.4939619052086597,2.8473144750928503,3.1378718355570516,2.9656127093758347,107.42599945068359,109.30799942016601,108.21066640218099,114.24933268229167,121.37439926147461,106.07028855894328,107.43122707143773,109.32436088498538,114.44865724746963,121.95668762728019,107.610244212441,108.80717412255373,-1.196929910112729,-1.0856410472610503,7.150615174093364,-7.150615174093364,7.150615174093364,7.150615174093364,-7.150615174093364,7.150615174093364,7.150615174093364,7.150615174093364,7.150615174093364,6.159996032714844,4.0681495666503995,104.129997253418,100.74426864624024,101.53169860839846,102.31912857055666,,1.0,1.0,,101.53169860839846,102.31912857055666,,101.25,101.25,0.0,-0.2774489270439094,-1.0448960868733488
2022-06-13,98.12999725341797,99.8499984741211,93.69000244140625,94.01000213623047,94.01000213623047,1800900,-7.150615174093364,3.1773931952597154,3.1174671738232784,3.406665338585736,3.0849841058534193,104.26199951171876,107.48999938964843,107.55166651407878,113.66933275858561,120.89759925842286,102.05019308470568,104.99100435594549,108.33633773990442,113.77853740775687,121.40328791458613,105.51789927763939,107.71108730875201,-2.1931880311126264,-1.3071504440313655,-2.8188506176595687,-2.8188506176595687,-2.8188506176595687,-2.8188506176595687,2.8188506176595687,-2.8188506176595687,-2.8188506176595687,-2.8188506176595687,-2.8188506176595687,2.9250030517578125,4.090399551391609,99.8499984741211,95.18006820678711,95.9936981201172,96.80732803344728,1.0,1.0,1.0,95.18006820678711,95.9936981201172,96.80732803344728,94.01000213623047,94.01000213623047,94.01000213623047,-1.2293183778924928,-2.066485636801416,-2.889580731171841
2022-06-14,94.88999938964844,97.04000091552734,94.11499786376953,96.66000366210938,96.66000366210938,1894800,2.8188506176595687,3.6473194969777585,3.4188439628514966,3.4587403519105635,3.1028582074138837,101.28600006103517,105.98099975585937,106.78833338419597,113.0991662343343,120.4926993560791,100.2534632771736,103.4762769570662,107.58302586391765,113.21727400626024,120.91332188978461,104.15514610601939,106.89248852011183,-2.7373424140924385,-1.5931888380435801,-1.9242633048710993,-1.9242633048710993,-1.9242633048710993,-1.9242633048710993,1.9242633048710993,-1.9242633048710993,-1.9242633048710993,-1.9242633048710993,-1.9242633048710993,3.849998474121051,4.066899490356452,97.04000091552734,90.85111946105955,91.66919937133787,92.4872792816162,,,,,,,,,,0.0,0.0,0.0
2022-06-15,97.37999725341797,100.5400009155273,96.69000244140625,98.5199966430664,98.5199966430664,1410900,1.9242633048710993,4.229762059566143,3.5648475860019238,3.235163779567111,3.1149045694990014,99.11399993896484,104.87399978637696,106.06999994913737,112.5923329671224,120.13479934692383,99.67564106580454,102.57513508179352,106.9983143012821,112.73539605992602,120.46988970668127,103.28820003479585,106.27230393662698,-2.9841039018311335,-1.8713718508010908,5.481114576209654,5.481114576209654,5.481114576209654,5.481114576209654,-5.481114576209654,5.481114576209654,5.481114576209654,5.481114576209654,5.481114576209654,3.4699935913085938,4.028249359130866,100.5400009155273,88.09282203674314,88.90620193481445,89.71958183288574,,,,,,,,,,0.0,0.0,0.0
2022-06-16,95.26000213623047,95.37999725341797,91.91000366210938,93.12000274658203,93.12000274658203,2412600,-5.481114576209654,4.461717296207433,3.4441873881901057,3.3749450963382723,3.1784304760224704,96.71200103759766,102.85,105.19600016276041,111.97716636657715,119.6894994354248,97.49042829273039,100.85602011175506,106.10293936226918,112.09226841030818,119.9283077866793,101.72386199045526,105.29805940403106,-3.574197413575803,-2.2119369633560333,-2.1584991919576746,-2.1584991919576746,-2.1584991919576746,-2.1584991919576746,2.1584991919576746,-2.1584991919576746,-2.1584991919576746,-2.1584991919576746,-2.1584991919576746,3.1650009155273438,3.9617492675781336,95.37999725341797,91.67785232543939,92.48350219726557,93.28915206909174,,1.0,1.0,,92.48350219726557,93.28915206909174,,93.12000274658203,93.12000274658203,0.0,0.6882314512255626,-0.18131724724481926
2022-06-17,94.76000213623047,96.4749984741211,93.30999755859375,95.12999725341797,95.12999725341797,2194600,2.1584991919576746,4.7674650986226235,3.590499876511224,3.4253558355581304,3.174240542578016,95.48800048828124,101.45699996948242,104.73900019327799,111.4683329264323,119.30629943847656,96.70361794629292,99.81492504660287,105.39500761331105,111.53612837237735,119.4372521325553,100.70942126168029,104.54486961509676,-3.835448353416467,-2.5366392413681202,-1.1878533747901476,-1.1878533747901476,-1.1878533747901476,-1.1878533747901476,1.1878533747901476,-1.1878533747901476,-1.1878533747901476,-1.1878533747901476,-1.1878533747901476,2.3799972534179688,3.843249130249032,96.4749984741211,86.66414886474607,87.4564987182617,88.24884857177733,,,,,,,,,,0.0,0.0,0.0
2022-06-21,96.61000061035156,98.0999984741211,95.72000122070312,96.26000213623047,96.26000213623047,1775200,1.1878533747901476,3.4059044147587074,3.623461781616522,3.3164307788841834,3.128146877875565,95.93800048828125,100.1,104.37700017293295,110.89433301289877,118.93249946594239,96.55574600960544,99.16857542653514,104.80565242124135,111.03527177447089,118.97829668708351,100.02489524238031,103.93117572777332,-3.9062804853930118,-2.810567490173099,1.0492438331770229,1.0492438331770229,1.0492438331770229,1.0492438331770229,-1.0492438331770229,1.0492438331770229,1.0492438331770229,1.0492438331770229,1.0492438331770229,2.0699996948242188,3.7137489318847736,98.0999984741211,88.01985038757323,88.78850021362302,89.55715003967283,,,,,,,,,,0.0,0.0,0.0
2022-06-22,94.9000015258789,96.62000274658203,94.55000305175781,95.25,95.25,857300,-1.0492438331770229,3.185868917378011,3.4904377709046868,3.288286966665996,3.128056510678265,95.65599975585937,98.47099990844727,104.12666676839193,110.30049959818523,118.60779945373535,96.12049733973697,98.4561071671651,104.18915871664514,110.51772188022593,118.50842942595315,99.29029597432181,103.28812567386419,-3.997829699542379,-3.0480199320469548,0.28346104258940286,0.28346104258940286,0.28346104258940286,0.28346104258940286,-0.28346104258940286,0.28346104258940286,0.28346104258940286,0.28346104258940286,0.28346104258940286,2.9599990844726562,3.6732486724853617,96.62000274658203,89.92975082397459,90.67250061035155,91.4152503967285,,,,,,,,,,0.0,0.0,0.0
2022-06-23,96.05999755859375,96.05999755859375,93.0999984741211,94.9800033569336,94.9800033569336,1144800,-0.28346104258940286,2.953359479614494,3.5071199334243772,3.2073278776157514,3.125022327707258,94.94800109863282,97.03100051879883,103.78433354695639,109.73583297729492,118.26299942016601,95.74033267880252,97.82408829257754,103.59501966117989,110.00828848601962,118.04251999884386,98.62717403318516,102.67270920594339,-4.045535172758235,-3.2475229801892107,-3.042745091077601,-3.042745091077601,-3.042745091077601,-3.042745091077601,3.042745091077601,-3.042745091077601,-3.042745091077601,-3.042745091077601,-3.042745091077601,2.7099990844726562,3.616748809814459,96.05999755859375,88.53885566711423,89.2735054016113,90.00815513610839,,,,,,,,,,0.0,0.0,0.0
2022-06-24,96.69000244140625,98.83999633789062,96.12999725341797,97.87000274658203,97.87000274658203,1305600,3.042745091077601,1.6879168582748185,3.6316281285612435,3.248454951083076,3.1368116909981145,95.89800109863282,96.30500106811523,103.68400039672854,109.16883303324381,117.86889945983887,96.45022270139569,97.83243637512382,103.22566373120584,109.61031190439871,117.64306421167035,98.51068614293851,102.31695317191662,-3.8062670289781124,-3.359271789946991,-1.9720039348248446,-1.9720039348248446,-1.9720039348248446,-1.9720039348248446,1.9720039348248446,-1.9720039348248446,-1.9720039348248446,-1.9720039348248446,-1.9720039348248446,3.744995117187486,3.5200984954834027,98.83999633789062,88.10315017700194,88.82649993896483,89.54984970092772,,,,,,,,,,0.0,0.0,0.0
2022-06-27,99.29000091552734,102.0449981689453,98.30000305175781,99.80000305175781,99.80000305175781,1728600,1.9720039348248446,1.6580240688626426,3.5456875079899097,3.1431358094319903,3.128056680253908,96.83200225830078,96.16000137329101,103.63866704305013,108.70833307902018,117.4769994354248,97.5668161515164,98.19017577087544,103.00465336478985,109.28866243382032,117.2897362679097,98.70904259044917,102.13051242227523,-3.421469831826059,-3.371711398322805,-1.2525049717200218,1.2525049717200218,1.2525049717200218,1.2525049717200218,-1.2525049717200218,1.2525049717200218,1.2525049717200218,1.2525049717200218,1.2525049717200218,3.7500000000000426,3.575098800659185,102.0449981689453,91.09577964782714,91.79979934692382,92.5038190460205,,,,,,,,,,0.0,0.0,0.0
2022-06-28,100.0199966430664,101.8600006103516,98.11000061035156,98.55000305175781,98.55000305175781,1337500,-1.2525049717200218,1.918110826611637,2.6059874115402852,3.0178838964503023,3.1163396571326487,97.29000244140624,96.61400146484375,103.43000055948893,108.28249982198079,117.0269994354248,97.89454511826355,98.25559891285405,102.71725657040069,108.93657524096581,116.91865244184729,98.68457496911205,101.8652895059406,-3.180714536828546,-3.3335120260239535,-2.78032004902631,2.78032004902631,2.78032004902631,2.78032004902631,-2.78032004902631,2.78032004902631,2.78032004902631,2.78032004902631,-2.78032004902631,3.0,3.5625988006591847,101.8600006103516,94.17978080749509,94.89480056762693,95.60982032775877,,,,,,,,,,0.0,0.0,0.0
2022-06-29,94.58000183105469,97.11000061035156,94.11000061035156,95.80999755859375,95.80999755859375,1474900,-2.78032004902631,2.367954050868224,2.6543742820130007,3.056146362490951,3.124220337352451,97.402001953125,96.52900085449218,103.20633392333984,107.85416641235352,116.69789939880371,97.19969593170696,97.81094412117035,102.27162695673573,108.50619564482245,116.50065927584227,98.24233229057077,101.41674936169268,-3.1744170711219084,-3.3016930350435447,-1.5551590666290387,1.5551590666290387,1.5551590666290387,1.5551590666290387,-1.5551590666290387,1.5551590666290387,1.5551590666290387,1.5551590666290387,-1.5551590666290387,3.6199951171875,3.464548492431645,97.11000061035156,94.0222832489014,94.73480300903324,95.44732276916507,,1.0,1.0,,94.58000183105469,94.58000183105469,,95.80999755859375,95.80999755859375,0.0,1.3004818182771507,1.3004818182771507
2022-06-30,94.66999816894531,96.48999786376953,92.87000274658203,94.31999969482422,94.31999969482422,1512700,-1.5551590666290387,2.4899219627741687,2.5932783235618038,3.049425534751424,3.11711946313156,97.27000122070312,96.10900115966797,102.74633382161458,107.36799977620443,116.32659942626952,96.23979718607939,97.17622695274378,101.75861874628983,108.04107446613399,116.06143829403992,97.63889650660975,100.8910642011839,-3.2521676945741405,-3.2917879669496637,-1.9614063614364197,1.9614063614364197,1.9614063614364197,1.9614063614364197,-1.9614063614364197,1.9614063614364197,1.9614063614364197,1.9614063614364197,-1.9614063614364197,3.8849945068359375,3.427298355102541,96.48999786376953,89.48799392700194,90.18090362548827,90.8738133239746,,,,,,,,,,0.0,0.0,0.0
2022-07-01,93.25,94.05999755859375,90.17500305175781,92.47000122070312,92.47000122070312,1251800,-1.9614063614364197,1.8187862965509973,1.9982190365862642,2.898686195079058,3.0776311477748504,96.19000091552735,96.04400100708008,102.34066721598307,106.94349975585938,115.96629943847657,94.98319853095397,96.3205495469182,101.15935309947778,107.53054747448051,115.59428112427086,96.84368184723951,100.26728175818532,-3.4235999109458106,-3.3181503557488936,4.076994261164064,-4.076994261164064,-4.076994261164064,-4.076994261164064,4.076994261164064,-4.076994261164064,-4.076994261164064,-4.076994261164064,-4.076994261164064,6.149993896484375,3.6087978363037094,94.05999755859375,88.94994148254393,89.63540115356444,90.32086082458495,,,1.0,,,90.32086082458495,,,92.47000122070312,0.0,0.0,2.379450745373303
2022-07-05,91.08999633789062,96.30999755859375,90.16000366210938,96.23999786376953,96.23999786376953,1676400,4.076994261164064,2.728321739878263,2.3029092652451046,3.0269939024167423,3.1178144342570326,95.47799987792969,96.15500106811524,102.0543337504069,106.62949968973795,115.61309944152832,95.4021316418925,96.30590378634571,100.84197534233532,107.16036552003096,115.21102799039956,96.75080738824413,99.96896443267303,-3.2181570444289065,-3.2981516934848965,-1.7664220857975537,-1.7664220857975537,-1.7664220857975537,-1.7664220857975537,1.7664220857975537,-1.7664220857975537,-1.7664220857975537,-1.7664220857975537,1.7664220857975537,2.9199981689453125,3.5925479888916003,96.30999755859375,86.12064231872559,86.84240188598633,87.56416145324707,,,,,,,,,,0.0,0.0,0.0
2022-07-06,96.93000030517578,99.1500015258789,96.2300033569336,97.94000244140625,97.94000244140625,1170200,1.7664220857975537,2.9024479561475913,2.3391495799389013,3.059797574857857,3.1280941554499453,95.35599975585937,96.32300109863282,101.69866714477538,106.35666643778482,115.22529945373535,96.24808857506375,96.60301263272035,100.65475128421087,106.85805853384655,114.86902748447889,96.933760473346,99.81867095183847,-2.884910478492472,-3.2155034504864117,-2.6036301396753765,-2.6036301396753765,-2.6036301396753765,-2.6036301396753765,2.6036301396753765,-2.6036301396753765,-2.6036301396753765,-2.6036301396753765,2.6036301396753765,1.6749954223632812,3.4755477905273446,99.1500015258789,88.40639198303222,89.12490158081054,89.84341117858887,,,,,,,,,,0.0,0.0,0.0
2022-07-07,99.8499984741211,101.3949966430664,99.72000122070312,100.4899978637695,100.4899978637695,1297600,2.6036301396753765,2.6421925099431784,2.407039405645761,3.1059043371757613,3.148904388848882,96.29199981689453,96.84700088500976,101.51733373006185,106.1243330637614,114.8927993774414,97.66205833796568,97.30973722018383,100.64412203127918,106.64926965941778,114.58429422466286,97.48087391802653,99.86839887124076,-2.387524953214225,-3.0499077510319745,1.0747280571388163,1.0747280571388163,1.0747280571388163,1.0747280571388163,-1.0747280571388163,-1.0747280571388163,1.0747280571388163,1.0747280571388163,-1.0747280571388163,2.459999084472628,3.4305477142334007,101.3949966430664,91.50379638671875,92.19890594482422,92.89401550292969,,,,,,,,,,0.0,0.0,0.0
2022-07-08,99.69000244140625,100.8399963378906,98.37999725341797,99.41000366210938,99.41000366210938,842200,-1.0747280571388163,2.533159120782263,2.4505651895571168,3.090482316210202,3.150179550724147,97.31000061035157,97.29000091552734,101.42566706339518,105.86649983723959,114.6144994354248,98.24470677934693,97.69160384598848,100.56450149133275,106.41191667589948,114.28381322342418,97.77766310942388,99.83444367056435,-2.056780561140471,-2.851282313053674,-2.675790729422585,2.675790729422585,2.675790729422585,2.675790729422585,-2.675790729422585,-2.675790729422585,2.675790729422585,2.675790729422585,-2.675790729422585,3.5100021362304688,3.384247970581054,100.8399963378906,93.84779167175293,94.53390121459961,95.22001075744629,,,,,,,,,,0.0,0.0,0.0
2022-07-11,96.25,98.86000061035156,95.3499984741211,96.75,96.75,1400300,-2.675790729422585,2.7579177395244168,2.454286651957986,3.0305622013213713,3.165924600052702,98.16600036621094,97.17800064086914,101.17133382161458,105.57733319600423,114.28889945983887,97.74647118623129,97.52040314671784,100.31840462092418,106.09513252259129,113.93660900117816,97.61956109258944,99.60596636163366,-1.9864052690442264,-2.6783069042517846,1.240306923247739,-1.240306923247739,-1.240306923247739,-1.240306923247739,1.240306923247739,1.240306923247739,-1.240306923247739,-1.240306923247739,1.240306923247739,2.4899978637695312,3.344747924804685,98.86000061035156,93.39465080261228,94.07150039672848,94.7483499908447,,,,,,,,,,0.0,0.0,0.0
2022-07-12,97.48999786376953,99.6500015258789,97.16000366210938,97.94999694824219,97.94999694824219,868300,1.240306923247739,2.1829219719906137,2.396266217604118,2.9455964076292163,3.1610922908518164,98.50800018310547,96.99300003051758,100.82033360799154,105.27466646830241,113.91759941101074,97.8143131069016,97.59851111063136,100.16560412591245,105.82807889720279,113.62004242587248,97.67039737807447,99.4833019606417,-1.8129045825672279,-2.5052264399148734,-0.5002530669076501,0.5002530669076501,0.5002530669076501,0.5002530669076501,-0.5002530669076501,-0.5002530669076501,0.5002530669076501,0.5002530669076501,-0.5002530669076501,2.9150009155273438,3.1824981689453105,99.6500015258789,91.50155517578125,92.17050476074219,92.83945434570313,,,,,,,,,,0.0,0.0,0.0
2022-07-13,95.61000061035156,98.40499877929688,95.48999786376953,97.45999908447266,97.45999908447266,1242400,-0.5002530669076501,2.052394809371379,2.369864783833375,2.4431030803695704,3.149084258529574,98.41199951171875,96.88399963378906,100.32933349609375,105.00933316548665,113.52419937133789,97.69620843275862,97.57332710587524,99.9910489619486,105.55371562465426,113.30004156762695,97.63802840982802,99.33342767351806,-1.6953992636900352,-2.343261004669906,0.9542379580464712,-0.9542379580464712,-0.9542379580464712,-0.9542379580464712,0.9542379580464712,0.9542379580464712,-0.9542379580464712,-0.9542379580464712,0.9542379580464712,3.7249984741210938,3.2224979400634743,98.40499877929688,92.64850555419922,93.28500518798829,93.92150482177735,,,,,,,,,,0.0,0.0,0.0
2022-07-14,97.38999938964844,98.6449966430664,94.91999816894531,98.38999938964844,98.38999938964844,1515200,0.9542379580464712,1.594401692456205,2.1851671936215205,2.3728294348932946,3.14047551418237,97.99199981689453,97.14199981689453,99.88400014241536,104.72316652933756,113.17769943237305,97.92747208505523,97.72181297565217,99.88775544115505,105.3188396825229,113.00479320766698,97.75371625287733,99.26354409693512,-1.5098278440577957,-2.176574372547484,1.8192915201051245,-1.8192915201051245,-1.8192915201051245,-1.8192915201051245,1.8192915201051245,1.8192915201051245,-1.8192915201051245,-1.8192915201051245,1.8192915201051245,2.5090026855468466,3.155448150634764,98.6449966430664,91.31550331115723,91.96000289916992,92.60450248718263,,,,,,,,,,0.0,0.0,0.0
2022-07-15,99.27999877929688,100.2200012207031,97.71099853515625,100.1800003051758,100.1800003051758,1301500,1.8192915201051245,1.8047494873494254,2.12883394100677,2.36873086311896,3.1433292619532875,98.14599914550782,97.72799987792969,99.57033360799154,104.43716659545899,112.84749946594238,98.67831482509543,98.16875612647465,99.90660994851123,105.1503531455607,112.75083691256813,98.1269907224617,99.33142974199,-1.2044390195282944,-1.982147301943646,-2.2759021484841155,2.2759021484841155,2.2759021484841155,2.2759021484841155,-2.2759021484841155,-2.2759021484841155,2.2759021484841155,2.2759021484841155,-2.2759021484841155,4.019996643066378,3.1829483032226533,100.2200012207031,91.70301071166992,92.33410034179688,92.96518997192383,,,,,,,,,,0.0,0.0,0.0
2022-07-18,101.370002746582,101.4899978637695,97.47000122070312,97.9000015258789,97.9000015258789,1192700,-2.2759021484841155,1.64942154681157,2.1731484765214377,2.0586475454917834,3.151334714187921,98.3759994506836,98.27099990844727,99.05500030517578,104.13933334350585,112.51669952392578,98.41887705868993,98.11989165363906,99.77715134059947,104.91263669901375,112.45676096431686,98.09206930760281,99.22539802227806,-1.133328714675244,-1.8123835844899658,4.616952576728587,-4.616952576728587,-4.616952576728587,-4.616952576728587,4.616952576728587,4.616952576728587,-4.616952576728587,-4.616952576728587,4.616952576728587,3.760002136230497,3.212698364257811,101.4899978637695,93.21751495361326,93.85410461425779,94.49069427490232,,,,,,,,,,0.0,0.0,0.0
2022-07-19,99.51000213623047,102.6600036621094,98.9000015258789,102.4199981689453,102.4199981689453,1200200,4.616952576728587,2.5840000046228884,2.2737032204983425,2.2424925463072647,3.204809266209172,99.26999969482422,98.88899993896484,98.8336669921875,103.95316670735677,112.23939956665039,99.75258409544173,98.90172920187655,99.94765758758953,104.83091084556888,112.25801318619068,98.75790451704012,99.46203507017934,-0.7041305531392226,-1.5907329782198174,3.0755727223143188,3.0755727223143188,-3.0755727223143188,-3.0755727223143188,3.0755727223143188,3.0755727223143188,-3.0755727223143188,-3.0755727223143188,3.0755727223143188,4.315002441406293,3.3094486236572274,102.6600036621094,94.42206146240231,95.06460113525388,95.70714080810544,,,,,,,,,,0.0,0.0,0.0
2022-07-20,102.1800003051758,105.7600021362305,101.4449996948242,105.5699996948242,105.5699996948242,1539200,3.0755727223143188,2.5864938118458762,2.380474230010378,2.316198237110694,3.2244205480385744,100.89199981689453,99.65199966430664,98.69166692097981,103.85116666158041,111.92609962463379,101.69172262856924,100.1141420187761,100.3103893364434,104.85514326685593,112.12557727547056,99.80591915977612,99.9144768942271,-0.10855773445098293,-1.2942979294660506,1.3640261869555466,1.3640261869555466,-1.3640261869555466,-1.3640261869555466,1.3640261869555466,1.3640261869555466,-1.3640261869555466,-1.3640261869555466,1.3640261869555466,2.379997253417997,3.324948501586916,105.7600021362305,95.3792166900635,96.04110641479495,96.70299613952639,,,,,,,,,,0.0,0.0,0.0
2022-07-21,105.8899993896484,107.2099990844727,104.8300018310547,107.0100021362305,107.0100021362305,1002700,1.3640261869555466,2.5658196438173344,2.3059724409960323,2.294661637548683,3.2109718527559017,102.61600036621094,100.30400009155274,98.54066696166993,103.72450002034505,111.61859970092773,103.46448246445632,101.36793476740418,100.74262242030063,104.92579437732722,112.02427875786184,100.91423961769217,100.44007135659773,0.474168261094448,-0.9406046913539509,-2.4950992851498257,-2.4950992851498257,2.4950992851498257,2.4950992851498257,-2.4950992851498257,-2.4950992851498257,-2.4950992851498257,2.4950992851498257,-2.4950992851498257,3.7100067138672017,3.3624488830566435,107.2099990844727,98.44511543273929,99.11010513305666,99.77509483337406,,,,,,,,,,0.0,0.0,0.0
2022-07-22,106.4100036621094,106.5500030517578,102.8399963378906,104.3399963378906,104.3399963378906,955500,-2.4950992851498257,3.1767919858982987,2.4627269275374126,2.391175919194597,3.1718680659952416,103.4479995727539,100.79699935913087,98.37266693115234,103.64116668701172,111.29419967651367,103.75632042226775,101.9083095984017,100.97471106014515,104.90658788423093,111.87211474954557,101.44127911310731,100.72895468854534,0.7123244245619702,-0.6100188681707667,-0.48878141147748216,-0.48878141147748216,0.48878141147748216,0.48878141147748216,-0.48878141147748216,-0.48878141147748216,-0.48878141147748216,0.48878141147748216,-0.48878141147748216,1.849998474121108,3.319448852539066,106.5500030517578,99.81261154174808,100.48510131835941,101.15759109497074,,,,,,,,,,0.0,0.0,0.0
2022-07-25,103.9400024414062,104.1500015258789,102.3000030517578,103.8300018310547,103.8300018310547,648000,-0.48878141147748216,2.816244294821115,2.2347012207764645,2.3227876781189107,3.1702919735072936,104.63399963378906,101.50499954223633,98.3293337504069,103.53383344014486,111.0063996887207,103.7808808918634,102.25770818615679,101.15892336794577,104.87128998084809,111.71286498878337,101.80877491586844,100.95866188428678,0.8501130315816567,-0.317992488220282,-3.8909764463849092,-3.8909764463849092,3.8909764463849092,3.8909764463849092,-3.8909764463849092,-3.8909764463849092,-3.8909764463849092,3.8909764463849092,-3.8909764463849092,2.8400039672851136,3.2741992950439474,104.1500015258789,99.24721557617185,99.91110534667966,100.57499511718748,,,,,,,,,,0.0,0.0,0.0
2022-07-26,101.5100021362305,102.5400009155273,99.69999694824219,99.79000091552734,99.79000091552734,1269800,-3.8909764463849092,2.8168130881026543,2.654464435609936,2.468893634822939,3.1008188452533703,104.10800018310547,101.68899993896484,98.28066711425781,103.2456667582194,110.6330997467041,102.45058756641805,101.80903413695142,101.0706057903704,104.70469033936216,111.47676867050106,101.49819430043135,100.87209440511943,0.6260998953119241,-0.12917401151384075,4.319067560929457,4.319067560929457,-4.319067560929457,-4.319067560929457,4.319067560929457,4.319067560929457,4.319067560929457,-4.319067560929457,4.319067560929457,3.360000610351605,3.2546993255615257,102.5400009155273,96.94676307678222,97.601602935791,98.2564427947998,,,,,,,,,,0.0,0.0,0.0
2022-07-27,101.870002746582,104.6999969482422,101.3399963378906,104.0999984741211,104.0999984741211,1430600,4.319067560929457,3.2339982009064188,2.9325152881398577,2.6260947389821867,3.1360817092247806,103.81399993896484,102.35299987792969,98.61700032552083,103.0843334197998,110.35659973144531,103.00039120231907,102.22557310734591,101.26605047964463,104.68486437656736,111.330694013147,101.8984718656144,101.11119841023066,0.7872734553837404,0.05411548186567548,-0.24976190205721552,-0.24976190205721552,0.24976190205721552,0.24976190205721552,-0.24976190205721552,-0.24976190205721552,-0.24976190205721552,0.24976190205721552,-0.24976190205721552,3.5,3.2796993255615257,104.6999969482422,95.37966239929195,96.03060226440425,96.68154212951656,,,,,,,,,,0.0,0.0,0.0
2022-07-28,104.1699981689453,104.3000030517578,100.8000030517578,103.8399963378906,103.8399963378906,1435900,-0.24976190205721552,3.1123394414348344,2.9455969877661388,2.5286759070030227,3.061489186880643,103.17999877929688,102.8979995727539,98.85633341471355,102.82233339945475,110.09869964599609,103.28025958084291,102.51910460380857,101.43211150275728,104.65716378513534,111.18236336611221,102.19716793827227,101.31333159005732,0.883836348214956,0.2200596551355316,0.22149784769366476,0.22149784769366476,-0.22149784769366476,-0.22149784769366476,0.22149784769366476,0.22149784769366476,0.22149784769366476,-0.22149784769366476,0.22149784769366476,1.9700012207030966,3.1971996307373054,104.3000030517578,97.48465843200684,98.14059829711915,98.79653816223146,,,,,,,,,,0.0,0.0,0.0
2022-07-29,104.2699966430664,104.4700012207031,102.5,104.0699996948242,104.0699996948242,1357600,0.22149784769366476,2.921592429623374,2.9140362894058134,2.485986308139337,3.0609057807229605,103.1259994506836,103.28699951171875,99.0413335164388,102.55566673278808,109.90259963989257,103.54350628550336,102.80108552944778,101.60229783772934,104.6379125034858,111.04152448153225,102.48529590081873,101.51752922744745,0.9677666733712726,0.3696010587826798,1.1819000293460948,-1.1819000293460948,1.1819000293460948,1.1819000293460948,-1.1819000293460948,-1.1819000293460948,-1.1819000293460948,1.1819000293460948,-1.1819000293460948,3.3600006103514914,3.1709499359130833,104.4700012207031,97.26616386413572,97.90560379028318,98.54504371643065,,,,,,,,,,0.0,0.0,0.0
2022-08-01,102.8399963378906,104.9400024414062,101.5800018310547,102.8399963378906,102.8399963378906,1516300,-1.1819000293460948,2.9656384076618303,2.820632781092551,2.450860257577005,3.0631252717968356,102.92799835205078,103.78099899291992,99.36533330281576,102.28066673278809,109.639599609375,103.30900296963245,102.80816022189192,101.68214935386878,104.57896443248266,110.87911798363835,102.53986519882977,101.61548975414695,0.9243754446828234,0.4805559359627085,-0.12641470968683874,0.12641470968683874,-0.12641470968683874,-0.12641470968683874,0.12641470968683874,0.12641470968683874,0.12641470968683874,-0.12641470968683874,0.12641470968683874,2.5199966430664062,2.9894500732421845,104.9400024414062,97.49391136169432,98.12810134887692,98.76229133605955,,,,,,,,,,0.0,0.0,0.0
2022-08-02,102.3199996948242,104.0699996948242,101.5500030517578,102.9700012207031,102.9700012207031,927800,0.12641470968683874,2.126334786916974,2.4275842150784093,2.3076052494578843,2.847678811552742,103.56399841308591,103.8359992980957,99.62666676839193,102.18283348083496,109.37569961547851,103.196002386656,102.8375858580394,101.7652365710839,104.52621154029316,110.72250181011488,102.60603997142567,101.71582393685482,0.8902160345708552,0.5624879556843378,-3.7875123624789993,3.7875123624789993,-3.7875123624789993,-3.7875123624789993,3.7875123624789993,3.7875123624789993,3.7875123624789993,-3.7875123624789993,3.7875123624789993,4.076995849609403,3.0472999572753894,104.0699996948242,98.36321228027339,98.96110229492183,99.55899230957026,,,,,,,,,,0.0,0.0,0.0
2022-08-03,103.6900024414062,107.3399963378906,103.2630004882812,106.870002746582,106.870002746582,1836800,3.7875123624789993,1.8978602226473247,2.5333329766054806,2.414063765316886,2.882961649571972,104.1179992675781,103.96599960327148,99.98033345540365,102.1786668141683,109.18939964294434,104.42066917329802,103.57075256504714,102.09457632434184,104.6030571536141,110.64621469994592,103.26203424452665,102.09761495979758,1.164419284729064,0.6828742214932831,1.628144305278641,1.628144305278641,-1.628144305278641,-1.628144305278641,1.628144305278641,1.628144305278641,1.628144305278641,-1.628144305278641,1.628144305278641,12.199996948242188,3.5735500335693344,107.3399963378906,97.36593978881835,97.97539978027342,98.5848597717285,,,,,,,,,,0.0,0.0,0.0
2022-08-04,99.5999984741211,109.0,96.80000305175781,108.6100006103516,108.6100006103516,3391500,1.628144305278641,1.8881005604532164,2.5487126388255117,2.3781627560311187,2.838883874729918,105.07200012207029,104.1259994506836,100.42566680908203,102.27616678873697,109.03919967651368,105.81711298564923,104.48697948237522,102.51492627827795,104.73443234891695,110.60589362886483,104.0847983008074,102.58001389687566,1.504784403931751,0.8472562579809768,-2.3202322606568764,-2.3202322606568764,2.3202322606568764,2.3202322606568764,-2.3202322606568764,-2.3202322606568764,-2.3202322606568764,2.3202322606568764,-2.3202322606568764,5.532997131347599,3.727199935913083,109.0,99.47818626403806,100.19289627075193,100.90760627746579,1.0,1.0,1.0,99.47818626403806,99.5999984741211,99.5999984741211,108.6100006103516,108.6100006103516,108.6100006103516,9.179715361994644,9.046187022353786,9.046187022353786
2022-08-05,106.8199996948242,110.5400009155273,105.0070037841797,106.0899963378906,106.0899963378906,1845800,-2.3202322606568764,2.3958390795415814,2.5288602528700816,2.4348847981233774,2.840048763608181,105.47599945068357,104.30099945068359,100.79599990844727,102.29016672770182,108.91399963378906,105.90807410306303,104.77843709246892,102.74557595954329,104.77887706986691,110.51646992013268,104.39329030651251,102.8400125962101,1.5532777103024102,0.9884605484452635,0.3204863597151098,0.3204863597151098,-0.3204863597151098,-0.3204863597151098,0.3204863597151098,0.3204863597151098,0.3204863597151098,-0.3204863597151098,0.3204863597151098,2.7700042724610086,3.69020004272461,110.5400009155273,100.80016014099121,101.54560012817383,102.29104011535645,,,,,,,,,,0.0,0.0,0.0
2022-08-08,105.6549987792969,107.3600006103516,104.5899963378906,106.4300003051758,106.4300003051758,1290700,0.3204863597151098,2.2354339482205714,2.5174666851842558,2.328529271233412,2.7859884779699255,106.19400024414062,104.56099929809571,101.08133316040039,102.38266677856446,108.7636996459961,106.08204950376728,105.07872131296108,102.98328075603571,104.83301225790983,110.4355497297375,104.70663030630686,103.10593761168904,1.6006926946178197,1.1109069776797749,-3.9462528762559366,-3.9462528762559366,3.9462528762559366,3.9462528762559366,-3.9462528762559366,-3.9462528762559366,-3.9462528762559366,3.9462528762559366,-3.9462528762559366,5.20000457763669,3.825700378417968,107.3600006103516,102.42156082153316,103.15960083007808,103.897640838623,,,,,,,,,,0.0,0.0,0.0
2022-08-09,104.3199996948242,105.2300033569336,100.0299987792969,102.2300033569336,102.2300033569336,2112800,-3.9462528762559366,3.0821645088171423,2.5276728534938853,2.522860035140899,2.8350667913993157,106.04600067138672,104.80499954223633,101.16233317057292,102.40050010681152,108.51429969787597,104.7980341214894,104.56077259368334,102.93468221415817,104.74766770377946,110.27306366294931,104.32561077563405,103.04105359281826,1.2845571828157887,1.1456370187069775,6.63210266718343,6.63210266718343,-6.63210266718343,-6.63210266718343,6.63210266718343,6.63210266718343,6.63210266718343,-6.63210266718343,6.63210266718343,4.800003051757798,3.919950485229491,105.2300033569336,98.94345977783208,99.70859985351566,100.47373992919927,,,1.0,,,100.47373992919927,,,102.2300033569336,0.0,0.0,1.7479825365034778
2022-08-10,105.3899993896484,109.25,104.4499969482422,109.0100021362305,109.0100021362305,1734200,6.63210266718343,4.081163796594378,3.0008565002302983,2.8895379863110398,2.9247232825846696,106.4740005493164,105.29599990844727,101.51099980672201,102.47050018310547,108.31629974365234,106.20202345973644,105.369723419601,103.32663833816284,104.88741637369588,110.24805254360835,105.04628636957196,103.48319792936732,1.5630884402046377,1.2291273030065095,-0.26603147403390065,-0.26603147403390065,0.26603147403390065,0.26603147403390065,-0.26603147403390065,-0.26603147403390065,-0.26603147403390065,0.26603147403390065,-0.26603147403390065,4.169998168945298,3.942200469970701,109.25,96.60611228942871,97.39010238647461,98.17409248352051,,,,,,,,,,0.0,0.0,0.0
2022-08-11,110.0,112.3300018310547,108.1600036621094,108.7200012207031,108.7200012207031,1379600,-0.26603147403390065,4.03358920131389,3.001313620939944,2.8945615076871545,2.9096828592163044,106.49600067138672,105.78400039672849,101.94133326212565,102.57383359273275,108.0947998046875,107.04134938005866,105.9788648379832,103.6745972338106,105.01307489326989,110.21779410157063,105.61147326974597,103.87110928428109,1.7403639854648816,1.331374639498184,2.161514392692637,2.161514392692637,-2.161514392692637,-2.161514392692637,2.161514392692637,2.161514392692637,2.161514392692637,-2.161514392692637,2.161514392692637,2.263999938964801,3.9299503326415985,112.3300018310547,100.57715896606446,101.3655990600586,102.15403915405274,,,,,,,,,,0.0,0.0,0.0
2022-08-12,109.8000030517578,111.5699996948242,109.3059997558594,111.0699996948242,111.0699996948242,866900,2.161514392692637,3.8599792821835224,3.043699786605398,2.9035209009970164,2.837651578986292,107.49200134277343,106.48400039672849,102.49966659545899,102.62300020853678,107.91619987487793,108.38423281831385,106.90452572104519,104.15171997323084,105.21166259168149,110.23466945985288,106.45124656591186,104.4043604258028,2.046886140109052,1.4744769396203576,-1.9357175941174465,-1.9357175941174465,1.9357175941174465,1.9357175941174465,1.9357175941174465,-1.9357175941174465,-1.9357175941174465,1.9357175941174465,-1.9357175941174465,3.270004272460895,3.8924507141113245,111.5699996948242,103.68411109924318,104.47010116577151,105.25609123229982,,,,,,,,,,0.0,0.0,0.0
2022-08-15,110.1800003051758,111.4400024414062,108.1699981689453,108.9199981689453,108.9199981689453,673800,-1.9357175941174465,4.08190401353187,3.1040623955165048,2.8870018592578193,2.817098514197561,107.99000091552735,107.09200057983398,103.04799982706706,102.69433352152507,107.70509986877441,108.56282126852433,107.27097525702702,104.45935082456727,105.33324736470652,110.20863636498342,106.83105450484008,104.73885211048004,2.0922023943600436,1.5980220305682948,-0.9272810538146513,-0.9272810538146513,-0.9272810538146513,0.9272810538146513,0.9272810538146513,-0.9272810538146513,-0.9272810538146513,0.9272810538146513,-0.9272810538146513,2.004997253417997,3.8047004699706997,111.4400024414062,103.00660812377929,103.78509826660155,104.56358840942382,,,,,,,,,,0.0,0.0,0.0
2022-08-16,108.6100006103516,109.0550003051758,107.0500030517578,107.9100036621094,107.9100036621094,738500,-0.9272810538146513,3.424800969566217,3.1403063111809315,2.7408359997283602,2.8202294539928254,109.1260009765625,107.58600082397462,103.43700002034505,102.74566688537598,107.52759986877442,108.34521539971936,107.38716223976927,104.68197358827967,105.41773117773613,110.16311888571859,106.99704668288152,104.97375222541554,2.0232944574659797,1.6830765159478318,-2.3074834664642165,-2.3074834664642165,-2.3074834664642165,2.3074834664642165,2.3074834664642165,-2.3074834664642165,-2.3074834664642165,2.3074834664642165,-2.3074834664642165,3.0299987792969034,3.7404502868652303,109.0550003051758,103.06966140747065,103.8306015014648,104.59154159545893,,,,,,,,,,0.0,0.0,0.0
2022-08-17,106.0899963378906,106.8600006103516,103.8300018310547,105.4199981689453,105.4199981689453,1005900,-2.3074834664642165,1.769825271991763,3.02354990683019,2.7178009188932624,2.798431984760242,108.40800018310547,107.44100036621094,103.68633321126302,102.6925001780192,107.27479988098145,107.37014298946136,107.029496045074,104.72958807735488,105.41780550531676,110.06919570320822,106.75442383458363,105.00680748049182,1.747616354091818,1.6959844835766291,1.546200826336827,1.546200826336827,1.546200826336827,-1.546200826336827,-1.546200826336827,1.546200826336827,1.546200826336827,-1.546200826336827,1.546200826336827,3.610000610351605,3.8019504547119105,106.8600006103516,100.82600967407228,101.57409973144533,102.32218978881838,,,,,,,,,,0.0,0.0,0.0
2022-08-18,105.2099990844727,108.1600036621094,104.5500030517578,107.0500030517578,107.0500030517578,872300,1.546200826336827,2.035084566553134,3.0184645202328335,2.72281648574012,2.7866647095800654,108.07400054931641,107.28500061035156,103.90500005086263,102.71116689046224,107.0364998626709,107.26342967689351,107.03322459174377,104.87929226925185,105.47132017897056,110.00940971011019,106.79989756030272,105.15815530058559,1.6417422597171338,1.68513603880473,-3.1293844072997326,-3.1293844072997326,-3.1293844072997326,3.1293844072997326,3.1293844072997326,-3.1293844072997326,-3.1293844072997326,3.1293844072997326,3.1293844072997326,3.5100021362305114,3.791950225830076,108.1600036621094,98.4957096099854,99.25609970092779,100.01648979187017,,,,,,,,,,0.0,0.0,0.0
2022-08-19,106.0,106.8600006103516,103.3499984741211,103.6999969482422,103.6999969482422,967400,-3.1293844072997326,1.8022705404590458,3.0943588305440537,2.757332741263944,2.777757914909276,106.6,107.04600067138672,104.04799982706706,102.73683344523111,106.78489982604981,106.07561876734307,106.42718320201621,104.80320870015446,105.41324400747126,109.88447084353854,106.32298977383188,105.05014357078238,1.2728462030494967,1.6026780716536835,4.098360776347212,-4.098360776347212,-4.098360776347212,4.098360776347212,-4.098360776347212,4.098360776347212,-4.098360776347212,4.098360776347212,4.098360776347212,3.0,3.8494503021240205,106.8600006103516,99.81771316528324,100.57610321044925,101.33449325561527,,,,,,,,,,0.0,0.0,0.0
2022-08-22,101.6999969482422,101.9800033569336,98.9800033569336,99.44999694824219,99.44999694824219,972500,-4.098360776347212,2.194570693653522,3.321313867577215,2.905500938671982,2.814758659607317,104.70599975585938,106.34800033569336,104.1379997253418,102.65466677347818,106.46049980163575,103.86707816097612,105.1586038831482,104.45784020003109,105.21772771044736,109.67784759808711,105.2656062622027,104.63531789503867,0.6302883671640274,1.4082001307557523,0.7340329310608043,-0.7340329310608043,-0.7340329310608043,0.7340329310608043,-0.7340329310608043,0.7340329310608043,-0.7340329310608043,0.7340329310608043,0.7340329310608043,2.8199996948241903,3.8484500885009743,101.9800033569336,98.39120994567875,99.16110000610357,99.93099006652837,,1.0,1.0,,99.16110000610357,99.93099006652837,,99.44999694824219,99.44999694824219,0.0,0.2913410017848113,-0.4813252805420631
2022-08-23,99.61000061035156,101.370002746582,98.55000305175781,98.72000122070312,98.72000122070312,770500,-0.7340329310608043,2.2150209548949613,3.113461072684895,2.775890534044744,2.767270450087706,102.86799926757813,105.99700012207032,104.16366653442383,102.49200007120768,106.17339981079101,102.1513858475518,103.98794885361274,104.08765704007445,105.00468749766885,109.46086054110921,104.258590101972,104.19714628953233,0.061443812439677004,1.1388488670925372,0.6685612377919642,-0.6685612377919642,-0.6685612377919642,0.6685612377919642,-0.6685612377919642,0.6685612377919642,0.6685612377919642,0.6685612377919642,0.6685612377919642,1.4150009155273438,3.7512001037597615,101.370002746582,93.51341316223144,94.28310317993164,95.05279319763184,,,,,,,,,,0.0,0.0,0.0
2022-08-24,98.54000091552734,98.80000305175781,97.38500213623047,98.05999755859375,98.05999755859375,679400,-0.6685612377919642,2.232102123453545,1.9410535448417772,2.5831263474766946,2.7287120418695365,101.39599914550782,104.90199966430664,104.1836664835612,102.25649998982747,105.91299980163575,100.78758975123245,102.91013952724563,103.69877578320472,104.77699274556802,109.2351008780891,103.30496047991382,103.74254267983316,-0.43758219991934766,0.8235626536901604,-3.9771584978355548,3.9771584978355548,3.9771584978355548,-3.9771584978355548,3.9771584978355548,-3.9771584978355548,-3.9771584978355548,-3.9771584978355548,-3.9771584978355548,3.9399948120117188,3.7731998443603474,98.80000305175781,93.11736251831053,93.86760253906247,94.61784255981443,,,,,,,,,,0.0,0.0,0.0
2022-08-25,98.08000183105469,102.0199966430664,98.08000183105469,101.9599990844727,101.9599990844727,857300,3.9771584978355548,3.125010303901997,2.5088046842455904,2.752013716226112,2.7809572607512267,100.3779983520508,104.22599945068359,104.30266647338867,102.09333330790201,105.71749977111817,101.17839286231253,102.73738671946873,103.58659664135105,104.68463229766326,109.09103945643332,103.09804334215364,103.61050241351018,-0.5124590713565311,0.556358308680822,6.139664763084364,6.139664763084364,-6.139664763084364,6.139664763084364,-6.139664763084364,6.139664763084364,6.139664763084364,6.139664763084364,6.139664763084364,7.130004882812486,4.031200027465816,102.0199966430664,90.49896339416505,91.25360336303712,92.00824333190918,,,,,,,,,,0.0,0.0,0.0
2022-08-26,102.379997253418,102.8000030517578,95.66999816894531,95.69999694824219,95.69999694824219,1187900,-6.139664763084364,3.858428601802023,2.840684078268815,3.0677649018494515,2.878883326447906,98.77799835205079,102.68899917602539,104.15333302815755,101.86183331807455,105.4395997619629,99.35226089095576,101.45786130651845,103.07778375792468,104.3900540894855,108.82587029785527,101.95988235847497,103.02453904571256,-1.064656687237587,0.23215530949714022,1.985364636439807,1.985364636439807,-1.985364636439807,1.985364636439807,-1.985364636439807,1.985364636439807,1.985364636439807,1.985364636439807,1.985364636439807,2.5999984741210938,3.993199920654297,102.8000030517578,93.15135658264161,93.95759658813478,94.76383659362794,,,,,,,,,,0.0,0.0,0.0
2022-08-29,95.0,96.19999694824219,93.5999984741211,93.80000305175781,93.80000305175781,776100,-1.985364636439807,3.6152175533531437,2.841686596282145,3.084121782678074,2.8481423319643593,97.64799957275392,101.17699966430663,104.01666641235352,101.53583335876465,105.1981997680664,97.50150827788978,100.06552344201651,102.47921726075262,104.04283930136329,108.52832837218997,100.70451631128772,102.34124008319739,-1.636723771909672,-0.14162050678422225,2.185504248466435,2.185504248466435,-2.185504248466435,2.185504248466435,-2.185504248466435,2.185504248466435,2.185504248466435,2.185504248466435,2.185504248466435,3.8899993896484375,4.061700057983399,96.19999694824219,94.01496322631834,94.8136032104492,95.61224319458006,1.0,1.0,1.0,94.01496322631834,94.8136032104492,95.0,93.80000305175781,93.80000305175781,93.80000305175781,-0.22864464036758297,-1.0690450783118033,-1.2631546823601973
2022-08-30,95.0,95.08000183105469,91.19000244140625,91.75,91.75,1236300,-2.185504248466435,3.6356885926933624,2.843988287272477,3.106051281784562,2.8219248870070137,96.25399932861329,99.56099929809571,103.660999806722,101.24733339945475,104.96489974975586,95.58433885192653,98.5536100889226,101.78700969554278,103.63979538984317,108.196084246008,99.32689841724346,101.55670378073832,-2.2298053634948616,-0.5592574781263502,2.147140295044278,2.147140295044278,-2.147140295044278,2.147140295044278,-2.147140295044278,2.147140295044278,2.147140295044278,2.147140295044278,2.147140295044278,3.0699996948242188,4.011350250244139,95.08000183105469,87.26425682067871,88.07659683227538,88.88893684387207,,,,,,,,,,0.0,0.0,0.0
2022-08-31,92.02999877929688,92.13999938964844,89.06999969482422,89.77999877929688,89.77999877929688,1533500,-2.147140295044278,3.621386394842654,2.839833017217561,2.9515584602581137,2.829599653357596,94.59799957275392,97.99699935913085,103.1346664428711,100.91316668192546,104.7195997619629,93.64955882771665,96.958408032627,101.01236382997853,103.18537582884166,107.83140928627115,97.85814462679014,100.68435526211303,-2.8262106353228944,-1.012648109565659,-0.33415354849279943,-0.33415354849279943,0.33415354849279943,-0.33415354849279943,0.33415354849279943,-0.33415354849279943,-0.33415354849279943,-0.33415354849279943,-0.33415354849279943,3.149993896484375,3.5588500976562485,92.13999938964844,86.25503128051758,87.0573013305664,87.85957138061524,,,,,,,,,,0.0,0.0,0.0
2022-09-01,88.08999633789062,90.19999694824219,87.05000305175781,90.08000183105469,90.08000183105469,1554200,0.33415354849279943,2.3312821392930965,2.7158559226641397,2.9087975588110795,2.820417349769223,92.22200012207031,96.29999923706055,102.57033309936523,100.55550003051758,104.47609977722168,92.459706495496,95.70778872325022,100.3070501526286,102.75569143547159,107.47989626735597,96.66150727360007,99.89884760055315,-3.2373403269530883,-1.457586553043145,-0.06660474841716323,-0.06660474841716323,0.06660474841716323,-0.06660474841716323,0.06660474841716323,-0.06660474841716323,-0.06660474841716323,-0.06660474841716323,-0.06660474841716323,3.029998779296875,3.4337001800537124,90.19999694824219,84.31052917480469,85.02229919433594,85.73406921386719,,,,,,,,,,0.0,0.0,0.0
2022-09-02,92.0,92.55999755859375,89.52999877929688,90.13999938964844,90.13999938964844,1227400,0.06660474841716323,1.2690189311242193,2.714087658081994,2.8960069583091568,2.812758096587004,91.11000061035156,94.94399948120117,102.09699986775716,100.23483339945476,104.22869979858399,91.68647079354682,94.69546338986808,99.65111139372667,102.34206218806754,107.1365319727479,95.65819836837674,99.17596995530096,-3.517771586924212,-1.8696235598193585,1.4865723840292242,1.4865723840292242,-1.4865723840292242,1.4865723840292242,-1.4865723840292242,1.4865723840292242,1.4865723840292242,1.4865723840292242,1.4865723840292242,2.5590057373046875,3.4231502532958964,92.55999755859375,82.64585655212402,83.33259658813476,84.01933662414551,,,,,,,,,,0.0,0.0,0.0
2022-09-06,89.91000366210938,90.43900299072266,87.87999725341797,88.80000305175781,88.80000305175781,1003700,-1.4865723840292242,1.208376361045923,2.54125140043787,2.8883197502381823,2.7775083792757047,90.11000061035156,93.87900009155274,101.59599990844727,99.96266682942708,103.97569984436035,90.72431487961715,93.62356151021166,98.9510398877932,101.89806024917215,106.77343239015403,94.6030913965892,98.40737981429777,-3.8042884177085625,-2.2565565313971994,-1.4189126841600888,-1.4189126841600888,1.4189126841600888,-1.4189126841600888,1.4189126841600888,-1.4189126841600888,-1.4189126841600888,-1.4189126841600888,-1.4189126841600888,2.2300033569335938,3.2746501922607414,90.43900299072266,85.02906700134278,85.71369705200196,86.39832710266114,,,,,,,,,,0.0,0.0,0.0
2022-09-07,89.16000366210938,90.69000244140625,88.45999908447266,90.05999755859375,90.05999755859375,988200,1.4189126841600888,1.439736732435356,2.663659111040291,2.8354515111443193,2.748182153648999,89.77200012207031,93.0129997253418,101.27166646321615,99.77616678873697,103.71519981384277,90.50287577260936,92.97564079173567,98.3774242536513,101.50992704620236,106.44247328457858,93.90415388305145,97.78905520276415,-3.8849013197126965,-2.582225489060299,-1.176998908198541,-1.176998908198541,1.176998908198541,-1.176998908198541,1.176998908198541,-1.176998908198541,-1.176998908198541,-1.176998908198541,-1.176998908198541,2.8600006103515625,3.1776500701904298,90.69000244140625,83.23477256774902,83.88970260620117,84.54463264465332,,,,,,,,,,0.0,0.0,0.0
2022-09-08,90.18499755859375,91.54000091552734,88.68000030517578,91.12000274658203,91.12000274658203,1008000,1.176998908198541,1.1476664345036505,2.7428198258786836,2.3191527064245476,2.595050279554444,90.04000091552734,92.31900024414062,100.83899993896485,99.72800013224284,103.49259986877442,90.70858476393359,92.6382520562532,97.90920351125973,101.1692737904771,106.13905802640043,93.47582293897923,97.29505131712102,-3.819228378141787,-2.829626066876597,-2.6448594820803426,-2.6448594820803426,2.6448594820803426,-2.6448594820803426,2.6448594820803426,-2.6448594820803426,-2.6448594820803426,-2.6448594820803426,-2.6448594820803426,1.8100051879882812,3.059650421142579,91.54000091552734,83.6991722869873,84.33470230102539,84.97023231506347,,,,,,,,,,0.0,0.0,0.0
2022-09-09,92.25,93.94000244140625,92.12999725341797,93.52999877929688,93.52999877929688,882800,2.6448594820803426,1.5563215587532817,2.513302366724413,2.4466540584237078,2.5919207707174436,90.73000030517578,91.47600021362305,100.49533335367839,99.67583338419597,103.27229988098145,91.64905610238802,92.80038782407931,97.62667417371375,100.91880575732365,105.88937368487363,93.48415768364347,97.01615853654145,-3.53200085289798,-2.970101024080874,0.1282958609575661,0.1282958609575661,-0.1282958609575661,0.1282958609575661,-0.1282958609575661,0.1282958609575661,0.1282958609575661,0.1282958609575661,0.1282958609575661,2.375,3.0652004241943387,93.94000244140625,84.80876998901367,85.42070007324219,86.0326301574707,,,,,,,,,,0.0,0.0,0.0
2022-09-12,94.0999984741211,94.9800033569336,92.6050033569336,93.41000366210938,93.41000366210938,911200,-0.1282958609575661,1.5804148450875606,1.6845592499235051,2.3565894036436146,2.5793147141053305,91.38400115966797,91.24700088500977,100.14000015258789,99.59066683451334,103.03299995422363,92.23603862229514,92.9112270673575,97.35463091490058,100.67261552469367,105.64225744679909,93.47274937263822,96.74903595325019,-3.2762865806119663,-3.0313381353870925,-7.697251000454447,7.697251000454447,-7.697251000454447,7.697251000454447,-7.697251000454447,7.697251000454447,7.697251000454447,7.697251000454447,7.697251000454447,4.489997863769531,3.1262001037597704,94.9800033569336,87.1965615081787,87.80960159301758,88.42264167785643,,,,,,,,,,0.0,0.0,0.0
2022-09-13,90.13999938964844,90.4000015258789,85.91000366210938,86.22000122070312,86.22000122070312,2243300,-7.697251000454447,4.132851344207551,2.8860875188634516,2.807237095206785,2.6725022779887024,90.86800079345703,90.4890007019043,99.5860003153483,99.47566680908203,102.7375,90.23069282176448,91.69464054978397,96.63626770882333,100.19875931800544,105.25765831360907,92.3569419646482,95.96910745454299,-3.6121654898947924,-3.1475036062886326,-0.3247492175048146,0.3247492175048146,-0.3247492175048146,0.3247492175048146,-0.3247492175048146,0.3247492175048146,0.3247492175048146,0.3247492175048146,0.3247492175048146,2.1700057983398438,3.134450531005863,90.4000015258789,88.10236312866209,88.72760314941405,89.35284317016601,1.0,1.0,1.0,88.10236312866209,88.72760314941405,89.35284317016601,86.22000122070312,86.22000122070312,86.22000122070312,-2.136562336256543,-2.826180173590642,-3.5061469096138507
2022-09-14,86.51000213623047,87.05000305175781,84.87999725341797,85.94000244140625,85.94000244140625,1641900,-0.3247492175048146,4.000097761029486,2.8465713205312424,2.812681538248395,2.6562228352988804,90.04400177001953,89.90800094604492,99.01833368937174,99.32250022888184,102.46100006103515,88.8004626949784,90.64834271189712,95.94618607866738,99.73125909254317,104.87513047455555,91.36972049953405,95.22621078690322,-3.8564902873691693,-3.2893009425047404,-0.593439750689078,0.593439750689078,0.593439750689078,0.593439750689078,-0.593439750689078,0.593439750689078,0.593439750689078,0.593439750689078,0.593439750689078,3.029998779296875,3.1344505310058617,87.05000305175781,83.50421035766601,84.13110046386718,84.75799057006836,,,,,,,,,,0.0,0.0,0.0
2022-09-15,85.41999816894531,87.19999694824219,84.16999816894531,85.43000030517578,85.43000030517578,1671700,-0.593439750689078,3.8496035095634418,2.795551824121154,2.799824673511657,2.651143960412857,88.90600128173828,89.4730010986328,98.30366694132486,99.14200019836426,102.19840003967285,87.67697523171087,89.69955318340233,95.2677224803776,99.26236536180981,104.49007839199358,90.4559173927097,94.50056556603452,-4.0446481733248305,-3.440370388668758,-0.5852744916468267,-0.5852744916468267,-0.5852744916468267,-0.5852744916468267,0.5852744916468267,-0.5852744916468267,-0.5852744916468267,-0.5852744916468267,-0.5852744916468267,2.8990020751953125,3.0989006042480467,87.19999694824219,80.15421188354492,80.78110198974609,81.40799209594726,,,,,,,,,,0.0,0.0,0.0
2022-09-16,84.9000015258789,86.80000305175781,83.9010009765625,85.93000030517578,85.93000030517578,2982100,0.5852744916468267,3.4187795166507002,2.8045803641360427,2.76167750010709,2.650291554487856,87.38600158691406,89.05800094604493,97.54766693115235,98.98666687011719,101.9116000366211,87.09465025619917,89.01417993281568,94.6652887916549,98.82523863864148,104.1225520932447,89.75962245616601,93.86570888004499,-4.106086423878978,-3.5735135957108026,-1.4663122678408458,-1.4663122678408458,-1.4663122678408458,-1.4663122678408458,1.4663122678408458,-1.4663122678408458,-1.4663122678408458,-1.4663122678408458,-1.4663122678408458,2.8900070190429688,3.06790084838867,86.80000305175781,80.38241561889649,81.0021957397461,81.6219758605957,,,,,,,,,,0.0,0.0,0.0
2022-09-19,85.01000213623047,87.7300033569336,84.83999633789062,87.19000244140625,87.19000244140625,1147100,1.4663122678408458,3.6599552546129632,2.86657067680401,2.771232978416556,2.658265400265376,86.14200134277344,88.7630012512207,96.91766713460287,98.85683352152506,101.69010009765626,87.12643431793487,88.68251129801395,94.18301225292919,98.44375548463377,103.78725408033701,89.36429630004912,93.3712121068125,-4.006915806763374,-3.660194037921317,1.5712842163328367,1.5712842163328367,1.5712842163328367,1.5712842163328367,-1.5712842163328367,1.5712842163328367,1.5712842163328367,1.5712842163328367,1.5712842163328367,2.220001220703125,3.028900909423826,87.7300033569336,80.05062118530273,80.66420135498048,81.27778152465821,,,,,,,,,,0.0,0.0,0.0
2022-09-20,86.29000091552734,86.83000183105469,84.61000061035156,85.81999969482422,85.81999969482422,1132000,-1.5712842163328367,1.1598314396509217,2.8706095016781155,2.6699336863918925,2.6321951022307286,86.06200103759765,88.46500091552734,96.23066711425781,98.6560001373291,101.44560012817382,86.69095611023133,88.16205464288853,93.6434630556321,98.029861852181,103.43146686478231,88.81901989924529,92.81186303925782,-3.992843140012525,-3.7267238583395588,1.5730581203934817,1.5730581203934817,1.5730581203934817,1.5730581203934817,-1.5730581203934817,1.5730581203934817,1.5730581203934817,1.5730581203934817,1.5730581203934817,3.9899978637695312,3.087400817871093,86.83000183105469,81.06642135620118,81.67220153808594,82.27798171997071,,,,,,,,,,0.0,0.0,0.0
2022-09-21,86.12000274658203,88.41999816894531,84.43000030517578,84.47000122070312,84.47000122070312,1056000,-1.5730581203934817,1.3434641451243168,2.82687217211658,2.6770855317885878,2.6227377323831185,85.76800079345703,87.90600128173828,95.63866704305013,98.40050010681152,101.1195001220703,85.95063781372193,87.49077220249119,93.05162680821734,97.58527625770633,103.05599229757281,88.14994010254651,92.1939473489945,-4.04400724644799,-3.790180535961245,2.9596305953257924,2.9596305953257924,2.9596305953257924,2.9596305953257924,-2.9596305953257924,2.9596305953257924,2.9596305953257924,2.9596305953257924,2.9596305953257924,3.089996337890625,3.1711505889892573,88.41999816894531,80.03772003173827,80.6552001953125,81.27268035888672,,,,,,,,,,0.0,0.0,0.0
2022-09-22,84.12000274658203,84.23999786376953,81.1500015258789,81.97000122070312,81.97000122070312,1413700,-2.9596305953257924,1.7966016780644365,2.840338619982752,2.7224325932666935,2.6430487993566127,85.0760009765625,86.99100112915039,94.73733367919922,98.12416674296061,100.80140014648437,84.62375894938234,86.4869956603479,92.33668322192611,97.0733000269849,102.63844791981302,87.19918027457061,91.4366180061581,-4.237437731587491,-3.879631975086494,-0.42698361462595025,-0.42698361462595025,-0.42698361462595025,-0.42698361462595025,0.42698361462595025,-0.42698361462595025,-0.42698361462595025,-0.42698361462595025,-0.42698361462595025,1.9000015258789062,3.0691509246826163,84.23999786376953,81.44346687316894,82.0776969909668,82.71192710876466,1.0,1.0,1.0,81.44346687316894,82.0776969909668,82.71192710876466,81.97000122070312,81.97000122070312,81.97000122070312,0.6465028660360778,-0.13121197866398146,-0.8969998813906385
2022-09-23,81.37000274658203,82.37000274658203,80.47000122070312,82.31999969482422,82.31999969482422,1906400,0.42698361462595025,1.7670091701954875,2.599145142432079,2.4971245303892116,2.6238239567309067,84.35400085449218,85.87000122070313,93.85733362833659,97.89933344523112,100.42900016784668,83.85583919786296,85.72936003025268,91.69044557501633,96.58958526199602,102.2361024104073,86.44853710845578,90.76131294605929,-4.31277583760351,-3.9662607475898977,0.9475203865263335,0.9475203865263335,0.9475203865263335,0.9475203865263335,-0.9475203865263335,0.9475203865263335,0.9475203865263335,0.9475203865263335,0.9475203865263335,2.69000244140625,2.8471508026123047,82.37000274658203,77.48786582946778,78.1016960144043,78.71552619934081,,,,,,,,,,0.0,0.0,0.0
2022-09-26,81.81999969482422,83.72000122070312,81.02999877929688,81.54000091552734,81.54000091552734,1358100,-0.9475203865263335,1.2253717115543936,2.573100186114088,2.1892621510091614,2.6197473256529897,83.2240005493164,84.68300094604493,92.87300033569336,97.68633346557617,100.0437001800537,83.0838931037511,84.96765837302989,91.03557817762994,96.09615626702983,101.82627861842948,85.6933776941591,90.07825279564952,-4.384875101490422,-4.049983618370003,-0.8830036946516859,-0.8830036946516859,-0.8830036946516859,-0.8830036946516859,0.8830036946516859,-0.8830036946516859,-0.8830036946516859,-0.8830036946516859,-0.8830036946516859,2.6999969482421875,2.852150726318359,83.72000122070312,76.10627098083496,76.67570114135742,77.24513130187988,,,,,,,,,,0.0,0.0,0.0
2022-09-27,83.0199966430664,83.8499984741211,81.1500015258789,82.26000213623047,82.26000213623047,939400,0.8830036946516859,1.550449980265887,1.3494628218791433,2.199656716795408,2.6132171262012274,82.51200103759766,84.28700103759766,91.98433380126953,97.5161668141683,99.67290023803712,82.80926278124423,84.47535723906635,90.46941198141063,95.64251186929869,101.43882759898,85.1651660698624,89.49912311717402,-4.333957047311628,-4.106778304158328,-0.49841480922386916,-0.49841480922386916,-0.49841480922386916,-0.49841480922386916,0.49841480922386916,-0.49841480922386916,-0.49841480922386916,-0.49841480922386916,-0.49841480922386916,1.94000244140625,2.75465087890625,83.8499984741211,77.44526962280274,78.01569976806641,78.58612991333008,,,,,,,,,,0.0,0.0,0.0
2022-09-28,81.69000244140625,83.43000030517578,81.48999786376953,82.66999816894531,82.66999816894531,1209900,0.49841480922386916,1.5800859659659066,1.3833650726586595,2.1815965119002896,2.555039805462997,82.1520004272461,83.96000061035156,91.14300028483073,97.2900001525879,99.41120025634766,82.76284124381127,84.14711013540798,89.96622399350964,95.21718355125431,101.06716761026644,84.78129408510593,88.99326200989783,-4.211967924791907,-4.127816228285044,1.0644699079581406,1.0644699079581406,1.0644699079581406,1.0644699079581406,-1.0644699079581406,1.0644699079581406,1.0644699079581406,1.0644699079581406,1.0644699079581406,2.2399978637695312,2.7131507873535154,83.43000030517578,77.78976654052734,78.3406967163086,78.89162689208985,,,,,,,,,,0.0,0.0,0.0
2022-09-29,81.31999969482422,82.62999725341797,80.38999938964844,81.79000091552734,81.79000091552734,1955700,-1.0644699079581406,0.8990313249176369,1.3994230657698188,2.151706693555681,2.5438360856302515,82.11600036621094,83.59600067138672,90.3553337097168,97.02083346048991,99.15790023803712,82.43856113438329,83.71854482270241,89.43872573041402,94.77694805500096,100.68544153710329,84.32109513594,88.45968711401854,-4.138591978078537,-4.129971378243743,2.909887794078922,2.909887794078922,2.909887794078922,2.909887794078922,-2.909887794078922,2.909887794078922,2.909887794078922,2.909887794078922,2.909887794078922,3.4000015258789062,2.725651168823242,82.62999725341797,77.46106857299804,78.00369873046876,78.54632888793945,,,,,,,,,,0.0,0.0,0.0
2022-09-30,80.80000305175781,82.76000213623047,79.36000061035156,79.41000366210938,79.41000366210938,1875900,-2.909887794078922,1.5016224620907141,1.5475315415872486,2.211540495169383,2.5379246541244305,81.53400115966797,82.94400100708008,89.43400039672852,96.66950022379557,98.9244002532959,81.42904197695866,82.93517370259458,88.79171140342663,94.27311381261107,100.26414573759845,83.56554260150452,87.78934019165489,-4.223797590150369,-4.148736620625069,-3.664520713406482,-3.664520713406482,-3.664520713406482,-3.664520713406482,3.664520713406482,-3.664520713406482,-3.664520713406482,-3.664520713406482,-3.664520713406482,3.4900054931640625,2.7486515045166016,82.76000213623047,76.63356468200683,77.17869491577149,77.72382514953614,,,,,,,,,,0.0,0.0,0.0
2022-10-03,80.41000366210938,82.9800033569336,79.48999786376953,82.31999969482422,82.31999969482422,1441900,3.664520713406482,2.440681804133955,1.993233999962376,2.4067207265942137,2.5885418376583025,81.69000091552735,82.45700073242188,88.72133382161458,96.38466682434083,98.69510025024414,81.72602788291385,82.82332388299996,88.37418161577487,93.88120843170002,99.90881611298906,83.3739206158614,87.38420385855632,-4.010283242694925,-4.12104594503904,-4.555393602893535,-4.555393602893535,-4.555393602893535,-4.555393602893535,4.555393602893535,-4.555393602893535,-4.555393602893535,-4.555393602893535,4.555393602893535,1.9599990844726562,2.718701171875,82.9800033569336,76.71296882629395,77.26269912719727,77.81242942810059,,,,,,,,,,0.0,0.0,0.0
2022-10-04,84.41000366210938,86.26000213623047,84.30000305175781,86.06999969482422,86.06999969482422,1552900,4.555393602893535,3.1435740186938554,2.518599590585631,2.63479145471016,2.6429116484994903,82.45200042724609,82.48200073242188,88.27533391316732,96.20666681925455,98.5470002746582,83.17401848688398,83.41362857605891,88.22552471764902,93.62510322721229,99.63478014431253,83.78870201262491,87.28685540198357,-3.498153389358663,-3.996467433902965,-1.487160199646018,-1.487160199646018,-1.487160199646018,-1.487160199646018,1.487160199646018,-1.487160199646018,-1.487160199646018,-1.487160199646018,1.487160199646018,3.529998779296875,2.783700942993164,86.26000213623047,76.99886077880859,77.5426010131836,78.0863412475586,,,,,,,,,,0.0,0.0,0.0
2022-10-05,84.80999755859375,88.02999877929688,84.5,87.3499984741211,87.3499984741211,1113200,1.487160199646018,3.139255610055617,2.484162618711715,2.636936088624998,2.6453199673793653,83.38800048828125,82.77000045776367,87.89633382161459,96.03000017801921,98.40890022277831,84.56601181596302,84.1293321938884,88.16903915355046,93.41936208776667,99.3915171409424,84.33659377593202,87.29153266658636,-2.954938890654347,-3.788161725253242,-2.163708554852902,2.163708554852902,2.163708554852902,2.163708554852902,-2.163708554852902,-2.163708554852902,2.163708554852902,2.163708554852902,-2.163708554852902,2.8400039672851562,2.782701110839844,88.02999877929688,80.1358600616455,80.69260025024414,81.24934043884278,,,,,,,,,,0.0,0.0,0.0
2022-10-06,87.2300033569336,88.08000183105469,85.23999786376953,85.45999908447266,85.45999908447266,1245100,-2.163708554852902,3.363302918832666,2.3762710392709736,2.6562556569036504,2.657675158107063,84.12200012207032,83.11900024414062,87.47633387247721,95.8300001780192,98.2154002380371,84.8640075721329,84.37127162854007,87.99426237490029,93.15839936634718,99.11564549625982,84.50942536186135,87.15586351235572,-2.646438150494376,-3.5598170103014692,-4.622041879894974,4.622041879894974,4.622041879894974,4.622041879894974,-4.622041879894974,-4.622041879894974,4.622041879894974,4.622041879894974,-4.622041879894974,2.7450027465820312,2.829450988769531,88.08000183105469,81.90805633544922,82.46459655761718,83.02113677978515,,,,,,,,,,0.0,0.0,0.0
2022-10-07,83.30000305175781,83.80500030517578,81.05999755859375,81.51000213623047,81.51000213623047,1757300,-4.622041879894974,3.8964742835045354,2.865988141735981,2.730221890816323,2.7141012698238702,84.54199981689453,83.03800048828126,86.7946673075358,95.54866689046224,98.00530029296876,83.74600576016543,83.8510408117565,87.57592300466354,92.77648470306467,98.76701889507112,84.04797563484122,86.73765155856866,-2.6896759237274352,-3.3857887929866624,0.552075740950285,-0.552075740950285,-0.552075740950285,-0.552075740950285,0.552075740950285,-0.552075740950285,-0.552075740950285,-0.552075740950285,0.552075740950285,2.8300018310546875,2.8522010803222657,83.80500030517578,81.85520965576171,82.42109985351563,82.98699005126953,1.0,1.0,1.0,81.85520965576171,82.42109985351563,82.98699005126953,81.51000213623047,81.51000213623047,81.51000213623047,-0.4217294427355295,-1.1054180530281976,-1.7797824865398477
2022-10-10,81.55000305175781,82.31999969482422,79.48999786376953,81.95999908447266,81.95999908447266,1642700,0.552075740950285,3.5108989009679545,2.853707078017277,2.7412731164461697,2.702418719756364,84.46999969482422,83.08000030517579,86.33666737874348,95.24500020345052,97.74370025634765,83.15067020160117,83.50721504315945,87.21360533239316,92.42184583032395,98.43420662159393,83.72674847324606,86.38375137530228,-2.6570029020562203,-3.240031614800574,-4.075154191312562,4.075154191312562,4.075154191312562,4.075154191312562,-4.075154191312562,4.075154191312562,4.075154191312562,4.075154191312562,-4.075154191312562,2.6199951171875,2.758700942993164,82.31999969482422,77.53015792846679,78.10059814453125,78.6710383605957,,,,,,,,,,0.0,0.0,0.0
2022-10-11,79.63999938964844,80.5199966430664,77.9000015258789,78.62000274658203,78.62000274658203,1526900,-4.075154191312562,2.7204711419511662,3.118666783122101,2.3388960339527975,2.734530944092739,82.98000030517578,82.71600036621093,85.83066736857096,94.92366689046224,97.48350028991699,81.64044771659479,82.61863098923627,86.65917935911503,91.96932638495537,98.04184614882142,82.94109528452852,85.80865888428598,-2.8675635997574602,-3.1655380117919516,-0.356151613977881,0.356151613977881,0.356151613977881,0.356151613977881,-0.356151613977881,0.356151613977881,0.356151613977881,0.356151613977881,-0.356151613977881,1.725006103515625,2.736450958251953,80.5199966430664,76.25085762023926,76.80259780883789,77.35433799743652,,,,,,,,,,0.0,0.0,0.0
2022-10-12,78.41000366210938,79.19000244140625,77.46499633789062,78.33999633789062,78.33999633789062,1198200,-0.356151613977881,2.2547204549299615,3.1027444514216027,2.33882916723607,2.656359180515682,81.1779998779297,82.28300018310547,85.38366724650065,94.52233352661133,97.21860023498535,80.54029725702674,81.84069741626433,86.12245787387475,91.52246310472373,97.65171050900102,82.23323390812268,85.25542462159002,-3.0221907134673387,-3.136868552127029,-4.569826395719592,-4.569826395719592,-4.569826395719592,-4.569826395719592,4.569826395719592,-4.569826395719592,-4.569826395719592,-4.569826395719592,4.569826395719592,8.810005187988281,3.0254512786865235,79.19000244140625,74.49980453491212,75.0470947265625,75.5943849182129,,,,,,,,,,0.0,0.0,0.0
2022-10-13,75.94999694824219,84.19000244140625,75.37999725341797,81.91999816894531,81.91999816894531,1796600,4.569826395719592,3.7481276954363243,3.4765382335782915,2.591803057750442,2.6963036577876016,80.46999969482422,82.29599990844727,85.1216672261556,94.12816683451335,96.95170021057129,81.0001975609996,81.8551157349336,85.85133144129865,91.20762818879656,97.34019145276228,82.18504379440309,85.0083559954682,-2.8233122010651073,-3.074157281914645,2.7832016970932862,2.7832016970932862,2.7832016970932862,2.7832016970932862,-2.7832016970932862,2.7832016970932862,2.7832016970932862,2.7832016970932862,-2.7832016970932862,3.5100021362304688,3.0560012817382813,84.19000244140625,72.53400962829589,73.1390998840332,73.74419013977051,,,,,,,,,,0.0,0.0,0.0
2022-10-14,82.33999633789062,82.66000366210938,79.1500015258789,79.63999938964844,79.63999938964844,1341900,-2.7832016970932862,3.3463502061668913,3.4646826859222166,2.648441605013542,2.7038297165815504,80.09599914550782,82.31899948120117,84.77366714477539,93.67200012207032,96.68880020141602,80.54679817054921,81.4523673085181,85.45060034119219,90.82836167079171,96.98969260002735,81.79349850136391,84.61069995059265,-2.817201449228733,-3.022766115377463,-1.6700173797685391,-1.6700173797685391,-1.6700173797685391,-1.6700173797685391,1.6700173797685391,-1.6700173797685391,-1.6700173797685391,-1.6700173797685391,1.6700173797685391,2.5400009155273438,3.0385009765625,82.66000366210938,77.46679962158203,78.07799987792968,78.68920013427734,,,,,,,,,,0.0,0.0,0.0
2022-10-17,81.76000213623047,82.56999969482422,80.02999877929688,80.97000122070312,80.97000122070312,1156900,1.6700173797685391,3.4627378907973108,3.2885196451739245,2.6561590844194973,2.7040335089507908,79.8979995727539,82.18399963378906,84.46800053914389,93.28250020345052,96.47690017700195,80.68786585393386,81.36466438346083,85.1615294301929,90.50513673800191,96.67247098855559,81.66680661203148,84.34101856319343,-2.6742119511619507,-2.953055282534361,-0.39520771890812123,-0.39520771890812123,-0.39520771890812123,-0.39520771890812123,0.39520771890812123,-0.39520771890812123,-0.39520771890812123,-0.39520771890812123,0.39520771890812123,4.6199951171875,3.1585006713867188,82.56999969482422,75.97530151367188,76.58300170898437,77.19070190429687,,,,,,,,,,0.0,0.0,0.0
2022-10-18,83.2300033569336,84.33999633789062,79.72000122070312,81.29000091552734,81.29000091552734,941200,0.39520771890812123,2.7045117386457482,2.86808376936165,2.644393976282149,2.7058696152184396,80.43199920654297,81.70599975585938,84.21766713460286,92.90683352152506,96.24600021362305,80.8885775411317,81.35108920747292,84.91175339698869,90.20300113726503,96.36786762077284,81.608836504877,84.1150172559589,-2.5061807510818994,-2.8636803762438685,-0.6027775350608169,-0.6027775350608169,-0.6027775350608169,-0.6027775350608169,0.6027775350608169,-0.6027775350608169,-0.6027775350608169,-0.6027775350608169,0.6027775350608169,1.75,3.0465007781982423,84.33999633789062,75.62129821777344,76.25299835205078,76.88469848632812,,,,,,,,,,0.0,0.0,0.0
2022-10-19,80.69999694824219,82.13999938964844,80.38999938964844,81.77999877929688,81.77999877929688,856600,0.6027775350608169,2.6442991503542816,2.8119701160784785,2.6312863730434235,2.668722398769461,81.11999969482422,81.14899978637695,83.94166717529296,92.60666681925456,95.97900016784668,81.18571795385343,81.42907276598636,84.70970471197631,89.92683712552838,96.07899893084263,81.63516916248005,83.94205292435431,-2.3068837618742606,-2.752321053369947,-0.41575442939628704,-0.41575442939628704,-0.41575442939628704,-0.41575442939628704,0.41575442939628704,-0.41575442939628704,-0.41575442939628704,-0.41575442939628704,0.41575442939628704,2.563995361328125,3.020200729370117,82.13999938964844,77.6376946258545,78.24699478149414,78.85629493713378,,,,,,,,,,0.0,0.0,0.0
2022-10-20,82.16000366210938,84.21399688720703,81.6500015258789,82.12000274658203,82.12000274658203,875500,0.41575442939628704,1.6740284251799582,2.772770630665082,2.5470633043554787,2.6010311705610794,81.16000061035156,80.81500015258788,83.64166717529297,92.2403335571289,95.67830017089844,81.4971462180963,81.55469639882193,84.54262716582186,89.6708753426121,95.80258316481768,81.70975894464958,83.80708624451933,-2.0973272998697468,-2.621322302669907,4.103744525663408,-4.103744525663408,-4.103744525663408,-4.103744525663408,4.103744525663408,-4.103744525663408,-4.103744525663408,-4.103744525663408,4.103744525663408,4.3600006103515625,3.14320068359375,84.21399688720703,75.49555778503418,76.0995979309082,76.70363807678223,,,,,,,,,,0.0,0.0,0.0
2022-10-21,82.02999877929688,85.63999938964844,81.27999877929688,85.48999786376953,85.48999786376953,1036700,4.103744525663408,1.580349882642304,2.654017925172644,2.704302619608386,2.6641456940842496,82.33000030517579,81.2129997253418,83.3736671447754,91.93450024922689,95.41570014953614,82.82809676665406,82.27020575608513,84.60374785601203,89.53379739248612,95.59837355489593,82.29133416297572,83.93174636446379,-1.6404122014880755,-2.425140282433541,0.6082632886359144,-0.6082632886359144,-0.6082632886359144,-0.6082632886359144,0.6082632886359144,0.6082632886359144,-0.6082632886359144,-0.6082632886359144,0.6082632886359144,2.9489974975585938,3.1561504364013673,85.63999938964844,77.29895538330078,77.92759552001954,78.55623565673828,,,,,,,,,,0.0,0.0,0.0
2022-10-24,83.81999969482422,86.66899871826172,83.72000122070312,86.01000213623047,86.01000213623047,1010300,0.6082632886359144,1.6123064630062627,2.6541775725541856,2.6911808713792236,2.665867944085056,83.33800048828125,81.61800003051758,83.12700042724609,91.633500289917,95.17990020751954,83.8887318898462,82.95016873429337,84.69447393860678,89.41826312178921,95.40850481393225,82.86343692809183,84.08569123644651,-1.2222543083546782,-2.1845630876177684,0.03487824503173503,-0.03487824503173503,-0.03487824503173503,-0.03487824503173503,0.03487824503173503,0.03487824503173503,-0.03487824503173503,-0.03487824503173503,0.03487824503173503,1.970001220703125,3.119650650024414,86.66899871826172,78.69646842956543,79.3276985168457,79.95892860412597,,,,,,,,,,0.0,0.0,0.0
2022-10-25,86.3499984741211,87.7300033569336,85.76000213623047,86.04000091552734,86.04000091552734,1339800,0.03487824503173503,1.6658408805107563,2.1310613200946813,2.6882173796572557,2.663533784818542,84.28800048828126,82.35999984741211,83.12100041707357,91.35350036621094,94.90670021057129,84.60582156507326,83.51195640360862,84.78128213066617,89.30750042650193,95.22298988525097,83.35213908000499,84.23045491637842,-0.8783158363734316,-1.923313637368901,-0.7205982566071096,0.7205982566071096,0.7205982566071096,0.7205982566071096,-0.7205982566071096,-0.7205982566071096,0.7205982566071096,0.7205982566071096,-0.7205982566071096,2.9200057983398438,3.168650817871094,87.7300033569336,79.805767288208,80.4296974182129,81.05362754821778,,,,,,,,,,0.0,0.0,0.0
2022-10-26,84.79000091552734,87.2300033569336,84.30999755859375,85.41999816894531,85.41999816894531,998900,-0.7205982566071096,1.8679993045228198,2.1583680417163764,2.696314749608328,2.663686066653223,85.01600036621093,83.06800003051758,83.10366694132487,91.06100031534831,94.6703002166748,84.87721376636395,83.85887308821529,84.82248961700677,89.18004133609023,95.02887123740334,83.67027124753426,84.31856923138338,-0.648297983849119,-1.6683105066649446,-0.5033953575195803,0.5033953575195803,0.5033953575195803,0.5033953575195803,-0.5033953575195803,-0.5033953575195803,0.5033953575195803,0.5033953575195803,-0.5033953575195803,2.3899993896484375,3.176150894165039,87.2300033569336,80.75897155761719,81.3927017211914,82.02643188476563,,,,,,,,,,0.0,0.0,0.0
2022-10-27,86.18000030517578,87.01000213623047,84.62000274658203,84.98999786376953,84.98999786376953,1182400,-0.5033953575195803,1.968656543781376,1.7559506652114985,2.685382351429099,2.6097983116657555,85.58999938964844,83.375,83.089000193278,90.69633356730144,94.42190017700196,84.91480846549915,84.06453213831605,84.83329660066889,89.0426628615879,94.83008166564821,83.87330611157046,84.3683046856342,-0.49499857406374304,-1.4336481201447044,4.0828348134155625,4.0828348134155625,-4.0828348134155625,-4.0828348134155625,4.0828348134155625,4.0828348134155625,-4.0828348134155625,-4.0828348134155625,4.0828348134155625,3.5410003662109375,3.1832008361816406,87.01000213623047,80.2424713897705,80.87770156860351,81.51293174743653,,,,,,,,,,0.0,0.0,0.0
2022-10-28,85.3499984741211,88.69999694824219,85.15899658203125,88.45999908447266,88.45999908447266,1200600,4.0828348134155625,1.959632169243064,1.7226904308498567,2.710670249501587,2.6600484957646056,86.18399963378906,84.25699996948242,83.17333348592122,90.36050020853678,94.19110015869141,86.09653867182365,84.86370794670816,85.06727740607559,89.02355913119068,94.70394141651602,84.57895118432464,84.67139315962223,-0.09244197529758935,-1.1654068911752815,-2.6904784965521533,-2.6904784965521533,2.6904784965521533,2.6904784965521533,-2.6904784965521533,-2.6904784965521533,2.6904784965521533,2.6904784965521533,-2.6904784965521533,2.4950027465820312,3.1334506988525392,88.69999694824219,80.00696029663087,80.64360046386719,81.28024063110351,,,,,,,,,,0.0,0.0,0.0
2022-10-31,87.9000015258789,88.01000213623047,85.51499938964844,86.08000183105469,86.08000183105469,1081800,-2.6904784965521533,2.483638384651217,2.07041529405777,2.702020780655623,2.665223535945286,86.1979995727539,84.76800003051758,83.13633346557617,90.02700030008951,93.95810020446777,86.09102639156734,85.08485228931661,85.13261446575166,88.92704905577638,94.5331703356158,84.80988205305233,84.7757345426913,0.0341475103610378,-0.9254960108680177,0.4995356598850025,0.4995356598850025,-0.4995356598850025,-0.4995356598850025,0.4995356598850025,0.4995356598850025,-0.4995356598850025,-0.4995356598850025,0.4995356598850025,2.4800033569335938,3.159450912475586,88.01000213623047,81.8064054107666,82.4330955505371,83.05978569030762,,,,,,,,,,0.0,0.0,0.0
2022-11-01,87.80000305175781,87.91000366210938,85.43000030517578,86.51000213623047,86.51000213623047,953400,0.4995356598850025,2.4920474322524084,2.0693470694535656,2.5077454502710306,2.666044585700981,86.29199981689453,85.2900001525879,83.15933354695638,89.6950003306071,93.7719002532959,86.23068497312173,85.34397044330095,85.2214781864277,88.84780161579127,94.37429571780618,85.07143898892589,84.90419880887939,0.16724018004650532,-0.7069487726851131,-2.3465480628473014,-2.3465480628473014,2.3465480628473014,2.3465480628473014,-2.3465480628473014,-2.3465480628473014,-2.3465480628473014,2.3465480628473014,-2.3465480628473014,5.329994201660156,3.24945068359375,87.91000366210938,81.05921012878417,81.6911003112793,82.32299049377441,,,,,,,,,,0.0,0.0,0.0
2022-11-02,86.56999969482422,89.80999755859375,84.4800033569336,84.4800033569336,84.4800033569336,2295900,-2.3465480628473014,2.7264387354681734,2.275660087156922,2.538868978710262,2.6369003664898343,86.10400085449218,85.56000061035157,83.1596669514974,89.39916699727377,93.60420028686524,85.64712443439235,85.18688551850688,85.1736411006539,88.70459511550085,94.17836913640275,84.98044889169631,84.87277692355006,0.10767196814624924,-0.5440246245188407,-2.1425249953422583,-2.1425249953422583,2.1425249953422583,2.1425249953422583,-2.1425249953422583,-2.1425249953422583,-2.1425249953422583,2.1425249953422583,-2.1425249953422583,5.1190032958984375,3.3634006500244142,89.80999755859375,80.76121215820312,81.41110229492188,82.06099243164063,,,,,,,,,,0.0,0.0,0.0
2022-11-03,80.0,84.87000274658203,79.7509994506836,82.66999816894531,82.66999816894531,2505300,-2.1425249953422583,2.8681606380441793,2.40724245487911,2.5379829303915655,2.485881795604002,85.64000091552734,85.6150001525879,83.18300018310546,88.96016693115234,93.49080024719238,84.65474901257667,84.72926963676842,85.01211575022108,88.50673947790887,93.95048060239368,84.62499493435,84.70960812691268,-0.08461319256268496,-0.45214233812760957,5.056248213086309,5.056248213086309,-5.056248213086309,-5.056248213086309,5.056248213086309,-5.056248213086309,-5.056248213086309,-5.056248213086309,5.056248213086309,3.0439987182617188,3.3783504486083986,84.87000274658203,82.41051612854004,83.08319625854492,83.75587638854981,1.0,1.0,1.0,80.0,80.0,80.0,82.66999816894531,82.66999816894531,82.66999816894531,3.3374977111816406,3.3374977111816406,3.3374977111816406
2022-11-04,85.33999633789062,87.3740005493164,84.33000183105469,86.8499984741211,86.8499984741211,1968200,5.056248213086309,3.2643235623284625,2.5951064624838196,2.560045745653661,2.5847959154129474,85.31800079345703,85.75100021362304,83.33400014241536,88.59566688537598,93.3927001953125,85.38649883309148,85.11485669810527,85.13068882918238,88.4524201007355,93.80987699589323,84.96730317123786,84.86815556003924,0.09914761119861737,-0.34188434826236425,-1.4507796872396201,1.4507796872396201,-1.4507796872396201,-1.4507796872396201,1.4507796872396201,1.4507796872396201,-1.4507796872396201,-1.4507796872396201,1.4507796872396201,2.5800018310546875,3.3658504486083984,87.3740005493164,77.43763175964355,78.11330184936523,78.7889719390869,,,,,,,,,,0.0,0.0,0.0
2022-11-07,87.55999755859375,88.54000091552734,85.95999908447266,88.11000061035156,88.11000061035156,1387000,1.4507796872396201,3.031051511031589,2.623790867616615,2.571665081666026,2.574744096861542,85.7240005493164,85.96100006103515,83.55300013224284,88.2130002339681,93.28860023498535,86.29433275884485,85.65942831851369,85.3229024924836,88.44119323219832,93.69700815657558,85.45079508494766,85.10829223043275,0.3425028545149047,-0.20500690770691044,-0.034046962988388184,0.034046962988388184,-0.034046962988388184,-0.034046962988388184,0.034046962988388184,0.034046962988388184,0.034046962988388184,-0.034046962988388184,0.034046962988388184,2.9849929809570312,3.384100341796875,88.54000091552734,79.96912956237793,80.64229965209961,81.31546974182129,,,,,,,,,,0.0,0.0,0.0
2022-11-08,88.87000274658203,89.7699966430664,86.78500366210938,88.13999938964844,88.13999938964844,1603800,0.034046962988388184,3.038343536131408,2.6237992306861733,2.350487946433573,2.566759283814048,86.05,86.17099990844727,83.7490000406901,87.86666692097982,93.23880020141601,86.90955496911272,86.11044124053818,85.50465067939747,88.43131802424587,93.58696837901266,85.86451882413239,85.3328631311154,0.5316556930169867,-0.057674387562131016,3.6759676494280207,-3.6759676494280207,3.6759676494280207,3.6759676494280207,-3.6759676494280207,-3.6759676494280207,-3.6759676494280207,3.6759676494280207,-3.6759676494280207,2.279998779296875,3.4118499755859375,89.7699966430664,81.09498016357422,81.7718002319336,82.44862030029297,,,,,,,,,,0.0,0.0,0.0
2022-11-09,86.87999725341797,87.05999755859375,84.77999877929688,84.9000015258789,84.9000015258789,1221800,-3.6759676494280207,3.3789899893211737,2.8999352302233574,2.5317290786974915,2.6020756266964917,86.13399963378906,86.11900024414062,83.82333348592122,87.48316688537598,93.13650024414062,86.23970382136812,85.89036129241832,85.46564105658983,88.31553715544696,93.41494923340605,85.716131547478,85.30079930850529,0.41533223897270943,0.036926937744837074,11.519432984127535,11.519432984127535,-11.519432984127535,-11.519432984127535,11.519432984127535,11.519432984127535,11.519432984127535,-11.519432984127535,11.519432984127535,5.510002136230469,3.2468498229980467,87.05999755859375,82.26392669677735,82.94629669189453,83.62866668701172,,,,,,,,,,0.0,0.0,0.0
2022-11-10,89.4000015258789,94.91000366210938,89.4000015258789,94.68000030517578,94.68000030517578,1953300,11.519432984127535,5.755402722284643,4.645689872541827,3.4424850902739164,3.007809022660847,88.53600006103515,87.08800048828125,84.25300013224283,87.30416692097982,93.12070022583008,89.05313598263734,87.48847747655603,86.06011584682119,88.52420807838888,93.43999974967872,87.09518827943151,85.99555493788829,1.0996333415432247,0.2494682185045146,2.217995846379708,2.217995846379708,-2.217995846379708,-2.217995846379708,2.217995846379708,2.217995846379708,2.217995846379708,-2.217995846379708,2.217995846379708,4.2299957275390625,3.2828495025634767,94.91000366210938,79.91692794799805,80.56629791259766,81.21566787719726,,,,,,,,,,0.0,0.0,0.0
2022-11-11,94.05000305175781,97.38999938964844,93.16000366210938,96.77999877929688,96.77999877929688,1167500,2.217995846379708,5.625214404134334,4.552660002313267,3.35040288588289,3.0154139228886807,90.52200012207031,87.92000045776368,84.83199996948242,87.13300018310547,93.13600021362305,91.62875691485719,89.17784498614526,86.7517211973035,88.79488974071373,93.50613834432463,88.58515912556464,86.79440262984448,1.79075649572016,0.5577258739476437,-2.448848054433421,-2.448848054433421,2.448848054433421,2.448848054433421,-2.448848054433421,-2.448848054433421,-2.448848054433421,2.448848054433421,-2.448848054433421,2.4000015258789062,3.275849533081055,97.38999938964844,87.68773475646972,88.34430465698242,89.00087455749511,,,,,,,,,,0.0,0.0,0.0
2022-11-14,95.7699966430664,96.73999786376953,94.33999633789062,94.41000366210938,94.41000366210938,901000,-2.448848054433421,6.029786768495936,4.531534508432992,3.434563052369078,3.00517932920375,91.78200073242188,88.75300064086915,85.23500010172526,86.97816696166993,93.13030021667481,92.55583916394126,90.12914656359327,87.2458039369684,88.97899183649719,93.52403666744908,89.48128905426384,87.35852122482707,2.122767829436768,0.8707342650454686,4.596966602631798,4.596966602631798,-4.596966602631798,-4.596966602631798,4.596966602631798,4.596966602631798,4.596966602631798,-4.596966602631798,4.596966602631798,3.1349945068359233,3.201599502563476,96.73999786376953,90.18313041687011,90.83830032348632,91.49347023010253,,,,,,,,,,0.0,0.0,0.0
2022-11-15,98.33000183105469,100.0449981689453,96.91000366210938,98.75,98.75,1275400,4.596966602631798,6.091875148841726,4.662945373652811,3.533980895497609,3.0193310486439406,93.90400085449218,89.9770004272461,85.65766677856445,86.96650034586588,93.13910018920899,94.62055944262751,91.69657446112176,87.98801013458335,89.29935275989072,93.62752108987583,90.9072445843771,88.20233446743246,2.7049101169446317,1.2375694354253013,-5.9949348546281644,-5.9949348546281644,5.9949348546281644,5.9949348546281644,5.9949348546281644,-5.9949348546281644,-5.9949348546281644,5.9949348546281644,-5.9949348546281644,5.3800048828125,3.383099746704101,100.0449981689453,89.69647895812989,90.33679885864258,90.97711875915527,,,,,,,,,,0.0,0.0,0.0
2022-11-16,97.51000213623047,97.51000213623047,92.12999725341797,92.83000183105469,92.83000183105469,2184400,-5.9949348546281644,6.7290452755336245,5.112031262301973,3.868528277090028,3.1167849134809025,95.49000091552735,90.8120002746582,85.8403335571289,86.86833368937174,93.06940017700195,94.02370690543657,91.90265216474592,88.30039669564601,89.41511174583052,93.61172862930512,91.20305339155826,88.54512464251559,2.657928749042668,1.5216412981487748,5.246143510856128,5.246143510856128,-5.246143510856128,-5.246143510856128,-5.246143510856128,5.246143510856128,5.246143510856128,-5.246143510856128,5.246143510856128,6.589996337890625,3.5843997955322258,97.51000213623047,92.60217872619627,93.2787986755371,93.95541862487792,1.0,1.0,1.0,92.60217872619627,93.2787986755371,93.95541862487792,92.83000183105469,92.83000183105469,92.83000183105469,0.24602348237619498,-0.4811348890153703,-1.1978199983510494
2022-11-17,91.16000366210938,97.75,91.16000366210938,97.69999694824219,97.69999694824219,1697500,5.246143510856128,4.8190435967867895,5.131435398525506,3.9981427104699327,3.1897374654380473,96.09400024414063,92.31500015258788,86.24833348592122,86.86233367919922,93.0609001159668,95.24913691970511,92.95671485265433,88.90682251839415,89.68674732623745,93.6926844376009,92.20258316950964,89.22326333182866,2.9793198376809755,1.813177006055215,1.2487218616285485,1.2487218616285485,-1.2487218616285485,-1.2487218616285485,-1.2487218616285485,1.2487218616285485,1.2487218616285485,-1.2487218616285485,1.2487218616285485,2.14300537109375,3.4735500335693352,97.75,89.62432258605958,90.34120254516601,91.05808250427246,,,,,,,,,,0.0,0.0,0.0
2022-11-18,98.9800033569336,99.59300231933594,97.44999694824219,98.91999816894531,98.91999816894531,1393600,1.2487218616285485,4.763063559926798,5.002633879444304,3.9298630779482435,3.1519308965119164,96.52200012207031,93.52200012207031,86.82866668701172,86.81166699727376,93.09200012207032,96.47275733611852,94.04094818288905,89.55283385068779,89.98947686206392,93.79619560059783,93.23603163096128,89.94153998642989,3.2944916445313908,2.1094399337504504,-4.134650640515911,-4.134650640515911,-4.134650640515911,4.134650640515911,4.134650640515911,-4.134650640515911,-4.134650640515911,4.134650640515911,-4.134650640515911,3.5099945068359375,3.5015998840332023,99.59300231933594,90.10818992614746,90.80289993286132,91.4976099395752,,,,,,,,,,0.0,0.0,0.0
2022-11-21,97.41000366210938,98.30999755859375,94.80000305175781,94.83000183105469,94.83000183105469,1072400,-4.134650640515911,5.07599315756605,5.301616929110162,4.082416180415349,3.095887217620335,96.60599975585937,94.19400024414062,87.25766677856446,86.79716707865397,93.09710014343261,95.92517216776392,94.18441248255553,89.89329630103404,90.14818259875214,93.81666701110193,93.48125781559104,90.30364827121691,3.1776095443741212,2.323073855875185,2.214487433905534,2.214487433905534,2.214487433905534,-2.214487433905534,-2.214487433905534,2.214487433905534,2.214487433905534,-2.214487433905534,2.214487433905534,2.8499984741210938,3.545599746704101,98.30999755859375,91.88948257446289,92.58980255126953,93.29012252807617,,,,,,,,,,0.0,0.0,0.0
2022-11-22,95.5999984741211,96.97000122070312,94.12000274658203,96.93000030517578,96.93000030517578,913600,2.214487433905534,4.653397959326219,5.308665873862594,4.096546045216453,3.096995394744997,96.24199981689453,95.07300033569337,87.86800003051758,86.84933369954427,93.14170013427734,96.26011488023454,94.68361026848649,90.34727720452707,90.37053727765127,93.87831717534101,94.01183358321946,90.79448916262128,3.217344420598181,2.501927968819784,0.6705885936577244,0.6705885936577244,0.6705885936577244,-0.6705885936577244,-0.6705885936577244,0.6705885936577244,0.6705885936577244,-0.6705885936577244,0.6705885936577244,2.3199996948242188,3.5155994415283196,96.97000122070312,90.50967811584472,91.21879806518555,91.92791801452637,,,,,,,,,,0.0,0.0,0.0
2022-11-23,96.81999969482422,98.87999725341797,96.55999755859375,97.58000183105469,97.58000183105469,604200,0.6705885936577244,3.392185599646212,5.0476154467027525,4.083383330005579,3.0831686128303812,97.19199981689454,96.34100036621093,88.50933354695638,86.94650039672851,93.15510017395019,96.70007719717461,95.21022691622616,90.81390459978692,90.6069131646481,93.95161786159277,94.56078254442488,91.29711973065339,3.2636628137714894,2.6542749378101256,-1.680671611881965,-1.680671611881965,-1.680671611881965,1.680671611881965,1.680671611881965,-1.680671611881965,-1.680671611881965,-1.680671611881965,-1.680671611881965,1.7699966430664062,3.484599304199218,98.87999725341797,89.23568244934083,89.93880233764648,90.64192222595214,,,,,,,,,,0.0,0.0,0.0
2022-11-25,97.30000305175781,97.69999694824219,95.93000030517578,95.94000244140625,95.94000244140625,371000,-1.680671611881965,2.5625884420772618,3.68130322993392,4.1107209823973925,3.0778642291962117,96.84000091552734,96.46700057983398,88.97666702270507,87.04916712443034,93.13510017395019,96.44671894525183,95.34291337534981,91.14462058956883,90.78176855077132,93.99099181366827,94.77297022088356,91.64103696848694,3.131933252396621,2.7498066007274247,-1.8032137929016256,-1.8032137929016256,-1.8032137929016256,1.8032137929016256,1.8032137929016256,-1.8032137929016256,-1.8032137929016256,-1.8032137929016256,-1.8032137929016256,2.5149993896484375,3.433299255371093,97.69999694824219,91.21387878417968,91.91079864501953,92.60771850585938,,,,,,,,,,0.0,0.0,0.0
2022-11-28,94.69999694824219,96.25499725341797,93.73999786376953,94.20999908447266,94.20999908447266,936800,-1.8032137929016256,2.4517385605924145,3.655131148536296,4.065191079561295,3.0881276544962875,95.89800109863282,96.21000061035156,89.46233367919922,87.11800041198731,93.07230018615722,95.70114565832544,95.13692895882669,91.34238694407875,90.89416955187627,93.99532859130797,94.68635927682034,91.83133045855996,2.8550288182603794,2.7708510442340155,0.24413090943015361,-0.24413090943015361,-0.24413090943015361,0.24413090943015361,0.24413090943015361,-0.24413090943015361,-0.24413090943015361,-0.24413090943015361,-0.24413090943015361,2.3100051879882812,3.4240493774414054,96.25499725341797,90.14673858642578,90.8333984375,91.52005828857422,,,,,,,,,,0.0,0.0,0.0
2022-11-29,95.48999786376953,95.94000244140625,93.62999725341797,93.9800033569336,93.9800033569336,927100,-0.24413090943015361,1.6842929482674223,3.5704974289492983,4.003907676590919,3.0884811477130953,95.72800140380859,96.16700057983398,89.89600041707357,87.18200047810872,93.01800018310547,95.1274315578615,94.92657884939157,91.51255574490811,90.99534443073061,93.99502512132035,94.5776891352993,91.99049141399504,2.58719772130425,2.7341203796480626,-5.607572307750508,5.607572307750508,5.607572307750508,-5.607572307750508,-5.607572307750508,5.607572307750508,5.607572307750508,5.607572307750508,-5.607572307750508,6.120002746582031,3.6060493469238275,95.94000244140625,88.72208862304687,89.40689849853516,90.09170837402344,,,,,,,,,,0.0,0.0,0.0
2022-11-30,94.5,99.30000305175781,93.18000030517578,99.25,99.25,1941400,5.607572307750508,3.0302535255449548,3.725625757418968,4.162692441889567,3.161032807771745,96.19200134277344,96.21700057983398,90.49466705322266,87.35616709391276,93.04300018310546,96.50162103857434,95.71265542222946,92.01174569684953,91.26598887562469,94.09908402980905,95.2965061914071,92.52823279073615,2.7682734006709495,2.74095098385264,2.0151133501259446,-2.0151133501259446,-2.0151133501259446,2.0151133501259446,2.0151133501259446,-2.0151133501259446,-2.0151133501259446,-2.0151133501259446,-2.0151133501259446,3.0550003051757386,3.4922996520996064,99.30000305175781,88.00669387817383,88.7279037475586,89.44911361694336,,,,,,,,,,0.0,0.0,0.0
2022-12-01,100.0,100.1650009155273,97.11000061035156,97.25,97.25,1267100,-2.0151133501259446,3.226364470730053,3.1721138414246717,4.150275406101086,3.170292889029413,96.1260009765625,96.65900039672852,91.01033376057943,87.4760004679362,93.03600021362304,96.75108069238291,95.99217261818774,92.34969758737537,91.46218596166977,94.16147840545639,95.5970437004214,92.8779933247557,2.719050375665688,2.73657086221525,0.06169414765424165,-0.06169414765424165,-0.06169414765424165,0.06169414765424165,0.06169414765424165,-0.06169414765424165,-0.06169414765424165,-0.06169414765424165,0.06169414765424165,2.55999755859375,3.3643493652343723,100.1650009155273,91.61694381713868,92.3154037475586,93.01386367797852,,,,,,,,,,0.0,0.0,0.0
2022-12-02,95.08000183105469,97.27999877929688,94.72000122070312,97.19000244140625,97.19000244140625,690100,-0.06169414765424165,3.0975969722133616,2.7008137344405907,4.0987556362908215,3.167702204901825,96.3760009765625,96.60800094604492,91.51266708374024,87.5771671295166,93.03330024719239,96.89738794205736,96.20995985877292,92.6619753198935,91.64998322330048,94.2214491784455,95.84211427595753,93.19740140747057,2.6447128684869625,2.7181992634695926,-0.3806925690845229,0.3806925690845229,0.3806925690845229,-0.3806925690845229,-0.3806925690845229,0.3806925690845229,0.3806925690845229,0.3806925690845229,-0.3806925690845229,2.4199981689453125,3.333149337768552,97.27999877929688,92.76343231201169,93.43630218505855,94.10917205810543,,,,,,,,,,0.0,0.0,0.0
2022-12-05,96.4800033569336,98.72000122070312,96.30000305175781,97.55999755859375,97.55999755859375,878800,0.3806925690845229,2.8733266962918753,2.669278605272718,3.9802581505133716,3.150996133434956,97.04600067138672,96.47200088500976,91.91500040690104,87.64433377583822,93.02500022888184,97.11825781423616,96.45542125874033,92.97797675464835,91.84375418511337,94.28755904735932,96.10640401174771,93.52055667792413,2.5858473338235797,2.69172887754039,-1.906519738517276,-1.906519738517276,-1.906519738517276,1.906519738517276,1.906519738517276,-1.906519738517276,-1.906519738517276,-1.906519738517276,1.906519738517276,2.9000015258789062,3.3491493225097626,98.72000122070312,89.94707023620606,90.61370010375977,91.28032997131348,,,,,,,,,,0.0,0.0,0.0
2022-12-06,97.55999755859375,97.68000030517578,94.77999877929688,95.69999694824219,95.69999694824219,1024000,-1.906519738517276,3.101819809619195,2.372142874105703,4.015631678349654,3.1617016899228276,97.38999938964844,96.55900039672852,92.2380002339681,87.6825003306071,92.9802001953125,96.64550419223818,96.31807138410429,93.15359096068667,91.9701883740684,94.31552811470353,96.04387984813147,93.6819966979477,2.361883150183772,2.6257597320690667,-0.2925797160143149,-0.2925797160143149,-0.2925797160143149,0.2925797160143149,0.2925797160143149,-0.2925797160143149,-0.2925797160143149,-0.2925797160143149,0.2925797160143149,2.4099960327148438,3.3203994750976533,97.68000030517578,91.35187271118164,92.0217025756836,92.69153244018555,,,,,,,,,,0.0,0.0,0.0
2022-12-07,94.20999908447266,96.23999786376953,93.83000183105469,95.41999816894531,95.41999816894531,702300,-0.2925797160143149,1.1062658133542849,2.2553469095378107,4.018240718616733,2.9926249898450483,96.6239990234375,96.40800018310547,92.55066680908203,87.8358336130778,92.95540016174317,96.23700218447391,96.15478534498446,93.29981078057433,92.08329689193322,94.33739880884693,95.94789805133361,93.81073754765123,2.137160503682381,2.5280398863917295,3.521275073179663,3.521275073179663,3.521275073179663,-3.521275073179663,-3.521275073179663,3.521275073179663,3.521275073179663,3.521275073179663,-3.521275073179663,3.660003662109375,3.3893997192382783,96.23999786376953,90.37512145996094,91.03920135498048,91.70328125,,,,,,,,,,0.0,0.0,0.0
2022-12-08,96.16000366210938,99.18000030517578,95.5199966430664,98.77999877929688,98.77999877929688,1001400,3.521275073179663,1.9830431852723844,2.5316492063512066,3.9488723257497282,3.0219721564270863,96.92999877929688,96.52799987792969,92.99600016276041,88.04983355204264,92.91900016784668,97.08466771608157,96.63209687849582,93.65337129662096,92.30286088824022,94.4253710854895,96.38360585563564,94.17883097221757,2.204774883418068,2.4633868857969974,-1.1945741240716592,-1.1945741240716592,-1.1945741240716592,1.1945741240716592,1.1945741240716592,-1.1945741240716592,-1.1945741240716592,-1.1945741240716592,1.1945741240716592,2.1500015258789062,3.2213996887207004,99.18000030517578,88.78331848144532,89.46119842529298,90.13907836914063,,,,,,,,,,0.0,0.0,0.0
2022-12-09,97.69999694824219,99.23999786376953,97.08999633789062,97.5999984741211,97.5999984741211,1032000,-1.1945741240716592,2.1000035799732935,2.4970109961229086,3.061506962922118,3.025898881485954,97.01199798583984,96.69399948120117,93.4163335164388,88.2526668548584,92.83930015563965,97.25644463542808,96.80807898679132,93.90799240484678,92.47653753040025,94.48823499417527,96.57074318155648,94.43225078717339,2.1384923943830927,2.398407987514217,1.639342724524056,1.639342724524056,1.639342724524056,-1.639342724524056,-1.639342724524056,1.639342724524056,1.639342724524056,1.639342724524056,-1.639342724524056,2.279998779296875,3.123899841308591,99.23999786376953,92.09292098999023,92.73720092773438,93.38148086547852,,,,,,,,,,0.0,0.0,0.0
2022-12-12,97.5999984741211,99.22000122070312,96.94000244140625,99.19999694824219,99.19999694824219,677400,1.639342724524056,2.2141495024187305,2.4265888852129107,3.044080853205596,3.0308373801049813,97.33999786376953,97.19299926757813,93.77433344523112,88.47383346557618,92.76120010375976,97.90429540636613,97.24297316160056,94.24941205280777,92.69697882278851,94.5815372110875,96.97524376104658,94.78541716947478,2.1898265915718014,2.3566917083257337,3.0241936414224595,3.0241936414224595,3.0241936414224595,-3.0241936414224595,-3.0241936414224595,3.0241936414224595,3.0241936414224595,3.0241936414224595,-3.0241936414224595,2.9599990844725994,3.1518997192382754,99.22000122070312,92.36741821289063,92.99219818115235,93.61697814941407,,,,,,,,,,0.0,0.0,0.0
2022-12-13,103.1999969482422,104.4400024414062,101.4800033569336,102.1999969482422,102.1999969482422,1666600,3.0241936414224595,2.047770534971803,2.5267626024414884,3.0425099817822914,3.0477637479190487,98.63999786376954,98.01499862670899,94.31166661580404,88.7240000406901,92.73980010986328,99.33619592032483,98.14425021371721,94.76235301380355,93.00855318755748,94.73239779994204,97.77905194369207,95.33464530123534,2.444406642456727,2.3742346951519324,-1.2328713742272572,-1.2328713742272572,-1.2328713742272572,1.2328713742272572,1.2328713742272572,-1.2328713742272572,-1.2328713742272572,-1.2328713742272572,-1.2328713742272572,3.389999389648409,3.1646499633789,104.4400024414062,92.28582183837892,92.91620178222658,93.54658172607422,,,,,,,,,,0.0,0.0,0.0
2022-12-14,101.2300033569336,102.9700012207031,99.58000183105469,100.9400024414062,100.9400024414062,1093600,-1.2328713742272572,2.266610715266158,1.965327889766759,2.8992922705710784,3.0445347600502553,99.74399871826171,98.1839988708496,94.79266662597657,88.97600008646647,92.7109001159668,99.87079809401862,98.65256880056975,95.16091104139082,93.26860070407712,94.85532066412944,98.26535202026348,95.749856941248,2.51549507901548,2.402486771924642,-4.051915859284104,-4.051915859284104,-4.051915859284104,4.051915859284104,4.051915859284104,-4.051915859284104,-4.051915859284104,-4.051915859284104,-4.051915859284104,2.9899978637695312,3.0451496124267514,102.9700012207031,97.47777252197261,98.1107025146484,98.74363250732418,,,,,,,,,,0.0,0.0,0.0
2022-12-15,99.08999633789062,99.44999694824219,96.45999908447266,96.8499984741211,96.8499984741211,1414000,-4.051915859284104,2.763093780675398,2.2964628427305085,2.7088613474970153,3.0871191423855073,99.35799865722655,98.14399871826171,95.20499979654947,89.18233337402344,92.68150009155273,98.86386488738613,98.32482874121544,95.2698844241476,93.38602358178346,94.89481923462432,98.04760532085696,95.831348906646,2.21625641421096,2.365240700381906,-2.3335076632286733,-2.3335076632286733,-2.3335076632286733,2.3335076632286733,2.3335076632286733,-2.3335076632286733,-2.3335076632286733,-2.3335076632286733,2.3335076632286733,3.3700027465820312,2.884149932861322,99.44999694824219,96.27067207336424,96.87970199584959,97.48873191833495,,1.0,1.0,,96.87970199584959,97.48873191833495,,96.8499984741211,96.8499984741211,0.0,-0.030660211702308305,-0.6551869448347262
2022-12-16,96.16000366210938,96.68000030517578,93.30999755859375,94.58999633789062,94.58999633789062,3711900,-2.3335076632286733,2.8926771391163135,2.410847190776234,2.49433006753946,3.077044133654211,98.75599822998046,97.88399810791016,95.60233306884766,89.39266662597656,92.58640007019044,97.43924203755431,97.64576830424728,95.22602067664717,93.42549809837713,94.8887831376593,97.51566547732368,95.73939686451597,1.776268612807712,2.247446282867067,-1.6597946459538155,-1.6597946459538155,-1.6597946459538155,1.6597946459538155,1.6597946459538155,1.6597946459538155,-1.6597946459538155,-1.6597946459538155,1.6597946459538155,3.1800003051757812,2.9359996795654233,96.68000030517578,93.10486709594728,93.68169708251955,94.25852706909181,,1.0,1.0,,93.68169708251955,94.25852706909181,,94.58999633789062,94.58999633789062,0.0,0.9695589252306147,0.35165971621415715
2022-12-19,94.88999938964844,95.01000213623047,91.83000183105469,93.0199966430664,93.0199966430664,1052000,-1.6597946459538155,2.6201943930376212,2.4382346603211897,2.494366585744974,3.0871853047132505,97.5199981689453,97.42999801635742,95.80799967447916,89.57099990844726,92.47820007324219,95.96616023939168,96.80471891130529,95.08369654544842,93.41220296869481,94.85177746449904,96.82402411820718,95.53795981107527,1.286064307131909,2.0551698877200355,-2.3543269093151036,-2.3543269093151036,-2.3543269093151036,2.3543269093151036,2.3543269093151036,2.3543269093151036,-2.3543269093151036,-2.3543269093151036,2.3543269093151036,2.3299942016601562,2.8769996643066342,95.01000213623047,90.22080101013185,90.80800094604493,91.39520088195802,,,,,,,,,,0.0,0.0,0.0
2022-12-20,91.44999694824219,93.0199966430664,90.69000244140625,90.83000183105469,90.83000183105469,1386100,-2.3543269093151036,1.0745234909626735,2.471864367409341,2.378556607943452,3.1017417958742457,95.2459991455078,96.94299850463867,95.89866638183594,89.72583325703938,92.3458000946045,94.25410743661268,95.71840671489608,94.80926462839076,93.32754063631317,94.77213834304469,95.90186684326063,95.1892221829256,0.7126446603350303,1.7866648422430345,-2.5762372461943324,2.5762372461943324,2.5762372461943324,-2.5762372461943324,-2.5762372461943324,-2.5762372461943324,2.5762372461943324,2.5762372461943324,-2.5762372461943324,2.25,2.8469997406005794,93.0199966430664,88.68060287475588,89.2560028076172,89.83140274047852,,,,,,,,,,0.0,0.0,0.0
2022-12-21,91.5,93.66999816894531,91.41999816894531,93.16999816894531,93.16999816894531,1155200,2.5762372461943324,2.477762239948118,2.657291633314796,2.3990796414071065,3.1154886470415204,93.69199829101562,96.71799850463867,96.0663330078125,89.9076665242513,92.24910011291504,93.89273768072357,95.25505970654139,94.70350550197493,93.32237530951423,94.74041279504272,95.48157935490443,95.03965003374188,0.44192932116254724,1.517717738026937,2.2539428092648053,-2.2539428092648053,-2.2539428092648053,2.2539428092648053,2.2539428092648053,2.2539428092648053,-2.2539428092648053,-2.2539428092648053,2.2539428092648053,3.1399993896484375,2.8879997253417904,93.66999816894531,86.75659721374512,87.32599716186525,87.89539710998537,,,,,,,,,,0.0,0.0,0.0
2022-12-22,91.1500015258789,91.3499984741211,88.20999908447266,91.06999969482422,91.06999969482422,1526900,-2.2539428092648053,2.1330351712483435,2.3690153228131403,2.43398572023932,3.1320581399827225,92.53599853515625,95.9469985961914,96.27199961344401,90.04766654968262,92.13010009765625,92.95182501875712,94.49413970441098,94.46908577248135,93.24852692870472,94.66773134751364,94.80287479181516,94.74560186048872,0.057272931326437515,1.2256287766868372,0.6258918378547151,0.6258918378547151,-0.6258918378547151,0.6258918378547151,0.6258918378547151,0.6258918378547151,-0.6258918378547151,-0.6258918378547151,0.6258918378547151,2.345001220703125,2.9167499542236266,91.3499984741211,87.31639877319337,87.89399871826173,88.47159866333008,,,1.0,,,88.47159866333008,,,91.06999969482422,0.0,0.0,2.9369888989822512
2022-12-23,90.45999908447266,91.31999969482422,88.9749984741211,90.5,90.5,667500,-0.6258918378547151,2.0419495093252924,2.364889507198559,2.4142249384824686,3.129546923245684,91.71799926757812,95.2369987487793,96.13266626993816,90.1928332010905,91.96640007019043,92.13455001250475,93.76793248542717,94.21301572264386,93.158411291698,94.5852020138995,94.14089405461282,94.43111283378586,-0.2902187791730455,0.9224592655148608,1.0718245532631214,1.0718245532631214,-1.0718245532631214,1.0718245532631214,1.0718245532631214,1.0718245532631214,1.0718245532631214,-1.0718245532631214,1.0718245532631214,1.5199966430664062,2.8669998168945248,91.31999969482422,84.93314857482912,85.51649856567384,86.09984855651857,,,,,,,,,,0.0,0.0,0.0
2022-12-27,89.83000183105469,90.13999938964844,88.62000274658203,89.52999877929688,89.52999877929688,943800,-1.0718245532631214,2.001153097638367,2.2140275351294116,2.3951471742925943,3.1073458615492093,91.01999969482422,94.26999893188477,95.89099960327148,90.36149978637695,91.77560005187988,91.26636626810213,92.99739908431256,93.91088559726664,93.0394469470291,94.48509897955094,93.43152555071805,94.06806734826816,-0.6365417975501089,0.610659052901867,1.9434802719687876,1.9434802719687876,-1.9434802719687876,1.9434802719687876,-1.9434802719687876,1.9434802719687876,1.9434802719687876,-1.9434802719687876,1.9434802719687876,2.5100021362304688,2.8769996643066342,90.13999938964844,85.01260009765626,85.58600006103516,86.15940002441407,,,,,,,,,,0.0,0.0,0.0
2022-12-28,88.62000274658203,89.5,86.98999786376953,87.79000091552734,87.79000091552734,1237500,-1.9434802719687876,1.925610174201939,1.7114565914846611,2.4257163717148136,3.0870760286990344,90.41199951171875,92.82899932861328,95.67033284505209,90.45266647338867,91.59260009765624,90.10757781724388,92.0505994172607,93.51598981134798,92.86733396238971,94.35252278026334,92.56359868376563,93.60302539028737,-1.0394267065217377,0.28064190101714603,-2.870482534213867,-2.870482534213867,2.870482534213867,-2.870482534213867,2.870482534213867,-2.870482534213867,-2.870482534213867,2.870482534213867,-2.870482534213867,2.6100006103515625,2.7014995574951106,89.5,83.81060012817385,84.38600006103516,84.96139999389649,,,,,,,,,,0.0,0.0,0.0
2022-12-29,88.98999786376953,91.23999786376953,88.62999725341797,90.30999755859375,90.30999755859375,977800,2.870482534213867,2.049870866736571,2.2027207971494627,2.133785695266009,3.0538378185443813,89.83999938964844,91.76599884033203,95.38899943033854,90.5233331044515,91.43140007019043,90.1750510643605,91.73412635204852,93.30915160149287,92.78348686718329,94.27247277587384,92.21689081835457,93.35909740275451,-1.1422065843999434,-0.00392779606627186,-0.36541007637673784,-0.36541007637673784,0.36541007637673784,-0.36541007637673784,0.36541007637673784,-0.36541007637673784,-0.36541007637673784,0.36541007637673784,-0.36541007637673784,2.8440017700195312,2.6909496307373004,91.23999786376953,83.55670097351076,84.09700088500978,84.6373007965088,,,,,,,,,,0.0,0.0,0.0
2022-12-30,88.69999694824219,90.72000122070312,87.8759994506836,90.63999938964844,90.63999938964844,859000,0.36541007637673784,1.8478368611266318,1.9724726436084818,2.1080844195586734,3.0487881212934007,89.75399932861328,91.14499893188477,95.31599934895833,90.57816645304362,91.31550003051758,90.33003383945649,91.53519417706667,93.1369482329868,92.71320858923131,94.20054260980997,91.97429213701517,93.15768273511702,-1.1833905981018518,-0.23982035647338784,1.654898510702448,1.654898510702448,-1.654898510702448,1.654898510702448,-1.654898510702448,1.654898510702448,1.654898510702448,-1.654898510702448,1.654898510702448,3.6200027465820312,2.7439498901367143,90.72000122070312,85.31990867614746,85.85809860229493,86.3962885284424,,,,,,,,,,0.0,0.0,0.0
2023-01-03,92.58999633789062,92.6500015258789,89.02999877929688,89.13999938964844,89.13999938964844,1451500,-1.654898510702448,1.976509396196489,1.918795718097995,2.1274148969918993,3.0430687368638054,89.48199920654297,90.59999923706054,95.03066609700521,90.63949979146322,91.11680000305176,89.93335568952048,91.09970421571789,92.87908056567464,92.59605418924498,94.10033383317311,91.53824709895875,92.8600765613786,-1.3218294624198563,-0.4562221776626816,-2.0866060389131644,-2.0866060389131644,2.0866060389131644,-2.0866060389131644,2.0866060389131644,-2.0866060389131644,-2.0866060389131644,2.0866060389131644,-2.0866060389131644,1.8799972534179688,2.7169498443603475,92.6500015258789,84.68331146240236,85.2321014404297,85.78089141845705,,,,,,,,,,0.0,0.0,0.0
2023-01-04,90.81999969482422,91.54000091552734,89.66000366210938,91.0,91.0,1168800,2.0866060389131644,2.159190013059824,2.0450843325049046,2.1939398805047703,2.9888303901991726,89.7759994506836,90.3979995727539,94.76666615804037,90.79766642252604,90.93959999084473,90.28890379301366,91.08157617649645,92.75784956143758,92.54372454369596,94.03894108400137,91.4554398529651,92.7222931123876,-1.2668532594225042,-0.6183483940146461,0.7802187741457761,0.7802187741457761,-0.7802187741457761,0.7802187741457761,-0.7802187741457761,0.7802187741457761,0.7802187741457761,-0.7802187741457761,0.7802187741457761,2.2950057983398438,2.686700057983394,91.54000091552734,86.67271186828614,87.2161018371582,87.75949180603028,,,,,,,,,,0.0,0.0,0.0
2023-01-05,90.19999694824219,91.8550033569336,89.55999755859375,90.29000091552734,90.29000091552734,1206800,-0.7802187741457761,1.897837944348522,1.9174882072636128,2.165468563652251,2.9913209218761208,90.2759994506836,90.34399948120117,94.61533279418946,90.93649978637696,90.73180000305176,90.28926950051823,90.9376534017748,92.59863351976597,92.46983196572322,93.96470464502168,91.27614155489776,92.54212332002759,-1.2659817651298226,-0.7478750682376815,-3.389076893970345,-3.389076893970345,3.389076893970345,3.389076893970345,3.389076893970345,-3.389076893970345,-3.389076893970345,3.389076893970345,-3.389076893970345,3.7649993896484375,2.754450225830074,91.8550033569336,85.62926078796387,86.16660079956056,86.70394081115724,,,,,,,,,,0.0,0.0,0.0
2023-01-06,90.80000305175781,93.94000244140625,90.17500305175781,93.3499984741211,93.3499984741211,1162300,3.389076893970345,2.0615884511698823,2.053283919676923,2.3146446510797043,2.965416366350586,90.88399963378906,90.36199951171875,94.49599939982096,91.18199971516927,90.57610000610352,91.30951249171919,91.37626159674684,92.64710867811146,92.49868988403134,93.95253224559791,91.5951964655475,92.60196592403452,-1.006769458487014,-0.799653946287548,1.992502025446953,-1.992502025446953,1.992502025446953,1.992502025446953,-1.992502025446953,-1.992502025446953,-1.992502025446953,1.992502025446953,-1.992502025446953,2.5400009155273438,2.698450088500972,93.94000244140625,85.79521286010743,86.34610290527344,86.89699295043945,,,,,,,,,,0.0,0.0,0.0
2023-01-09,95.0,97.23999786376953,94.69999694824219,95.20999908447266,95.20999908447266,1361400,1.992502025446953,2.126670381803861,1.9637407787664503,2.2122899013386363,2.9717134726617593,91.79799957275391,90.7759994506836,94.41699930826823,91.46316642761231,90.44909996032715,92.60967468930369,92.07330477633336,92.81245644626381,92.58758526765236,93.97743257904096,92.15131994538214,92.79515356554845,-0.6438336201663049,-0.7684898810632994,1.018801838074293,-1.018801838074293,1.018801838074293,1.018801838074293,-1.018801838074293,1.018801838074293,-1.018801838074293,1.018801838074293,1.018801838074293,2.7999954223632812,2.7309497833251912,97.23999786376953,88.00341224670412,88.54310226440431,89.0827922821045,,,,,,,,,,0.0,0.0,0.0
2023-01-10,94.6500015258789,96.55999755859375,93.76000213623047,96.18000030517578,96.18000030517578,964700,1.018801838074293,1.5473909595907847,1.9310321007543156,2.2132085438592766,2.9215532076951995,93.20599975585938,91.34399948120117,94.42499923706055,91.70083312988281,90.35669998168946,93.79978322792772,92.81997669066834,93.02971734038717,92.70536936724329,94.02104778153868,92.77111692381193,93.045882953669,-0.2747660298570622,-0.669745110822052,2.983991201367865,-2.983991201367865,2.983991201367865,2.983991201367865,-2.983991201367865,2.983991201367865,-2.983991201367865,2.983991201367865,2.983991201367865,4.040000915527344,2.8189498901367145,96.55999755859375,91.23190834045411,91.77809829711914,92.32428825378419,,,,,,,,,,0.0,0.0,0.0
2023-01-11,96.19999694824219,99.0999984741211,95.05999755859375,99.05000305175781,99.05000305175781,899600,2.983991201367865,1.6733587571172617,1.9602270281097744,2.2864402534719273,2.9129540226796244,94.81600036621094,92.29599990844727,94.58633270263672,92.02433319091797,90.27669998168945,95.54985650253775,93.95270875632097,93.41812287015301,92.91339014378475,94.12063105421629,93.73709940503437,93.49063259056446,0.2464668144699118,-0.48650272576365927,0.6158511777458617,-0.6158511777458617,0.6158511777458617,0.6158511777458617,-0.6158511777458617,0.6158511777458617,0.6158511777458617,0.6158511777458617,0.6158511777458617,2.5799942016601562,2.7999496459960924,99.0999984741211,90.35830780029298,90.92209777832032,91.48588775634767,,,,,,,,,,0.0,0.0,0.0
2023-01-12,99.69000244140625,100.5199966430664,97.94000244140625,99.66000366210938,99.66000366210938,952200,0.6158511777458617,1.201712039811326,1.6747422543260353,2.180715596410762,2.908370818622417,96.69000091552735,93.48300018310547,94.77566604614258,92.33583323160808,90.23630004882813,96.91990555572829,94.99039873919159,93.82082485673084,93.1345905870085,94.23032160090725,94.64831544458437,93.94762304030853,0.7006924042758413,-0.24906369975575915,0.7425224127810038,-0.7425224127810038,0.7425224127810038,0.7425224127810038,-0.7425224127810038,0.7425224127810038,0.7425224127810038,0.7425224127810038,0.7425224127810038,2.33000183105473,2.7469497680664086,100.5199966430664,92.94010925292969,93.5000991821289,94.06008911132812,,,,,,,,,,0.0,0.0,0.0
2023-01-13,98.4800033569336,100.4599990844727,98.12999725341797,100.4000015258789,100.4000015258789,748000,0.7425224127810038,1.003437674247659,1.5841774725262248,2.1715724745214042,2.9087319853401743,98.10000152587891,94.49200057983398,94.81399943033854,92.6543332417806,90.24580009460449,98.0799375457785,95.97396288222565,94.24528786764363,93.37280078172556,94.35249348060965,95.53319022632199,94.42557700220263,1.107613224119362,0.022271685019265075,0.8665289880132638,-0.8665289880132638,0.8665289880132638,0.8665289880132638,-0.8665289880132638,0.8665289880132638,0.8665289880132638,0.8665289880132638,0.8665289880132638,2.830001831054588,2.738949966430661,100.4599990844727,94.4767071533203,95.02609710693359,95.57548706054688,,,,,,,,,,0.0,0.0,0.0
2023-01-17,100.1999969482422,102.8899993896484,100.0599975585938,101.2699966430664,101.2699966430664,1526400,0.8665289880132638,0.9832098996065912,1.5670364127756422,1.9569787199592723,2.9092531622980444,99.31200103759765,95.55500030517578,94.94799931844075,92.97916653951009,90.27130004882812,99.14329057820781,96.93687811146941,94.69849488541284,93.63172523619575,94.48947374125237,96.41577582889805,94.93257104967401,1.4832047792240388,0.31445830386021983,-0.29623326978143955,-0.29623326978143955,-0.29623326978143955,-0.29623326978143955,0.29623326978143955,-0.29623326978143955,-0.29623326978143955,-0.29623326978143955,-0.29623326978143955,3.790000915527301,2.7599498748779245,102.8899993896484,94.43430915832525,94.98209915161138,95.52988914489751,,,,,,,,,,0.0,0.0,0.0
2023-01-18,102.2799987792969,104.7200012207031,100.9300003051758,100.9700012207031,100.9700012207031,1208600,-0.29623326978143955,1.2089867323605372,1.3418467573676995,1.8668364938092374,2.910630025972985,100.27000122070312,96.73800048828124,95.07399927775064,93.29333318074545,90.30040008544921,99.75219412570624,97.67017322223916,95.10310819736705,93.87232444880254,94.61780101807317,97.11642588917576,95.37978809937987,1.7366377897958927,0.5988942010473545,-2.1590574218283374,-2.1590574218283374,-2.1590574218283374,-2.1590574218283374,2.1590574218283374,-2.1590574218283374,-2.1590574218283374,-2.1590574218283374,-2.1590574218283374,2.0250015258789205,2.7021999359130815,104.7200012207031,96.81810966491696,97.37009963989254,97.92208961486813,,,,,,,,,,0.0,0.0,0.0
2023-01-19,100.0299987792969,100.3050003051758,98.27999877929688,98.79000091552734,98.79000091552734,1297700,-2.1590574218283374,1.2669009489724374,1.6807928741564888,1.8981085124701174,2.8872432458522046,100.21800079345704,97.51700057983399,95.11499938964843,93.51499989827474,90.26870010375977,99.43146305564662,97.87377825738245,95.34097224369998,94.03355974279351,94.70041883782473,97.37389897015294,95.63239645613153,1.7415025140214055,0.8274158636421647,3.644091953394466,3.644091953394466,3.644091953394466,3.644091953394466,-3.644091953394466,3.644091953394466,3.644091953394466,3.644091953394466,3.644091953394466,3.8199996948242188,2.776700210571285,100.3050003051758,98.77516136169432,99.31560134887694,99.85604133605955,1.0,1.0,1.0,98.77516136169432,99.31560134887694,99.85604133605955,98.79000091552734,98.79000091552734,98.79000091552734,0.01502356830244834,-0.5292224244842059,-1.0675772905361913
2023-01-20,100.1600036621094,102.4800033569336,98.66000366210938,102.3899993896484,102.3899993896484,1036900,3.644091953394466,2.107445454924107,1.7866531943815376,1.9272441102328977,2.9194877911650203,100.76399993896483,98.7270004272461,95.33799947102865,93.78799985249837,90.33560012817382,100.41764183364722,98.69490937233988,95.79574818859989,94.30754137055924,94.85268775964302,98.14560672699838,96.13295963639204,2.012647090606336,1.064462109034999,6.875672387433516,6.875672387433516,6.875672387433516,6.875672387433516,-6.875672387433516,6.875672387433516,6.875672387433516,6.875672387433516,6.875672387433516,6.20000457763669,2.9742004394531194,102.4800033569336,94.19625984191897,94.75159988403323,95.30693992614748,,,,,,,,,,0.0,0.0,0.0
2023-01-23,103.8300018310547,109.6900024414062,103.4899978637695,109.4300003051758,109.4300003051758,1844300,6.875672387433516,3.5391337538586907,2.458052929188395,2.3504514971043027,3.038821616622508,102.56999969482422,100.33500061035156,95.80499954223633,94.17783317565917,90.49190010070801,103.42176132415676,100.64674408740095,96.67537735741124,94.80335969628436,95.14134741401001,99.88166727748722,97.1179256118575,2.7637416656297233,1.404318020353944,-1.2062502888997593,-1.2062502888997593,-1.2062502888997593,-1.2062502888997593,1.2062502888997593,-1.2062502888997593,-1.2062502888997593,-1.2062502888997593,-1.2062502888997593,2.8400039672850994,2.9592006683349523,109.6900024414062,95.93676239013674,96.53160247802735,97.12644256591798,,,,,,,,,,0.0,0.0,0.0
2023-01-24,108.2399978637695,110.370002746582,107.5299987792969,108.1100006103516,108.1100006103516,1182900,-1.2062502888997593,3.7865404484982945,2.6089188399832905,2.288893525388168,3.042626232934431,103.93800048828125,101.62500076293945,96.11599960327149,94.55599988301596,90.65550010681153,104.98450775288839,102.00369981884651,97.4130949866332,95.2396430049423,95.39815242779895,101.1475647133125,97.93215338952373,3.2154113237887714,1.7665366810409096,1.8499676151222764,1.8499676151222764,1.8499676151222764,1.8499676151222764,-1.8499676151222764,1.8499676151222764,1.8499676151222764,1.8499676151222764,1.8499676151222764,4.269996643066392,3.0554504394531157,110.370002746582,103.1797609710693,103.77160110473629,104.36344123840328,,,,,,,,,,0.0,0.0,0.0
2023-01-25,106.1800003051758,110.379997253418,106.1100006103516,110.1100006103516,110.1100006103516,1177200,1.8499676151222764,3.67005771867913,2.6118989123757075,2.269710444927294,3.04545263436964,105.76600036621093,103.01800079345703,96.53299967447917,94.97466659545898,90.85880012512207,106.69300537204279,103.47757269002925,98.23225018816342,95.72719571331636,95.68947615418612,102.52640100516467,98.8342161466221,3.692184858542575,2.1516663165412426,2.1978005226873014,2.1978005226873014,2.1978005226873014,2.1978005226873014,-2.1978005226873014,2.1978005226873014,2.1978005226873014,2.1978005226873014,2.1978005226873014,2.150001525878892,3.08695068359374,110.379997253418,103.64801177978515,104.25910186767577,104.8701919555664,,,,,,,,,,0.0,0.0,0.0
2023-01-26,111.4100036621094,112.7600021362305,110.6100006103516,112.5299987792969,112.5299987792969,1276100,2.1978005226873014,2.9392708137965795,2.570143832710891,2.229301260998587,3.017218273075304,108.51399993896487,104.36600036621094,96.97733306884766,95.37583325703939,91.0833000946045,108.63866984112751,105.12346834262337,99.15468558113977,96.27810728925014,96.02295184973288,104.06541604733886,99.84871856385726,4.216697483481596,2.5646725499293135,-0.817558143539728,-0.817558143539728,-0.817558143539728,-0.817558143539728,0.817558143539728,-0.817558143539728,-0.817558143539728,-0.817558143539728,-0.817558143539728,1.9800033569335938,3.060450744628896,112.7600021362305,103.58870574951177,104.20609588623051,104.82348602294927,,,,,,,,,,0.0,0.0,0.0
2023-01-27,111.3000030517578,112.9800033569336,111.0,111.6100006103516,111.6100006103516,725200,-0.817558143539728,3.2330453481945,2.6520182146466986,2.1595866967359956,2.9938190451057456,110.35800018310549,105.56100006103516,97.29099985758464,95.80133323669433,91.29800010681153,109.62911343086887,106.30283784584668,99.95825429270184,96.7807923161715,96.33160628063622,105.22612136472543,100.71992464137537,4.506196723350058,2.9529773846134626,-3.5122284271198545,-3.5122284271198545,-3.5122284271198545,-3.5122284271198545,3.5122284271198545,-3.5122284271198545,-3.5122284271198545,-3.5122284271198545,-3.5122284271198545,3.1600036621094034,3.087950897216788,112.9800033569336,106.02701049804692,106.63910064697271,107.25119079589848,,,,,,,,,,0.0,0.0,0.0
2023-01-30,109.8899993896484,110.75,107.5899963378906,107.6900024414062,107.6900024414062,1485600,-3.5122284271198545,2.359497200607882,3.0409592900691718,2.366026646714328,3.03778289569864,110.01000061035158,106.2900001525879,97.51599985758463,96.1543332417806,91.48690010070801,108.98274310104799,106.55504959049385,100.45707675390858,97.13847133667099,96.55652501649305,105.60517999190708,101.23622670063692,4.368953291270159,3.236172565944802,0.9007347002624362,0.9007347002624362,0.9007347002624362,0.9007347002624362,-0.9007347002624362,0.9007347002624362,0.9007347002624362,0.9007347002624362,0.9007347002624362,2.0900039672850994,3.0502510070800666,110.75,106.18651138305665,106.80410156250002,107.42169174194338,,,,,,,,,,0.0,0.0,0.0
2023-01-31,106.7300033569336,108.7200012207031,106.629997253418,108.6600036621094,108.6600036621094,1412200,0.9007347002624362,2.344761085548345,3.041131319863721,2.362565638057812,3.0166908966429227,110.12000122070314,107.02900085449218,97.90966669718425,96.55733324686686,91.67290016174316,108.87516328806848,106.93776851260577,100.98629784476026,97.51622649488208,96.7961978609607,106.0751528642459,101.78613610519044,4.289016759055457,3.446741404566933,4.481865408666193,4.481865408666193,4.481865408666193,4.481865408666193,-4.481865408666193,4.481865408666193,4.481865408666193,4.481865408666193,4.481865408666193,5.637001037597599,3.151100921630845,108.7200012207031,104.03944778442386,104.64949798583987,105.25954818725587,,,,,,,,,,0.0,0.0,0.0
2023-02-01,109.2600021362305,114.5869979858398,108.9499969482422,113.5299987792969,113.5299987792969,3167200,4.481865408666193,3.025707320894551,3.2284765406932636,2.4063420640863127,3.040794723619666,110.80400085449219,108.28500061035156,98.54100011189779,97.07166659037271,91.89700012207031,110.42677511847796,108.13635583382234,101.79556887279489,98.04126820912519,97.1275602553832,107.2220522357922,102.65605185882795,4.566000376964254,3.6705931990463974,-5.778206314743724,-5.778206314743724,-5.778206314743724,-5.778206314743724,5.778206314743724,-5.778206314743724,-5.778206314743724,-5.778206314743724,-5.778206314743724,7.81000518798831,3.447601318359362,114.5869979858398,101.78757919311523,102.41779937744141,103.04801956176757,,,,,,,,,,0.0,0.0,0.0
2023-02-02,110.4100036621094,110.4100036621094,102.5999984741211,106.9700012207031,106.9700012207031,3849100,-5.778206314743724,3.9630919501490505,3.8019647555504794,2.8610215478952035,3.091424503428905,109.69200134277344,109.10300064086914,99.00600026448568,97.40699996948243,92.03140014648437,109.27451715255302,107.92429135870974,102.12940321782123,98.33401355376708,97.32246007647865,107.18327515654772,102.97560366341129,4.207671493136431,3.778008857864404,-0.084139446815001,-0.084139446815001,-0.084139446815001,-0.084139446815001,0.084139446815001,-0.084139446815001,-0.084139446815001,-0.084139446815001,-0.084139446815001,4.849998474121108,3.5753509521484252,110.4100036621094,107.0022750854492,107.69179534912108,108.38131561279295,1.0,1.0,1.0,107.0022750854492,107.69179534912108,108.38131561279295,106.9700012207031,106.9700012207031,106.9700012207031,-0.030161849101179593,-0.6702405936107126,-1.3021749958562625
2023-02-03,105.2900009155273,109.5400009155273,104.6900024414062,106.879997253418,106.879997253418,2582100,-0.084139446815001,3.9825169590818987,3.6798466933986114,2.8443253437158207,3.0888818115780503,108.74600067138672,109.5520004272461,99.54100011189779,97.71983324686686,92.16610008239746,108.47634385284135,107.73441970320215,102.43589315560169,98.61420974064087,97.51171823839823,107.13661701760469,103.26481800341179,3.871799014192902,3.796766889130104,4.341316905769389,-4.341316905769389,-4.341316905769389,-4.341316905769389,4.341316905769389,-4.341316905769389,-4.341316905769389,-4.341316905769389,-4.341316905769389,4.29999542236331,3.602100753784169,109.5400009155273,102.54423156738287,103.25930175781255,103.97437194824224,,,,,,,,,,0.0,0.0,0.0
2023-02-06,105.2600021362305,106.3099975585938,102.0100021362305,102.2399978637695,102.2399978637695,1593900,-4.341316905769389,4.137985374606489,3.1949848108888754,3.0067819562265155,3.1479930789787223,107.65599975585937,108.83300018310547,99.8433334350586,97.95483322143555,92.32630004882813,106.39756185648409,106.73543391421438,102.42325474967704,98.73308803975985,97.60534753791053,106.38329099393773,103.18890540047532,3.194385593462414,3.6762906299965663,-6.181533476991498,6.181533476991498,6.181533476991498,6.181533476991498,-6.181533476991498,-6.181533476991498,6.181533476991498,6.181533476991498,-6.181533476991498,7.129997253417997,3.8316005706787015,106.3099975585938,101.61537925720214,102.33579940795896,103.0562195587158,,1.0,1.0,,102.33579940795896,103.0562195587158,,102.2399978637695,102.2399978637695,0.0,-0.09361488818545859,-0.7920159486165264
2023-02-07,102.5500030517578,109.6800003051758,102.5500030517578,108.5599975585938,108.5599975585938,2481000,6.181533476991498,5.255901024778009,3.836840829928505,3.2521993221505383,3.194097982600324,107.63599853515625,108.87799987792971,100.42633336385092,98.34916648864746,92.5525,107.11837375718733,107.06717275864699,102.8191736405749,99.05528179447572,97.82227130069634,106.71816892696175,103.58676407885447,3.1314048481072803,3.567313473618709,2.47788768653934,-2.47788768653934,-2.47788768653934,-2.47788768653934,2.47788768653934,-2.47788768653934,-2.47788768653934,-2.47788768653934,2.47788768653934,2.8799972534180114,3.835600662231438,109.6800003051758,97.88047630310066,98.6467964172364,99.41311653137214,,,,,,,,,,0.0,0.0,0.0
2023-02-08,107.3399963378906,108.5699996948242,105.6900024414062,105.870002746582,105.870002746582,1385200,-2.47788768653934,4.694225702203429,3.86249946865656,3.327735735975661,2.8670680162765683,106.10399932861328,108.45400009155273,100.93866678873698,98.53566652933756,92.75690002441407,106.70225008698556,106.84950548372608,103.01600132483344,99.27871526831527,97.98163231942675,106.58768182228795,103.75589286905651,2.831788953231438,3.420208569541255,-0.07555889258988564,0.07555889258988564,0.07555889258988564,0.07555889258988564,-0.07555889258988564,-0.07555889258988564,0.07555889258988564,0.07555889258988564,-0.07555889258988564,3.3799972534180114,3.8026004791259718,108.5699996948242,101.24167884826663,102.00879898071292,102.7759191131592,,,,,,,,,,0.0,0.0,0.0
2023-02-09,107.120002746582,108.6100006103516,105.2300033569336,105.9499969482422,105.9499969482422,1137600,0.07555889258988564,3.9726432113666927,3.765573687702296,3.278188341577288,2.8551626093971754,105.89999847412109,107.79599990844727,101.48600006103516,98.68849983215333,92.95709999084472,106.45149904073777,106.68595847727445,103.20529136505336,99.49744581519812,98.13942171801716,106.48957645705013,103.91841909714434,2.571157359905797,3.250398327614164,2.491740883143267,-2.491740883143267,-2.491740883143267,-2.491740883143267,2.491740883143267,2.491740883143267,-2.491740883143267,-2.491740883143267,2.491740883143267,3.129997253417997,3.8301006317138637,108.6100006103516,100.20427864074706,100.96479873657226,101.72531883239745,,,,,,,,,,0.0,0.0,0.0
2023-02-10,105.3000030517578,105.75,102.620002746582,103.3099975585938,103.3099975585938,1248600,-2.491740883143267,4.109367165608314,3.81630080372752,3.3398846422249386,2.8558400405307145,105.18599853515624,106.96599960327148,102.0033332824707,98.83683306376139,93.1182999420166,105.40433188002314,106.07214740115069,103.2120466033463,99.6224475117029,98.24180935842462,106.00041047267224,103.87335083502948,2.127059637642759,3.025730589619883,-2.0423973092776166,2.0423973092776166,2.0423973092776166,2.0423973092776166,-2.0423973092776166,-2.0423973092776166,2.0423973092776166,2.0423973092776166,-2.0423973092776166,2.6999969482422017,3.8486003875732373,105.75,100.1837792205811,100.94979934692388,101.71581947326665,,,,,,,,,,0.0,0.0,0.0
2023-02-13,103.8199996948242,105.9199981689453,103.2200012207031,105.4199981689453,105.4199981689453,1440400,2.0423973092776166,3.6235189062881346,3.7661504743969587,3.3628986967852765,2.807663886926917,105.82199859619143,106.73899917602539,102.50699996948242,98.94799969991048,93.31429992675781,105.40955397633053,105.95357481347698,103.35449509144946,99.81253113980921,98.3839517111082,105.91111627209887,103.98791730420842,1.9231989678904426,2.805224265273995,-0.958074515057262,0.958074515057262,0.958074515057262,0.958074515057262,-0.958074515057262,-0.958074515057262,0.958074515057262,0.958074515057262,-0.958074515057262,3.260002136230497,3.8701004028320325,105.9199981689453,97.28307914733888,98.05279922485353,98.82251930236818,,,,,,,,,,0.0,0.0,0.0
2023-02-14,104.6800003051758,106.9100036621094,103.6500015258789,106.4300003051758,106.4300003051758,930700,0.958074515057262,2.044905874474001,3.7679696949108235,3.3637760493582416,2.6909017360574823,105.39599914550783,106.51599884033203,103.03333333333333,99.17466634114584,93.53389991760254,105.74970275261228,106.04019763014949,103.55291478265762,100.02949734195238,98.54327940604023,105.99094458487994,104.16881234131712,1.8221322435628196,2.60860586093176,1.0899216938675298,-1.0899216938675298,-1.0899216938675298,-1.0899216938675298,1.0899216938675298,1.0899216938675298,-1.0899216938675298,-1.0899216938675298,1.0899216938675298,2.0299987792969034,3.782100296020513,106.9100036621094,97.40577728271482,98.17979736328124,98.95381744384764,,,,,,,,,,0.0,0.0,0.0
2023-02-15,105.2600021362305,105.3600006103516,103.3300018310547,105.2699966430664,105.2699966430664,967300,-1.0899216938675298,1.7635597454792897,3.402235488115956,3.375867195273186,2.615312579287389,105.27599792480468,105.68999862670898,103.57099990844726,99.30083300272624,93.76689987182617,105.58980071609699,105.90016108704347,103.6636942575227,100.20131699116922,98.6764817275655,105.88002951690862,104.25038154885411,1.6296479680545133,2.412814282356311,0.7884432679089294,-0.7884432679089294,-0.7884432679089294,-0.7884432679089294,0.7884432679089294,0.7884432679089294,-0.7884432679089294,-0.7884432679089294,0.7884432679089294,2.1749954223632955,3.7895999908447315,105.3600006103516,98.58938301086428,99.34580307006837,100.10222312927247,,,,,,,,,,0.0,0.0,0.0
2023-02-16,104.0199966430664,106.0449981689453,103.870002746582,104.4400024414062,104.4400024414062,978100,-0.7884432679089294,1.7841285540481338,2.9042567098682155,3.3378199866003264,2.6141340671699242,104.9739990234375,105.4369987487793,104.01899998982748,99.39283307393391,93.988099899292,105.20653462453339,105.63467769692761,103.71377865648294,100.3402902846196,98.79061085061186,105.65848688990825,104.264427540895,1.3940593490132471,2.2090632956876983,1.3021836255839714,-1.3021836255839714,-1.3021836255839714,-1.3021836255839714,1.3021836255839714,1.3021836255839714,-1.3021836255839714,-1.3021836255839714,1.3021836255839714,2.0370025634764914,3.7004501342773453,106.0449981689453,97.02288063049319,97.78080062866215,98.5387206268311,,,,,,,,,,0.0,0.0,0.0
2023-02-17,104.0400009155273,104.3450012207031,102.3079986572266,103.0800018310547,103.0800018310547,972300,-1.3021836255839714,1.4652697957580456,2.9242570823189293,3.2617982866709196,2.56096103928372,104.9279998779297,105.05699920654297,104.44533335367838,99.53033307393392,94.20349990844727,104.4976903600405,105.1701911758598,103.67288982903597,100.43011689269943,98.87554928586815,105.26179688085385,104.17669230312906,1.0851045777247919,1.9842715520951173,2.677534038808095,-2.677534038808095,-2.677534038808095,-2.677534038808095,2.677534038808095,2.677534038808095,-2.677534038808095,-2.677534038808095,2.677534038808095,3.0149993896484943,3.541199874877935,104.3450012207031,97.90400787353514,98.6440979003906,99.38418792724607,,,,,,,,,,0.0,0.0,0.0
2023-02-21,101.8399963378906,103.2099990844727,100.1949996948242,100.3199996948242,100.3199996948242,1555500,-2.677534038808095,1.3029134360923555,2.7097143244878956,2.8935255343470874,2.5726509195353953,103.90800018310544,104.86499938964843,104.67766672770182,99.58683306376139,94.3840998840332,103.1051268049684,104.28833817930786,103.45657433650618,100.4265064927691,98.90415226426332,104.50152039069543,103.89101136918055,0.6105090215148863,1.7095190459790712,0.10964973154518551,-0.10964973154518551,-0.10964973154518551,-0.10964973154518551,0.10964973154518551,0.10964973154518551,-0.10964973154518551,-0.10964973154518551,0.10964973154518551,1.9700012207031818,3.4976997375488397,103.2099990844727,96.55436149597163,97.26260147094723,97.97084144592282,,,,,,,,,,0.0,0.0,0.0
2023-02-22,100.6500015258789,101.5599975585938,99.58999633789062,100.2099990844727,100.2099990844727,882400,-0.10964973154518551,0.9438882314866872,1.5616984099383802,2.8877074410158756,2.5716361143873048,102.66399993896485,104.02999954223633,104.84433339436849,99.63066635131835,94.55949989318847,102.14008423146984,103.5468219802469,103.24711786863305,100.41940788921839,98.93001061713875,103.84128634358424,103.61834379253553,0.22294255104871752,1.4122037469930004,-2.8639883971685447,-2.8639883971685447,2.8639883971685447,2.8639883971685447,-2.8639883971685447,-2.8639883971685447,2.8639883971685447,2.8639883971685447,-2.8639883971685447,3.1320037841797017,3.440800094604505,101.5599975585938,95.51505966186525,96.21459960937501,96.91413955688479,,,,,,,,,,0.0,0.0,0.0
2023-02-23,102.6100006103516,103.8820037841797,100.75,103.0800018310547,103.0800018310547,1441500,2.8639883971685447,2.0548643561569073,1.8122394317703525,2.936652824178538,2.585890123542739,102.2260009765625,103.7509994506836,105.07433344523112,99.74966634114584,94.77239990234375,102.45339009799814,103.46194558948469,103.2363361887893,100.50664047747532,99.01218866097867,103.72416564934893,103.57846661020362,0.14569903914531324,1.158902805423463,2.3379934219047973,2.3379934219047973,-2.3379934219047973,-2.3379934219047973,2.3379934219047973,2.3379934219047973,-2.3379934219047973,-2.3379934219047973,2.3379934219047973,1.689994812011733,3.417799758911147,103.8820037841797,93.9902373504639,94.6783973693848,95.3665573883057,,,,,,,,,,0.0,0.0,0.0
2023-02-24,101.1600036621094,101.4499969482422,99.76000213623047,100.6699981689453,100.6699981689453,1145100,-2.3379934219047973,2.236404031343944,1.9212183510565393,2.9095599822376053,2.593654678981707,101.47200012207033,103.2229995727539,105.1283332824707,99.85733299255371,94.98499984741211,101.8589261216472,102.95431878575025,103.07076599396066,100.51199646735957,99.04501657202752,103.25429372928684,103.36302450344374,-0.10873077415689636,0.905376089507391,0.6357399436665749,0.6357399436665749,-0.6357399436665749,-0.6357399436665749,0.6357399436665749,0.6357399436665749,0.6357399436665749,-0.6357399436665749,0.6357399436665749,2.309997558593764,3.4342994689941557,101.4499969482422,96.36284431457518,97.04640426635741,97.72996421813964,,,,,,,,,,0.0,0.0,0.0
2023-02-27,102.1100006103516,102.1999969482422,99.88999938964844,100.0299987792969,100.0299987792969,945600,-0.6357399436665749,2.2122149774082223,1.7920122515802497,2.908849608811837,2.595138769776015,100.86199951171878,102.89499969482422,105.14066645304362,99.9581662495931,95.16209983825684,101.2492836741971,102.42262423912237,102.87458746398237,100.49619326447225,99.06452117019127,102.75824835236531,103.1161337090625,-0.3578853566971816,0.6527238002664765,-0.8597426980369862,-0.8597426980369862,0.8597426980369862,0.8597426980369862,-0.8597426980369862,-0.8597426980369862,-0.8597426980369862,0.8597426980369862,-0.8597426980369862,2.69999694824223,3.4112991333007967,102.1999969482422,93.89453811645505,94.58139801025389,95.26825790405272,,,,,,,,,,0.0,0.0,0.0
2023-02-28,99.47000122070312,101.9599990844727,99.26000213623047,100.8899993896484,100.8899993896484,1267800,0.8597426980369862,1.9197642768504073,1.653342331432472,2.8343762937328565,2.4959915081251713,100.9759994506836,102.44199981689451,105.15699971516928,99.98549957275391,95.31029983520507,101.1295222460142,102.14396517558164,102.74654952370277,100.50910494070753,99.10066925374487,102.47082543502425,102.95123487058738,-0.4804094355631321,0.42609715310055474,0.436120967457691,0.436120967457691,-0.436120967457691,-0.436120967457691,0.436120967457691,0.436120967457691,0.436120967457691,-0.436120967457691,0.436120967457691,2.889999389648409,3.4512989044189624,101.9599990844727,94.69513885498044,95.37739868164061,96.05965850830077,,,,,,,,,,0.0,0.0,0.0
2023-03-01,101.0899963378906,102.870002746582,99.9800033569336,100.4499969482422,100.4499969482422,1090700,-0.436120967457691,1.935359355305663,1.5808585791110692,2.820608395288139,2.482050813917803,101.02399902343748,101.84399948120117,105.12966639200846,100.03883285522461,95.4412998199463,100.90301381342354,101.83597095242901,102.598384841415,100.50716697374145,99.12738861403194,102.15992874475009,102.7659579874507,-0.6060292427006146,0.21967187394032084,-0.7864618611530236,-0.7864618611530236,0.7864618611530236,0.7864618611530236,-0.7864618611530236,-0.7864618611530236,-0.7864618611530236,0.7864618611530236,-0.7864618611530236,3.7350006103515483,3.35619888305666,102.870002746582,94.36714149475098,95.05740127563477,95.74766105651857,,,,,,,,,,0.0,0.0,0.0
2023-03-02,99.02999877929688,101.9250030517578,98.19000244140625,101.2399978637695,101.2399978637695,1011600,0.7864618611530236,1.3034730219708424,1.6224911022682604,2.5994959985289388,2.4836212693761635,100.65599822998044,101.44099960327148,105.13866628011068,100.10633277893066,95.59909980773926,101.01534183020553,101.72761220903637,102.51074697188949,100.53119421603743,99.1692224605614,102.01840091690691,102.65292390421506,-0.634522987308145,0.04883290169062765,-1.4421168661395094,-1.4421168661395094,1.4421168661395094,1.4421168661395094,-1.4421168661395094,-1.4421168661395094,-1.4421168661395094,1.4421168661395094,-1.4421168661395094,3.0299987792969034,3.1171985626220895,101.9250030517578,95.48636520385735,96.15760498046868,96.82884475708002,,,,,,,,,,0.0,0.0,0.0
2023-03-03,101.4700012207031,103.0299987792969,100.0,102.6999969482422,102.6999969482422,1166200,1.4421168661395094,0.8970124016199362,1.7106850648010845,2.3199517992976126,2.489440769331837,101.06199798583984,101.26699905395509,105.26899948120118,100.1919994354248,95.81099975585937,101.57689353621777,101.9044094343465,102.52295664778322,100.60230250233923,99.23913878705014,102.12326184480466,102.65641079636522,-0.5331489515605625,-0.06756346895961038,1.8987312621099133,1.8987312621099133,-1.8987312621099133,-1.8987312621099133,1.8987312621099133,1.8987312621099133,1.8987312621099133,-1.8987312621099133,1.8987312621099133,2.829994201660199,3.016198348999044,103.0299987792969,95.0671662139892,95.69060592651363,96.31404563903804,,,,,,,,,,0.0,0.0,0.0
2023-03-06,102.7799987792969,103.379997253418,100.5500030517578,100.75,100.75,1736500,-1.8987312621099133,1.3340932838127877,1.7646951418420356,2.35135249009433,2.489333726588368,101.20599822998045,101.03399887084962,105.21433283487956,100.2761661529541,95.99889976501464,101.30126235747852,101.69451680991986,102.40857234792624,100.60714504324613,99.26905683087094,101.91199079175779,102.51519518181965,-0.6032043900618618,-0.17469165318006066,-0.6947860528458577,0.6947860528458577,-0.6947860528458577,-0.6947860528458577,0.6947860528458577,0.6947860528458577,0.6947860528458577,-0.6947860528458577,0.6947860528458577,2.279998779296889,2.915198516845723,103.379997253418,96.394362411499,96.99760208129882,97.60084175109863,,,,,,,,,,0.0,0.0,0.0
2023-03-07,100.629997253418,101.0800018310547,98.80000305175781,100.0500030517578,100.0500030517578,1510000,-0.6947860528458577,1.308433566873102,1.5562682817778486,2.1518661372533017,2.4909937091824603,101.03799896240234,101.00699920654299,104.90166625976562,100.35333290100098,96.2131997680664,100.88417592223828,101.39551430843584,102.25640658688312,100.58887809270553,99.28452111247265,101.6255311394501,102.33258835737062,-0.7070572179205215,-0.28116476612815283,1.2793590607236016,-1.2793590607236016,1.2793590607236016,1.2793590607236016,-1.2793590607236016,-1.2793590607236016,-1.2793590607236016,1.2793590607236016,-1.2793590607236016,1.7799987792969034,2.647698593139668,101.0800018310547,96.9665605163574,97.54960021972656,98.1326399230957,,,,,,,,,,0.0,0.0,0.0
2023-03-08,100.6999969482422,102.0299987792969,100.25,101.3300018310547,101.3300018310547,1075500,1.2793590607236016,1.436633045138888,1.6081109219994387,1.6117230123888222,2.4555083814913847,101.21399993896485,101.11899948120116,104.67566630045575,100.39583295186361,96.44309982299805,101.03278455851043,101.38360294891199,102.19663853812,100.61317723166779,99.32502568115743,101.58006509200465,102.25832268875463,-0.6782575967499866,-0.3605833322525196,-3.740255449562059,3.740255449562059,-3.740255449562059,-3.740255449562059,3.740255449562059,3.740255449562059,3.740255449562059,-3.740255449562059,3.740255449562059,4.70500183105473,2.7389488220215044,102.0299987792969,95.25506492614743,95.78460464477537,96.3141443634033,,,,,,,,,,0.0,0.0,0.0
2023-03-09,100.8300018310547,102.0849990844727,97.37999725341797,97.54000091552734,97.54000091552734,1751300,-3.740255449562059,2.1899852662811954,1.7101676051322345,1.7211982121877747,2.4993648754425,100.4740005493164,100.56499938964842,104.25666631062826,100.39483299255372,96.59929985046386,99.86852334418273,100.68476621556931,101.89621030440435,100.51241735245007,99.28967865609545,100.95851675716199,101.90881737221927,-0.9503006150572872,-0.47852678881347316,2.2657361735997767,2.2657361735997767,-2.2657361735997767,-2.2657361735997767,2.2657361735997767,2.2657361735997767,2.2657361735997767,-2.2657361735997767,2.2657361735997767,3.5100021362304688,2.745449066162127,102.0849990844727,96.00431137084959,96.55210113525389,97.09989089965819,,,,,,,,,,0.0,0.0,0.0
2023-03-10,98.20999908447266,98.25,94.73999786376953,95.33000183105469,95.33000183105469,1199300,-2.2657361735997767,1.8795491521926977,1.701847832900232,1.766548288858115,2.5075658775251926,99.0000015258789,100.03099975585937,103.68333307902019,100.33033307393391,96.75619987487794,98.35568283980672,99.71117269111211,101.47258395128503,100.34250208945349,99.21126921401543,100.09259138391471,101.42149770250339,-1.328906318588679,-0.6486026947685144,0.6923357279264966,0.6923357279264966,-0.6923357279264966,-0.6923357279264966,0.6923357279264966,0.6923357279264966,0.6923357279264966,-0.6923357279264966,0.6923357279264966,3.7400054931640625,2.7759494781494305,98.25,96.04501113891602,96.59410095214844,97.14319076538087,1.0,1.0,1.0,96.04501113891602,96.59410095214844,97.14319076538087,95.33000183105469,95.33000183105469,95.33000183105469,-0.7444523139543116,-1.308671138954924,-1.8665116103766561
2023-03-13,94.11000061035156,96.87000274658203,93.12999725341797,94.66999816894531,94.66999816894531,1209700,-0.6923357279264966,1.8872128144541747,1.7023312218915025,1.7051597206648514,2.47641231827848,97.78400115966797,99.4949996948242,103.11866633097331,100.20483309427897,96.89319984436035,97.12712128285293,98.79459550526359,101.0337074491986,100.15651835435486,99.12134305470711,99.25834627391941,100.92138662594353,-1.6630403520241117,-0.851490226219634,-1.7006450211168298,-1.7006450211168298,1.7006450211168298,1.7006450211168298,-1.7006450211168298,-1.7006450211168298,-1.7006450211168298,1.7006450211168298,-1.7006450211168298,2.9300003051757812,2.7874496459961096,96.87000274658203,92.14291114807125,92.69810104370114,93.25329093933102,,,1.0,,,93.25329093933102,,,94.66999816894531,0.0,0.0,1.5192034676137856
2023-03-14,96.51000213623047,97.94000244140625,95.01000213623047,96.27999877929688,96.27999877929688,1364400,1.7006450211168298,2.3111775950627265,1.797071811374671,1.6807023036381248,2.4825671119730006,97.03000030517578,99.03399963378907,102.73833287556967,100.12716636657714,97.04309982299804,96.84474711500093,98.33739610054235,100.72701656726946,100.02941935189394,99.06507881162968,98.80013896705441,100.57758011878452,-1.777441151730116,-1.0366804113217305,2.2953875285547607,2.2953875285547607,-2.2953875285547607,-2.2953875285547607,-2.2953875285547607,2.2953875285547607,2.2953875285547607,-2.2953875285547607,2.2953875285547607,2.720001220703125,2.760449600219741,97.94000244140625,90.73761352539059,91.2951034545898,91.85259338378903,,,,,,,,,,0.0,0.0,0.0
2023-03-15,94.44000244140625,95.0999984741211,92.37999725341797,94.06999969482422,94.06999969482422,1136100,-2.2953875285547607,2.069155854347739,1.8890788930697597,1.6957510757061478,2.4446250680996697,95.57799987792968,98.39599990844727,102.25199940999349,100.08083305358886,97.16599983215332,95.91983130827536,97.56150584495722,100.29753160775687,99.83402854346542,98.96616635387115,98.07242523286514,100.09553712441709,-2.023111891551949,-1.2339667073677743,-3.274159499358594,-3.274159499358594,3.274159499358594,3.274159499358594,3.274159499358594,-3.274159499358594,-3.274159499358594,3.274159499358594,-3.274159499358594,4.1100006103515625,2.8644496917724735,95.0999984741211,91.86701332092282,92.41910324096676,92.97119316101072,,1.0,1.0,,92.41910324096676,92.97119316101072,,94.06999969482422,94.06999969482422,0.0,1.7863151620861655,1.1818784899431705
2023-03-16,93.5,97.61000061035156,93.5,97.1500015258789,97.1500015258789,1926300,3.274159499358594,2.473786433694657,2.2304443004001215,1.898293919194087,2.4617851269960562,95.5,97.9870002746582,101.70599950154623,100.12349980672201,97.3162998199463,96.32988804747654,97.48668687785207,100.09446515086152,99.74602765764291,98.9302026939109,97.9305138933288,99.87734930230314,-1.9468354089743514,-1.3765404476890897,0.5146680310311776,0.5146680310311776,-0.5146680310311776,-0.5146680310311776,-0.5146680310311776,0.5146680310311776,0.5146680310311776,-0.5146680310311776,0.5146680310311776,2.0099945068359375,2.8561996459961057,97.61000061035156,88.79820915222165,89.37109909057615,89.94398902893064,,,,,,,,,,0.0,0.0,0.0
2023-03-17,97.6500015258789,97.91999816894531,95.91000366210938,96.6500015258789,96.6500015258789,1627900,-0.5146680310311776,2.190418317236597,2.1357659642109317,1.896205511217651,2.4525361702615203,95.76399993896484,97.38200073242187,101.36199951171875,100.1839998881022,97.42789985656738,96.43659254027735,97.3345622684024,99.87224169118524,99.64451860414245,98.88505019553402,97.73351199064419,99.63828650404949,-1.9047745134053002,-1.4821872608323319,-2.648729972247634,-2.648729972247634,2.648729972247634,2.648729972247634,2.648729972247634,-2.648729972247634,-2.648729972247634,2.648729972247634,-2.648729972247634,3.5199966430664062,2.9303493499756015,97.91999816894531,91.32636138916013,91.89760131835935,92.46884124755857,,,,,,,,,,0.0,0.0,0.0
2023-03-20,97.06999969482422,99.5199966430664,96.0,99.20999908447266,99.20999908447266,915300,2.648729972247634,2.319906010026689,2.3025248730026795,1.9970699007879735,2.4529608770344415,96.67200012207032,97.22800064086914,101.10633290608725,100.32366650899252,97.5598998260498,97.36106138834246,97.67555078041516,99.82951636171993,99.63027206251392,98.89148482699815,97.96066385123318,99.60656151000677,-1.6458976587735918,-1.514929340420584,-1.723615663998402,-1.723615663998402,1.723615663998402,1.723615663998402,1.723615663998402,-1.723615663998402,-1.723615663998402,1.723615663998402,-1.723615663998402,2.3100051879882244,2.895099639892588,99.5199966430664,91.47322959899898,92.05929946899411,92.64536933898923,,,,,,,,,,0.0,0.0,0.0
2023-03-21,100.0599975585938,101.6900024414062,99.37999725341797,100.9199981689453,100.9199981689453,883100,1.723615663998402,2.321754726410592,2.3628316671487966,1.9483632994122508,2.4412656652854903,97.6,97.31500015258788,101.06233291625976,100.45283317565918,97.70869979858398,98.54737364854341,98.26545030560246,99.89987002670222,99.67255816436413,98.9316534080268,98.41594605395812,99.70385311437259,-1.2879070604144687,-1.4695248844193611,-1.4367786113261747,1.4367786113261747,-1.4367786113261747,-1.4367786113261747,1.4367786113261747,-1.4367786113261747,1.4367786113261747,-1.4367786113261747,-1.4367786113261747,3.690002441406264,2.981099700927742,101.6900024414062,93.15077743530271,93.72979736328124,94.30881729125974,,,,,,,,,,0.0,0.0,0.0
2023-03-22,100.75,103.0800018310547,99.38999938964844,99.47000122070312,99.47000122070312,904300,-1.4367786113261747,2.034036600096715,2.3698099119425984,1.9764079434674693,2.429809357216708,98.68000030517578,97.12900009155274,100.75933303833008,100.5928332010905,97.84919982910156,98.85491617259666,98.48445956289348,99.87213655534744,99.66591695309656,98.94231376075307,98.57810838730352,99.68653075187855,-1.1084223645750342,-1.3973043804504959,3.02604011188449,-3.02604011188449,3.02604011188449,3.02604011188449,-3.02604011188449,3.02604011188449,-3.02604011188449,3.02604011188449,3.02604011188449,3.3699951171875,2.9929992675781323,103.0800018310547,95.13158309936516,95.72780303955071,96.32402297973626,,,,,,,,,,0.0,0.0,0.0
2023-03-23,100.9899978637695,104.0299987792969,100.6600036621094,102.4800033569336,102.4800033569336,1202500,3.02604011188449,1.9709722865585382,2.1933142597587136,1.9891382196900647,2.454990509809876,99.74600067138672,97.62300033569336,100.64633305867513,100.79249992370606,98.0240998840332,100.06327856737565,99.21092207090078,100.04038602641752,99.7581820810912,99.01236702008337,99.17839992109275,99.8934546485493,-0.7150547274565469,-1.260854449851706,-1.5222532561351139,1.5222532561351139,1.5222532561351139,-1.5222532561351139,1.5222532561351139,-1.5222532561351139,1.5222532561351139,-1.5222532561351139,-1.5222532561351139,2.3500061035155966,3.0259998321533255,104.0299987792969,96.49540344238281,97.09400329589843,97.69260314941407,,,,,,,,,,0.0,0.0,0.0
2023-03-24,101.8000030517578,102.4800033569336,100.129997253418,100.9199981689453,100.9199981689453,1218800,-1.5222532561351139,2.2126655508692012,2.0990886556539725,1.9468119185094037,2.4597443366776055,100.6,98.18199996948242,100.47866643269857,100.98233324686686,98.14869987487793,100.34885176789888,99.52166317963614,100.0971351969032,99.79627441184051,99.05014189431826,99.44633811307007,99.96949490931937,-0.523156796249296,-1.113314919131224,-2.3781228393020433,2.3781228393020433,2.3781228393020433,-2.3781228393020433,2.3781228393020433,-2.3781228393020433,2.3781228393020433,-2.3781228393020433,-2.3781228393020433,3.7900009155273153,3.1000000000000028,102.4800033569336,97.37279914855958,97.97799911499025,98.58319908142091,,,,,,,,,,0.0,0.0,0.0
2023-03-27,101.5500030517578,101.620002746582,97.83000183105469,98.5199966430664,98.5199966430664,1057600,-2.3781228393020433,2.35030820903056,2.274024979828066,2.015948448030312,2.466881609522701,100.46199951171874,98.56699981689454,100.31899973551432,101.16116650899251,98.27309982299805,99.73923339295473,99.33954199116891,99.99538432246212,99.75442923909382,99.03964396855089,99.30382404076181,99.8621246673747,-0.5583006266128905,-1.0023120606275573,-0.923666325336692,0.923666325336692,0.923666325336692,-0.923666325336692,0.923666325336692,-0.923666325336692,0.923666325336692,-0.923666325336692,-0.923666325336692,2.0999984741210938,3.070000076293946,101.620002746582,95.66000335693359,96.28000335693359,96.90000335693358,,,,,,,,,,0.0,0.0,0.0
2023-03-28,97.94999694824219,98.19999694824219,96.0999984741211,97.61000061035156,97.61000061035156,1018400,-0.923666325336692,2.118630023831741,2.2615390266684168,2.0127174134354795,2.4463877167539594,99.8,98.7,100.0586664835612,101.28283322652182,98.38409980773926,99.02948913208702,99.02507992192939,99.84148859910016,99.68412010372522,99.01133419908159,99.0432358206987,99.69530066315076,-0.652064842452063,-0.9322626169924585,2.6431736655281,-2.6431736655281,-2.6431736655281,2.6431736655281,-2.6431736655281,2.6431736655281,-2.6431736655281,2.6431736655281,2.6431736655281,2.785003662109375,3.0647502899169945,98.19999694824219,94.86600257873532,95.48000259399412,96.0940026092529,,,,,,,,,,0.0,0.0,0.0
2023-03-29,99.16999816894531,101.1050033569336,98.31999969482422,100.1900024414062,100.1900024414062,995500,2.6431736655281,2.491300140270316,2.204229914443785,2.105007929158901,2.4672309081311816,99.94400024414061,99.3120002746582,99.85066655476888,101.4419999440511,98.54119979858399,99.41632690186009,99.23688401637972,99.86397336311991,99.7007064098787,99.03467416427613,99.2196614546537,99.73194523931784,-0.5122837846641346,-0.8482668505267938,0.6886862912448091,-0.6886862912448091,-0.6886862912448091,0.6886862912448091,-0.6886862912448091,0.6886862912448091,-0.6886862912448091,0.6886862912448091,0.6886862912448091,1.5299987792969034,2.9545001983642623,101.1050033569336,91.4575463104248,92.0704963684082,92.6834464263916,,,,,,,,,,0.0,0.0,0.0
2023-03-30,101.1800003051758,101.7099990844727,100.1800003051758,100.879997253418,100.879997253418,1003300,0.6886862912448091,1.9900513076237731,2.0054172373138037,2.1032178061548708,2.4559433936720425,99.6239990234375,99.68499984741212,99.7043332417806,101.63766657511393,98.72329978942871,99.90421701904606,99.5356318776594,99.92952329152625,99.73937168343737,99.07121521554626,99.47509773138668,99.81698612925119,-0.3418883978645084,-0.7469911599943367,-0.6839834062176572,-0.6839834062176572,-0.6839834062176572,0.6839834062176572,-0.6839834062176572,0.6839834062176572,-0.6839834062176572,0.6839834062176572,0.6839834062176572,1.8199996948241761,2.8940002441406256,101.7099990844727,94.60510292053222,95.19600296020506,95.78690299987792,,,,,,,,,,0.0,0.0,0.0
2023-03-31,100.3000030517578,101.7900009155273,99.97000122070312,101.5699996948242,101.5699996948242,941700,0.6839834062176572,1.8930888894611577,1.9806419639973567,2.0826502454448614,2.444678585368732,99.75399932861328,100.17699966430663,99.6086664835612,101.81383323669434,98.87049980163575,100.45947791097211,99.90551693532572,100.0353604788358,99.79939227397463,99.12069609632404,99.7973903411463,99.9468389859603,-0.14944864481400089,-0.6274826569582695,0.6891768734325123,-0.6891768734325123,0.6891768734325123,-0.6891768734325123,0.6891768734325123,-0.6891768734325123,0.6891768734325123,-0.6891768734325123,-0.6891768734325123,2.139999389648409,2.859500503540036,101.7900009155273,95.34319854736333,95.92199859619144,96.50079864501957,,,,,,,,,,0.0,0.0,0.0
2023-04-03,100.5999984741211,101.3399963378906,99.19999694824219,100.870002746582,100.870002746582,980300,-0.6891768734325123,1.4231770286454628,1.8586684186081752,2.042854361899818,2.444080134622198,100.2240005493164,100.34300003051757,99.53499984741211,101.99016660054525,98.99809982299804,100.5963195228421,100.08087799191777,100.08920836707749,99.83449425668306,99.1553358319727,99.96240763429026,100.01522148674708,-0.05281385245682202,-0.5125488960579802,3.588780259753356,-3.588780259753356,3.588780259753356,-3.588780259753356,3.588780259753356,-3.588780259753356,3.588780259753356,-3.588780259753356,-3.588780259753356,4.880004882812472,2.9895008087158152,101.3399963378906,95.49909980773923,96.07099990844723,96.64290000915524,,,,,,,,,,0.0,0.0,0.0
2023-04-04,101.0100021362305,101.3450012207031,96.46499633789062,97.25,97.25,888200,-3.588780259753356,2.3059193895188135,2.111005674865822,2.193516606533099,2.456425269683705,100.15200042724607,99.97600021362305,99.4326665242513,102.05516662597657,99.08919982910156,99.48087968189475,99.56617290247817,99.90603363371767,99.7497567400705,99.11760640955741,99.54511415209176,99.81039026550656,-0.2652761134147994,-0.46309433952934403,-2.313624678663239,-2.313624678663239,2.313624678663239,-2.313624678663239,2.313624678663239,2.313624678663239,2.313624678663239,-2.313624678663239,-2.313624678663239,1.94000244140625,2.9975009918212825,101.3450012207031,94.7630945587158,95.36099472045896,95.95889488220213,,,,,,,,,,0.0,0.0,0.0
2023-04-05,96.5,96.5,94.55999755859375,95.0,95.0,1712000,-2.313624678663239,1.8842691584259177,2.1783147776710425,2.219942179039138,2.4630254949201573,99.11399993896484,99.52900009155273,99.25899988810221,102.05166664123536,99.19019981384277,97.98725312126317,98.73595964748213,99.58951533476814,99.59402701088786,99.03606964897212,98.84586582100071,99.45406506065422,-0.6081992396535014,-0.49211531955417553,0.28420699270148025,-0.28420699270148025,0.28420699270148025,-0.28420699270148025,-0.28420699270148025,0.28420699270148025,0.28420699270148025,0.28420699270148025,0.28420699270148025,1.5,2.837250900268546,96.5,94.75049903869628,95.34999923706053,95.94949943542478,1.0,1.0,1.0,94.75049903869628,95.34999923706053,95.94949943542478,95.0,95.0,95.0,0.2633241659253186,-0.3670678970750243,-0.9895824793372775
2023-04-06,94.12999725341797,95.41000366210938,93.91000366210938,94.7300033569336,94.7300033569336,1987300,-0.28420699270148025,1.7020637301453871,1.8146914695309628,2.0671953794316926,2.4598657757641123,97.88400115966796,98.75400009155274,98.98066660563151,102.02750002543131,99.19069984436035,96.90150319981998,98.00760395829148,99.27599843297237,99.4345508255123,98.95080100952582,98.21265621114424,99.10413456408233,-0.8914783529380941,-0.5719879262309593,-0.49614016114588627,-0.49614016114588627,-0.49614016114588627,0.49614016114588627,0.49614016114588627,-0.49614016114588627,-0.49614016114588627,-0.49614016114588627,-0.49614016114588627,2.1800003051757812,2.7707508087158117,95.41000366210938,90.2580480194092,90.82549819946291,91.39294837951661,,,,,,,,,,0.0,0.0,0.0
2023-04-10,94.05000305175781,95.76000213623047,93.58000183105469,95.19999694824219,95.19999694824219,1240900,0.49614016114588627,1.6503115600495224,1.8336762453622424,2.008123513276888,2.4295689471359845,96.61000061035156,98.18199996948242,98.79833323160807,101.9633332570394,99.17489982604981,96.33433444929406,97.49712995646433,99.01303059524786,99.29571299347066,98.87652766177763,97.74917017069777,98.81493918513121,-1.0657690144334424,-0.670744143871456,0.10504041735995052,0.10504041735995052,0.10504041735995052,-0.10504041735995052,-0.10504041735995052,0.10504041735995052,0.10504041735995052,0.10504041735995052,0.10504041735995052,1.0200042724609375,2.6347507476806555,95.76000213623047,89.31435188293459,89.86850204467775,90.4226522064209,,,,,,,,,,0.0,0.0,0.0
2023-04-11,95.70999908447266,95.91000366210938,94.88999938964844,95.0999984741211,95.0999984741211,1136500,-0.10504041735995052,1.7213782826047643,1.7216227701602203,2.001560472567855,2.4280667953275747,95.45599975585938,97.84000015258789,98.63399988810221,101.88733317057292,99.18179977416992,95.9228891242364,97.06128786876556,98.76057691001388,99.15814858300018,98.8017449055864,97.34160529430136,98.53975839172304,-1.198153097421681,-0.776225934581501,1.661410995169093,1.661410995169093,1.661410995169093,-1.661410995169093,-1.661410995169093,1.661410995169093,1.661410995169093,1.661410995169093,1.661410995169093,2.6299972534179688,2.619750595092765,95.91000366210938,89.96355049133302,90.49050064086916,91.01745079040529,,,,,,,,,,0.0,0.0,0.0
2023-04-12,95.7699966430664,95.87999725341797,93.25,93.5199966430664,93.5199966430664,873400,-1.661410995169093,1.1681825497229523,1.7647160119863807,1.9960722057281586,2.4346059617336775,94.70999908447266,97.43099975585936,98.38833312988281,101.77266642252604,99.12949974060058,95.12192496384641,96.41741673682024,98.4224749573076,98.97329114234662,98.69715583108106,96.75366550180367,98.16792418811883,-1.414258686315165,-0.9038324849282338,-0.10693552941122725,-0.10693552941122725,-0.10693552941122725,0.10693552941122725,0.10693552941122725,-0.10693552941122725,-0.10693552941122725,-0.10693552941122725,-0.10693552941122725,1.4749984741210938,2.5575004577636635,95.87999725341797,90.14655235290529,90.67050247192384,91.1944525909424,,,,,,,,,,0.0,0.0,0.0
2023-04-13,93.54000091552734,94.26000213623047,92.78500366210938,93.62000274658203,93.62000274658203,746100,0.10693552941122725,0.8201500964208328,1.4265248493505314,1.929866409218454,2.4315245836379304,94.43399963378906,96.77399978637695,98.16066665649414,101.64516652425131,99.13739974975586,94.62128422475828,95.90879601132238,98.1126380404866,98.79777349002647,98.59661814623949,96.27156353946188,97.83104111837537,-1.5594775789134872,-1.0349615037252846,0.04272688993144058,0.04272688993144058,0.04272688993144058,-0.04272688993144058,-0.04272688993144058,0.04272688993144058,0.04272688993144058,0.04272688993144058,0.04272688993144058,2.0100021362304688,2.4525005340576085,94.26000213623047,90.2534962463379,90.76499633789064,91.27649642944337,,,,,,,,,,0.0,0.0,0.0
2023-04-14,93.08999633789062,94.5,92.48999786376953,93.58000183105469,93.58000183105469,885000,-0.04272688993144058,0.8276169307317579,1.3668132494359233,1.7689283185320583,2.431401477325796,94.20399932861328,96.04400024414062,97.90533345540365,101.52199986775716,99.09619979858398,94.27419009352376,95.48537888763734,97.8202098979426,98.62669900940445,98.49727920930515,95.85747712278385,97.51614931931458,-1.6586721965307305,-1.1597036422863738,-0.04274515360617291,-0.04274515360617291,-0.04274515360617291,0.04274515360617291,0.04274515360617291,-0.04274515360617291,-0.04274515360617291,-0.04274515360617291,-0.04274515360617291,1.5499954223632812,2.429500579833976,94.5,88.86450096130373,89.35500106811526,89.84550117492677,,,,,,,,,,0.0,0.0,0.0
2023-04-17,92.75,93.83999633789062,92.29000091552734,93.62000274658203,93.62000274658203,808400,0.04274515360617291,0.7475997353348489,1.3062974396244222,1.7676385498590423,2.416331512165674,93.88800048828125,95.2490005493164,97.60266698201498,101.43583323160807,99.04319984436034,94.05612764454318,95.14621958926364,97.54922879140321,98.4625450335742,98.40069947737003,95.51325029567587,97.22754586948254,-1.714295573806666,-1.2706220285904322,0.09613753967598788,0.09613753967598788,0.09613753967598788,-0.09613753967598788,-0.09613753967598788,0.09613753967598788,0.09613753967598788,0.09613753967598788,0.09613753967598788,2.1999969482421875,2.363500595092765,93.83999633789062,89.15509872436525,89.64099884033205,90.12689895629885,,,,,,,,,,0.0,0.0,0.0
2023-04-18,94.27999877929688,95.0,92.80000305175781,93.52999877929688,93.52999877929688,928500,-0.09613753967598788,0.7482854174427069,1.3254069016379038,1.6414216398387669,2.3668657164354188,93.57400054931641,94.51500015258789,97.3620002746582,101.28816655476888,99.03019981384277,93.88075135612775,94.85236126017875,97.28992362933184,98.3008222055651,98.3042499585963,95.20813467777143,96.95365349243176,-1.745518814660329,-1.3656013858044116,0.9943337082365487,0.9943337082365487,0.9943337082365487,-0.9943337082365487,-0.9943337082365487,0.9943337082365487,0.9943337082365487,0.9943337082365487,0.9943337082365487,1.6500015258789062,2.330500411987299,95.0,88.64029502868654,89.11299514770509,89.58569526672365,,,,,,,,,,0.0,0.0,0.0
2023-04-19,92.58000183105469,93.16000366210938,91.51000213623047,92.5999984741211,92.5999984741211,880500,-0.9943337082365487,0.45265013415749056,0.8888367468362522,1.5779592250074346,2.1833781262385457,93.39000091552734,94.05,97.11366678873698,101.0076665242513,98.98689979553222,93.4538337287922,94.44284075362282,96.98734781286664,98.11390995207512,98.1912944836562,94.80688295413292,96.63116052811245,-1.8242775739795292,-1.4573366234394352,-0.3887695640212908,-0.3887695640212908,-0.3887695640212908,0.3887695640212908,0.3887695640212908,-0.3887695640212908,-0.3887695640212908,-0.3887695640212908,-0.3887695640212908,2.6100006103515625,2.2765003204345637,93.16000366210938,89.87289909362794,90.3389991760254,90.80509925842286,,,,,,,,,,0.0,0.0,0.0
2023-04-20,91.52999877929688,94.13999938964844,91.52999877929688,92.95999908447266,92.95999908447266,977700,0.3887695640212908,0.5133869239224891,0.6498278261715789,1.5686634880480976,2.1813029111558224,93.25800018310547,93.84599990844727,96.83466669718425,100.75516649881999,98.94069976806641,93.2892221806857,94.17323317741369,96.72751886264768,97.94492926789142,98.08770447575158,94.5227469741852,96.3592226433984,-1.8364756692132005,-1.5331644325941882,0.010759613090550721,0.010759613090550721,0.010759613090550721,-0.010759613090550721,-0.010759613090550721,0.010759613090550721,0.010759613090550721,0.010759613090550721,0.010759613090550721,1.75,2.195500564575189,94.13999938964844,88.15170295715333,88.60700302124025,89.06230308532716,,,,,,,,,,0.0,0.0,0.0
2023-04-21,92.19999694824219,93.04000091552734,91.29000091552734,92.94999694824219,92.94999694824219,1239300,-0.010759613090550721,0.51510258654728,0.6523370702642223,1.3602356696789428,2.1644221559716232,93.13199920654297,93.66799926757812,96.68166656494141,100.46916643778484,98.91079971313476,93.17614710320453,93.9508265902916,96.48380777139573,97.78116099511602,97.98596769302863,94.28078543173243,96.10668740672016,-1.8259019749877297,-1.5917119410728966,1.0112908476319162,1.0112908476319162,1.0112908476319162,-1.0112908476319162,-1.0112908476319162,1.0112908476319162,1.0112908476319162,1.0112908476319162,1.0112908476319162,1.80999755859375,2.1685001373290964,93.04000091552734,89.30989814758303,89.74899826049806,90.1880983734131,,,,,,,,,,0.0,0.0,0.0
2023-04-24,92.63999938964844,93.11000061035156,91.30000305175781,92.01000213623047,92.01000213623047,807900,-1.0112908476319162,0.6280215721505046,0.6509547434206844,1.3442949770131416,2.1422208530705595,92.80999908447265,93.34899978637695,96.57099990844726,100.12716649373372,98.88879974365234,92.78743211421317,93.59794941682594,96.19517514977217,97.59194267187387,97.86763174140886,93.93143415550136,95.80322923853574,-1.871795083034371,-1.6477285694651915,2.5214646679273147,2.5214646679273147,2.5214646679273147,-2.5214646679273147,-2.5214646679273147,2.5214646679273147,2.5214646679273147,2.5214646679273147,2.5214646679273147,2.220001220703125,2.090000152587887,93.11000061035156,88.26930061340333,88.70300064086915,89.13670066833497,,,,,,,,,,0.0,0.0,0.0
2023-04-25,91.27999877929688,91.69000244140625,89.47000122070312,89.69000244140625,89.69000244140625,1072400,-2.5214646679273147,1.1266630545692038,0.9393523367590396,1.3554380030173332,2.1602487850372,92.04199981689453,92.80800018310546,96.40500005086263,99.76183319091797,98.84589973449707,91.75495555661087,92.88741360311326,95.77548658794211,97.33286266431755,97.70569848794345,93.27890619948673,95.35039762393356,-2.071491424446833,-1.73248114046152,-0.1114934456450951,-0.1114934456450951,-0.1114934456450951,0.1114934456450951,0.1114934456450951,-0.1114934456450951,-0.1114934456450951,-0.1114934456450951,-0.1114934456450951,1.7350006103515625,2.0717502593994106,91.69000244140625,88.5120002746582,88.93000030517578,89.34800033569337,,,,,,,,,,0.0,0.0,0.0
2023-04-26,90.33999633789062,90.61000061035156,88.875,89.79000091552734,89.79000091552734,1108300,0.1114934456450951,1.19288567031542,0.8778587683334675,1.3565486985671618,2.1203682482475226,91.48000030517578,92.43500061035157,96.18866678873698,99.46349983215332,98.75129974365234,91.0999706762497,92.32424765991581,95.38932622197987,97.08555572173425,97.54895200136095,92.74215154041606,94.93851638627383,-2.1963648458577723,-1.8252578815407705,-0.6014042878063516,-0.6014042878063516,-0.6014042878063516,0.6014042878063516,0.6014042878063516,-0.6014042878063516,-0.6014042878063516,-0.6014042878063516,-0.6014042878063516,2.779998779296875,2.0715000152587857,90.61000061035156,87.13215187072754,87.54650192260743,87.96085197448731,,,,,,,,,,0.0,0.0,0.0
2023-04-27,89.4800033569336,90.56999969482422,87.79000091552734,90.33000183105469,90.33000183105469,1576400,0.6014042878063516,1.2401862720573007,0.9225416870556349,1.1802244522767826,2.117892777924949,90.9540008544922,92.10600051879882,96.06400019327799,99.15799980163574,98.68209976196289,90.84331439451803,91.96165750921378,95.0629181967589,96.86406215154804,97.40600249303806,92.37105158512969,94.59714493773909,-2.2260933526093964,-1.9054249757544957,-1.9373408220150892,-1.9373408220150892,-1.9373408220150892,1.9373408220150892,1.9373408220150892,-1.9373408220150892,-1.9373408220150892,-1.9373408220150892,-1.9373408220150892,1.839996337890625,2.0869998931884717,90.56999969482422,86.05270057678223,86.467000579834,86.88130058288574,,,,,,,,,,0.0,0.0,0.0
2023-04-28,91.02999877929688,92.38999938964844,90.55000305175781,92.08000183105469,92.08000183105469,1199700,1.9373408220150892,1.6846463560343619,1.1746386913538682,1.2760998637359828,2.0450373475491923,90.78000183105469,91.95600051879883,95.89500020345052,98.80049985249838,98.63099975585938,91.25554354003026,91.9831746586394,94.8704719796167,96.70720771481055,97.30053713339481,92.32627469988738,94.4106898927995,-2.084415192912118,-1.9412230191860202,-0.8253632620798054,-0.8253632620798054,-0.8253632620798054,0.8253632620798054,0.8253632620798054,-0.8253632620798054,-0.8253632620798054,-0.8253632620798054,-0.8253632620798054,1.4469985961914062,2.0683498382568333,92.38999938964844,85.97859992980958,86.39599990844728,86.81339988708497,,,,,,,,,,0.0,0.0,0.0
2023-05-01,91.9000015258789,93.23999786376953,91.79299926757812,92.83999633789062,92.83999633789062,1176800,0.8253632620798054,1.65713158895122,1.2146830359289518,1.2830702312812188,1.920649956752226,90.94600067138671,91.87799987792968,95.76800003051758,98.56499977111817,98.58379974365235,91.78369447265038,92.13896041850326,94.73947355111824,96.58041389917383,97.21220959288978,92.40530879804172,94.29434222206551,-1.8890334240237934,-1.930785100153575,-0.6355062371371065,-0.6355062371371065,-0.6355062371371065,-0.6355062371371065,0.6355062371371065,-0.6355062371371065,-0.6355062371371065,-0.6355062371371065,0.6355062371371065,1.8700027465820312,2.054850006103514,93.23999786376953,87.8396297454834,88.25329971313477,88.66696968078614,,,,,,,,,,0.0,0.0,0.0
2023-05-02,93.0,93.86000061035156,91.98999786376953,93.43000030517578,93.43000030517578,1083700,0.6355062371371065,0.6768046562403252,1.2352600353132324,1.3035813225056434,1.9237430998602985,91.69400024414062,91.86800003051758,95.57533340454101,98.34083315531413,98.56109977722168,92.33246308349219,92.3736949433528,94.65499140621873,96.47712165019028,97.1373143594697,92.56295364529312,94.2303168948885,-1.6673632495953825,-1.8781007300419366,-0.2033634173024019,-0.2033634173024019,-0.2033634173024019,-0.2033634173024019,0.2033634173024019,-0.2033634173024019,-0.2033634173024019,-0.2033634173024019,0.2033634173024019,3.4300003051757812,1.9823497772216796,93.86000061035156,88.7193278503418,89.1302978515625,89.5412678527832,,,,,,,,,,0.0,0.0,0.0
2023-05-03,92.31999969482422,95.70999908447266,92.27999877929688,93.62000274658203,93.62000274658203,1933900,0.2033634173024019,0.653532916421471,1.1856133486775402,1.0654434764609997,1.8460534004734523,92.46000061035156,91.97000045776367,95.33200022379557,98.19716657002768,98.54309982299804,92.7616429711888,92.60029636212175,94.58821794430668,96.38344562056379,97.06766462456103,92.72557658395296,94.1851084394584,-1.4595318555054462,-1.7943869551346385,0.3952094705540993,-0.3952094705540993,-0.3952094705540993,-0.3952094705540993,0.3952094705540993,0.3952094705540993,-0.3952094705540993,-0.3952094705540993,0.3952094705540993,10.407997131347685,2.4057495117187515,95.70999908447266,89.49883110046386,89.8953010559082,90.29177101135254,,,,,,,,,,0.0,0.0,0.0
2023-05-04,102.2699966430664,102.7799987792969,92.37200164794922,93.98999786376953,93.98999786376953,3259100,0.3952094705540993,0.678430938544869,1.185779725292774,0.9460375060883147,1.6516501226100169,93.19199981689454,92.07300033569337,95.14933344523112,97.9543332417806,98.49519981384277,93.17109460204905,92.85296936242135,94.54962310040106,96.30497192361972,97.00672072830774,92.92010293469397,94.17065580422218,-1.2505528695282067,-1.6856201380133522,-1.1490522674822436,1.1490522674822436,1.1490522674822436,1.1490522674822436,-1.1490522674822436,-1.1490522674822436,1.1490522674822436,1.1490522674822436,-1.1490522674822436,2.6800003051757812,2.4647495269775406,102.7799987792969,90.4173501586914,90.89850006103515,91.37964996337891,,,,,,,,,,0.0,0.0,0.0
2023-05-05,94.13999938964844,94.8499984741211,92.16999816894531,92.91000366210938,92.91000366210938,2137800,-1.1490522674822436,0.7805765459549732,1.2521441138045064,0.976618197231357,1.6297123171878687,93.35800018310547,92.06900100708008,94.83033345540365,97.73833325703939,98.44829986572266,93.08406428873583,92.8633392350919,94.44384120115643,96.19366148881609,96.925597618086,92.9185492004502,94.07727416406567,-1.1587249636154695,-1.5802411031337757,1.3561451481782572,-1.3561451481782572,-1.3561451481782572,-1.3561451481782572,1.3561451481782572,1.3561451481782572,-1.3561451481782572,-1.3561451481782572,1.3561451481782572,2.4599990844726562,2.4787494659423843,94.8499984741211,97.35754981994631,97.85049972534182,98.34344963073733,1.0,1.0,1.0,94.13999938964844,94.13999938964844,94.13999938964844,92.91000366210938,92.91000366210938,92.91000366210938,-1.306560160945053,-1.306560160945053,-1.306560160945053
2023-05-08,92.29000091552734,94.45999908447266,92.0,94.16999816894531,94.16999816894531,1585700,1.3561451481782572,0.9145314112825145,1.262868494798528,1.0217837184231513,1.6417805194367057,93.6240005493164,92.28500061035156,94.60533345540365,97.54199994405111,98.39799987792969,93.44604224880567,93.10091358670161,94.42617390875571,96.12731187177114,96.87103129236044,93.11107981098792,94.08414260887157,-0.9730627978836566,-1.4588054420837522,-1.0937653173243242,1.0937653173243242,1.0937653173243242,1.0937653173243242,-1.0937653173243242,-1.0937653173243242,1.0937653173243242,1.0937653173243242,-1.0937653173243242,3.0900039672851562,2.5822494506835953,94.45999908447266,89.39674964904785,89.89249954223632,90.3882494354248,,,,,,,,,,0.0,0.0,0.0
2023-05-09,91.80000305175781,93.83000183105469,90.73999786376953,93.13999938964844,93.13999938964844,1733300,-1.0937653173243242,1.0649789059914696,0.9605716588163844,1.0481946249376295,1.6182105534065656,93.56600036621094,92.63000030517578,94.42600021362304,97.37249997456868,98.30739990234375,93.34402796241993,93.10802009632829,94.343194907523,96.02936720022613,96.79714947250476,93.11552897693569,94.0142060741143,-0.8986770971786058,-1.3467797731027231,-0.5905121917135633,0.5905121917135633,0.5905121917135633,0.5905121917135633,-0.5905121917135633,-0.5905121917135633,0.5905121917135633,0.5905121917135633,-0.5905121917135633,2.9150009155273438,2.596499633789064,93.83000183105469,88.77905029296875,89.29550018310546,89.81195007324219,,,,,,,,,,0.0,0.0,0.0
2023-05-10,94.33000183105469,94.51499938964844,91.5999984741211,92.58999633789062,92.58999633789062,1469900,-0.5905121917135633,1.0754690222734364,1.0070875819084324,0.9899039102053583,1.5929861134879864,93.35999908447266,92.90999984741211,94.25866673787435,97.15866661071777,98.2238998413086,93.09268408757683,93.01383395843052,94.23008532238542,95.91660094244465,96.71383950944309,93.034677801698,93.90870905661625,-0.8740312549182505,-1.2522300694658286,-2.1924601572385396,2.1924601572385396,2.1924601572385396,2.1924601572385396,-2.1924601572385396,-2.1924601572385396,2.1924601572385396,2.1924601572385396,-2.1924601572385396,2.2099990844726562,2.633249664306642,94.51499938964844,88.11770263671875,88.63700256347656,89.15630249023437,,,,,,,,,,0.0,0.0,0.0
2023-05-11,92.3499984741211,92.62999725341797,90.41999816894531,90.55999755859375,90.55999755859375,1319900,-2.1924601572385396,1.3055746785312958,1.2708958755378559,1.0988294963584089,1.6059191354091955,92.6739990234375,92.93299942016601,93.93766657511394,96.8941665649414,98.16099983215332,92.24845524458247,92.56768188573292,93.99330546665692,95.74097460199052,96.59198125299064,92.65395776429733,93.66065635305901,-1.0066985887616795,-1.2031237733249989,0.35335656299810947,0.35335656299810947,0.35335656299810947,0.35335656299810947,-0.35335656299810947,0.35335656299810947,0.35335656299810947,0.35335656299810947,-0.35335656299810947,1.8699951171875,2.6262493133544935,92.62999725341797,88.72185012817383,89.24850006103516,89.77514999389648,,,,,,,,,,0.0,0.0,0.0
2023-05-12,90.6500015258789,91.08999633789062,89.22000122070312,90.23999786376953,90.23999786376953,1141100,-0.35335656299810947,1.290734540718657,1.0818350620528872,1.0992760263126053,1.6022479294545118,92.13999786376954,92.7489990234375,93.58299992879232,96.64366658528645,98.1174998474121,91.57896945097816,92.1444666090123,93.75115658905128,95.56061470893408,96.46619940369912,92.28257931806229,93.40727424274127,-1.1246949246789768,-1.1874380035957945,-3.0806724790637623,-3.0806724790637623,-3.0806724790637623,-3.0806724790637623,3.0806724790637623,-3.0806724790637623,-3.0806724790637623,-3.0806724790637623,3.0806724790637623,3.44000244140625,2.7207496643066422,91.08999633789062,86.85224876403808,87.37749862670898,87.90274848937987,,,,,,,,,,0.0,0.0,0.0
2023-05-15,90.30000305175781,93.18000030517578,89.73999786376953,93.0199966430664,93.0199966430664,1258500,3.0806724790637623,1.981355500088611,1.4802277182404562,1.3189925499636763,1.6568839737187981,91.90999755859374,92.76699905395508,93.29799982706706,96.45333315531413,98.1174998474121,92.05931184834091,92.30365388793123,93.7039849796329,95.4773157559548,96.3979577648747,92.39602813729368,93.37858701313573,-0.9825588758420452,-1.1464621780450448,2.6123418543005403,2.6123418543005403,2.6123418543005403,2.6123418543005403,-2.6123418543005403,2.6123418543005403,2.6123418543005403,2.6123418543005403,-2.6123418543005403,2.9900054931640625,2.7602500915527357,93.18000030517578,85.10434707641602,85.64849700927734,86.19264694213867,,,,,,,,,,0.0,0.0,0.0
2023-05-16,92.8499984741211,93.4800033569336,90.48999786376953,90.58999633789062,90.58999633789062,887500,-2.6123418543005403,2.2456445046555866,1.6758012692605526,1.4406389004434061,1.68039952427082,91.39999694824219,92.48299865722656,92.95533294677735,96.24516639709472,98.11509979248046,91.56954001152415,91.99207978792384,93.50308248661727,95.31707577503467,96.28294862770669,92.11817709123167,93.17202474089534,-1.0538476496636662,-1.1279392723687691,-2.086330826191286,-2.086330826191286,-2.086330826191286,-2.086330826191286,2.086330826191286,-2.086330826191286,-2.086330826191286,-2.086330826191286,2.086330826191286,2.5749969482421875,2.8064998626708997,93.4800033569336,87.10745010375976,87.65950012207031,88.21155014038085,,,,,,,,,,0.0,0.0,0.0
2023-05-17,90.7300033569336,92.82499694824219,90.25,92.4800033569336,92.4800033569336,1147100,2.086330826191286,2.529791293721048,1.8362068158008757,1.5086643224199354,1.6739406863019122,91.37799835205078,92.36899871826172,92.79633305867513,96.11449979146322,98.10819984436036,91.87302779332731,92.08079316410743,93.43707738147639,95.22405700722807,96.20764278076068,92.17384267057042,93.12076389763891,-0.9469212270684864,-1.0917356633087127,-2.746532432886616,-2.746532432886616,-2.746532432886616,-2.746532432886616,2.746532432886616,-2.746532432886616,-2.746532432886616,-2.746532432886616,2.746532432886616,2.7700042724609375,2.8145000457763687,92.82499694824219,87.30570365905761,87.8670036315918,88.42830360412597,,,,,,,,,,0.0,0.0,0.0
2023-05-18,93.19000244140625,95.22000122070312,92.44999694824219,95.0199966430664,95.0199966430664,1043200,2.746532432886616,2.4207298299332054,2.0462413344269095,1.627707815174273,1.714412778231632,92.2699981689453,92.47199859619141,92.79699961344402,96.0279997507731,98.14769981384278,92.92201740990701,92.61519379664543,93.53920120480478,95.21736650348507,96.1841250354598,92.61171251249289,93.26144780470761,-0.6497352922147286,-1.0033355890899158,-0.021052697503328326,-0.021052697503328326,-0.021052697503328326,-0.021052697503328326,0.021052697503328326,0.021052697503328326,-0.021052697503328326,-0.021052697503328326,0.021052697503328326,1.3499984741210938,2.7944999694824233,95.22000122070312,86.63309684753418,87.19599685668945,87.75889686584472,,,,,,,,,,0.0,0.0,0.0
2023-05-19,95.0,95.26000213623047,93.91000366210938,95.04000091552734,95.04000091552734,1316200,0.021052697503328326,2.3741456931784413,1.9979994450524474,1.627586567783418,1.67055872750781,93.22999877929688,92.6849983215332,92.80733286539713,95.89399973551433,98.19309982299805,93.62801191178046,93.05606781826032,93.63602699259333,95.21155123830613,96.16146911229282,92.98529534372896,93.39319247958315,-0.40789713585418497,-0.8842478984427697,1.1363655520317235,-1.1363655520317235,-1.1363655520317235,-1.1363655520317235,1.1363655520317235,1.1363655520317235,-1.1363655520317235,-1.1363655520317235,1.1363655520317235,2.9000015258789062,2.849000167846681,95.26000213623047,89.07210128784179,89.63100128173828,90.18990127563477,,,,,,,,,,0.0,0.0,0.0
2023-05-22,93.83999633789062,96.73999786376953,93.83999633789062,96.12000274658203,96.12000274658203,935100,1.1363655520317235,2.105363466674208,1.9855869523160017,1.6195828311040665,1.652545894716727,93.85,92.87999877929687,92.8379997253418,95.81816647847494,98.2589998626709,94.45867552338099,93.61314689613698,93.79628349285068,95.24133653365944,96.16064799614013,93.46755802109098,93.59517842528676,-0.12762040419578113,-0.7329223995933721,-2.080732358355159,-2.080732358355159,2.080732358355159,2.080732358355159,-2.080732358355159,-2.080732358355159,2.080732358355159,2.080732358355159,-2.080732358355159,2.44500732421875,2.8602504730224623,96.73999786376953,88.99220176696777,89.5620018005371,90.13180183410644,,,,,,,,,,0.0,0.0,0.0
2023-05-23,93.83999633789062,96.16000366210938,93.71499633789062,94.12000274658203,94.12000274658203,883400,-2.080732358355159,1.9013494445117494,2.0805610577417584,1.5827372395299686,1.6714461497115294,94.55600128173828,92.97799911499024,92.80533320109049,95.71966654459635,98.32229988098145,94.34578459778135,93.70530250530881,93.81716860599465,95.20457149146017,96.1202391793172,93.56793413270499,93.63405430093827,-0.06612016823328304,-0.5995619533213543,-0.3931180788192953,-0.3931180788192953,0.3931180788192953,0.3931180788192953,-0.3931180788192953,-0.3931180788192953,0.3931180788192953,0.3931180788192953,-0.3931180788192953,2.3700027465820312,2.8920005798339856,96.16000366210938,90.44744682312012,91.01949691772461,91.5915470123291,,,,,,,,,,0.0,0.0,0.0
2023-05-24,92.55999755859375,93.97000122070312,91.5999984741211,93.75,93.75,1109500,-0.3931180788192953,1.7965356883126602,2.0739531388799355,1.5891247030799172,1.6672298959653387,94.81000061035157,93.09399948120117,92.81299997965495,95.60066655476888,98.3566999053955,94.14718973185424,93.71342932252539,93.81283514754338,95.1568806228877,96.07330375002378,93.59594426613499,93.64264287123915,-0.04669860510415447,-0.4889892836779144,0.5760009765625,0.5760009765625,-0.5760009765625,-0.5760009765625,0.5760009765625,0.5760009765625,-0.5760009765625,-0.5760009765625,0.5760009765625,3.410003662109375,2.923500823974611,93.97000122070312,89.79760238647461,90.37600250244141,90.9544026184082,,,,,,,,,,0.0,0.0,0.0
2023-05-25,93.31999969482422,94.69000244140625,91.27999877929688,94.29000091552734,94.29000091552734,1911900,0.5760009765625,1.2245293283799819,1.9053509397217716,1.5888206588779656,1.6689790375123497,94.66400146484375,93.46699981689453,92.83533325195313,95.49799995422363,98.3931999206543,94.19479345974528,93.81826052125302,93.84362003580041,95.12845833740047,96.03799082260802,93.70272221219535,93.6905953189642,0.012126893231155123,-0.3887660482961005,6.098207598015907,6.098207598015907,-6.098207598015907,-6.098207598015907,6.098207598015907,6.098207598015907,-6.098207598015907,-6.098207598015907,6.098207598015907,5.739997863769531,3.118500900268556,94.69000244140625,87.53829940795899,88.1229995727539,88.70769973754882,,,,,,,,,,0.0,0.0,0.0
2023-05-26,95.0,100.5,94.76000213623047,100.0400009155273,100.0400009155273,1678400,6.098207598015907,3.0659054423150542,2.5851154449459983,2.0345064434152165,1.8476628991579573,95.66400146484374,94.4470001220703,93.05066655476888,95.47800000508626,98.50219993591308,96.14319594500597,94.94948604748471,94.2433865441699,95.28949252028988,96.11723854722028,94.67768816655412,94.16092165945035,0.5167665071037675,-0.20765953721612695,-0.7596982499751911,-0.7596982499751911,0.7596982499751911,0.7596982499751911,-0.7596982499751911,-0.7596982499751911,-0.7596982499751911,0.7596982499751911,-0.7596982499751911,3.55000305175777,3.2236511230468743,100.5,87.82930046081543,88.45300064086913,89.07670082092285,,,,,,,,,,0.0,0.0,0.0
2023-05-30,102.370002746582,102.5400009155273,98.98999786376953,99.27999877929688,99.27999877929688,1243700,-0.7596982499751911,3.170702419942772,2.5373658702002526,2.04930906192177,1.840321733939175,96.29600067138671,95.07300033569337,93.23933308919271,95.42100003560384,98.58499992370605,97.1887968897696,95.7368519987233,94.5683292690168,95.420328791077,96.17986746270695,95.38573595312992,94.54011255721676,0.8456233959131652,0.0029970494097314726,-2.0346461199671584,-2.0346461199671584,2.0346461199671584,2.0346461199671584,-2.0346461199671584,-2.0346461199671584,-2.0346461199671584,2.0346461199671584,-2.0346461199671584,2.6100006103515625,3.260651016235351,102.5400009155273,93.40796752929688,94.05269775390624,94.69742797851562,,,,,,,,,,0.0,0.0,0.0
2023-05-31,97.83000183105469,99.20999908447266,96.5999984741211,97.26000213623047,97.26000213623047,1437100,-2.0346461199671584,3.1606922268993394,2.459410419254894,2.116000294707684,1.8427306434292057,96.92400054931639,95.74000091552735,93.36366653442383,95.36283340454102,98.65469993591309,97.21253197192323,96.01378838736096,94.7419855830306,95.48064594993448,96.20125626812326,95.67408459668385,94.74158585936593,0.9324987373179283,0.18889738699137085,1.2029592260408501,1.2029592260408501,-1.2029592260408501,-1.2029592260408501,1.2029592260408501,1.2029592260408501,1.2029592260408501,-1.2029592260408501,1.2029592260408501,3.9199981689453125,3.2851509094238276,99.20999908447266,95.36656867980953,96.0186988830566,96.67082908630367,,,1.0,,,96.67082908630367,,,97.26000213623047,0.0,0.0,0.609463118807857
2023-06-01,98.0,99.61000061035156,95.69000244140625,98.43000030517578,98.43000030517578,1276100,1.2029592260408501,3.10310052173797,2.4212332022363126,2.127311647333363,1.8476188735557135,97.86000061035155,96.33500061035156,93.55799992879231,95.33583335876465,98.70549995422363,97.6183547496741,96.45309964514547,94.9799220167174,95.57734609272927,96.24538981341144,96.09807162875953,95.01480174424073,1.0832698845187991,0.36777188649685655,-0.39622004311619413,-0.39622004311619413,0.39622004311619413,0.39622004311619413,-0.39622004311619413,-0.39622004311619413,-0.39622004311619413,0.39622004311619413,-0.39622004311619413,2.5500030517578125,2.892251205444334,99.61000061035156,91.98266708374024,92.639697265625,93.29672744750977,,,,,,,,,,0.0,0.0,0.0
2023-06-02,98.81999969482422,99.36000061035156,96.80999755859375,98.04000091552734,98.04000091552734,951000,-0.39622004311619413,3.1674024435976973,2.320940757138888,2.132254121179598,1.8404413371271546,98.61000061035155,96.63700103759766,93.7273333231608,95.28100001017252,98.73379997253419,97.75890347162519,96.74162714885126,95.17734646180192,95.65808887380462,96.28092666691869,96.39682998056995,95.23889057174344,1.1579394088265076,0.5258053909627868,-2.1827818948026034,-2.1827818948026034,2.1827818948026034,2.1827818948026034,-2.1827818948026034,-2.1827818948026034,-2.1827818948026034,2.1827818948026034,-2.1827818948026034,2.6440048217773438,2.890451431274412,99.36000061035156,93.24704795837403,93.8254981994629,94.40394844055176,,,,,,,,,,0.0,0.0,0.0
2023-06-05,97.44999694824219,97.7040023803711,95.05999755859375,95.9000015258789,95.9000015258789,1164100,-2.1827818948026034,1.3790520842622207,2.455034710118809,2.179509192448398,1.7978356810263905,97.78200073242188,96.7230010986328,93.82566680908204,95.25366668701172,98.73099998474122,97.13926948970978,96.58860430831083,95.22396936916174,95.66602043616771,96.2733835948189,96.32039483369441,95.28786175353125,1.0325330801631623,0.6271509288028619,1.011471538341287,1.011471538341287,-1.011471538341287,-1.011471538341287,1.011471538341287,1.011471538341287,1.011471538341287,-1.011471538341287,1.011471538341287,3.4199981689453125,2.9384513854980447,97.7040023803711,93.00100746154786,93.57909774780273,94.15718803405763,,,,,,,,,,0.0,0.0,0.0
2023-06-06,95.2300033569336,98.6500015258789,95.2300033569336,96.87000274658203,96.87000274658203,878300,1.011471538341287,1.610919675561462,2.4495822931132496,2.1710722307685852,1.77789110640767,97.30000152587891,96.79800109863281,93.98766682942708,95.27933336893717,98.70919998168945,97.04951390866721,96.63976766072378,95.33016507093079,95.70549526601735,96.28519783544787,96.40494989721559,95.40505738264612,0.999892514569467,0.7016992459561829,1.9510677568501715,1.9510677568501715,-1.9510677568501715,-1.9510677568501715,1.9510677568501715,1.9510677568501715,1.9510677568501715,-1.9510677568501715,1.9510677568501715,3.2340011596679545,2.9456512451171846,98.6500015258789,91.2394093322754,91.82709960937501,92.41478988647461,,,,,,,,,,0.0,0.0,0.0
2023-06-07,97.5,100.4189987182617,97.18499755859375,98.76000213623047,98.76000213623047,916500,1.9510677568501715,1.635159304569711,2.380849056076648,2.184980814145215,1.7920777617862789,97.60000152587891,97.26200103759766,94.2900001525879,95.34750010172526,98.70019996643066,97.61967665118831,97.02526483808862,95.55144488159529,95.80564303225384,96.33420386120595,96.7672656262948,95.65357180883755,1.1136938174572464,0.7840981602563957,0.2835143511951752,0.2835143511951752,-0.2835143511951752,-0.2835143511951752,0.2835143511951752,0.2835143511951752,0.2835143511951752,-0.2835143511951752,0.2835143511951752,1.589996337890625,2.8794010162353487,100.4189987182617,92.1695687866211,92.75869903564454,93.34782928466797,,,,,,,,,,0.0,0.0,0.0
2023-06-08,99.72000122070312,99.88999938964844,98.30000305175781,99.04000091552734,99.04000091552734,801400,0.2835143511951752,1.560661396533497,2.361955201401009,2.174617109732043,1.7797354102962784,97.72200164794921,97.79100112915039,94.59833348592123,95.3935001373291,98.68659996032714,98.09311807263467,97.39158048853201,95.77651301281672,95.9116875530169,96.38778400089548,97.11691720925366,95.9044184093331,1.212498799920553,0.8697782881892271,0.6865915780390223,-0.6865915780390223,0.6865915780390223,0.6865915780390223,-0.6865915780390223,-0.6865915780390223,-0.6865915780390223,0.6865915780390223,-0.6865915780390223,2.8099975585937926,2.9094009399414054,99.88999938964844,94.08431648254394,94.660196685791,95.23607688903807,,,,,,,,,,0.0,0.0,0.0
2023-06-09,100.5,100.7099990844727,97.9000015258789,98.36000061035156,98.36000061035156,731500,-0.6865915780390223,1.5904156419559206,2.3954043533186544,2.1066165753672164,1.7555633494794864,97.78600158691407,98.19800109863282,94.86600011189779,95.46500015258789,98.6575,98.18207891854031,97.56765687431738,95.94318963201253,95.99196011227377,96.42683779514213,97.30816080942256,96.08631338718632,1.2218474222362374,0.9401921149986292,-2.2773463296764054,2.2773463296764054,-2.2773463296764054,-2.2773463296764054,2.2773463296764054,2.2773463296764054,2.2773463296764054,-2.2773463296764054,2.2773463296764054,2.4999999999999716,2.940901184082029,100.7099990844727,93.48931732177735,94.07119750976562,94.6530776977539,,,,,,,,,,0.0,0.0,0.0
2023-06-12,98.61000061035156,100.7200012207031,98.22000122070312,100.5999984741211,100.5999984741211,732300,2.2773463296764054,1.2133519333353007,1.5495155982205369,2.136733067163935,1.7294360239172841,98.7260009765625,98.25400085449219,95.15,95.52250010172526,98.65379997253417,98.98805210373392,98.11899171064532,96.24362891214858,96.14304333725238,96.50947464027043,97.81459737322234,96.42066043066296,1.3939369425593782,1.030941080510779,2.2664004114109635,2.2664004114109635,-2.2664004114109635,-2.2664004114109635,-2.2664004114109635,2.2664004114109635,2.2664004114109635,2.2664004114109635,2.2664004114109635,1.7399978637696023,2.855900955200197,100.7200012207031,94.24001647949224,94.82819671630864,95.41637695312505,,,,,,,,,,0.0,0.0,0.0
2023-06-13,102.1699981689453,103.4300003051758,101.6900024414062,102.879997253418,102.879997253418,1332600,2.2664004114109635,1.3471709531752147,1.6616376812773257,2.0936244920428275,1.7505640298371419,99.9279998779297,98.6140007019043,95.48466669718424,95.62633336385092,98.69469993591309,100.28536715362863,98.98462908205853,96.67178170835952,96.36392707220863,96.63562360290702,98.59388966248322,96.89912982494111,1.694759837542108,1.1637048319170449,0.6998456842194131,0.6998456842194131,-0.6998456842194131,-0.6998456842194131,-0.6998456842194131,0.6998456842194131,0.6998456842194131,0.6998456842194131,0.6998456842194131,2.447998046875,2.8288005828857434,103.4300003051758,94.43701911926266,95.0081993103027,95.57937950134274,,,,,,,,,,0.0,0.0,0.0
2023-06-14,102.4300003051758,104.447998046875,102.0,103.5999984741211,103.5999984741211,1210200,0.6998456842194131,1.292123447751077,1.4310904753202098,1.9590203184599795,1.7206572685209924,100.89599914550782,99.24800033569336,95.82366663614908,95.69950002034506,98.70679992675781,101.39024426045945,99.82378715334264,97.11876343518284,96.60117531489428,96.77353201619839,99.36406024888905,97.39549046562111,1.968569783267938,1.3246778221872235,-1.0521200327651297,-1.0521200327651297,-1.0521200327651297,1.0521200327651297,1.0521200327651297,-1.0521200327651297,-1.0521200327651297,-1.0521200327651297,-1.0521200327651297,1.9800033569334943,2.799050903320309,104.447998046875,97.20663902282716,97.77239913940431,98.33815925598145,,,,,,,,,,0.0,0.0,0.0
2023-06-15,101.879997253418,103.2900009155273,101.3099975585938,102.5100021362305,102.5100021362305,992800,-1.0521200327651297,1.5759273274378014,1.5085744244700532,1.9670645388885053,1.7131976222398353,101.58999938964844,99.65600051879883,96.11999994913737,95.72600008646647,98.63759994506836,101.76349688571648,100.31218987750405,97.46658528686335,96.79490734182333,96.88712548392179,99.84805130848004,97.77434318196254,2.073708126517502,1.4744838830532792,0.10730719740432795,0.10730719740432795,0.10730719740432795,-0.10730719740432795,-0.10730719740432795,0.10730719740432795,0.10730719740432795,0.10730719740432795,0.10730719740432795,2.0299987792969034,2.762050628662107,103.2900009155273,98.29008605957031,98.84989624023439,99.40970642089844,,,,,,,,,,0.0,0.0,0.0
2023-06-16,104.1399993896484,104.1500015258789,102.120002746582,102.620002746582,102.620002746582,3468700,0.10730719740432795,1.4348546369953439,1.486651919103,1.8981609971676172,1.7021942942595252,102.44199981689454,100.1140007019043,96.40766677856445,95.77850011189778,98.58269996643067,102.04899883933832,100.73179221733639,97.79906383265165,96.98589407640557,97.00064780595467,100.27450537588035,98.1332809274899,2.141224448390446,1.6078319961207126,0.23387045151642816,0.23387045151642816,0.23387045151642816,-0.23387045151642816,-0.23387045151642816,0.23387045151642816,0.23387045151642816,0.23387045151642816,0.23387045151642816,1.479995727539091,2.768550491333007,104.1500015258789,97.21348953247066,97.76589965820308,98.3183097839355,,,,,,,,,,0.0,0.0,0.0
2023-06-20,102.3600006103516,103.3499984741211,101.870002746582,102.8600006103516,102.8600006103516,1121200,0.23387045151642816,1.2023147077760201,1.1708283357975944,1.8965071848736879,1.6574818328470504,102.89400024414063,100.81000061035157,96.73933334350586,95.78483339945475,98.51019996643066,102.31933276300943,101.11873919788461,98.12557588282586,97.17848773325626,97.11667459416056,100.67227387349132,98.48340831140558,2.188865562085738,1.7240387093137177,-2.0027197611998586,-2.0027197611998586,-2.0027197611998586,2.0027197611998586,2.0027197611998586,-2.0027197611998586,-2.0027197611998586,-2.0027197611998586,-2.0027197611998586,2.1699981689452983,2.7320503234863267,103.3499984741211,98.0591904449463,98.61290054321289,99.1666106414795,,,,,,,,,,0.0,0.0,0.0
2023-06-21,102.3300018310547,102.4199981689453,100.25,100.8000030517578,100.8000030517578,987500,-2.0027197611998586,1.1025817273671967,1.441150169541059,1.9622397916000864,1.6661948673240883,102.47800140380859,101.20300064086913,96.96033350626628,95.78283348083497,98.39290000915527,101.81288952592556,101.0607871713161,98.29811957114404,97.29722594042025,97.18961179134071,100.69192451630155,98.65500792180204,2.036916594499516,1.7866142863508774,0.21824760381767824,0.21824760381767824,0.21824760381767824,-0.21824760381767824,-0.21824760381767824,0.21824760381767824,0.21824760381767824,0.21824760381767824,0.21824760381767824,1.7300033569335653,2.6963001251220673,102.4199981689453,97.33948776245117,97.88589782714844,98.43230789184571,,,,,,,,,,0.0,0.0,0.0
2023-06-22,100.2900009155273,101.2200012207031,99.48999786376953,101.0199966430664,101.0199966430664,1043600,0.21824760381767824,0.9982818362081618,1.33525632285387,1.8839251162993427,1.6365312303218844,101.96200103759767,101.42900009155274,97.2230000813802,95.82450014750162,98.28699996948242,101.54859189830584,101.05337071163433,98.47372454352615,97.4192839962447,97.26546099632537,100.74239715118846,98.83019227152532,1.9122048796631361,1.8117324050133292,-3.662638161942703,-3.662638161942703,-3.662638161942703,3.662638161942703,3.662638161942703,-3.662638161942703,-3.662638161942703,-3.662638161942703,-3.662638161942703,2.7099990844726562,2.7132999420165986,101.2200012207031,96.48813789367675,97.02739791870117,97.56665794372557,,,,,,,,,,0.0,0.0,0.0
2023-06-23,99.05000305175781,99.48999786376953,96.77999877929688,97.31999969482422,97.31999969482422,1622900,-3.662638161942703,1.7553872293285335,1.8158051765357133,2.0848530643335326,1.7012109296008469,100.9240005493164,101.25699996948242,97.38066685994467,95.81966679890951,98.1832999420166,100.13906116381197,100.37457598130521,98.39929068231959,97.4160287732473,97.26654097055307,100.21587446559396,98.71832615473265,1.4975483108613048,1.7488955861829245,-1.4899269962896464,1.4899269962896464,1.4899269962896464,-1.4899269962896464,-1.4899269962896464,-1.4899269962896464,1.4899269962896464,1.4899269962896464,-1.4899269962896464,2.6100006103515625,2.6732997894287083,99.48999786376953,95.25074134826657,95.7934013366699,96.33606132507322,,,,,,,,,,0.0,0.0,0.0
2023-06-26,97.75,100.3499984741211,97.73999786376953,98.7699966430664,98.7699966430664,1016900,1.4899269962896464,2.0600608521542063,1.8751601686128763,2.103290707854217,1.6772938154300463,100.15399932861328,101.29799957275391,97.65433349609376,95.79600003560384,98.08439987182618,99.68270632356347,100.08283428344362,98.42320719591616,97.4604211624217,97.29631237000876,99.99343172366663,98.72215359831293,1.271278125353703,1.6533720940170804,-3.3005996223847673,3.3005996223847673,3.3005996223847673,-3.3005996223847673,-3.3005996223847673,-3.3005996223847673,3.3005996223847673,3.3005996223847673,-3.3005996223847673,4.165000915527287,2.594549942016596,100.3499984741211,93.60873832702637,94.14339828491211,94.67805824279786,,,,,,,,,,0.0,0.0,0.0
2023-06-27,98.80000305175781,102.1900024414062,98.0250015258789,102.0299987792969,102.0299987792969,997400,3.3005996223847673,2.761388086368828,2.0311794086350567,1.7589418837165596,1.7288376354342951,99.98799896240234,101.44099960327148,98.04733352661133,95.81516672770182,97.96939987182617,100.46513714214129,100.43686419178057,98.65590342710202,97.61024337936843,97.39004873454911,100.30674973222514,98.96717916727471,1.339570564950435,1.5906117882037514,1.3427375610882475,-1.3427375610882475,-1.3427375610882475,1.3427375610882475,1.3427375610882475,-1.3427375610882475,-1.3427375610882475,-1.3427375610882475,1.3427375610882475,1.9300003051757955,2.5135498046874973,102.1900024414062,94.64198860168459,95.1608985900879,95.67980857849122,,,,,,,,,,0.0,0.0,0.0
2023-06-28,100.3899993896484,102.0,100.0699996948242,100.6600036621094,100.6600036621094,1018600,-1.3427375610882475,2.663612795220424,1.9335917635651851,1.7788897644093704,1.7356987730315117,99.95999908447266,101.21900024414063,98.3020004272461,95.80000012715658,97.90629989624023,100.53009264879734,100.47743500456764,98.78520021645734,97.71023551978617,97.45480031727307,100.36109649066888,99.0925735742995,1.2685229163693919,1.5261940138368797,-0.675534125812035,0.675534125812035,0.675534125812035,-0.675534125812035,-0.675534125812035,0.675534125812035,0.675534125812035,0.675534125812035,-0.675534125812035,1.7799987792968608,2.472049713134762,102.0,96.6601928710937,97.1629028320312,97.6656127929687,,,,,,,,,,0.0,0.0,0.0
2023-06-29,101.3000030517578,101.5699996948242,99.79000091552734,101.3399963378906,101.3399963378906,755600,0.675534125812035,2.680746304770993,1.9323480812108935,1.710923954634801,1.7354599181582309,100.0239990234375,100.99300003051758,98.66033376057943,95.80783335367839,97.85089988708496,100.80006054516176,100.63426433789908,98.95002577267884,97.82924407119943,97.53173489193877,100.51169646716453,99.2590493345655,1.252647132599023,1.4714846375893085,-0.6808786918697745,0.6808786918697745,0.6808786918697745,-0.6808786918697745,-0.6808786918697745,0.6808786918697745,0.6808786918697745,0.6808786918697745,-0.6808786918697745,1.2200012207030966,2.3370498657226513,101.5699996948242,96.56149063110352,97.05590057373047,97.55031051635743,,,,,,,,,,0.0,0.0,0.0
2023-06-30,102.0599975585938,102.3899993896484,101.1699981689453,102.0299987792969,102.0299987792969,1067600,0.6808786918697745,1.6748623447935675,1.9254802998767409,1.6990728708482197,1.6712218116468096,100.96599884033203,100.94499969482422,98.97866694132487,95.8875,97.84879989624024,101.21003995654014,100.88803423633505,99.14873370858969,97.96697373376,97.62080942436171,100.74528143826181,99.46430484899005,1.2809765892717593,1.4333830279257986,1.068317142336646,1.068317142336646,1.068317142336646,-1.068317142336646,-1.068317142336646,1.068317142336646,1.068317142336646,1.068317142336646,-1.068317142336646,1.7799987792969034,2.298549652099606,102.3899993896484,96.42848999023437,96.8958999633789,97.36330993652344,,,,,,,,,,0.0,0.0,0.0
2023-07-03,102.0299987792969,103.629997253418,101.8499984741211,103.120002746582,103.120002746582,779900,1.068317142336646,1.6520232387117177,1.9568312081995711,1.7038715371903195,1.645489177392015,101.83600006103515,100.99499969482422,99.2486671447754,96.0228333791097,97.79439994812012,101.84669421988744,101.29384669274357,99.40494461426663,98.1359255046722,97.72970434163341,101.11062317800338,99.73509728584871,1.3755258921546698,1.4218116007715729,-5.3626903233133145,-5.3626903233133145,-5.3626903233133145,5.3626903233133145,5.3626903233133145,-5.3626903233133145,-5.3626903233133145,-5.3626903233133145,5.3626903233133145,4.095001220703111,2.371099472045894,103.629997253418,97.33319015502926,97.79290008544919,98.25261001586911,,,,,,,,,,0.0,0.0,0.0
2023-07-05,101.3099975585938,101.6750030517578,97.58000183105469,97.58999633789062,97.58999633789062,1572500,-5.3626903233133145,2.6906207639939326,2.598551678389887,2.0563778072380194,1.7922706587646953,100.9479995727539,100.46799926757812,99.3336669921875,96.07049992879232,97.7115998840332,100.4277949258885,100.62041935549757,99.28785117708108,98.11802618772853,97.72693784650978,100.5689882795245,99.57620091933329,0.9927873601912154,1.3360067526555013,0.9734651227442117,0.9734651227442117,0.9734651227442117,-0.9734651227442117,-0.9734651227442117,-0.9734651227442117,0.9734651227442117,0.9734651227442117,-0.9734651227442117,2.5900039672851562,2.3295997619628865,101.6750030517578,98.41357841491703,98.88779830932621,99.36201820373539,1.0,1.0,1.0,98.41357841491703,98.88779830932621,99.36201820373539,97.58999633789062,97.58999633789062,97.58999633789062,-0.836858175763241,-1.3123984896255825,-1.7833996308441997
2023-07-06,96.0999984741211,98.6500015258789,96.05999755859375,98.54000091552734,98.54000091552734,1804400,0.9734651227442117,2.783679094459242,2.576864379485771,2.05551608607512,1.7952720396224389,100.5239990234375,100.24199905395508,99.41433359781901,96.1261666615804,97.63749992370606,99.79853025576813,100.24216145732116,99.23960277310988,98.13186142470553,97.7430381053022,100.25683637737109,99.49944536349581,0.757391013875278,1.2202836048994568,1.7150420394809938,1.7150420394809938,1.7150420394809938,-1.7150420394809938,-1.7150420394809938,-1.7150420394809938,1.7150420394809938,1.7150420394809938,-1.7150420394809938,2.8400039672851847,2.309899902343748,98.6500015258789,96.54988357543945,97.01580352783202,97.4817234802246,1.0,1.0,1.0,96.0999984741211,96.0999984741211,96.0999984741211,98.54000091552734,98.54000091552734,98.54000091552734,2.5390244330371368,2.5390244330371368,2.5390244330371368
2023-07-07,98.91999816894531,101.4100036621094,98.56999969482422,100.2300033569336,100.2300033569336,1200200,1.7150420394809938,2.9189564935443575,2.6461468807953583,2.045015276130166,1.8075423375816775,100.3020004272461,100.16299972534179,99.61800028483073,96.21166674296062,97.60669998168946,99.94235462282329,100.23995089361432,99.30349958496947,98.2006529634671,97.79228494196818,100.25270822038071,99.55356077041714,0.6991474499635757,1.1160563739122806,3.6017089295121476,3.6017089295121476,3.6017089295121476,-3.6017089295121476,-3.6017089295121476,-3.6017089295121476,3.6017089295121476,3.6017089295121476,-3.6017089295121476,3.739997863769503,2.417399978637692,101.4100036621094,93.56822174072266,94.03020172119142,94.49218170166016,,,,,,,,,,0.0,0.0,0.0
2023-07-10,100.6900024414062,103.9700012207031,100.2300033569336,103.8399963378906,103.8399963378906,1066500,3.6017089295121476,3.38985184008077,2.5380159682138945,2.190613741034041,1.8476951461732858,100.66399993896485,100.81499938964843,99.95433349609375,96.38366673787435,97.5908999633789,101.24156852784574,100.89450461075545,99.59617679483536,98.38554946754657,97.91204160327356,100.80459869999761,99.8710745161559,0.9335241838417119,1.079549935898167,-0.23113010557428973,0.23113010557428973,0.23113010557428973,-0.23113010557428973,-0.23113010557428973,0.23113010557428973,0.23113010557428973,0.23113010557428973,-0.23113010557428973,3.514999389648409,2.4526500701904226,103.9700012207031,96.09172370910647,96.57520370483402,97.05868370056156,,,,,,,,,,0.0,0.0,0.0
2023-07-11,104.7699966430664,105.4000015258789,101.8850021362305,104.0800018310547,104.0800018310547,1064600,0.23113010557428973,3.3691498444676276,2.524563378115041,2.179325853120191,1.8476685221142406,100.85599975585937,101.34599990844727,100.28066685994466,96.5580000559489,97.5673999786377,102.18771296224872,101.47368592353713,99.88545582943016,98.57225282372715,98.03417942956627,101.30850687400638,100.18284690985212,1.1256599641542664,1.0887719415493868,-1.1913891640608334,1.1913891640608334,1.1913891640608334,-1.1913891640608334,-1.1913891640608334,1.1913891640608334,1.1913891640608334,1.1913891640608334,1.1913891640608334,1.4799957275391051,2.401649856567379,105.4000015258789,98.57417106628417,99.06470108032225,99.55523109436034,,,,,,,,,,0.0,0.0,0.0
2023-07-12,105.4599990844727,105.6999969482422,104.2200012207031,105.3199996948242,105.3199996948242,1330400,1.1913891640608334,1.2685506168798844,2.351805151860859,2.1408083569264695,1.8518593923219637,102.4020004272461,101.675,100.45666681925455,96.75366668701172,97.56790000915527,103.23180853977388,102.17301570013478,100.23607156268139,98.79349042605821,98.17845309818523,101.92565961567067,100.56337674577598,1.3622828698946847,1.1434741272184463,1.4717081810188906,1.4717081810188906,1.4717081810188906,-1.4717081810188906,-1.4717081810188906,1.4717081810188906,1.4717081810188906,1.4717081810188906,1.4717081810188906,2.25,2.4271499633788993,105.6999969482422,100.11637184143068,100.59670181274414,101.07703178405762,,,,,,,,,,0.0,0.0,0.0
2023-07-13,106.0500030517578,107.3000030517578,105.0500030517578,106.870002746582,106.870002746582,952200,1.4717081810188906,1.2317058622652866,2.295355236346516,2.108575420122129,1.8587952254278204,104.06800079345703,102.29599990844727,100.7096669514974,96.97450002034505,97.59220001220703,104.44453994204326,103.02701334494337,100.66406712293305,99.05829410869833,98.35056299221289,102.68632778965703,101.03053422731718,1.655793562339852,1.2459380142427277,-1.8714325335450275,-1.8714325335450275,-1.8714325335450275,1.8714325335450275,1.8714325335450275,-1.8714325335450275,-1.8714325335450275,-1.8714325335450275,-1.8714325335450275,2.315002441406193,2.420500183105459,107.3000030517578,100.36026702880862,100.8456970214844,101.33112701416019,,,,,,,,,,0.0,0.0,0.0
2023-07-14,106.4400024414062,106.625,104.3099975585938,104.870002746582,104.870002746582,934900,-1.8714325335450275,1.9897307613768913,2.4266352398234132,2.155126423561082,1.8782292397921245,104.99600067138672,102.64900054931641,100.96333363850911,97.16350008646647,97.6101000213623,104.58636087688951,103.36210232705949,100.93541780832976,99.24884193289124,98.47966080913108,103.0222777830301,101.31493930281827,1.7073384802118312,1.3382181074365485,2.393434195764624,2.393434195764624,2.393434195764624,-2.393434195764624,-2.393434195764624,2.393434195764624,2.393434195764624,2.393434195764624,2.393434195764624,3.3150024414062074,2.4872501373290943,106.625,101.97490264892579,102.45900268554688,102.94310272216798,,,,,,,,,,0.0,0.0,0.0
2023-07-17,105.0,108.0699996948242,104.754997253418,107.379997253418,107.379997253418,904700,2.393434195764624,1.6229153507468788,2.5100143565297848,2.196902067977361,1.8923333690399864,105.7040008544922,103.18400039672852,101.26166687011718,97.40983339945475,97.68069999694825,105.51757300239902,104.0926286773065,101.35119712736773,99.51543718930195,98.65590509515656,103.69269616308979,101.76420285471455,1.9284933083752378,1.4562731476242863,-0.5680765747385732,-0.5680765747385732,-0.5680765747385732,0.5680765747385732,0.5680765747385732,-0.5680765747385732,-0.5680765747385732,-0.5680765747385732,-0.5680765747385732,1.9550018310547017,2.4835002899169845,108.0699996948242,101.15304969787599,101.65049972534182,102.14794975280763,,,,,,,,,,0.0,0.0,0.0
2023-07-18,106.620002746582,107.7949981689453,105.8399963378906,106.7699966430664,106.7699966430664,712900,-0.5680765747385732,1.715303894332371,2.5251278471366656,2.2044778398467595,1.8952995689813128,106.2419998168945,103.54899978637695,101.55266672770182,97.64000002543132,97.74629997253417,105.93504754928816,104.5794228528992,101.70079709612249,99.7532915976221,98.81658017531319,104.16612700616312,102.13500239459248,2.0311246115706467,1.5712434404135585,-0.8710315017474559,-0.8710315017474559,-0.8710315017474559,0.8710315017474559,0.8710315017474559,-0.8710315017474559,-0.8710315017474559,-0.8710315017474559,-0.8710315017474559,1.5600051879882955,2.4875007629394448,107.7949981689453,102.60629905700684,103.10299911499024,103.59969917297363,,,,,,,,,,0.0,0.0,0.0
2023-07-19,106.629997253418,107.3300018310547,105.7699966430664,105.8399963378906,105.8399963378906,652100,-0.8710315017474559,1.7618599685424985,1.63222317786367,2.217961460551911,1.9005427248888733,106.34599914550782,104.37399978637696,101.88399988810221,97.85483334859212,97.77389991760253,105.90336381215565,104.80861803198854,101.96784220849463,99.95285568746695,98.955657723087,104.42364536489042,102.40944639039233,2.014198974498086,1.659834547230464,-0.9920592013355902,-0.9920592013355902,-0.9920592013355902,-0.9920592013355902,0.9920592013355902,-0.9920592013355902,-0.9920592013355902,-0.9920592013355902,-0.9920592013355902,2.0299987792969034,2.4805007934570247,107.3300018310547,102.32249649047851,102.8199966430664,103.3174967956543,,,,,,,,,,0.0,0.0,0.0
2023-07-20,104.6999969482422,106.129997253418,104.0999984741211,104.7900009155273,104.7900009155273,1275100,-0.9920592013355902,1.6253763132167693,1.7281178423115,2.1770740319611908,1.9003306857024338,105.92999877929688,104.99899978637696,102.14799982706705,98.06783332824708,97.81509994506835,105.53224284661287,104.80523310172286,102.14991696378706,100.11145061297712,99.07118927145216,104.48000775729611,102.58578376262456,1.894223994671549,1.7067124367186812,2.1948615347540215,2.1948615347540215,2.1948615347540215,2.1948615347540215,-2.1948615347540215,2.1948615347540215,2.1948615347540215,2.1948615347540215,2.1948615347540215,2.9400024414062926,2.5410007476806613,106.129997253418,101.87290008544925,102.36900024414065,102.86510040283206,,,,,,,,,,0.0,0.0,0.0
2023-07-21,106.0500030517578,108.4800033569336,105.5400009155273,107.0899963378906,107.0899963378906,1214800,2.1948615347540215,1.7088660059136416,1.7677921021935505,2.221543068475031,1.8818441511524406,106.37399749755858,105.68499908447265,102.42566630045573,98.3578332265218,97.8856999206543,106.05149401037212,105.2206445992079,102.46863176211633,100.34025539084313,99.22997753019351,104.88154446200295,102.9194291385702,1.962115323432755,1.7577930140614961,-0.31748655291558636,-0.31748655291558636,-0.31748655291558636,-0.31748655291558636,0.31748655291558636,-0.31748655291558636,-0.31748655291558636,-0.31748655291558636,-0.31748655291558636,1.3249969482422017,2.4717506408691383,108.4800033569336,100.53979560852054,101.04799575805667,101.55619590759281,,,,,,,,,,0.0,0.0,0.0
2023-07-24,106.8899993896484,107.8399963378906,106.5149993896484,106.75,106.75,730700,-0.31748655291558636,1.3155289827066412,1.454265372344488,2.0233239103659386,1.8834382452514882,106.24799804687498,105.97599945068359,102.68266626993815,98.64049987792968,97.94429992675781,106.28432934024809,105.49870921753373,102.74484906778625,100.55041095179908,99.37888886622927,105.16899916015633,103.20317512830573,1.9658240318506017,1.7993992176193172,0.35596932404496223,0.35596932404496223,0.35596932404496223,0.35596932404496223,-0.35596932404496223,0.35596932404496223,0.35596932404496223,0.35596932404496223,0.35596932404496223,1.229995727539091,2.402750396728515,107.8399963378906,103.0421519470215,103.53650207519532,104.03085220336915,,,,,,,,,,0.0,0.0,0.0
2023-07-25,107.25,108.129997253418,106.9000015258789,107.129997253418,107.129997253418,915000,0.35596932404496223,1.3000373857700918,1.4542755216061372,2.0094667595741242,1.8830526925191025,106.31999816894529,106.28099899291992,102.9749994913737,98.92049980163574,98.01109992980957,106.56621864463807,105.79530704223995,103.02776185395605,100.76613509283577,99.5323761610251,105.47069117450428,103.49405084127702,1.976640333227266,1.8348474407409072,-0.1493475560691251,-0.1493475560691251,-0.1493475560691251,-0.1493475560691251,0.1493475560691251,-0.1493475560691251,-0.1493475560691251,-0.1493475560691251,-0.1493475560691251,2.4300003051757955,2.3160003662109405,108.129997253418,102.55394546508786,103.03449554443357,103.51504562377927,,,,,,,,,,0.0,0.0,0.0
2023-07-26,105.7600021362305,107.7600021362305,105.3300018310547,106.9700012207031,106.9700012207031,1112100,-0.1493475560691251,1.2055029715007892,1.4243292700789052,1.894544970427147,1.8715740119946758,106.5459991455078,106.44599914550781,103.18733291625976,99.16866645812988,98.06839996337891,106.70081283665976,106.00888780196051,103.28209987761716,100.96954053965108,99.67965586517714,105.70135425853488,103.75152864716043,1.9498256113744503,1.857843074867616,0.009350412373895856,0.009350412373895856,0.009350412373895856,0.009350412373895856,-0.009350412373895856,0.009350412373895856,0.009350412373895856,0.009350412373895856,0.009350412373895856,3.650001525878892,2.402000427246095,107.7600021362305,103.03479644775393,103.49799652099611,103.9611965942383,,,,,,,,,,0.0,0.0,0.0
2023-07-27,108.8600006103516,110.1399993896484,106.4899978637695,106.9800033569336,106.9800033569336,1393000,0.009350412373895856,1.0235844716135007,1.3482624280497344,1.8583492983290633,1.870414636418913,106.98399963378907,106.45699920654297,103.32399978637696,99.4043332417806,98.11120002746583,106.79387634341771,106.18545426650107,103.52067429563758,101.16660489431608,99.82421720164757,105.89806950444236,103.99067492195844,1.9073945824839171,1.8677533763908762,2.3462277323561436,2.3462277323561436,2.3462277323561436,2.3462277323561436,-2.3462277323561436,2.3462277323561436,2.3462277323561436,2.3462277323561436,2.3462277323561436,2.4500045776367045,2.4355007171630874,110.1399993896484,102.47560119628909,102.95600128173831,103.43640136718753,,,,,,,,,,0.0,0.0,0.0
2023-07-28,108.9700012207031,110.0500030517578,107.5999984741211,109.4899978637695,109.4899978637695,1391000,2.3462277323561436,1.0893737825250203,1.3510736540690518,1.9118782511018995,1.8892768786153007,107.46399993896485,106.91899871826169,103.52033309936523,99.67199986775717,98.19860000610352,107.69258351686831,106.78628037509533,103.90579194519448,101.43950302446208,100.0156187989173,106.45067386741577,104.3980321769074,2.0526416905083664,1.9047310392143744,0.48406136600380856,0.48406136600380856,0.48406136600380856,0.48406136600380856,-0.48406136600380856,0.48406136600380856,0.48406136600380856,0.48406136600380856,0.48406136600380856,1.5699996948241903,2.453000640869142,110.0500030517578,104.7818978118896,105.26899795532222,105.75609809875483,,,,,,,,,,0.0,0.0,0.0
2023-07-31,109.6500015258789,111.2200012207031,109.6500015258789,110.0199966430664,110.0199966430664,892700,0.48406136600380856,1.004024987846137,1.1667032992490858,1.9108901483478282,1.889425806140823,108.11799926757813,107.18299865722656,103.7706662495931,99.94533309936523,98.2982999420166,108.46838789226769,107.3742287874537,104.30025676441203,101.72083068408845,100.21372529088065,106.9998004482851,104.81447398921549,2.185326459069614,1.9608501231854225,0.17269809780372034,0.17269809780372034,0.17269809780372034,0.17269809780372034,-0.17269809780372034,0.17269809780372034,0.17269809780372034,0.17269809780372034,0.17269809780372034,2.160003662109304,2.472000885009762,111.2200012207031,104.65340164184569,105.14400177001951,105.63460189819334,,,,,,,,,,0.0,0.0,0.0
2023-08-01,108.9700012207031,110.870002746582,108.7099990844727,110.2099990844727,110.2099990844727,931000,0.17269809780372034,1.0188197001589976,1.1320451818662052,1.904770800013398,1.8894280035605548,108.73399963378907,107.5269989013672,104.02366612752279,100.21566645304362,98.38709991455079,109.04892495633604,107.8898233869117,104.68153046248045,101.999164074265,100.41167130659534,107.49367716154472,105.21414251479008,2.279534646754641,2.0245870278992664,-3.7201692298160407,-3.7201692298160407,-3.7201692298160407,-3.7201692298160407,3.7201692298160407,-3.7201692298160407,-3.7201692298160407,-3.7201692298160407,-3.7201692298160407,3.4199981689452983,2.4382507324218716,110.870002746582,105.78159927368162,106.27599945068357,106.77039962768552,,,,,,,,,,0.0,0.0,0.0
2023-08-02,108.379997253418,109.3499984741211,105.9300003051758,106.1100006103516,106.1100006103516,1997600,-3.7201692298160407,2.208419458514666,1.6880406979893257,1.665911664622402,1.9506270005687354,108.56199951171877,107.55399932861329,104.13199946085612,100.43566640218098,98.47279991149902,108.06928350767457,107.56621924571895,104.77368982685924,102.13394560003832,100.52450951063011,107.28080384597655,105.28050237372057,2.000301472255984,2.01972991677061,-0.25445695119020495,-0.25445695119020495,-0.25445695119020495,-0.25445695119020495,0.25445695119020495,-0.25445695119020495,-0.25445695119020495,-0.25445695119020495,0.25445695119020495,8.080001831054702,2.7127506256103486,109.3499984741211,105.50585113525389,105.99350128173826,106.48115142822263,,1.0,1.0,,105.99350128173826,106.48115142822263,,106.1100006103516,106.1100006103516,0.0,0.10991176553709674,-0.3485601093647202
2023-08-03,112.0,112.120002746582,104.0400009155273,105.8399963378906,105.8399963378906,2709000,-0.25445695119020495,2.207063410180225,1.653777839321824,1.6675545594467862,1.9460886116895282,108.33399810791016,107.65899887084962,104.29999923706055,100.6301663716634,98.57789985656738,107.32618778441325,107.2523605352047,104.84248379531289,102.25545546029576,100.62976667552635,107.05914115242486,105.32194637106649,1.7371947813583688,1.9632228896881618,0.9826161673392665,0.9826161673392665,0.9826161673392665,0.9826161673392665,-0.9826161673392665,0.9826161673392665,0.9826161673392665,0.9826161673392665,-0.9826161673392665,2.7900009155274006,2.7102504730224597,112.120002746582,103.38194709777832,103.9244972229004,104.46704734802246,,,1.0,,,104.46704734802246,,,105.8399963378906,0.0,0.0,1.3142412126326117
2023-08-04,105.5800018310547,108.2300033569336,105.4400024414062,106.879997253418,106.879997253418,1132600,0.9826161673392665,1.8737264330548844,1.5234445939418275,1.6443697689074734,1.9409027783625998,107.81199798583987,107.63799896240235,104.49533259073893,100.85916633605957,98.69999984741212,107.17745760741484,107.18465812033438,104.97393627648097,102.40707978138174,100.75353361766281,107.03158055257765,105.43735754753698,1.594223005040675,1.8894229127586646,-0.1496968907433088,-0.1496968907433088,-0.1496968907433088,-0.1496968907433088,0.1496968907433088,0.1496968907433088,-0.1496968907433088,-0.1496968907433088,0.1496968907433088,2.0299987792969034,2.6247505187988294,108.2300033569336,106.15745170593259,106.69950180053708,107.24155189514157,1.0,1.0,1.0,105.5800018310547,105.5800018310547,105.5800018310547,106.879997253418,106.879997253418,106.879997253418,1.2312894485865808,1.2312894485865808,1.2312894485865808
2023-08-07,107.0800018310547,107.5699996948242,105.5400009155273,106.7200012207031,106.7200012207031,1086500,-0.1496968907433088,1.813778728520748,1.5205914503152007,1.4551476282398625,1.9385073557775931,107.15199890136721,107.63499908447265,104.8086659749349,101.09466641743978,98.80439987182618,107.0249721451776,107.10017504767413,105.08658562772112,102.54848704168735,100.87168149099033,106.9836452707508,105.53236818999372,1.4512770807570803,1.801793746358348,0.4872603696710011,-0.4872603696710011,-0.4872603696710011,-0.4872603696710011,0.4872603696710011,0.4872603696710011,-0.4872603696710011,-0.4872603696710011,0.4872603696710011,2.8299942016600994,2.590500259399414,107.5699996948242,102.45555221557616,102.98050231933594,103.5054524230957,,,,,,,,,,0.0,0.0,0.0
2023-08-08,105.25,106.5899963378906,103.7600021362305,106.1999969482422,106.1999969482422,1124000,-0.4872603696710011,1.7674765276005178,1.5225132154572472,1.4618124934911991,1.9143600938497107,106.3499984741211,107.54199905395508,105.05633265177408,101.35533307393392,98.92569984436035,106.7499804128658,106.93650630232287,105.15841861614183,102.66820867796784,100.97719268816363,106.86308399036486,105.58182217208619,1.281261818278665,1.6976873607424114,1.0357801372227957,-1.0357801372227957,-1.0357801372227957,-1.0357801372227957,1.0357801372227957,1.0357801372227957,-1.0357801372227957,-1.0357801372227957,1.0357801372227957,1.9039993286132955,2.6117004394531236,106.5899963378906,101.8708991241455,102.38899917602538,102.90709922790526,,,,,,,,,,0.0,0.0,0.0
2023-08-09,105.9899978637695,106.8190002441406,104.9150009155273,105.0999984741211,105.0999984741211,786000,-1.0357801372227957,0.7390043307979122,1.552724505725133,1.460013673452602,1.9202284825284384,106.147998046875,107.35499877929688,105.15866597493489,101.60299975077311,99.00519981384278,106.19998643328424,106.60259578810437,105.15464957472113,102.74793949095647,101.05883240669745,106.59184006478888,105.54613152779248,1.0457085369964005,1.5672915959932092,0.704089319232197,-0.704089319232197,-0.704089319232197,-0.704089319232197,0.704089319232197,0.704089319232197,-0.704089319232197,-0.704089319232197,0.704089319232197,3.1999969482422017,2.6592002868652336,106.8190002441406,100.84425537109372,101.36659545898435,101.88893554687498,,,,,,,,,,0.0,0.0,0.0
2023-08-10,106.1999969482422,106.8600006103516,103.6600036621094,104.3600006103516,104.3600006103516,1060900,-0.704089319232197,0.775432784015579,1.560183617009311,1.4252053105793152,1.8883162479528086,105.85199890136718,107.09299850463867,105.28199920654296,101.79199981689453,99.0822998046875,105.58665782564003,106.19485121033114,105.10338189960054,102.80079395388746,101.12420207409653,106.24848014872161,105.45826997835242,0.7902101703691926,1.411875310868406,2.3763926240219027,-2.3763926240219027,-2.3763926240219027,-2.3763926240219027,2.3763926240219027,2.3763926240219027,-2.3763926240219027,-2.3763926240219027,2.3763926240219027,1.839996337890696,2.635449981689459,106.8600006103516,100.96875961303708,101.50059967041012,102.03243972778317,,,,,,,,,,0.0,0.0,0.0
2023-08-11,102.9499969482422,102.9599990844727,101.120002746582,101.879997253418,101.879997253418,1325300,-2.3763926240219027,0.8598018917247054,1.3978196300432488,1.4620652441263402,1.8825771800429576,104.85199890136721,106.33199844360354,105.29999923706055,101.98016649881998,99.10899978637696,104.35110430156604,105.41033230907419,104.89542159984683,102.77060389813435,101.1391683152712,105.57640585713644,105.19321273946838,0.38319311766805697,1.2061388722283362,-1.285831589423454,1.285831589423454,1.285831589423454,1.285831589423454,-1.285831589423454,-1.285831589423454,1.285831589423454,1.285831589423454,-1.285831589423454,2.3899993896485086,2.589199829101574,102.9599990844727,101.06201065063479,101.58910064697268,102.11619064331057,,1.0,1.0,,101.58910064697268,102.11619064331057,,101.879997253418,101.879997253418,0.0,0.28634627592205575,-0.231298669099002
2023-08-14,101.2399978637695,103.3600006103516,100.9700012207031,103.1900024414062,103.1900024414062,1126700,1.285831589423454,1.3138869034635463,1.4935612252449162,1.3799501441721078,1.8718847817140107,104.14599914550782,105.6489990234375,105.33866602579752,102.15866648356119,99.13169982910156,103.96407034817943,105.00663596949819,104.78539455736679,102.78435467004489,101.17977889202635,105.209266870101,105.04482679146376,0.16444007863724153,0.9977991135101172,3.5565517119002936,-3.5565517119002936,-3.5565517119002936,-3.5565517119002936,3.5565517119002936,3.5565517119002936,-3.5565517119002936,-3.5565517119002936,3.5565517119002936,2.839996337890639,2.633449554443371,103.3600006103516,97.26375946044924,97.78159942626955,98.29943939208987,,,,,,,,,,0.0,0.0,0.0
2023-08-15,102.0199966430664,102.1999969482422,99.36000061035156,99.5199966430664,99.5199966430664,1397200,-3.5565517119002936,1.827535142564873,1.7196930128660208,1.5715712737899683,1.9031557830712245,102.80999908447265,104.57999877929687,105.218665822347,102.2336664835612,99.13219978332519,102.4827124464751,104.00906518287422,104.4456914661216,102.6773265380128,101.14691191679943,104.33399452748029,104.6355801138047,-0.30158558632442123,0.7379221735432095,2.311088725828974,2.311088725828974,-2.311088725828974,-2.311088725828974,2.311088725828974,2.311088725828974,2.311088725828974,-2.311088725828974,2.311088725828974,2.4199981689453125,2.6764492034912215,102.1999969482422,97.5664115905762,98.09310150146486,98.61979141235354,,,,,,,,,,0.0,0.0,0.0
2023-08-16,99.33999633789062,99.33999633789062,96.91999816894531,97.22000122070312,97.22000122070312,1472200,-2.311088725828974,1.8737927908730823,1.5181009177190896,1.6291568312098248,1.9283394816530708,101.23399963378907,103.69099884033203,105.20633265177409,102.26999982198079,99.0795997619629,100.72847537121778,102.77468991702493,103.97951790190106,102.49839783908462,101.06915130895594,103.23953401874533,104.08627797357497,-0.846743954829634,0.42098894786864083,-1.0594515185806594,-1.0594515185806594,1.0594515185806594,1.0594515185806594,-1.0594515185806594,-1.0594515185806594,-1.0594515185806594,1.0594515185806594,-1.0594515185806594,2.0400009155273438,2.6769493103027435,99.33999633789062,96.31180870056151,96.84709854125975,97.38238838195801,,,1.0,,,97.38238838195801,,,97.22000122070312,0.0,0.0,-0.16675208315692672
2023-08-17,97.22000122070312,98.77999877929688,96.73999786376953,98.25,98.25,1245000,1.0594515185806594,2.2053448298846794,1.6291938977882872,1.6550340676416617,1.9276346161123097,100.01199951171876,102.93199920654297,105.19666595458985,102.30549977620443,99.05289978027344,99.9023169141452,101.95201902302038,103.60987158564939,102.3591061066556,101.01332653056078,102.47191340047682,103.65396108664348,-1.182047686166655,0.10038162106158169,-0.7226453785981234,-0.7226453785981234,0.7226453785981234,0.7226453785981234,-0.7226453785981234,-0.7226453785981234,-0.7226453785981234,0.7226453785981234,-0.7226453785981234,2.2199935913085938,2.6409488677978588,98.77999877929688,93.45070785522459,93.98609771728513,94.52148757934569,,,,,,,,,,0.0,0.0,0.0
2023-08-18,97.05000305175781,99.2699966430664,97.05000305175781,98.95999908447266,98.95999908447266,1115700,0.7226453785981234,2.2203901974658264,1.6006660697017208,1.5682961583260486,1.9088784406597588,99.42799987792968,102.13999938964844,105.15433247884114,102.38616638183593,99.0572998046875,99.58821097092104,101.40801539782987,103.30987981137993,102.24765997478076,100.97266658113328,101.93161889032234,103.30626019759379,-1.374641307271446,-0.19462296460502387,-1.6774491486124212,-1.6774491486124212,1.6774491486124212,1.6774491486124212,-1.6774491486124212,-1.6774491486124212,-1.6774491486124212,1.6774491486124212,-1.6774491486124212,2.1800003051757955,2.6836990356445383,99.2699966430664,92.96991127014158,93.49810104370115,94.02629081726073,,,,,,,,,,0.0,0.0,0.0
2023-08-21,99.08000183105469,101.1999969482422,99.0199966430664,100.620002746582,100.620002746582,863800,1.6774491486124212,2.3069946341284915,1.7725320470873671,1.634663594753937,1.918476441436664,98.91399993896485,101.52999954223633,105.04699935913087,102.5006664276123,99.0873998260498,99.93214156280803,101.26474037033026,103.13633935558651,102.19429416402015,100.96568313886495,101.72983179128536,103.10727816418552,-1.3774463729001525,-0.43118764626404965,0.4571646510795045,0.4571646510795045,-0.4571646510795045,-0.4571646510795045,0.4571646510795045,0.4571646510795045,0.4571646510795045,-0.4571646510795045,0.4571646510795045,1.9599990844726989,2.7201992034912186,101.1999969482422,93.36585876464842,93.90259857177733,94.43933837890624,,,,,,,,,,0.0,0.0,0.0
2023-08-22,101.370002746582,102.0,100.0400009155273,100.1600036621094,100.1600036621094,723400,-0.4571646510795045,1.5742492667659769,1.7727185438384505,1.628048572215671,1.919097192035885,99.04200134277343,100.92600021362304,104.91633275349935,102.598499806722,99.08709983825683,100.00809559590849,101.06387915065372,102.94431769794284,102.12759611477716,100.94972908982028,101.48831977141214,102.8889615344021,-1.400641762989963,-0.6250784696092324,-2.0567067524708884,-2.0567067524708884,2.0567067524708884,2.0567067524708884,-2.0567067524708884,-2.0567067524708884,-2.0567067524708884,2.0567067524708884,-2.0567067524708884,2.9350051879883097,2.7454494476318443,102.0,95.21555870056152,95.75959854125976,96.30363838195801,,,,,,,,,,0.0,0.0,0.0
2023-08-23,99.9800033569336,102.6350021362305,99.69999694824219,102.2200012207031,102.2200012207031,989600,2.0567067524708884,0.9719384133364559,1.9438336411470738,1.7129565682206178,1.7708719621609978,100.04200134277343,100.63800048828125,104.81299947102865,102.6348331451416,99.10049987792969,100.74539747084003,101.27408316338996,102.89758760263705,102.13062579038129,100.97488299340212,101.60088614822612,102.83940891857254,-1.238522770346421,-0.7477673297566703,2.4359204011290814,2.4359204011290814,-2.4359204011290814,-2.4359204011290814,2.4359204011290814,2.4359204011290814,2.4359204011290814,-2.4359204011290814,2.4359204011290814,3.5000000000000284,2.7379493713379013,102.6350021362305,95.96001121520995,96.50910110473632,97.05819099426267,,,,,,,,,,0.0,0.0,0.0
2023-08-24,103.0,103.129997253418,99.62999725341797,99.7300033569336,99.7300033569336,1417200,-2.4359204011290814,1.8179494413947708,2.0613583469604495,1.7821368708053191,1.796916124744002,100.33800201416015,100.17500076293945,104.5749994913737,102.64233322143555,99.08209991455078,100.40693276620456,100.99334138039788,102.6932273287207,102.05191685813709,100.95023191149185,101.3130580264888,102.60908258067337,-1.2960245541845694,-0.8574187746422501,1.8048685067432795,-1.8048685067432795,1.8048685067432795,1.8048685067432795,-1.8048685067432795,-1.8048685067432795,-1.8048685067432795,1.8048685067432795,-1.8048685067432795,2.9150009155273153,2.761199188232432,103.129997253418,96.61151351928712,97.15910339355469,97.70669326782227,,,,,,,,,,0.0,0.0,0.0
2023-08-25,100.1399993896484,101.9899978637695,99.07499694824219,101.5299987792969,101.5299987792969,1040600,1.8048685067432795,1.9393257425317612,2.0474911388781307,1.742949382755382,1.7907337544342556,100.852001953125,100.14000091552734,104.46366602579752,102.71349983215332,99.08869987487793,100.78128810390201,101.09091545292497,102.61818032553207,102.03480478997838,100.9617124435276,101.34643352692082,102.52915044723808,-1.1827169203172616,-0.9224784037772524,2.216093792033808,-2.216093792033808,2.216093792033808,2.216093792033808,-2.216093792033808,-2.216093792033808,-2.216093792033808,2.216093792033808,-2.216093792033808,2.089996337890611,2.787199020385753,101.9899978637695,97.05535903930665,97.60759887695313,98.15983871459962,,,,,,,,,,0.0,0.0,0.0
2023-08-28,102.0,104.0199966430664,101.9300003051758,103.7799987792969,103.7799987792969,939900,2.216093792033808,2.0318130669939727,2.1325456744597013,1.828152904770992,1.806140294525152,101.48400115966797,100.19900054931641,104.34366607666016,102.80266647338867,99.1539998626709,101.78085832903365,101.5798396940835,102.69313635480722,102.092024265038,101.01752009374086,101.72082818113253,102.62180587924244,-0.9009776981099122,-0.9181782626437844,1.89824748879848,-1.89824748879848,1.89824748879848,1.89824748879848,-1.89824748879848,1.89824748879848,-1.89824748879848,1.89824748879848,1.89824748879848,3.0750045776367045,2.832949066162123,104.0199966430664,95.85816001892084,96.41559982299799,96.97303962707515,,,,,,,,,,0.0,0.0,0.0
2023-08-29,103.1999969482422,106.2750015258789,103.1999969482422,105.75,105.75,1110000,1.89824748879848,1.987297472253875,1.7657683414999712,1.8900873642200908,1.8196009418691508,102.6020004272461,100.82200088500977,104.30966618855794,102.93116645812988,99.2614998626709,103.10390555268911,102.3380506587956,102.89035336417452,102.21195789569249,101.11123256713213,102.3407007686506,102.85352396226152,-0.5128231936109131,-0.8371072488372102,0.6713939333075167,-0.6713939333075167,0.6713939333075167,0.6713939333075167,-0.6713939333075167,0.6713939333075167,-0.6713939333075167,0.6713939333075167,0.6713939333075167,2.429992675781193,2.7834487915039174,106.2750015258789,97.78750869750974,98.35409851074216,98.92068832397459,,,,,,,,,,0.0,0.0,0.0
2023-08-30,105.4199981689453,106.8399963378906,104.4100036621094,106.4599990844727,106.4599990844727,933400,0.6713939333075167,1.9173005024829055,1.436222545187679,1.7042524467949496,1.7949178363102514,103.45000000000002,101.74600067138672,104.33033294677735,103.10716641743979,99.3787998199463,104.22260339661699,103.08749582710051,103.12065308806473,102.35123793466889,101.21714873579234,102.97443897108478,103.12067026761049,-0.14623129652571265,-0.6989320583749108,0.8735678312731994,-0.8735678312731994,0.8735678312731994,0.8735678312731994,-0.8735678312731994,0.8735678312731994,-0.8735678312731994,0.8735678312731994,0.8735678312731994,2.1699981689453125,2.4879486083984483,106.8399963378906,100.15141418457029,100.70810394287108,101.26479370117185,,,,,,,,,,0.0,0.0,0.0
2023-08-31,105.9800033569336,108.1500015258789,105.9800033569336,107.3899993896484,107.3899993896484,1308800,0.8735678312731994,0.6788012831396063,1.4354396429780532,1.7129743593603515,1.793936422588462,104.981999206543,102.66000061035156,104.41699956258138,103.28249969482422,99.50069984436035,105.2784020609608,103.86976920210921,103.3960947849411,102.51644322827477,101.33938340220533,103.6537559585561,103.43691686924294,0.21683908931316864,-0.5157778288372948,0.9870542551618477,-0.9870542551618477,0.9870542551618477,0.9870542551618477,-0.9870542551618477,0.9870542551618477,0.9870542551618477,0.9870542551618477,0.9870542551618477,1.3000030517577983,2.413448715209968,108.1500015258789,101.36650939941401,101.8640991210937,102.36168884277339,,,,,,,,,,0.0,0.0,0.0
2023-09-01,107.8000030517578,108.5,107.1999969482422,108.4499969482422,108.4499969482422,736600,0.9870542551618477,0.6833316951873011,1.4341873633451006,1.71309680450067,1.7821559243258835,106.36599884033203,103.60900039672852,104.46233291625977,103.44399960835774,99.63419982910156,106.33560035672127,104.7025378832243,103.72215298902505,102.71098597319173,101.48018763083972,104.39163918773858,103.808256134354,0.5833830533845799,-0.2959456523929199,-1.1802663119555303,1.1802663119555303,-1.1802663119555303,-1.1802663119555303,1.1802663119555303,-1.1802663119555303,-1.1802663119555303,-1.1802663119555303,-1.1802663119555303,1.3699951171875,2.3804485321044977,108.5,102.84041435241697,103.32310409545897,103.80579383850096,,,,,,,,,,0.0,0.0,0.0
2023-09-05,108.0,108.379997253418,107.0100021362305,107.1699981689453,107.1699981689453,1168300,-1.1802663119555303,1.1260597688904788,1.5486742594851122,1.7359372106538868,1.7906004858863276,107.04399871826172,104.26399993896484,104.47633285522461,103.57949956258138,99.77069984436035,106.61373296079596,105.15116702608265,103.94459461353603,102.85718309436398,101.59285714644577,104.81907903100114,104.05727406284224,0.7618049681588985,-0.08439552828255623,-0.8677804619439492,0.8677804619439492,-0.8677804619439492,-0.8677804619439492,0.8677804619439492,-0.8677804619439492,-0.8677804619439492,-0.8677804619439492,-0.8677804619439492,2.4670028686524006,2.362298965454113,108.379997253418,103.2630132293701,103.73910293579101,104.2151926422119,,,,,,,,,,0.0,0.0,0.0
2023-09-06,106.9499969482422,107.3300018310547,104.8629989624023,106.2399978637695,106.2399978637695,1223100,-0.8677804619439492,1.0353010339069246,1.5860901855572958,1.744033944357216,1.7921830224491668,107.14199829101562,104.87199935913085,104.446666208903,103.71083285013835,99.89689979553222,106.48915459512048,105.34913626929844,104.09268514580916,102.96809505401662,101.68487973490762,105.03768192835011,104.21895730735537,0.8187246209947432,0.09622850157290366,-7.07831023557549,-7.07831023557549,-7.07831023557549,-7.07831023557549,7.07831023557549,-7.07831023557549,-7.07831023557549,-7.07831023557549,-7.07831023557549,6.340003967285128,2.5840991973877045,107.3300018310547,103.18293952941895,103.65539932250977,104.12785911560059,,,,,,,,,,0.0,0.0,0.0
2023-09-07,103.8499984741211,104.370002746582,98.02999877929688,98.72000122070312,98.72000122070312,2572600,-7.07831023557549,3.294987228822503,2.8121664938804036,2.3529804398059815,1.998572673030696,105.5939987182617,104.52199935913086,104.17166620890299,103.67949956258138,99.94829978942872,103.89943680364803,104.14383898773565,103.74606037644749,102.82881328898993,101.62616926927981,104.06573105025058,103.8116272268626,0.2541038233879789,0.1278035659359187,0.6280339440043253,0.6280339440043253,0.6280339440043253,0.6280339440043253,-0.6280339440043253,-0.6280339440043253,0.6280339440043253,0.6280339440043253,0.6280339440043253,1.4899978637695312,2.498599243164071,104.370002746582,101.64498359680175,102.16180343627929,102.67862327575683,1.0,1.0,1.0,101.64498359680175,102.16180343627929,102.67862327575683,98.72000122070312,98.72000122070312,98.72000122070312,-2.8776455783605046,-3.368971670241602,-3.85535170687117
2023-09-08,98.30000305175781,99.45999908447266,97.97000122070312,99.33999633789062,99.33999633789062,1256500,0.6280339440043253,3.2532068101195435,2.7203530067208277,2.359359730269829,1.9780093638166825,103.98399810791015,104.48299865722656,103.91699930826823,103.6204995473226,100.00549972534179,102.37962331506223,103.27041305140018,103.46179818041156,102.71442584797028,101.5808985181632,103.33869494065674,103.48039530916097,-0.14170036850423173,0.07390277904788863,2.144148713447795,-2.144148713447795,-2.144148713447795,-2.144148713447795,2.144148713447795,2.144148713447795,2.144148713447795,-2.144148713447795,2.144148713447795,3.8120040893554688,2.5971996307373098,99.45999908447266,98.87308441162105,99.37280426025386,99.87252410888668,1.0,1.0,1.0,98.30000305175781,98.30000305175781,98.30000305175781,99.33999633789062,99.33999633789062,99.33999633789062,1.0579788950619113,1.0579788950619113,1.0579788950619113
2023-09-11,100.4800033569336,100.9020004272461,97.08999633789062,97.20999908447266,97.20999908447266,1346000,-2.144148713447795,2.940574200539237,2.715102544249099,2.3487308517286833,1.9940201173991923,101.73599853515624,104.05099868774414,103.50766601562502,103.51399955749511,100.04229972839356,100.65641523819905,102.1685196028679,103.05845630325422,102.53395283933101,101.49434605412971,102.39581865508995,103.01592151473962,-0.6201028596496627,-0.06489834869162164,2.7774889143821193,-2.7774889143821193,2.7774889143821193,-2.7774889143821193,2.7774889143821193,2.7774889143821193,2.7774889143821193,-2.7774889143821193,2.7774889143821193,3.339996337890625,2.6446994781494153,100.9020004272461,93.74615989685057,94.26559982299804,94.7850397491455,,,,,,,,,,0.0,0.0,0.0
2023-09-12,96.45999908447266,97.44999694824219,94.11000061035156,94.51000213623047,94.51000213623047,2063300,-2.7774889143821193,2.8982641365632817,2.6387041632747517,2.3881672851696667,2.0204517562872972,99.20399932861328,103.1239990234375,102.99066619873047,103.38066622416179,100.06139976501464,98.6076108708762,100.7760618816611,102.50694313118817,102.27087248840967,101.3560422141713,101.18261611372697,102.38585341262782,-1.2032372989008593,-0.2925661387334692,0.17988127658148884,-0.17988127658148884,0.17988127658148884,-0.17988127658148884,-0.17988127658148884,0.17988127658148884,0.17988127658148884,-0.17988127658148884,0.17988127658148884,1.4850006103515625,2.5769496917724615,97.44999694824219,95.08366157531738,95.61260147094727,96.14154136657714,1.0,1.0,1.0,95.08366157531738,95.61260147094727,96.14154136657714,94.51000213623047,94.51000213623047,94.51000213623047,-0.6033207278544955,-1.1531945766080156,-1.6970179665892762
2023-09-13,94.37000274658203,95.20999908447266,93.7249984741211,94.33999633789062,94.33999633789062,1233400,-0.17988127658148884,3.0063384550167163,2.470394460575873,2.270521018465815,2.0202564652145734,96.8239990234375,101.98299865722656,102.46166610717773,103.24266611735025,100.07519973754883,97.18507269321435,99.6058681464301,101.9800433380722,102.01084376216313,101.21711061266078,100.12990537898291,101.78986399968433,-1.659958620701417,-0.5660446351270588,-1.8655948744441313,-1.8655948744441313,-1.8655948744441313,1.8655948744441313,1.8655948744441313,-1.8655948744441313,-1.8655948744441313,-1.8655948744441313,-1.8655948744441313,1.720001220703125,2.541949844360352,95.20999908447266,91.78070762634277,92.29609756469726,92.81148750305175,,,,,,,,,,0.0,0.0,0.0
2023-09-14,95.41999816894531,96.4800033569336,94.76000213623047,96.0999984741211,96.0999984741211,1589400,1.8655948744441313,1.9273575420015523,2.5917849615849935,2.2622438277668713,2.036018328912114,96.2999984741211,100.94699859619139,102.12799936930338,103.12999941507975,100.10669975280761,96.82338128684994,98.96843729691936,101.60068560491408,101.81704555599782,101.11578165942237,99.50991970131187,101.36839247927223,-1.8584727779603583,-0.8245302636937187,0.17689716092044638,0.17689716092044638,0.17689716092044638,-0.17689716092044638,-0.17689716092044638,0.17689716092044638,0.17689716092044638,0.17689716092044638,0.17689716092044638,1.8300018310546875,2.5314498901367193,96.4800033569336,89.61770942687988,90.12609939575195,90.63448936462402,,,,,,,,,,0.0,0.0,0.0
2023-09-15,95.6500015258789,97.0,95.16999816894531,95.93000030517578,95.93000030517578,2216200,-0.17689716092044638,1.8389156311165733,2.5284951229273376,2.2476659457035195,2.02057067894902,95.61799926757813,99.80099868774414,101.79766616821288,103.04883270263672,100.14589973449706,96.5255876262919,98.41599420751143,101.23483494041483,101.62402767892168,101.01309291973432,98.9591628711371,100.96554861452434,-2.0063857433872414,-1.0609013596324233,-0.9798837052182657,-0.9798837052182657,-0.9798837052182657,0.9798837052182657,0.9798837052182657,-0.9798837052182657,-0.9798837052182657,-0.9798837052182657,-0.9798837052182657,1.660003662109375,2.5034503936767587,97.0,90.91081359863281,91.41710357666015,91.9233935546875,,,,,,,,,,0.0,0.0,0.0
2023-09-18,95.80999755859375,97.47000122070312,95.80999755859375,96.87000274658203,96.87000274658203,1528600,0.9798837052182657,1.7465702869505493,2.5278408170008158,2.253318799242581,2.02474996197029,95.55,98.64299926757812,101.4639996846517,102.97966613769532,100.21769973754883,96.64039266638862,98.13490485097881,100.95323286339337,101.46815800900889,100.93105153016695,98.63775362120555,100.66217484652861,-2.024421225323067,-1.253605332770552,1.2594210654610223,1.2594210654610223,1.2594210654610223,-1.2594210654610223,-1.2594210654610223,1.2594210654610223,1.2594210654610223,1.2594210654610223,1.2594210654610223,1.3759994506835938,2.4632503509521486,97.47000122070312,91.49240913391112,91.99309921264648,92.49378929138183,,,,,,,,,,0.0,0.0,0.0
2023-09-19,96.9000015258789,96.9000015258789,95.52400207519531,95.6500015258789,95.6500015258789,722000,-1.2594210654610223,1.2029320638501955,2.528267892439447,2.228182757624297,1.9752263283062472,95.77799987792969,97.49099960327149,101.09499969482422,102.95183283487955,100.27629974365234,96.31026228621872,97.6831042464152,100.61108890613438,101.2773987800538,100.82647628255728,98.17809945269376,100.2909027487027,-2.1128032960089485,-1.4254449254182313,0.46001299988187,0.46001299988187,0.46001299988187,-0.46001299988187,-0.46001299988187,0.46001299988187,0.46001299988187,0.46001299988187,0.46001299988187,1.44000244140625,2.437250518798826,96.9000015258789,92.0508504486084,92.54350051879882,93.03615058898926,,,,,,,,,,0.0,0.0,0.0
2023-09-20,96.12999725341797,96.61000061035156,95.16999816894531,95.20999908447266,95.20999908447266,1049100,-0.46001299988187,1.2338442119389113,2.535725323454674,2.2281982136288696,1.966160591490139,95.95200042724609,96.3879997253418,100.72866643269857,102.89249954223632,100.32509971618653,95.9435078856367,97.23344876242564,100.26263149828524,101.07846764249376,100.71525891229817,97.72146862681359,99.9145395143153,-2.1930708875017046,-1.578970117834926,0.6932003351132049,0.6932003351132049,0.6932003351132049,-0.6932003351132049,-0.6932003351132049,0.6932003351132049,0.6932003351132049,0.6932003351132049,0.6932003351132049,1.2249984741210938,2.351750183105465,96.61000061035156,91.53805038452148,92.02550048828125,92.51295059204102,,,,,,,,,,0.0,0.0,0.0
2023-09-21,94.47000122070312,95.69499969482422,94.47000122070312,94.55000305175781,94.55000305175781,961700,-0.6932003351132049,0.8293900653364732,1.4027761623807493,2.16364419392652,1.9181019842582667,95.64200134277344,95.97099990844727,100.37699991861979,102.76783294677735,100.34979972839355,95.47900627434375,96.74554954230422,99.89407482431575,100.86441962312536,100.59317463783202,97.23355084603577,99.51716644301474,-2.2836155969789758,-1.719899213663736,0.44421553123581337,0.44421553123581337,0.44421553123581337,-0.44421553123581337,-0.44421553123581337,0.44421553123581337,0.44421553123581337,0.44421553123581337,0.44421553123581337,1.4000015258789062,2.246750259399409,95.69499969482422,91.43615020751955,91.90650024414063,92.37685028076173,,,,,,,,,,0.0,0.0,0.0
2023-09-22,95.22000122070312,95.23999786376953,93.83999633789062,94.12999725341797,94.12999725341797,763500,-0.44421553123581337,0.826313977200435,1.3537399633894163,2.1085125878853295,1.9117991080152197,95.28200073242188,95.45,100.035999806722,102.65899950663248,100.36269973754882,95.02933660070182,96.26999458068853,99.52219885199978,100.64361888969232,100.46519092724957,96.7560810625561,99.11811687341498,-2.3620358108588704,-1.848326533102763,-2.517797530792952,-2.517797530792952,-2.517797530792952,2.517797530792952,2.517797530792952,-2.517797530792952,-2.517797530792952,-2.517797530792952,-2.517797530792952,3.2249984741210938,2.262250137329098,95.23999786376953,90.75214912414552,91.20149917602541,91.65084922790528,,,,,,,,,,0.0,0.0,0.0
2023-09-25,93.48999786376953,96.71499633789062,93.48999786376953,96.5,96.5,1154100,2.517797530792952,1.4825586517011295,1.5273144308158961,2.150979018472037,1.9389595837615645,95.20800018310547,95.37900009155274,99.8566665649414,102.57833290100098,100.39339973449707,95.51955773380122,96.31181374783607,99.32721828090301,100.50776253265322,100.3866722950268,96.71668397600902,98.92418229019906,-2.2074983141900333,-1.9201608893202171,1.7512978667422279,1.7512978667422279,1.7512978667422279,-1.7512978667422279,-1.7512978667422279,1.7512978667422279,1.7512978667422279,1.7512978667422279,1.7512978667422279,1.7789993286132812,2.2467002868652317,96.71499633789062,90.26304756164552,90.71549758911134,91.16794761657715,,,,,,,,,,0.0,0.0,0.0
2023-09-26,95.4000015258789,96.37999725341797,94.60099792480469,94.80999755859375,94.80999755859375,1552000,-1.7512978667422279,1.5935593853986352,1.3486764736568908,2.0956340882675897,1.948549759085376,95.03999938964844,95.40899963378907,99.57733306884765,102.45799954732259,100.40529968261718,95.28303767539873,96.03875625888293,99.03578468591532,100.3209505662906,100.27624309232516,96.42334760409898,98.6194278656357,-2.1960802615367214,-1.975344763763518,0.2636852720574082,0.2636852720574082,0.2636852720574082,-0.2636852720574082,-0.2636852720574082,0.2636852720574082,0.2636852720574082,0.2636852720574082,0.2636852720574082,2.0199966430664062,2.1939498901367167,96.37999725341797,91.77225570678712,92.22159576416016,92.6709358215332,,,,,,,,,,0.0,0.0,0.0
2023-09-27,94.98999786376953,95.5,93.4800033569336,94.55999755859375,94.55999755859375,1408300,-0.2636852720574082,1.586914370985738,1.350452643278719,2.0237674561664583,1.9425539432680043,94.90999908447266,95.43099975585938,99.4119997660319,102.31533279418946,100.41099967956544,95.0420243031304,95.76989104064853,98.74702422608813,100.13206686112021,100.16305011145919,96.13667836632894,98.31872932437334,-2.1820509580443996,-2.016686002619694,-0.9623558434902609,-0.9623558434902609,-0.9623558434902609,0.9623558434902609,0.9623558434902609,-0.9623558434902609,-0.9623558434902609,-0.9623558434902609,-0.9623558434902609,2.1899948120117188,2.181949996948243,95.5,91.5533074951172,91.99209747314454,92.43088745117188,,,,,,,,,,0.0,0.0,0.0
2023-09-28,94.41000366210938,96.5999984741211,94.41000366210938,95.47000122070312,95.47000122070312,1067500,0.9623558434902609,1.611743237374427,1.2398218311912417,2.0339366175669134,1.8213690341522597,95.09399871826172,95.36800003051758,99.35366643269857,102.27999954223633,100.43659965515137,95.18468327565465,95.71536561884027,98.53560338703105,99.97921224995899,100.07011845025609,96.03411265161728,98.10771242780517,-2.0735997761878906,-2.0280687573333336,0.0,0.0,0.0,0.0,0.0,0.0,0.0,0.0,0.0,1.6350021362304688,2.1552001953125006,96.5999984741211,90.69971000671387,91.13610000610352,91.57249000549317,,,,,,,,,,0.0,0.0,0.0
2023-09-29,96.79000091552734,96.92500305175781,95.29000091552734,95.47000122070312,95.47000122070312,840400,0.0,1.5789761360240222,1.239212533167513,2.011621941423232,1.8166985729523615,95.36199951171875,95.3220001220703,99.26099980672201,102.22883288065593,100.44959968566894,95.27978925733748,95.67075391008805,98.33782260210666,99.83136926539322,99.9790270199679,95.94732627763048,97.91232641246428,-1.9650001348338009,-2.015455032833427,-0.3666057082286859,0.3666057082286859,0.3666057082286859,-0.3666057082286859,-0.3666057082286859,0.3666057082286859,0.3666057082286859,0.3666057082286859,-0.3666057082286859,1.5100021362304688,2.1657001495361343,96.92500305175781,91.8585580444336,92.28959808349609,92.7206381225586,,,,,,,,,,0.0,0.0,0.0
2023-10-02,95.02999877929688,95.9800033569336,94.47000122070312,95.12000274658203,95.12000274658203,1224800,-0.3666057082286859,0.9739427847537095,1.1880356255536795,1.979099266748204,1.8025074323341221,95.08600006103515,95.14700012207031,99.13299992879232,102.14366620381674,100.46939971923828,95.22652708708567,95.57061733490514,98.13022132110508,99.67689823198958,99.88280871752463,95.82004573439225,97.70548762239892,-1.8854418880066675,-1.989452403868075,1.461311343053325,1.461311343053325,1.461311343053325,-1.461311343053325,-1.461311343053325,1.461311343053325,1.461311343053325,1.461311343053325,-1.461311343053325,3.69000244140625,2.2817005157470716,95.9800033569336,92.16046272277832,92.59360275268554,93.02674278259278,,,,,,,,,,0.0,0.0,0.0
2023-10-03,94.75,96.87000274658203,93.18000030517578,93.7300033569336,93.7300033569336,1038100,-1.461311343053325,0.8675323850427239,1.21000804108327,1.9841697696382001,1.7452601303171789,94.87000122070313,94.95500030517579,98.9033332824707,101.97516632080078,100.48079978942872,94.72768584370165,95.23596024800122,97.84633629115855,99.48191807215167,99.76097098761193,95.49850075324477,97.41100730643853,-1.912506553193765,-1.974063233733213,-0.3947456566053029,-0.3947456566053029,-0.3947456566053029,0.3947456566053029,0.3947456566053029,-0.3947456566053029,-0.3947456566053029,-0.3947456566053029,0.3947456566053029,1.220001220703125,2.219350433349608,96.87000274658203,90.96026222229004,91.41660232543946,91.87294242858887,,,,,,,,,,0.0,0.0,0.0
2023-10-04,93.86000061035156,94.27999877929688,93.05999755859375,94.0999984741211,94.0999984741211,946900,0.3947456566053029,0.9093198052532141,1.219440741539154,1.9968701484128115,1.7460019252157408,94.77800140380859,94.84400024414063,98.70133310953776,101.80883293151855,100.51619979858398,94.51845672050814,95.02942174365938,97.60463707715614,99.30546169188837,99.64887252199824,95.28334655645651,97.16574739293353,-1.882400836477018,-1.9557307542819742,0.19128619351177145,0.19128619351177145,0.19128619351177145,-0.19128619351177145,-0.19128619351177145,0.19128619351177145,0.19128619351177145,0.19128619351177145,-0.19128619351177145,1.6300048828125,1.9838504791259766,94.27999877929688,91.98743179321289,92.43130187988281,92.87517196655274,,,,,,,,,,0.0,0.0,0.0
2023-10-05,94.2699966430664,94.58000183105469,92.94999694824219,93.91999816894531,93.91999816894531,871800,-0.19128619351177145,0.6954266022943251,1.2030128063094383,1.2853066280705865,1.73706382131438,94.46800079345704,94.78099975585937,98.42466634114584,101.61883290608723,100.55299980163574,94.31897053665386,94.82770836643863,97.36691843791674,99.12888911736565,99.53542946550215,95.07360065068555,96.92532152448996,-1.8517208738044104,-1.9349287781864617,-0.9689136284611514,-0.9689136284611514,-0.9689136284611514,0.9689136284611514,0.9689136284611514,-0.9689136284611514,-0.9689136284611514,-0.9689136284611514,0.9689136284611514,2.5499954223632812,2.036850357055664,94.58000183105469,89.91552772521973,90.31229782104492,90.70906791687011,,,,,,,,,,0.0,0.0,0.0
2023-10-06,93.83999633789062,95.77999877929688,93.2300033569336,94.83000183105469,94.83000183105469,1029300,0.9689136284611514,0.9103695912471348,1.2354709670126347,1.2996182832150114,1.7301809432941266,94.34000091552734,94.85100021362305,98.26133295694987,101.41816622416178,100.57109985351562,94.48931430145414,94.82812536000519,97.20324639876435,98.9879419932243,99.44225268066161,95.03612390920388,96.77011265830957,-1.7339887491056913,-1.8947407723703078,-0.0738159796189052,-0.0738159796189052,-0.0738159796189052,0.0738159796189052,0.0738159796189052,-0.0738159796189052,-0.0738159796189052,-0.0738159796189052,0.0738159796189052,1.9300003051757812,1.9427501678466796,95.77999877929688,90.09893104553223,90.50630111694336,90.9136711883545,,,,,,,,,,0.0,0.0,0.0
2023-10-09,93.41000366210938,95.05999755859375,93.12999725341797,94.9000015258789,94.9000015258789,650700,0.0738159796189052,0.9031655831665643,0.8945562984439156,1.219295236620937,1.716195390432594,94.29600067138672,94.69100036621094,98.0403330485026,101.25199953715007,100.61419990539551,94.62621004292907,94.84119375380041,97.05464995535239,98.85391115822935,99.35230711324017,95.01518200407696,96.63158590775915,-1.6164039036821833,-1.839073398632683,1.7281342078811404,1.7281342078811404,1.7281342078811404,-1.7281342078811404,-1.7281342078811404,1.7281342078811404,1.7281342078811404,1.7281342078811404,-1.7281342078811404,3.43499755859375,1.947500228881836,95.05999755859375,91.50594841003418,91.89449844360351,92.28304847717285,,,,,,,,,,0.0,0.0,0.0
2023-10-10,91.63999938964844,94.30999755859375,90.875,93.26000213623047,93.26000213623047,1669600,-1.7281342078811404,1.0095358558505476,0.8900062569234838,1.1168863477459539,1.6949528111260717,94.20200042724609,94.5360008239746,97.68966649373372,101.01666628519693,100.62199989318847,94.17080740736287,94.55370436878769,96.80983396702194,98.67050430504905,99.23166741072512,94.74515433210058,96.38183896171999,-1.6366846296194097,-1.7985956448300287,-0.17155911328538032,-0.17155911328538032,-0.17155911328538032,0.17155911328538032,0.17155911328538032,-0.17155911328538032,-0.17155911328538032,-0.17155911328538032,0.17155911328538032,2.0250015258789062,1.9745002746582032,94.30999755859375,90.7754970550537,91.16499710083008,91.55449714660645,,1.0,1.0,,91.16499710083008,91.55449714660645,,93.26000213623047,93.26000213623047,0.0,2.2980366390877833,1.8628303827533323
2023-10-11,92.94999694824219,93.58000183105469,91.55500030517578,93.41999816894531,93.41999816894531,1207200,0.17155911328538032,0.9870753591618073,0.8950612329384772,1.1176759500625595,1.695070522173424,94.06600036621094,94.42200088500977,97.27866643269857,100.79416631062826,100.60599990844726,93.92053766122369,94.34757596881634,96.59113488327507,98.49835656288171,99.11658485148196,94.54128415315361,96.16244334744039,-1.6211591942867756,-1.7631083547213782,0.460287212164303,0.460287212164303,0.460287212164303,-0.460287212164303,-0.460287212164303,0.460287212164303,0.460287212164303,0.460287212164303,-0.460287212164303,1.9499969482421875,1.9860000610351562,93.58000183105469,89.9660969543457,90.36099700927734,90.75589706420898,,,,,,,,,,0.0,0.0,0.0
2023-10-12,93.58000183105469,93.86000061035156,91.91000366210938,92.98999786376953,92.98999786376953,1159200,-0.460287212164303,0.9977725445736071,0.8136997184141566,1.0258596643602904,1.6931758119102187,93.88000030517578,94.1740005493164,96.82966639200846,100.5799996693929,100.58549987792969,93.61035772873898,94.10074358608055,96.35880346266183,98.31775463832065,98.99526629726982,94.3026247240176,95.92744738568699,-1.6248226616693842,-1.7354512161109794,2.2260455343345322,2.2260455343345322,2.2260455343345322,2.2260455343345322,-2.2260455343345322,2.2260455343345322,2.2260455343345322,2.2260455343345322,-2.2260455343345322,2.8499984741210938,2.0369998931884767,93.86000061035156,89.21080169677734,89.60800170898438,90.00520172119141,,,,,,,,,,0.0,0.0,0.0
2023-10-13,93.12999725341797,93.26000213623047,90.41000366210938,90.91999816894531,90.91999816894531,953100,-2.2260455343345322,1.0853809028833465,1.0144401780639303,1.125220141348352,1.7103526462981902,93.0979995727539,93.71900024414063,96.28066635131836,100.34883295694986,100.53349983215332,92.71357120880776,93.52242623751052,96.00791279855108,98.0752052458821,98.83535999769904,93.78222063862187,95.5565252214839,-1.7743045828620296,-1.7432218894611895,-1.4298318059159865,-1.4298318059159865,-1.4298318059159865,-1.4298318059159865,1.4298318059159865,-1.4298318059159865,-1.4298318059159865,-1.4298318059159865,-1.4298318059159865,1.3899993896484375,2.02349967956543,93.26000213623047,89.37860084533692,89.7860008239746,90.1934008026123,,,,,,,,,,0.0,0.0,0.0
2023-10-16,91.4800033569336,92.70999908447266,91.31999969482422,92.22000122070312,92.22000122070312,888200,1.4298318059159865,1.4700988951157905,1.1823954829907777,1.155445311080211,1.6948128707754038,92.56199951171875,93.42900009155274,95.73966649373372,100.10099970499674,100.51449981689453,92.54904787943956,93.28562168900008,95.76353140643185,97.88323134341722,98.70436279419417,93.5418791897113,95.30937529550013,-1.7674961057888368,-1.748076732726719,-0.5855572634780177,-0.5855572634780177,-0.5855572634780177,-0.5855572634780177,0.5855572634780177,-0.5855572634780177,-0.5855572634780177,-0.5855572634780177,-0.5855572634780177,2.4350051879882812,2.076449966430664,92.70999908447266,88.80830284118652,89.2130027770996,89.61770271301269,,,,,,,,,,0.0,0.0,0.0
2023-10-17,90.87999725341797,93.06500244140625,90.62999725341797,92.76000213623047,92.76000213623047,885600,0.5855572634780177,1.3724061790764217,1.1358147282321651,1.143302188261167,1.698069853432332,92.46199951171874,93.33199996948242,95.25933329264323,99.86783307393392,100.50459983825684,92.61936596503654,93.19005449758743,95.56975532448338,97.71525661531274,98.58665268215528,93.42159041225271,95.12053283925793,-1.6989424270052211,-1.7382498715824195,1.1427395036402888,1.1427395036402888,1.1427395036402888,1.1427395036402888,-1.1427395036402888,1.1427395036402888,1.1427395036402888,1.1427395036402888,-1.1427395036402888,1.1699981689453125,2.0629497528076173,93.06500244140625,88.1418091583252,88.55709915161133,88.97238914489746,,,,,,,,,,0.0,0.0,0.0
2023-10-18,91.5,92.04000091552734,90.87000274658203,91.69999694824219,91.69999694824219,1066600,-1.1427395036402888,1.4319919323960977,1.1653594237841158,1.163157441725432,1.7004835273410708,92.11799926757813,93.09199981689453,94.77466659545898,99.610666402181,100.47869979858399,92.3129096261051,92.91913494316101,95.32009349375814,97.51803498688419,98.45028326168175,93.15672987932801,94.8671598102938,-1.7104299309657875,-1.7326858834590932,0.7851620668155272,0.7851620668155272,0.7851620668155272,0.7851620668155272,-0.7851620668155272,0.7851620668155272,0.7851620668155272,0.7851620668155272,-0.7851620668155272,2.5400009155273438,2.1286998748779298,92.04000091552734,88.52651298522949,88.93910293579101,89.35169288635254,,,,,,,,,,0.0,0.0,0.0
2023-10-19,92.47000122070312,93.22000122070312,90.68000030517578,90.9800033569336,90.9800033569336,1215700,-0.7851620668155272,1.4448375317960473,1.1770023511939245,1.1654673854658673,1.7018616329295793,91.71600036621093,92.79800033569336,94.51666666666667,99.34416643778484,100.38809982299804,91.86860753638126,92.56656556384694,95.04008767847914,97.30367329409891,98.30235692693427,92.82184887588272,94.57922229523008,-1.7573734193473598,-1.7376233906367466,1.077163465348353,1.077163465348353,1.077163465348353,1.077163465348353,-1.077163465348353,1.077163465348353,1.077163465348353,1.077163465348353,1.077163465348353,1.5900039672851562,2.1381999969482424,93.22000122070312,87.3568611907959,87.78260116577148,88.20834114074707,,,,,,,,,,0.0,0.0,0.0
2023-10-20,91.23999786376953,91.47000122070312,89.87999725341797,90.0,90.0,1174100,-1.077163465348353,1.1482615962565121,1.105395561904587,1.1813390514760629,1.704779075747104,91.53200073242188,92.31500015258788,94.20533345540365,99.06116638183593,100.29529983520507,91.24573835758751,92.09991727951112,94.71492073148049,97.06420859593173,98.13795381947021,92.38771827959306,94.24002064373157,-1.8523023641385095,-1.7605591853370992,1.7888895670572915,1.7888895670572915,1.7888895670572915,1.7888895670572915,-1.7888895670572915,1.7888895670572915,1.7888895670572915,1.7888895670572915,1.7888895670572915,1.8300018310546875,2.068450164794922,91.47000122070312,88.515961227417,88.94360122680663,89.37124122619629,,,,,,,,,,0.0,0.0,0.0
2023-10-23,89.58999633789062,90.16999816894531,88.33999633789062,88.38999938964844,88.38999938964844,1108600,-1.7888895670572915,0.8779942673701971,1.150987543808416,1.0406496388136512,1.6805046579862208,90.76600036621093,91.66399993896485,93.91133346557618,98.70949974060059,100.20659980773925,90.2938253682745,91.42538675408153,94.30686129007196,96.77980829408638,97.94492501887969,91.77268460421696,93.8066857360217,-2.034001131804743,-1.8152475746306282,-0.5091039159967318,-0.5091039159967318,-0.5091039159967318,-0.5091039159967318,0.5091039159967318,-0.5091039159967318,-0.5091039159967318,-0.5091039159967318,-0.5091039159967318,1.7000045776367188,2.064500427246094,90.16999816894531,86.9194108581543,87.33310089111328,87.74679092407227,,,,,,,,,,0.0,0.0,0.0
2023-10-24,88.55000305175781,89.62000274658203,87.91999816894531,88.83999633789062,88.83999633789062,963400,0.5091039159967318,0.8470445345570621,1.1468269283565211,1.0122751488837116,1.6807164037509792,89.98199920654297,91.22199935913086,93.72233327229817,98.35649973551432,100.11069976806641,89.80921569147988,90.95531576931954,93.9541603254151,96.51948659060456,97.76462940143436,91.3215017940129,93.43878281764162,-2.1172810236287205,-1.875654264430247,2.9716338343909485,2.9716338343909485,2.9716338343909485,2.9716338343909485,-2.9716338343909485,2.9716338343909485,2.9716338343909485,2.9716338343909485,2.9716338343909485,2.1100006103515625,2.0690006256103515,89.62000274658203,85.62809722900391,86.04099731445312,86.45389739990235,,,,,,,,,,0.0,0.0,0.0
2023-10-25,87.54000091552734,87.61000061035156,85.5,86.19999694824219,86.19999694824219,1194300,-2.9716338343909485,1.2836574017500337,1.359843212292074,1.1727587430145145,1.7131166070403256,88.88199920654297,90.49999923706055,93.4509999593099,97.95633303324381,99.99229972839356,88.60614277706732,90.09071234730547,93.45389172043622,96.18114266790414,97.53562677859887,90.53357797158664,92.90257645694537,-2.3689984853587305,-1.9743231086159438,-0.09280955207309774,-0.09280955207309774,-0.09280955207309774,-0.09280955207309774,0.09280955207309774,-0.09280955207309774,-0.09280955207309774,-0.09280955207309774,-0.09280955207309774,1.720001220703125,2.045500946044922,87.61000061035156,85.06820137023925,85.48200149536133,85.8958016204834,,,1.0,,,85.8958016204834,,,86.19999694824219,0.0,0.0,0.3541445821797301
2023-10-26,87.02999877929688,87.75,86.02999877929688,86.27999877929688,86.27999877929688,1067700,0.09280955207309774,1.412103966921434,1.385867026145325,1.132881677019796,1.6574576083001804,87.94199829101562,89.82899932861328,93.12366663614908,97.62583300272624,99.89609970092773,87.83076144447718,89.39785533494026,92.99105991778207,95.8565149994252,97.31274305584041,89.87918117277282,92.41201514748992,-2.532833974717107,-2.086025281836177,-0.22021609190361002,-0.22021609190361002,-0.22021609190361002,-0.22021609190361002,0.22021609190361002,-0.22021609190361002,-0.22021609190361002,-0.22021609190361002,-0.22021609190361002,1.6199951171875,2.0447505950927733,87.75,83.10989852905273,83.51899871826171,83.9280989074707,,,,,,,,,,0.0,0.0,0.0
2023-10-27,86.88999938964844,87.55999755859375,85.94000244140625,86.47000122070312,86.47000122070312,1005500,0.22021609190361002,1.5202664121859253,1.307599681371492,1.1390366923487514,1.6589587391596996,87.23599853515626,89.38399963378906,92.80833333333334,97.30299975077311,99.79209968566894,87.37717470321917,88.86551822326078,92.57034645345439,95.54876044930316,97.09803529672878,89.35469194937748,91.97186596772794,-2.617174018350454,-2.1922550291390324,0.46258993897543244,0.46258993897543244,0.46258993897543244,0.46258993897543244,-0.46258993897543244,0.46258993897543244,0.46258993897543244,0.46258993897543244,0.46258993897543244,2.2399978637695312,2.0812503814697267,87.55999755859375,83.2515486907959,83.66049880981446,84.06944892883301,,,,,,,,,,0.0,0.0,0.0
2023-10-30,86.30999755859375,86.8499984741211,84.61000061035156,86.06999969482422,86.06999969482422,1192900,-0.46258993897543244,1.4138851967877981,1.1222298982099634,1.1387020683026052,1.650155677849994,86.77199859619141,88.76899948120118,92.44833323160807,96.95616645812989,99.66519966125489,86.94144970042086,88.35724212718141,92.15096924322019,95.2379814081727,96.87965835411681,88.84935467944622,91.53469068825359,-2.6853360088073686,-2.2908712250726997,-1.5684889960587225,-1.5684889960587225,-1.5684889960587225,-1.5684889960587225,1.5684889960587225,-1.5684889960587225,-1.5684889960587225,-1.5684889960587225,-1.5684889960587225,2.1749954223632812,2.0055000305175783,86.8499984741211,82.98124671936036,83.39749679565429,83.81374687194824,,,,,,,,,,0.0,0.0,0.0
2023-10-31,86.0999984741211,87.5199966430664,85.34500122070312,87.41999816894531,87.41999816894531,1594800,1.5684889960587225,1.6643078469471237,1.2778488851097307,1.2027578917936557,1.6684386724622295,86.48799896240234,88.23499908447266,92.17399978637695,96.63449974060059,99.54899963378907,87.10096585659568,88.18683413477484,91.8457453029444,94.98165408885377,96.69233835045004,88.6294536778307,91.2298986497863,-2.6004449719556106,-2.352785974449282,-0.4575629538516749,-0.4575629538516749,-0.4575629538516749,-0.4575629538516749,0.4575629538516749,-0.4575629538516749,-0.4575629538516749,-0.4575629538516749,-0.4575629538516749,2.2999954223632812,2.059499740600586,87.5199966430664,82.43789840698243,82.83899841308593,83.24009841918945,,,,,,,,,,0.0,0.0,0.0
2023-11-01,87.44999694824219,87.98999786376953,85.69000244140625,87.81999969482422,87.81999969482422,1960300,0.4575629538516749,0.7477263194876502,1.3000797288286536,1.2048603593001501,1.6712705043274814,86.81199951171875,87.84699935913086,91.92766647338867,96.32816645304362,99.44359962463379,87.34064380267186,88.12013696387471,91.58601977983987,94.74684574806591,96.51664847608122,88.5049222958297,90.97731354201133,-2.4723912461816298,-2.3767070287957517,2.66453694605118,2.66453694605118,2.66453694605118,2.66453694605118,-2.66453694605118,2.66453694605118,2.66453694605118,2.66453694605118,2.66453694605118,10.379997253417969,2.4969993591308595,87.98999786376953,82.98909721374511,83.40099716186523,83.81289710998536,,,,,,,,,,0.0,0.0,0.0
2023-11-02,90.20999908447266,91.0,80.62000274658203,85.4800033569336,85.4800033569336,3583900,-2.66453694605118,1.5713513963152819,1.4813379603502537,1.3112559952509415,1.6964251199519318,86.6520004272461,87.29699935913087,91.62533315022786,96.00116653442383,99.29239967346192,86.7204303207591,87.6401126717036,91.19208323642658,94.44301484999599,96.29810104797929,88.03955015138415,90.57010538015372,-2.530555228769572,-2.407476668790516,-3.3341113268567977,-3.3341113268567977,-3.3341113268567977,-3.3341113268567977,3.3341113268567977,-3.3341113268567977,-3.3341113268567977,-3.3341113268567977,-3.3341113268567977,3.3199996948242188,2.5354995727539062,91.0,82.49659927368164,82.99599914550781,83.49539901733398,1.0,1.0,1.0,82.49659927368164,82.99599914550781,83.49539901733398,85.4800033569336,85.4800033569336,85.4800033569336,3.616396444845613,2.992920426285671,2.3769026353028164
2023-11-03,86.01000213623047,89.30000305175781,85.9800033569336,88.33000183105469,88.33000183105469,1552600,3.3341113268567977,2.2417781006666924,1.9193682750941838,1.5346723887569051,1.760214042313437,87.02400054931641,87.12999954223633,91.43199996948242,95.73399988810222,99.14689971923828,87.2569541575243,87.76554706431288,91.0074328231768,94.24258819363725,96.14031690506988,88.08423502517961,90.40417178392417,-2.3199367587445607,-2.389968686781325,0.21510521619784428,0.21510521619784428,0.21510521619784428,0.21510521619784428,-0.21510521619784428,0.21510521619784428,0.21510521619784428,0.21510521619784428,-0.21510521619784428,1.8449935913085938,2.531249237060547,89.30000305175781,85.42190093994141,85.92900085449219,86.43610076904297,,,1.0,,,86.01000213623047,,,88.33000183105469,0.0,0.0,2.6973603501946113
2023-11-06,88.0,88.94999694824219,87.1050033569336,88.13999938964844,88.13999938964844,1258200,-0.21510521619784428,2.219304526105123,1.8345756035101883,1.5318976197310916,1.7381902119898733,87.43800048828125,87.10499954223633,91.1533332824707,95.50499992370605,98.99229972839356,87.55130256823236,87.83362930528298,90.82243711778787,94.04250331481794,95.98189477605163,88.09281415817482,90.23645531027412,-2.143641152099306,-2.340703179844921,-0.022687364652687694,0.022687364652687694,0.022687364652687694,0.022687364652687694,-0.022687364652687694,0.022687364652687694,0.022687364652687694,0.022687364652687694,-0.022687364652687694,1.1399993896484375,2.4164993286132814,88.94999694824219,83.7312547302246,84.23750457763671,84.74375442504882,,,,,,,,,,0.0,0.0,0.0
2023-11-07,87.6500015258789,88.41999816894531,87.27999877929688,88.12000274658203,88.12000274658203,1003100,-0.022687364652687694,2.1397439967090515,1.8254394491378179,1.4987020614604254,1.7270723148171017,87.5780014038086,87.03300018310547,90.93033345540364,95.25383326212565,98.84839973449706,87.74086929434893,87.88569720370099,90.64808651319396,93.8483229683184,95.8262137457651,88.09699701792977,90.07968104629694,-1.9826840283671743,-2.269099349549372,-0.20426724871245314,0.20426724871245314,0.20426724871245314,0.20426724871245314,-0.20426724871245314,0.20426724871245314,0.20426724871245314,0.20426724871245314,-0.20426724871245314,3.1699981689453125,2.4737491607666016,88.41999816894531,83.63369842529296,84.11699829101562,84.60029815673828,,,,,,,,,,0.0,0.0,0.0
2023-11-08,88.9800033569336,90.97000122070312,87.80000305175781,87.94000244140625,87.94000244140625,1515400,-0.20426724871245314,2.1385867402322076,1.5203253601730804,1.4951948414355007,1.671553320244564,87.602001953125,87.20700073242188,90.7096669514974,95.06083335876465,98.70159973144531,87.8072470100347,87.89557088328375,90.4733714117883,93.65460754120652,95.67005114567878,88.07284400615691,89.92118633482356,-1.8483423286666465,-2.184947945372827,-0.5799432818645636,0.5799432818645636,0.5799432818645636,0.5799432818645636,-0.5799432818645636,0.5799432818645636,0.5799432818645636,0.5799432818645636,-0.5799432818645636,1.75,2.463749313354492,90.97000122070312,82.97775001525879,83.47249984741211,83.96724967956543,,,,,,,,,,0.0,0.0,0.0
2023-11-09,88.63999938964844,89.06999969482422,87.31999969482422,87.43000030517578,87.43000030517578,1466500,-0.5799432818645636,1.6180214576397396,1.540853243285668,1.4961462398680816,1.6491468446599218,87.99200134277343,87.32200088500977,90.44166692097981,94.8976666768392,98.54729972839355,87.68149810841507,87.81092168726411,90.27702488878104,93.45052205805796,95.50688182210448,87.97394497523673,89.73665403633112,-1.7627090610943839,-2.1005001685171383,4.838160061956652,-4.838160061956652,-4.838160061956652,-4.838160061956652,4.838160061956652,-4.838160061956652,-4.838160061956652,-4.838160061956652,4.838160061956652,3.55999755859375,2.499249267578125,89.06999969482422,85.54975273132324,86.04250259399414,86.53525245666503,,,,,,,,,,0.0,0.0,0.0
2023-11-10,88.5,91.94999694824219,88.38999938964844,91.66000366210938,91.66000366210938,2349800,4.838160061956652,2.2869207627574726,2.141467035609151,1.816391698356335,1.7647295740644955,88.65800170898437,87.84100112915038,90.31466700236003,94.78783340454102,98.45589973449707,89.00766662631318,88.5107547735996,90.36624932576997,93.3918165368793,95.43070601695607,88.5410309270633,89.87912437898134,-1.3380934519180414,-1.9480188251973192,-1.4073760244247158,1.4073760244247158,1.4073760244247158,1.4073760244247158,-1.4073760244247158,-1.4073760244247158,1.4073760244247158,1.4073760244247158,-1.4073760244247158,1.3850021362304688,2.4989994049072264,91.94999694824219,83.57165130615235,84.07150115966797,84.57135101318359,,,,,,,,,,0.0,0.0,0.0
2023-11-13,90.93000030517578,91.03500366210938,89.6500015258789,90.37000274658203,90.37000274658203,995500,-1.4073760244247158,2.4693176384011464,2.213429316913713,1.814244574553526,1.7693147700816476,89.1040023803711,88.27100143432617,90.1563336690267,94.64466679890951,98.34939979553222,89.46177866640281,88.8487998595964,90.3664914819514,93.29274067490233,95.33049407100806,88.82241120698926,89.91548573954435,-1.093074532555093,-1.777029966668874,4.702887983657545,-4.702887983657545,-4.702887983657545,-4.702887983657545,4.702887983657545,4.702887983657545,-4.702887983657545,-4.702887983657545,4.702887983657545,2.8799972534179688,2.521249008178711,91.03500366210938,86.45219825744628,86.95199813842774,87.45179801940918,,,,,,,,,,0.0,0.0,0.0
2023-11-14,92.6500015258789,95.2699966430664,92.38999938964844,94.62000274658203,94.62000274658203,1805800,4.702887983657545,3.0447002284603375,2.5726796716409472,2.1047741505757918,1.8625198556413176,90.4040023803711,88.99100189208984,90.18600031534831,94.5446667989095,98.3223998260498,91.18118669312922,89.89810947541196,90.64091156354048,93.33625746413773,95.31642493587091,89.7143483669266,90.2639684808064,-0.5496201138797971,-1.5315479961110587,0.6129720828835079,-0.6129720828835079,-0.6129720828835079,-0.6129720828835079,0.6129720828835079,0.6129720828835079,-0.6129720828835079,-0.6129720828835079,0.6129720828835079,1.3299942016601562,2.529248809814453,95.2699966430664,85.48825584411621,85.99250564575195,86.4967554473877,,,,,,,,,,0.0,0.0,0.0
2023-11-15,94.94999694824219,95.94999694824219,94.62000274658203,95.19999694824219,95.19999694824219,1480200,0.6129720828835079,2.952910596629658,2.570689592161954,2.085861877892507,1.8640214343870078,91.85600128173829,89.72900161743163,90.22266693115235,94.46200002034506,98.28669982910156,92.52079011150022,90.86208901592653,90.93504610448899,93.39736367673132,95.3141194311654,90.55829430251362,90.62960021913497,-0.07130591662135544,-1.2394995802131183,-1.4075592235776506,1.4075592235776506,1.4075592235776506,1.4075592235776506,-1.4075592235776506,-1.4075592235776506,1.4075592235776506,1.4075592235776506,-1.4075592235776506,1.779998779296875,2.4912487030029298,95.94999694824219,89.7056492614746,90.2114990234375,90.71734878540039,,,,,,,,,,0.0,0.0,0.0
2023-11-16,94.80999755859375,95.31999969482422,93.54000091552734,93.86000061035156,93.86000061035156,1194300,-1.4075592235776506,3.1261069963981742,2.4057616719580346,2.106002426269432,1.850716448188775,93.14200134277344,90.56700134277344,90.22066701253256,94.32266667683919,98.20499984741211,92.96719361111734,91.40716385127654,91.1237528468027,93.41253210078443,95.28532499907007,91.06624911910407,90.86888913700287,0.19735998210120442,-0.9521276677502538,0.2343929461671681,0.2343929461671681,-0.2343929461671681,-0.2343929461671681,0.2343929461671681,0.2343929461671681,0.2343929461671681,-0.2343929461671681,0.2343929461671681,0.9300003051757812,2.458248519897461,95.31999969482422,90.46924980163574,90.96749954223633,91.46574928283691,,,,,,,,,,0.0,0.0,0.0
2023-11-17,94.41000366210938,94.48999786376953,93.55999755859375,94.08000183105469,94.08000183105469,1112700,0.2343929461671681,2.500668300757767,2.262010301497933,2.0852205548588434,1.8261509401496498,93.6260009765625,91.14200134277344,90.19566701253255,94.2284999847412,98.13919982910156,93.33812968442979,91.89313439305438,91.31447858772218,93.4344163542359,95.26145721356482,91.5299033824811,91.10674933656226,0.4231540459188352,-0.677071325016436,1.1266980633113226,1.1266980633113226,-1.1266980633113226,-1.1266980633113226,1.1266980633113226,1.1266980633113226,1.1266980633113226,-1.1266980633113226,1.1266980633113226,1.8600006103515625,2.459748458862305,94.48999786376953,89.91185295104981,90.4035026550293,90.89515235900879,,,,,,,,,,0.0,0.0,0.0
2023-11-20,94.01000213623047,95.55999755859375,93.69999694824219,95.13999938964844,95.13999938964844,803300,1.1266980633113226,2.2497335180677402,2.2443804404379497,2.0371046611806514,1.8163552237083005,94.58000030517579,91.84200134277344,90.20366694132487,94.12199999491374,98.07719985961914,93.93875291950268,92.48347348334421,91.56128638139484,93.49033710949533,95.25905210814074,92.08530276819916,91.40550859975383,0.6797941684453264,-0.4056982263240836,-2.112678315246199,-2.112678315246199,2.112678315246199,2.112678315246199,-2.112678315246199,-2.112678315246199,-2.112678315246199,2.112678315246199,-2.112678315246199,1.55999755859375,2.452748107910156,95.55999755859375,89.07855125427245,89.57050094604492,90.06245063781738,,,,,,,,,,0.0,0.0,0.0
2023-11-21,93.98999786376953,94.0,92.44000244140625,93.12999725341797,93.12999725341797,1196800,-2.112678315246199,1.3844335395107155,2.418922090025757,2.111891125240401,1.809079961809291,94.28199920654296,92.34300079345704,90.19933344523112,93.94449996948242,97.98819984436035,93.66916769747445,92.60102325972125,91.66249353442859,93.4785226879846,95.21689260606702,92.24602499669436,91.53324850002525,0.7127764966691075,-0.1820032817254454,0.23623024502457046,0.23623024502457046,-0.23623024502457046,-0.23623024502457046,0.23623024502457046,0.23623024502457046,0.23623024502457046,-0.23623024502457046,0.23623024502457046,1.4599990844726562,2.420248031616211,94.0,90.16395172119141,90.65450134277344,91.14505096435546,,,,,,,,,,0.0,0.0,0.0
2023-11-22,93.68000030517578,94.72000122070312,93.26000213623047,93.3499984741211,93.3499984741211,793800,0.23623024502457046,1.3309117675521922,2.4070282700279377,1.9708862357245123,1.789585454298128,93.91199951171875,92.88400039672851,90.1970001220703,93.73783327738444,97.89049980163574,93.56277795635667,92.73720057143031,91.77136482086037,93.47430877933333,95.17992440543443,92.41586707014463,91.66782257218051,0.7480444979641163,0.004006274212466965,0.04285047260973762,0.04285047260973762,-0.04285047260973762,-0.04285047260973762,0.04285047260973762,0.04285047260973762,0.04285047260973762,-0.04285047260973762,0.04285047260973762,0.5400009155273438,2.361248016357422,94.72000122070312,88.67545433044434,89.15950393676758,89.64355354309082,,,,,,,,,,0.0,0.0,0.0
2023-11-24,93.27999877929688,93.70999908447266,93.16999816894531,93.38999938964844,93.38999938964844,390400,0.04285047260973762,1.2042411136578175,2.380314231783719,1.9713508734380345,1.7862834450804714,93.81799926757813,93.48000030517578,90.21033350626628,93.51999994913737,97.84849983215332,93.50518510078726,92.85589126565178,91.87579285755638,93.47154453704857,95.14448034571589,92.56573358083752,91.79539122532628,0.7703423555112323,0.15727349047222006,-0.05354219090331737,-0.05354219090331737,0.05354219090331737,0.05354219090331737,-0.05354219090331737,-0.05354219090331737,-0.05354219090331737,0.05354219090331737,-0.05354219090331737,1.1199951171875,2.336248016357422,93.70999908447266,89.5252555847168,89.99750518798828,90.46975479125976,,,,,,,,,,0.0,0.0,0.0
2023-11-27,93.05999755859375,93.80999755859375,92.69000244140625,93.33999633789062,93.33999633789062,1100700,-0.05354219090331737,1.191397448793723,1.8830564034379238,1.9737227105189155,1.7808207693202367,93.66999816894531,93.6479995727539,90.29100011189779,93.28583323160807,97.79649978637696,93.45012217982172,92.9439103696952,91.97025759822311,93.46723148133847,95.10874798912529,92.68485092807646,91.90980641884957,0.7750445092268876,0.28082769422315357,0.18213606707720778,0.18213606707720778,-0.18213606707720778,-0.18213606707720778,0.18213606707720778,0.18213606707720778,0.18213606707720778,-0.18213606707720778,0.18213606707720778,1.529998779296875,2.3007480621337892,93.80999755859375,88.57025344848633,89.03750305175781,89.5047526550293,,,,,,,,,,0.0,0.0,0.0
2023-11-28,92.79000091552734,94.02999877929688,92.5,93.51000213623047,93.51000213623047,1133400,0.18213606707720778,0.9969557826820055,1.7976869799784918,1.9641137457147877,1.7746119380265533,93.34399871826172,93.96199951171874,90.33400014241536,93.03683331807454,97.72929977416992,93.4700821652913,93.04683614542888,92.06959595551392,93.46863379789231,95.07708965540459,92.81179726779246,92.02833943495186,0.7834578328405968,0.3813537219466422,-2.545179338089052,2.545179338089052,-2.545179338089052,-2.545179338089052,2.545179338089052,2.545179338089052,2.545179338089052,-2.545179338089052,2.545179338089052,2.0200042724609375,2.292998504638672,94.02999877929688,88.74835182189942,89.20850143432617,89.66865104675293,,,,,,,,,,0.0,0.0,0.0
2023-11-29,95.05999755859375,97.08000183105469,95.05999755859375,95.88999938964844,95.88999938964844,1371000,2.545179338089052,1.0986070497697915,1.2701049972096472,2.005525582430025,1.8057419061343811,93.89599914550782,94.0889991760254,90.43833338419596,92.8488333384196,97.6497998046875,94.27672124007702,93.56377491710515,92.31607359642582,93.54802283368758,95.09318687786487,93.28536682500108,92.31438832048494,0.9709785045161397,0.49927867846054175,-0.6361462240424349,0.6361462240424349,-0.6361462240424349,-0.6361462240424349,0.6361462240424349,0.6361462240424349,0.6361462240424349,-0.6361462240424349,0.6361462240424349,1.2050018310546875,2.238248825073242,97.08000183105469,88.98540206909179,89.44400177001953,89.90260147094726,,,,,,,,,,0.0,0.0,0.0
2023-11-30,96.08999633789062,96.70999908447266,95.50499725341797,96.5,96.5,1675200,0.6361462240424349,1.0807732350534132,1.271083271925834,2.0058073016779807,1.8063165818644344,94.5259994506836,94.21899948120117,90.59833348592123,92.6865000406901,97.57399978637696,95.01781416005136,94.09763402308603,92.58600433214029,93.64480897028798,95.1210445634517,93.77992577500092,92.62443363007866,1.1554921449222633,0.6305213717528861,0.953365978181671,0.953365978181671,-0.953365978181671,-0.953365978181671,0.953365978181671,0.953365978181671,0.953365978181671,-0.953365978181671,0.953365978181671,2.649993896484375,1.8517486572265625,96.70999908447266,92.15585441589356,92.6035041809082,93.05115394592285,,,,,,,,,,0.0,0.0,0.0
2023-12-01,96.2300033569336,97.83999633789062,95.19000244140625,97.41999816894531,97.41999816894531,1378600,0.953365978181671,1.023773213949752,1.1660000764628333,1.8643812487700255,1.5652391247305635,95.33199920654297,94.57499923706055,90.81299997965495,92.6648333231608,97.49499977111816,95.81854216301602,94.70170023142407,92.89787490225675,93.76858566532593,95.16656839722386,94.33993691253083,92.97966063295766,1.3602762795731707,0.7764723533169431,0.25662082190399055,0.25662082190399055,-0.25662082190399055,-0.25662082190399055,0.25662082190399055,0.25662082190399055,0.25662082190399055,-0.25662082190399055,0.25662082190399055,1.6300048828125,1.7672489166259766,97.83999633789062,92.63615203857422,93.00650177001953,93.37685150146484,,,,,,,,,,0.0,0.0,0.0
2023-12-04,96.43000030517578,97.76000213623047,96.12999725341797,97.66999816894531,97.66999816894531,1207200,0.25662082190399055,0.9627133861948731,1.165714763940957,1.7570189165170664,1.5634058532849315,96.1979995727539,94.9339988708496,91.06866658528646,92.63700002034506,97.4029997253418,96.43569416499246,95.24139076551883,93.20575382268827,93.89650082937901,95.21614126399062,94.8522540289023,93.32709304303081,1.52516098587148,0.9262100798278505,-0.5733567821155178,-0.5733567821155178,0.5733567821155178,0.5733567821155178,-0.5733567821155178,-0.5733567821155178,-0.5733567821155178,0.5733567821155178,-0.5733567821155178,1.6399993896484375,1.7569992065429687,97.76000213623047,93.95204872131347,94.30549850463868,94.65894828796387,,,,,,,,,,0.0,0.0,0.0
2023-12-05,96.79000091552734,97.81999969482422,96.18000030517578,97.11000061035156,97.11000061035156,1073500,-0.5733567821155178,1.1479069924497227,1.1688908859065477,1.7666881548484605,1.5401495489901136,96.91799926757812,95.13099899291993,91.35933329264323,92.6353333791097,97.32539970397949,96.66046298011216,95.58113801003387,93.45764071221494,94.00186147793549,95.2536434292651,95.19959965681757,93.60730841838792,1.5922912384296524,1.059426311548211,0.41190559506212954,0.41190559506212954,-0.41190559506212954,-0.41190559506212954,0.41190559506212954,0.41190559506212954,0.41190559506212954,-0.41190559506212954,0.41190559506212954,1.720001220703125,1.7859992980957031,97.81999969482422,93.89460388183593,94.24600372314453,94.59740356445313,,,,,,,,,,0.0,0.0,0.0
2023-12-06,97.72000122070312,98.91999816894531,97.19999694824219,97.51000213623047,97.51000213623047,1167200,0.41190559506212954,0.5723234647819114,0.8365798387073198,1.7625847936167989,1.4967446706629417,97.24199981689453,95.56899948120117,91.64833348592123,92.68533337910971,97.22669975280762,96.94364269881827,95.93184057843325,93.71908338473207,94.11688248312548,95.29832379970006,95.55504619211186,93.8963968419318,1.658649350180056,1.17927091927458,2.8817531504797937,2.8817531504797937,-2.8817531504797937,-2.8817531504797937,2.8817531504797937,2.8817531504797937,2.8817531504797937,-2.8817531504797937,2.8817531504797937,3.3600006103516193,1.7954994201660184,98.91999816894531,93.89080123901367,94.24800109863281,94.60520095825196,,,,,,,,,,0.0,0.0,0.0
2023-12-07,98.06999969482422,101.0599975585938,97.69999694824219,100.3199996948242,100.3199996948242,1257500,2.8817531504797937,1.2930808579525004,1.1251601548102914,1.8294655350779312,1.5398907305792484,98.00599975585938,96.26599960327148,92.11900024414062,92.78500010172526,97.16219978332519,98.06909503082025,96.72968769050433,94.14494895312512,94.32026337531232,95.39776292633617,96.28811596175991,94.37221927547938,1.915896686280533,1.3265960726757706,3.6383587888579374,3.6383587888579374,-3.6383587888579374,-3.6383587888579374,-3.6383587888579374,3.6383587888579374,3.6383587888579374,-3.6383587888579374,3.6383587888579374,2.9599990844725994,1.8559993743896483,101.0599975585938,94.96989944458007,95.32899932861328,95.68809921264648,,,,,,,,,,0.0,0.0,0.0
2023-12-08,101.9000015258789,104.8399963378906,101.879997253418,103.9700012207031,103.9700012207031,1696000,3.6383587888579374,1.8271579228871344,1.4181231441460884,1.918024264592191,1.5902513777063985,99.31600036621094,97.32399978637696,92.7086669921875,92.91616681416829,97.14349983215332,100.03606376078122,98.04610833235864,94.77882329296887,94.63664822270218,95.56751021929394,97.46994446313579,95.08316608623669,2.3867783768991018,1.538632533520437,1.9909586135620958,1.9909586135620958,-1.9909586135620958,-1.9909586135620958,-1.9909586135620958,1.9909586135620958,1.9909586135620958,1.9909586135620958,1.9909586135620958,2.4099960327149006,1.798499298095706,104.8399963378906,96.97679893493658,97.34799880981451,97.71919868469244,,,,,,,,,,0.0,0.0,0.0
2023-12-11,104.120002746582,106.379997253418,103.9700012207031,106.0400009155273,106.0400009155273,1374000,1.9909586135620958,1.7364653470207008,1.382206872909171,1.702949769916664,1.6073815118909043,100.99000091552733,98.59400024414063,93.3610003153483,93.08466682434081,97.15599983215333,102.03737614569658,99.4995433474802,95.50535088152104,95.01052863886036,95.7748862726847,98.78841468658064,95.89478348099897,2.89363120558167,1.8096322679326837,0.21689525231362683,0.21689525231362683,0.21689525231362683,-0.21689525231362683,-0.21689525231362683,0.21689525231362683,0.21689525231362683,0.21689525231362683,0.21689525231362683,1.6999969482422017,1.8142490386962926,106.379997253418,100.88329788208004,101.24299774169918,101.60269760131833,,,,,,,,,,0.0,0.0,0.0
2023-12-12,105.370002746582,106.9599990844727,105.2600021362305,106.2699966430664,106.2699966430664,869700,0.21689525231362683,1.5012771250406847,1.3791451731514843,1.6321653949076496,1.6039582781628818,102.8220001220703,99.86999969482422,94.03433354695638,93.24133338928223,97.14779983520508,103.44824964481987,100.7305348557686,96.19984415645945,95.37969152424417,95.98271024041503,99.93942729527076,96.66331778930027,3.2761095059704957,2.102927715540246,1.9290515823042993,1.9290515823042993,1.9290515823042993,-1.9290515823042993,-1.9290515823042993,1.9290515823042993,1.9290515823042993,1.9290515823042993,1.9290515823042993,3.3199996948242045,1.8362491607666045,106.9599990844727,102.38864936828615,102.75149917602542,103.11434898376467,,,,,,,,,,0.0,0.0,0.0
2023-12-13,106.0100021362305,109.3300018310547,106.0100021362305,108.3199996948242,108.3199996948242,1518200,1.9290515823042993,1.2806201364742087,1.3300145718544747,1.3844566105292981,1.6087103702171803,104.98399963378904,101.1129997253418,94.73100026448567,93.45250002543132,97.16349983215332,105.07216632815465,102.1104375537787,96.98178967506364,95.80396392327958,96.22701300188848,101.2287461259713,97.52677570822796,3.7019704177433397,2.4227362559808645,3.905099121908245,3.905099121908245,3.905099121908245,-3.905099121908245,-3.905099121908245,3.905099121908245,3.905099121908245,3.905099121908245,3.905099121908245,3.490005493164091,1.9442497253418012,109.3300018310547,102.92025093078617,103.28750076293949,103.6547505950928,,,,,,,,,,0.0,0.0,0.0
2023-12-14,109.5899963378906,112.7300033569336,109.2399978637695,112.5500030517578,112.5500030517578,1993000,3.905099121908245,1.4944460468322154,1.5501997717807503,1.559752012144775,1.6747768917919894,107.43000030517575,102.71800003051757,95.55533370971679,93.74150009155274,97.21769989013671,107.56477856935571,104.00854037159307,97.98619053807617,96.35301438650836,96.55024052762846,102.97047796070768,98.63960736330424,4.330870597403447,2.804363124265381,-0.2576640672270261,-0.2576640672270261,-0.2576640672270261,0.2576640672270261,0.2576640672270261,-0.2576640672270261,-0.2576640672270261,-0.2576640672270261,-0.2576640672270261,1.7799987792969034,1.9442497253418025,112.7300033569336,105.05265243530273,105.4415023803711,105.83035232543946,,,,,,,,,,0.0,0.0,0.0
2023-12-15,113.0800018310547,113.4000015258789,111.620002746582,112.2600021362305,112.2600021362305,2048500,-0.2576640672270261,1.6529668984250214,1.6472162526754452,1.4917893848500636,1.6713708832929342,109.08800048828125,104.20200042724609,96.44800033569337,94.0366667429606,97.270599899292,109.1298530916473,105.5088061469817,98.90708160892484,96.87455496846647,96.8613249159176,104.39963552617273,99.64852549463211,4.75111003154062,3.1937125057204288,-0.3117748685737252,-0.3117748685737252,-0.3117748685737252,0.3117748685737252,0.3117748685737252,-0.3117748685737252,-0.3117748685737252,-0.3117748685737252,-0.3117748685737252,1.9979934692382955,1.9976493835449283,113.4000015258789,108.45265396118162,108.84150390624998,109.23035385131836,,,,,,,,,,0.0,0.0,0.0
2023-12-18,112.0,112.2979965209961,110.3000030517578,111.9100036621094,111.9100036621094,1478100,-0.3117748685737252,1.8146675965501475,1.701498392942327,1.50969020016168,1.6704583651068081,110.26200103759766,105.6260009765625,97.23400039672852,94.33300018310547,97.31989990234375,110.05656994846801,106.67266024064126,99.7459798059045,97.36752049940559,97.15931855445605,105.55507677785529,100.55678313666748,4.998293641187814,3.554628732813906,-0.37530675059937163,-0.37530675059937163,-0.37530675059937163,0.37530675059937163,0.37530675059937163,-0.37530675059937163,-0.37530675059937163,-0.37530675059937163,-0.37530675059937163,1.099998474121108,1.9596492767334055,112.2979965209961,109.00517288208006,109.40470275878906,109.80423263549804,,,,,,,,,,0.0,0.0,0.0
2023-12-19,112.0899963378906,112.4499969482422,111.3499984741211,111.4899978637695,111.4899978637695,1479700,-0.37530675059937163,1.9035645753911927,1.677173907442836,1.5340504266901982,1.6470156266794111,111.30600128173828,107.06400070190429,98.01233367919922,94.58283348083496,97.33989990234375,110.53437925356852,107.54853980848276,100.5036583902829,97.83055254413883,97.44309438236324,106.46814156030364,101.36665089423059,5.1014906660730475,3.8640011194657347,-2.6370032005957227,-2.6370032005957227,-2.6370032005957227,2.6370032005957227,2.6370032005957227,-2.6370032005957227,-2.6370032005957227,-2.6370032005957227,-2.6370032005957227,3.191001892089801,2.0411994934082083,112.4499969482422,107.9867681121826,108.37869796752928,108.77062782287597,,,,,,,,,,0.0,0.0,0.0
2023-12-20,110.9199981689453,111.6500015258789,108.4589996337891,108.5500030517578,108.5500030517578,1600300,-2.6370032005957227,2.371029494452602,2.1009400772065243,1.5900332851027679,1.6691153278230761,111.352001953125,108.16800079345701,98.69333368937174,94.8118335723877,97.32519996643066,109.8729205196316,107.73062403453275,101.02277740070063,98.18200993783124,97.6630331678958,106.78842794360428,101.89875105404742,4.889676889556853,4.0691362734839585,2.4504799243963045,2.4504799243963045,2.4504799243963045,-2.4504799243963045,-2.4504799243963045,2.4504799243963045,2.4504799243963045,2.4504799243963045,2.4504799243963045,1.7099990844725994,2.0536994934082053,111.6500015258789,107.95935806274414,108.36759796142579,108.77583786010743,,,1.0,,,108.77583786010743,,,108.5500030517578,0.0,0.0,-0.20761486447024138
2023-12-21,110.4100036621094,111.620002746582,109.9100036621094,111.2099990844727,111.2099990844727,1041500,2.4504799243963045,1.8032701783102825,2.0643643510708647,1.6267762664133152,1.6918746945173613,111.08400115966796,109.25700073242187,99.46900024414063,95.089333597819,97.33519996643066,110.31861337457865,108.36323767997638,101.6800175093311,98.60915712296702,97.9312899187191,107.46866965758403,102.58847313037522,4.88019652720881,4.231348324228929,1.2498870614975741,1.2498870614975741,1.2498870614975741,-1.2498870614975741,-1.2498870614975741,1.2498870614975741,1.2498870614975741,1.2498870614975741,1.2498870614975741,2.309997558593807,2.1421993255615286,111.620002746582,107.13186264038086,107.5426025390625,107.95334243774414,,,,,,,,,,0.0,0.0,0.0
2023-12-22,111.5599975585938,113.4499969482422,111.1399993896484,112.5999984741211,112.5999984741211,1166100,1.2498870614975741,1.919022959628891,1.860338307929062,1.6159850819072765,1.6942324983528398,111.1520004272461,110.12000045776367,100.30800018310546,95.37483355204265,97.40009994506836,111.07907507442614,109.13355782436632,102.38453241028529,99.06787323284092,98.2217593950637,108.2581048601282,103.33006760028232,4.92803725984588,4.370686111352319,1.5808159888261466,1.5808159888261466,1.5808159888261466,-1.5808159888261466,-1.5808159888261466,1.5808159888261466,1.5808159888261466,1.5808159888261466,1.5808159888261466,1.9899978637695028,2.1856994628906286,113.4499969482422,106.90716423034664,107.33560409545895,107.76404396057126,,,,,,,,,,0.0,0.0,0.0
2023-12-26,113.2399978637695,114.9700012207031,112.9800033569336,114.379997253418,114.379997253418,733300,1.5808159888261466,2.0081790753390534,1.835918562466199,1.6037393552136507,1.701929861504361,111.64599914550782,110.95400009155273,101.06533330281576,95.69000015258788,97.48549995422363,112.17938246742344,110.08745590237571,103.15843336790675,99.56991008597458,98.54172450116971,109.19993445909586,104.14858090792201,5.051353551173847,4.506819599316625,0.20108704533714686,0.20108704533714686,0.20108704533714686,-0.20108704533714686,-0.20108704533714686,0.20108704533714686,0.20108704533714686,0.20108704533714686,0.20108704533714686,0.8850021362304972,2.1534496307373097,114.9700012207031,108.64145812988282,109.07859802246094,109.51573791503907,,,,,,,,,,0.0,0.0,0.0
2023-12-27,114.6500015258789,114.7300033569336,113.8450012207031,114.6100006103516,114.6100006103516,602200,0.20108704533714686,1.964762195652797,1.8364592868403153,1.6032152656144998,1.6996486110313405,112.26999969482422,111.78800048828126,101.87333323160807,96.01483345031738,97.56279998779297,112.98958851506617,110.90973675837132,103.89724415774191,100.0630278080853,98.85990818650005,110.0322523285198,104.92350088587976,5.108751442640042,4.6272059679813085,-0.3751856756704109,-0.3751856756704109,-0.3751856756704109,0.3751856756704109,0.3751856756704109,-0.3751856756704109,-0.3751856756704109,-0.3751856756704109,-0.3751856756704109,0.8600006103516051,2.095449447631843,114.7300033569336,110.23241203308102,110.66310195922847,111.09379188537594,,,,,,,,,,0.0,0.0,0.0
2023-12-28,114.6399993896484,114.8600006103516,114.0,114.1800003051758,114.1800003051758,545100,-0.3751856756704109,1.1214707873805012,1.8198388684796265,1.5913425210549688,1.6860280922545776,113.39599914550786,112.3740005493164,102.52533315022787,96.35566673278808,97.63739997863769,113.38639244510273,111.50433013051759,104.56064778015701,100.52587936536695,99.1632763472659,110.6703674018515,105.60916750953132,5.061199892320175,4.714004752849082,-1.3750216243019417,-1.3750216243019417,-1.3750216243019417,1.3750216243019417,1.3750216243019417,-1.3750216243019417,-1.3750216243019417,-1.3750216243019417,-1.3750216243019417,2.027999877929588,2.136599349975588,114.8600006103516,110.12001457214353,110.53910446166991,110.95819435119628,,,,,,,,,,0.0,0.0,0.0
2023-12-29,114.0599975585938,114.3379974365234,112.3099975585938,112.6100006103516,112.6100006103516,908900,-1.3750216243019417,1.2046359121032282,1.4679505527395547,1.6697476396236144,1.7005312095672072,113.67599945068362,112.38000030517578,103.10566660563151,96.66416676839192,97.70150001525879,113.12759516685236,111.70536112685105,105.07996086597603,100.92208006192382,99.42954811485177,110.96877251085152,106.12774773922172,4.8410247716298045,4.7394087566052265,-3.2856734998561765,-3.2856734998561765,-3.2856734998561765,3.2856734998561765,3.2856734998561765,-3.2856734998561765,-3.2856734998561765,-3.2856734998561765,-3.2856734998561765,3.495002746582003,2.1788497924804693,114.3379974365234,110.15948204040531,110.58680191040042,111.01412178039554,,,,,,,,,,0.0,0.0,0.0
2024-01-02,111.2300033569336,111.370002746582,107.875,108.9100036621094,108.9100036621094,2131300,-3.2856734998561765,1.8199478039648154,1.8042331468026624,1.9007269105984053,1.7619239618356404,112.93800048828128,112.04500045776368,103.60733337402344,96.914000193278,97.73960006713867,111.72173133193805,111.19711431507983,105.32706040121046,101.18397919635613,99.61727990786677,110.65203884181426,106.33384077054673,4.318198071267531,4.655166619537688,-2.9565706660824147,-2.9565706660824147,-2.9565706660824147,2.9565706660824147,2.9565706660824147,-2.9565706660824147,-2.9565706660824147,-2.9565706660824147,2.9565706660824147,2.3699951171875,2.2158493041992195,111.370002746582,109.54452789306636,109.98029785156245,110.41606781005855,1.0,1.0,1.0,109.54452789306636,109.98029785156245,110.41606781005855,108.9100036621094,108.9100036621094,108.9100036621094,-0.5792386376217319,-0.9731690224167235,-1.3639900223035737
2024-01-03,107.879997253418,107.879997253418,105.5100021362305,105.6900024414062,105.6900024414062,1537200,-2.9565706660824147,1.538487349857656,1.9921998962724377,2.058409381734518,1.8075301082847366,111.2000015258789,111.42300033569336,103.9943333943685,97.09500020345052,97.75290008544921,109.71115503509411,110.19582124713916,105.35047601670696,101.33171766340696,99.73753183922399,109.88864862636686,106.28614904246224,3.602499583904617,4.444633212411074,2.5546452032050566,-2.5546452032050566,-2.5546452032050566,2.5546452032050566,2.5546452032050566,2.5546452032050566,-2.5546452032050566,-2.5546452032050566,2.5546452032050566,2.8400039672850994,2.2758495330810526,107.879997253418,106.49513427734372,106.93830413818357,107.38147399902341,1.0,1.0,1.0,106.49513427734372,106.93830413818357,107.38147399902341,105.6900024414062,105.6900024414062,105.6900024414062,-0.756026875219235,-1.1673101671449213,-1.5751986768523991
2024-01-04,102.2200012207031,104.1900024414062,101.3499984741211,102.9899978637695,102.9899978637695,1951600,-2.5546452032050566,1.208963574145784,2.0876109050333973,2.153960042641031,1.8420834505226393,108.8760009765625,110.57300033569337,104.25600001017253,97.22983347574869,97.76400009155273,107.47076931131926,108.88567154107194,105.19818710361423,101.38608750604179,99.80193710703678,108.82731773981342,106.04198969589241,2.7853280439210124,4.112772178713062,-0.12623059084287444,0.12623059084287444,0.12623059084287444,-0.12623059084287444,-0.12623059084287444,-0.12623059084287444,0.12623059084287444,0.12623059084287444,-0.12623059084287444,2.0650024414062926,2.293099594116211,104.1900024414062,102.87312828063968,103.3282981872559,103.7834680938721,1.0,1.0,1.0,102.2200012207031,102.2200012207031,102.2200012207031,102.9899978637695,102.9899978637695,102.9899978637695,0.7532739521337974,0.7532739521337974,0.7532739521337974
2024-01-05,102.7300033569336,104.3050003051758,102.2399978637695,103.120002746582,103.120002746582,1175700,0.12623059084287444,1.395228677006927,1.9938256666274639,2.1542403741839706,1.82546820319011,106.66400146484375,110.0300003051758,104.589000193278,97.39416681925455,97.76330009460449,106.02051378974019,107.83736812389195,105.06411069348313,101.4429371860595,99.86764137712679,107.94926927931628,105.82554621816571,2.123723061150571,3.714962355200564,-2.201315537825306,2.201315537825306,2.201315537825306,-2.201315537825306,-2.201315537825306,-2.201315537825306,2.201315537825306,2.201315537825306,-2.201315537825306,3.0950012207030966,2.2798496246337847,104.3050003051758,99.14518333435053,99.60380325317377,100.06242317199701,,,,,,,,,,0.0,0.0,0.0
2024-01-08,103.4599990844727,106.1900024414062,103.0950012207031,105.3899993896484,105.3899993896484,1093400,2.201315537825306,2.3745745109373435,1.9541037330789235,2.1163961943409033,1.843949318012568,105.2200012207031,109.44800033569337,104.9903335571289,97.5936668395996,97.8220001220703,105.81034232304293,107.39239199039312,105.08513577065509,101.57234906158699,99.97699500113711,107.5555354501366,105.7932834901274,1.762251960009209,3.324420276162293,1.3189101410934472,-1.3189101410934472,-1.3189101410934472,1.3189101410934472,1.3189101410934472,1.3189101410934472,-1.3189101410934472,-1.3189101410934472,1.3189101410934472,2.1350021362305114,2.2385997772216806,106.1900024414062,99.28933113098147,99.74530105590823,100.20127098083498,,,,,,,,,,0.0,0.0,0.0
2024-01-09,104.0199966430664,105.5250015258789,103.3899993896484,104.0,104.0,851400,-1.3189101410934472,2.110339150407557,1.862461515784862,1.9872544551497069,1.8526119524752527,104.2380004882812,108.58800048828125,105.34400024414063,97.77716687520345,97.88980010986329,105.20689488202862,106.77559344668528,105.01512701125799,101.65194417432184,100.05665846646113,107.00852999626943,105.66044767604389,1.3480823202255436,2.929152684974943,-0.4711517920860604,0.4711517920860604,0.4711517920860604,-0.4711517920860604,-0.4711517920860604,-0.4711517920860604,0.4711517920860604,0.4711517920860604,-0.4711517920860604,2.110000610351591,2.223600006103515,105.5250015258789,101.26508293151849,101.71280288696283,102.16052284240718,,,,,,,,,,0.0,0.0,0.0
2024-01-10,103.620002746582,104.629997253418,102.5199966430664,104.4899978637695,104.4899978637695,964100,0.4711517920860604,1.8109652570293602,1.735168918305217,1.9363341975834185,1.8251823123488196,103.99799957275388,107.5990005493164,105.71566696166992,98.00333353678386,97.95220008850097,104.96792920927558,106.36003061342785,104.98124771142002,101.74499511495947,100.14444736541773,106.62106351434636,105.57374768994949,1.0473158243968754,2.5527853128593296,0.7464817640380659,-0.7464817640380659,-0.7464817640380659,-0.7464817640380659,0.7464817640380659,0.7464817640380659,-0.7464817640380659,-0.7464817640380659,0.7464817640380659,2.9199981689452983,2.28460006713867,104.629997253418,100.63308151245117,101.07780151367187,101.52252151489257,,,,,,,,,,0.0,0.0,0.0
2024-01-11,103.9899978637695,104.3899993896484,101.4700012207031,103.7099990844727,103.7099990844727,1207900,-0.7464817640380659,1.3484175644187884,1.6945677875547518,1.941170442895557,1.8229290948183883,104.14199981689451,106.50900039672851,106.05566685994467,98.19483350118001,97.99970008850097,104.54861916767463,105.87820669907236,104.89923167097182,101.80942147461563,100.21505234995347,106.17320744821194,105.43569223769194,0.7375152105200016,2.189731292391464,1.3595564990473545,-1.3595564990473545,-1.3595564990473545,-1.3595564990473545,1.3595564990473545,1.3595564990473545,-1.3595564990473545,-1.3595564990473545,1.3595564990473545,2.7200012207030966,2.254600143432614,104.3899993896484,99.60387710571293,100.06079711914066,100.5177171325684,,,,,,,,,,0.0,0.0,0.0
2024-01-12,104.0,104.5299987792969,101.8099975585938,102.3000030517578,102.3000030517578,891600,-1.3595564990473545,1.5082839100492063,1.6839995062496074,1.8987167009133603,1.8334407786739808,103.97799987792966,105.32100067138671,106.26933364868164,98.3538335164388,98.01650009155273,103.79908046236902,105.22762421774243,104.73153950199028,101.82550611648915,100.25633850246444,105.57732984875746,105.20341896465979,0.3739108840976684,1.826567210732705,0.8699896022467442,0.8699896022467442,-0.8699896022467442,-0.8699896022467442,0.8699896022467442,0.8699896022467442,-0.8699896022467442,-0.8699896022467442,0.8699896022467442,2.0299987792969034,2.181599807739255,104.5299987792969,99.42987907409665,99.88079910278317,100.33171913146968,,,,,,,,,,0.0,0.0,0.0
2024-01-16,101.7600021362305,102.5299987792969,100.5,101.4100036621094,101.4100036621094,1022500,-0.8699896022467442,0.7415778069479853,1.6817340325079198,1.6270937769020917,1.8304420292104484,103.18200073242187,104.2010009765625,106.43300043741861,98.51566696166992,98.02900009155273,103.00272152894915,104.53351138944551,104.51724686715927,101.811883085198,100.27918335711087,104.9362027431193,104.92242523854495,0.013777504574349564,1.4640092695010338,1.4988701484771731,1.4988701484771731,-1.4988701484771731,-1.4988701484771731,1.4988701484771731,1.4988701484771731,-1.4988701484771731,-1.4988701484771731,1.4988701484771731,2.760002136230426,2.230599975585931,102.5299987792969,99.73047920227054,100.1667991638184,100.60311912536625,,,1.0,,,100.60311912536625,,,101.4100036621094,0.0,0.0,0.8020472364655598
2024-01-17,100.370002746582,101.1399993896484,98.37999725341797,99.88999938964844,99.88999938964844,1061900,-1.4988701484771731,0.7786381986760499,1.5005228199514453,1.6406915727091493,1.8391468129246926,102.36000061035156,103.29900054931639,106.51533381144206,98.6641668955485,98.00570007324218,101.96514748251559,103.68923648039149,104.218714771836,101.74887050501604,100.2714767438938,104.15986376566224,104.5496529534415,-0.3897891877792574,1.0932495780449758,-3.8942831248546237,-3.8942831248546237,3.8942831248546237,3.8942831248546237,-3.8942831248546237,-3.8942831248546237,-3.8942831248546237,3.8942831248546237,-3.8942831248546237,2.6999969482422017,2.2657001495361264,101.1399993896484,97.62267883300785,98.06879882812504,98.51491882324223,,,1.0,,,98.51491882324223,,,99.88999938964844,0.0,0.0,1.3958094701102206
2024-01-18,102.1100006103516,103.9300003051758,101.2300033569336,103.7799987792969,103.7799987792969,1734500,3.8942831248546237,2.2642405379524626,1.9336192050659373,1.9210384354929564,1.893095348158759,102.21800079345705,103.10800018310547,106.71900049845378,98.89383354187012,98.04620002746582,102.57009791477603,103.7057387165561,104.19041051425283,101.8154648746646,100.34095242776316,104.1014229985291,104.49264153313449,-0.391218534605386,0.7963559555149035,-1.7151655427191967,-1.7151655427191967,1.7151655427191967,1.7151655427191967,-1.7151655427191967,-1.7151655427191967,-1.7151655427191967,1.7151655427191967,-1.7151655427191967,2.410003662109389,2.3312004089355405,103.9300003051758,96.15545906066892,96.60859909057615,97.06173912048337,,,,,,,,,,0.0,0.0,0.0
2024-01-19,105.1100006103516,106.2300033569336,103.8199996948242,105.5599975585938,105.5599975585938,1361100,1.7151655427191967,2.3585729164162617,1.8152475224475493,1.9761785574734363,1.8829894275240204,102.58800048828125,103.3650001525879,107.00066706339518,99.1800001780192,98.08650001525879,103.56673112938196,104.04287668783567,104.27877096872646,101.93823643807211,100.44429985609644,104.3258190846929,104.57170494242777,-0.24588585773487637,0.5879075928649475,-1.0799539750042233,-1.0799539750042233,1.0799539750042233,1.0799539750042233,-1.0799539750042233,-1.0799539750042233,-1.0799539750042233,1.0799539750042233,-1.0799539750042233,1.677001953125,2.2555004119873003,106.2300033569336,98.8013594055176,99.26759948730472,99.73383956909183,,,,,,,,,,0.0,0.0,0.0
2024-01-22,106.3899993896484,107.5670013427734,105.8899993896484,106.6999969482422,106.6999969482422,874500,1.0799539750042233,2.153114600847418,1.8323284690635535,1.914117593563358,1.8854345312701546,103.46799926757815,103.7229995727539,107.30700022379555,99.4776668548584,98.11569999694824,104.61115306900204,104.52598946245504,104.43497909643716,102.09435973348752,100.56817504603991,104.69107721754662,104.72935620211773,-0.038278984571107344,0.4626702773777366,-1.0028113640370933,-1.0028113640370933,1.0028113640370933,1.0028113640370933,-1.0028113640370933,1.0028113640370933,1.0028113640370933,1.0028113640370933,-1.0028113640370933,1.599998474121108,2.250000381469726,107.5670013427734,101.26790245056154,101.719002532959,102.17010261535646,,,,,,,,,,0.0,0.0,0.0
2024-01-23,107.120002746582,108.2900009155273,106.6900024414062,107.7699966430664,107.7699966430664,607000,1.0028113640370933,1.9270622206091992,1.7348812086237264,1.8397748818755162,1.8369107912424605,104.73999786376956,103.9609992980957,107.55533345540364,99.83716684977213,98.1358999633789,105.66410092702351,105.11580894983892,104.65014151880034,102.28044618953928,100.7107853746939,105.16475712916504,104.95458882737319,0.2101683017918532,0.41216988226055995,-1.6795004314497743,1.6795004314497743,-1.6795004314497743,-1.6795004314497743,1.6795004314497743,-1.6795004314497743,-1.6795004314497743,-1.6795004314497743,1.6795004314497743,2.7000045776367045,2.2695007324218706,108.2900009155273,102.61700050354,103.06700057983394,103.51700065612789,,,,,,,,,,0.0,0.0,0.0
2024-01-24,107.8600006103516,108.2900009155273,105.5899963378906,105.9599990844727,105.9599990844727,1031400,-1.6795004314497743,1.99181712936156,1.7741163174722314,1.8398303465607333,1.8559119101549935,105.95399780273439,104.15699920654296,107.6216667175293,100.1651668548584,98.13089996337891,105.76273364617325,105.26929806522688,104.73464845852115,102.40108726806169,100.81473020063011,105.28710204536623,105.02906366123241,0.25803838413381186,0.38134358263521034,0.4530043045308347,-0.4530043045308347,0.4530043045308347,0.4530043045308347,-0.4530043045308347,0.4530043045308347,0.4530043045308347,0.4530043045308347,-0.4530043045308347,2.2099990844725994,2.2805007934570254,108.2900009155273,103.29709930419918,103.75099945068357,104.20489959716794,,,,,,,,,,0.0,0.0,0.0
2024-01-25,107.7399978637695,107.7699966430664,105.5599975585938,106.4400024414062,106.4400024414062,1309300,0.4530043045308347,1.3054887320829898,1.7738184132576589,1.7963259899176527,1.8558584345042395,106.48599853515626,104.35199966430666,107.63500010172525,100.49800020853678,98.12139999389649,105.98848991125091,105.48215340635039,104.84467129612665,102.53351071636806,100.92612173015043,105.46447133706468,105.13357764494899,0.3308936921156942,0.3712536045313072,-2.593012094066554,2.593012094066554,-2.593012094066554,-2.593012094066554,2.593012094066554,-2.593012094066554,-2.593012094066554,-2.593012094066554,2.593012094066554,3.125,2.3925006866455005,107.7699966430664,103.27289916992184,103.72899932861326,104.18509948730465,,,,,,,,,,0.0,0.0,0.0
2024-01-26,105.1699981689453,105.8450012207031,102.7200012207031,103.6800003051758,103.6800003051758,1260400,-2.593012094066554,1.6821357236792356,1.9686040455010092,1.8592701585088391,1.8919641970828318,106.10999908447266,104.34899978637695,107.54866689046224,100.79150021870932,98.07370002746582,105.21899337589255,105.15448920613682,104.76953123219434,102.57110053895192,100.98065397916082,105.1899373321587,105.02590524941023,0.16403208274847714,0.32980930017474114,0.01928688561684736,-0.01928688561684736,0.01928688561684736,0.01928688561684736,-0.01928688561684736,0.01928688561684736,0.01928688561684736,0.01928688561684736,-0.01928688561684736,1.4650039672851989,2.4227508544921803,105.8450012207031,102.5064951324463,102.98499526977541,103.4634954071045,,1.0,1.0,,102.98499526977541,103.4634954071045,,103.6800003051758,103.6800003051758,0.0,0.6748604819369824,0.20925728172955751
2024-01-29,104.0,104.2350006103516,102.7699966430664,103.6999969482422,103.6999969482422,1620100,0.01928688561684736,1.5157958656590729,1.9090627036782917,1.8625687903083097,1.885310216977322,105.50999908447265,104.48899917602539,107.39466679890951,101.06283353169759,98.0390000152588,104.71266123334244,104.89003606833779,104.70052902032647,102.60811353597784,101.03450235478618,104.96071573463308,104.92768981969408,0.03302591493900309,0.27045262312759355,-3.317256425502735,3.317256425502735,-3.317256425502735,-3.317256425502735,3.317256425502735,3.317256425502735,-3.317256425502735,-3.317256425502735,3.317256425502735,3.080001831054588,2.4753509521484305,104.2350006103516,100.5149493408203,100.99949951171874,101.48404968261717,,,,,,,,,,0.0,0.0,0.0
2024-01-30,102.879997253418,103.1900024414062,100.1100006103516,100.2600021362305,100.2600021362305,2413800,-3.317256425502735,1.629609658809058,2.1907528636430187,1.9606329680628674,1.9421700878311654,104.00800018310547,104.3739990234375,106.98500010172526,101.27016690572103,97.9792000579834,103.22844153430513,104.04821171704555,104.41404341490093,102.53112627696972,101.01916571679497,104.23752902718654,104.58193517647456,-0.3444061492880195,0.14748086864447096,0.5186557564146055,0.5186557564146055,-0.5186557564146055,-0.5186557564146055,0.5186557564146055,0.5186557564146055,0.5186557564146055,-0.5186557564146055,0.5186557564146055,3.8100051879882812,2.4911010742187445,103.1900024414062,98.78922851562506,99.28429870605474,99.77936889648443,,,,,,,,,,0.0,0.0,0.0
2024-01-31,101.0500030517578,102.1500015258789,98.33999633789062,99.73999786376953,99.73999786376953,3626300,-0.5186557564146055,1.66629792100641,2.1422227009086874,1.8529055679966013,1.9072308284617083,102.76399993896484,104.3589988708496,106.56766662597656,101.50783348083496,97.98940002441407,102.06562697745994,103.26490010735898,104.1124920890215,102.43961386997955,100.99383566029941,103.5456011558916,104.22327315331123,-0.6776719974196226,-0.01754970456834773,-6.025669004363992,-6.025669004363992,6.025669004363992,6.025669004363992,-6.025669004363992,-6.025669004363992,-6.025669004363992,6.025669004363992,-6.025669004363992,5.650001525878892,2.6551013946533137,102.1500015258789,97.70958007812496,98.2078002929687,98.70602050781245,,,1.0,,,98.70602050781245,,,99.73999786376953,0.0,0.0,1.0475322079013805
2024-02-01,105.0699996948242,108.4300003051758,102.7799987792969,105.75,105.75,3979200,6.025669004363992,3.683628587954966,2.623973288881459,2.2519638253626177,2.0093185544787957,102.6259994506836,104.55599899291992,106.36233317057291,101.79816678365071,98.05350006103515,103.29375131830663,103.71673645147553,104.21813776069754,102.54815112014415,101.0880171323727,103.8847394396006,104.33636403084373,-0.4516245912431316,-0.1043646819033045,2.0425566544769773,2.0425566544769773,-2.0425566544769773,-2.0425566544769773,2.0425566544769773,2.0425566544769773,2.0425566544769773,-2.0425566544769773,2.0425566544769773,2.9600067138672017,2.661101531982419,108.4300003051758,96.30877845764161,96.83979873657228,97.37081901550295,,,,,,,,,,0.0,0.0,0.0
2024-02-02,105.3000030517578,105.3000030517578,102.3399963378906,103.5899963378906,103.5899963378906,2167500,-2.0425566544769773,3.5968300981300443,2.65475041324286,2.223806023537045,2.0312987256297297,102.60799865722656,104.3589988708496,106.09899978637695,102.05566673278808,98.11730003356934,103.39249965816796,103.69369279446008,104.17761250761323,102.58230997974239,101.13756127505621,103.83939434702982,104.28107753506941,-0.4416831880395904,-0.1718283831305617,-3.6103925334304754,-3.6103925334304754,3.6103925334304754,3.6103925334304754,-3.6103925334304754,-3.6103925334304754,-3.6103925334304754,3.6103925334304754,-3.6103925334304754,4.099998474121094,2.7628513336181593,105.3000030517578,102.57557693481448,103.10779724121096,103.64001754760744,1.0,1.0,1.0,102.57557693481448,103.10779724121096,103.64001754760744,103.5899963378906,103.5899963378906,103.5899963378906,0.9889482792972927,0.4676650162078209,-0.048264377892321686
2024-02-05,104.1900024414062,108.129997253418,104.0299987792969,107.3300018310547,107.3300018310547,1736400,3.6103925334304754,3.93589101369149,2.8954429082799567,2.362082120654539,2.0754996745946652,103.33399963378906,104.42199935913087,106.0583330790202,102.37583338419596,98.24550003051758,104.70500038246355,104.35483989202274,104.3809924639643,102.73797200765426,101.26018386032351,104.37641088303366,104.50692377921646,-0.13051289618280748,-0.16356528574101087,-1.1925824629274817,-1.1925824629274817,1.1925824629274817,1.1925824629274817,-1.1925824629274817,1.1925824629274817,-1.1925824629274817,1.1925824629274817,1.1925824629274817,2.0439987182616903,2.7103012084960887,108.129997253418,99.22173011779785,99.77430038452148,100.32687065124512,,,,,,,,,,0.0,0.0,0.0
2024-02-06,107.7200012207031,108.7200012207031,106.6760025024414,108.6100006103516,108.6100006103516,1762900,1.1925824629274817,3.2224536687278698,2.902659407464069,2.3282201431818548,2.0770087013446634,105.00399932861328,104.50599975585938,105.97166646321615,102.72033335367838,98.38820007324219,106.00666712509292,105.12850547717343,104.6538316992151,102.93049753561155,101.40572478606664,105.0277323795441,104.81085539633759,0.21687698320651805,-0.0874768319515051,2.0624232125784507,-2.0624232125784507,2.0624232125784507,2.0624232125784507,-2.0624232125784507,2.0624232125784507,2.0624232125784507,2.0624232125784507,2.0624232125784507,3.139999389648395,2.760551071166983,108.7200012207031,102.1673345947266,102.70939483642582,103.25145507812503,,,,,,,,,,0.0,0.0,0.0
2024-02-07,109.9300003051758,111.0999984741211,107.9599990844727,110.8499984741211,110.8499984741211,1609300,2.0624232125784507,2.985526128341351,2.8867695399298494,2.3367082368507988,2.0844508537731192,107.22599945068359,104.99499969482422,105.91333312988282,103.11066665649415,98.53570007324218,107.62111090810231,106.1687769311639,105.05358439437033,103.19015330408726,101.59274010662217,105.92346562486364,105.25819932802526,0.6652662968383822,0.06307179380647236,1.5967562443170733,-1.5967562443170733,1.5967562443170733,1.5967562443170733,-1.5967562443170733,1.5967562443170733,1.5967562443170733,1.5967562443170733,1.5967562443170733,3.229995727539105,2.816550827026359,111.0999984741211,102.64678886413573,103.19889907836912,103.75100929260253,,,,,,,,,,0.0,0.0,0.0
2024-02-08,110.4800033569336,113.7099990844727,110.4800033569336,112.620002746582,112.620002746582,1396200,1.5967562443170733,2.0730531647197115,2.9077583438121315,2.3534010926687867,2.0085600313130207,108.6,105.6129997253418,105.85466664632162,103.45999997456869,98.70260009765624,109.28740818759555,107.34172707942174,105.54174041709368,103.49932869564446,101.81110174305702,106.953702105128,105.8035180997702,1.1501840053578007,0.28049423611673807,-0.26638522859288716,0.26638522859288716,-0.26638522859288716,-0.26638522859288716,0.26638522859288716,-0.26638522859288716,-0.26638522859288716,-0.26638522859288716,-0.26638522859288716,1.7050018310547017,2.7558010101318287,113.7099990844727,104.9035866546631,105.46689682006837,106.03020698547365,,,,,,,,,,0.0,0.0,0.0
2024-02-09,112.8499984741211,113.9199981689453,112.2149963378906,112.3199996948242,112.3199996948242,1133000,-0.26638522859288716,1.4051015658231283,2.7099185284728473,2.3435049295228585,1.9968772133188355,110.34600067138672,106.47699966430665,105.7783332824707,103.82583325703939,98.85710006713867,110.29827202333844,108.24686755494946,105.97904746726984,103.78853102348643,102.01919873220093,107.77928634969665,106.28622044014458,1.4930659095520724,0.5230085708038049,1.2553451441777055,1.2553451441777055,1.2553451441777055,1.2553451441777055,-1.2553451441777055,1.2553451441777055,1.2553451441777055,1.2553451441777055,1.2553451441777055,3.029998779296804,2.771300888061514,113.9199981689453,107.64723686218268,108.19839706420905,108.74955726623541,,,,,,,,,,0.0,0.0,0.0
2024-02-12,112.4100036621094,114.7900009155273,111.7600021362305,113.7300033569336,113.7300033569336,1194000,1.2553451441777055,0.8731436238860195,2.6966731383782276,2.311407929371131,1.9185162450129702,111.6260009765625,107.48000030517578,105.76333338419596,104.14433326721192,99.03790008544922,111.44218246787017,109.24380133712839,106.47910913757073,104.11448093605847,102.25109585348277,108.69478127388695,106.83761176731413,1.8571695065728164,0.7898407579576072,-1.776140167798337,-1.776140167798337,-1.776140167798337,-1.776140167798337,1.776140167798337,-1.776140167798337,-1.776140167798337,-1.776140167798337,-1.776140167798337,2.75,2.807300949096669,114.7900009155273,107.82313621520997,108.37739639282228,108.93165657043457,,,,,,,,,,0.0,0.0,0.0
2024-02-13,110.3899993896484,112.75,110.0,111.7099990844727,111.7099990844727,1332100,-1.776140167798337,1.5775828458355923,2.458612304906989,2.349401187299851,1.937141300501849,112.24600067138672,108.625,105.73333333333333,104.41949996948242,99.20290008544922,111.53145467340434,109.69220092755462,106.8165859083386,104.36351431797368,102.43840086795781,109.158660937054,107.19852934636292,1.960131590691077,1.023898924504301,1.6829265677428609,1.6829265677428609,1.6829265677428609,1.6829265677428609,-1.6829265677428609,1.6829265677428609,1.6829265677428609,1.6829265677428609,1.6829265677428609,2.0900039672850994,2.7738010406494027,112.75,108.61393882751463,109.17539901733396,109.7368592071533,,,,,,,,,,0.0,0.0,0.0
2024-02-14,112.8000030517578,113.9000015258789,111.8099975585938,113.5899963378906,113.5899963378906,1078900,1.6829265677428609,1.495065629889026,2.393895870998065,2.3136115720657777,1.9324498709408833,112.79400024414062,110.0099998474121,105.8893330891927,104.74833323160807,99.39330001831054,112.21763522823309,110.40089100216116,107.25358012960002,104.66602192518407,102.65922454062975,109.84040484487501,107.67197134573534,2.1684334991396668,1.2528058394313744,0.25530497832287014,0.25530497832287014,0.25530497832287014,0.25530497832287014,-0.25530497832287014,0.25530497832287014,0.25530497832287014,0.25530497832287014,0.25530497832287014,1.4000015258789062,2.708801269531238,113.9000015258789,106.64763771057132,107.2023979187012,107.75715812683107,,,,,,,,,,0.0,0.0,0.0
2024-02-15,114.0,114.75,113.3499984741211,113.879997253418,113.879997253418,1222900,0.25530497832287014,1.3632649288422602,1.744831128005669,2.186272677485514,1.9324329874993167,113.0459991455078,110.8229995727539,106.16233291625977,105.07833315531413,99.59080001831055,112.77175590329475,111.03345577511695,107.68109091178182,104.96811947692944,102.88141805969487,110.46188060003547,108.1318251166748,2.330055483360667,1.4682557682172328,-1.5015798434446967,-1.5015798434446967,-1.5015798434446967,-1.5015798434446967,1.5015798434446967,-1.5015798434446967,-1.5015798434446967,-1.5015798434446967,-1.5015798434446967,2.180000305175696,2.697301101684553,114.75,107.94063873291019,108.48239898681643,109.02415924072268,,,,,,,,,,0.0,0.0,0.0
2024-02-16,113.7300033569336,114.2900009155273,112.1100006103516,112.1699981689453,112.1699981689453,855500,-1.5015798434446967,1.5717278547504725,1.654430100436959,2.2094353901088644,1.9439848295590605,113.01599884033203,111.68099975585938,106.4683329264323,105.3621664683024,99.7475,112.57116999184493,111.2400998467221,107.97069783159883,105.20424664715947,103.06535033908595,110.72466791832929,108.43094904647262,2.293718871856669,1.6333483889451201,-0.2763640578176609,-0.2763640578176609,-0.2763640578176609,-0.2763640578176609,0.2763640578176609,-0.2763640578176609,-0.2763640578176609,-0.2763640578176609,-0.2763640578176609,1.650001525878892,2.695951080322248,114.2900009155273,108.81593757629398,109.3553977966309,109.8948580169678,,,,,,,,,,0.0,0.0,0.0
2024-02-20,111.0,112.5500030517578,110.9000015258789,111.8600006103516,111.8600006103516,1086100,-0.2763640578176609,1.4018754940718627,1.3527991093156586,2.205922703607296,1.9197688974716967,112.64199829101562,112.13399963378906,106.75966618855794,105.67433319091796,99.91800003051758,112.33411353134716,111.35280907647292,108.22162059151837,105.4224680885756,103.23950182960606,110.89933448633272,108.68495286601922,2.214381620313503,1.749555035218797,0.026818146909623405,0.026818146909623405,0.026818146909623405,0.026818146909623405,-0.026818146909623405,0.026818146909623405,0.026818146909623405,0.026818146909623405,0.026818146909623405,1.7350006103514914,2.702701187133767,112.5500030517578,108.35890853881835,108.89809875488281,109.43728897094725,,,,,,,,,,0.0,0.0,0.0
2024-02-21,110.9300003051758,111.9199981689453,110.1849975585938,111.8899993896484,111.8899993896484,864600,0.026818146909623405,1.142613132320954,1.3290846844689161,2.1993937264747303,1.920121263352056,112.67799835205078,112.46199951171874,106.97633285522461,105.98333320617675,100.09130004882813,112.18607548411424,111.45048004250482,108.45829019139774,105.63451829516814,103.41079881099303,111.0517444714582,108.92236371962137,2.129380751836834,1.8255201785424044,1.394224298063703,1.394224298063703,1.394224298063703,1.394224298063703,-1.394224298063703,1.394224298063703,1.394224298063703,1.394224298063703,1.394224298063703,1.8300018310547017,2.659201049804667,111.9199981689453,106.6040604400635,107.14460067749026,107.68514091491701,,,,,,,,,,0.0,0.0,0.0
2024-02-22,113.6800003051758,113.8600006103516,112.0299987792969,113.4499969482422,113.4499969482422,1010300,1.394224298063703,1.0414912371327412,1.2451075777081826,2.1675395243838236,1.9247308724839505,112.64999847412109,112.72199935913086,107.29133275349935,106.31766649881999,100.27110000610351,112.60738263882357,111.8140285708207,108.78033578861351,105.89076349690826,103.60959481371083,111.42070639096343,109.25774395877846,2.162962432184969,1.8930086292709176,0.5729342564733092,-0.5729342564733092,-0.5729342564733092,-0.5729342564733092,0.5729342564733092,-0.5729342564733092,-0.5729342564733092,-0.5729342564733092,-0.5729342564733092,1.2799987792969034,2.612701034545882,113.8600006103516,106.06975585937504,106.60159606933597,107.1334362792969,,,,,,,,,,0.0,0.0,0.0
2024-02-23,113.4199981689453,113.9599990844727,112.6800003051758,112.8000030517578,112.8000030517578,670600,-0.5729342564733092,1.0525011278738265,1.1689505566474574,2.1774430480117934,1.927709818107755,112.43399963378906,112.73999938964843,107.56833292643229,106.64199994405111,100.44440002441407,112.67158944313498,111.9932966582638,109.03966916042928,106.11729594132956,103.79158309565234,111.63290587723948,109.52013352122137,2.1127723560181124,1.9369613746203567,-0.6382921736076921,0.6382921736076921,0.6382921736076921,0.6382921736076921,-0.6382921736076921,0.6382921736076921,0.6382921736076921,0.6382921736076921,0.6382921736076921,0.8399963378905966,2.498450851440412,113.9599990844727,108.11205833435066,108.63459854125983,109.15713874816902,,,,,,,,,,0.0,0.0,0.0
2024-02-26,113.7099990844727,114.25,113.4100036621094,113.5199966430664,113.5199966430664,592400,0.6382921736076921,0.7848233381401523,1.179104866517317,2.0675916340881795,1.927999220178308,112.70399932861328,112.85999908447266,107.89533284505208,106.97549985249837,100.62839996337891,112.95439184311212,112.27087847368244,109.32872254640587,106.36000743974715,103.98422494807637,111.92322753352055,109.81641967839508,2.106807855125467,1.970930670721379,-0.4316468531132744,0.4316468531132744,0.4316468531132744,0.4316468531132744,-0.4316468531132744,0.4316468531132744,0.4316468531132744,0.4316468531132744,0.4316468531132744,1.0499954223633097,2.4777004241943175,114.25,108.46340721130379,108.96309738159188,109.46278755187996,,,,,,,,,,0.0,0.0,0.0
2024-02-27,113.879997253418,114.7799987792969,113.7300033569336,114.0100021362305,114.0100021362305,561700,0.4316468531132744,0.729861142492794,1.1175694603705717,2.064868542193608,1.9062459421140172,113.13399963378906,112.88799896240235,108.28566614786784,107.27749989827474,100.83119995117187,113.30626194081825,112.5870827759639,109.63074058445908,106.6108269379925,104.18275518942596,112.24426978009132,110.12705541601252,2.117214364078791,2.0001874093928613,-1.719146607971024,-1.719146607971024,-1.719146607971024,-1.719146607971024,1.719146607971024,-1.719146607971024,-1.719146607971024,-1.719146607971024,-1.719146607971024,1.5500030517577983,2.401200485229478,114.7799987792969,108.7990590667725,109.29459915161137,109.79013923645023,,,,,,,,,,0.0,0.0,0.0
2024-02-28,112.7799987792969,113.4300003051758,111.879997253418,112.0500030517578,112.0500030517578,624300,-1.719146607971024,1.205756354462853,1.107433228284013,1.9365097041658363,1.9235179658728276,113.16600036621094,112.92199935913087,108.64033279418945,107.53666661580404,101.01069999694825,112.8875089777981,112.48943191701734,109.78682203396222,106.78916058106677,104.33854227580876,112.21438259111693,110.26949598162328,1.9448866094936506,1.9891272494130194,2.231146748693267,2.231146748693267,2.231146748693267,2.231146748693267,-2.231146748693267,2.231146748693267,2.231146748693267,2.231146748693267,-2.231146748693267,2.3699951171875,2.329199981689439,113.4300003051758,109.49735771179205,109.97759780883794,110.45783790588385,,,,,,,,,,0.0,0.0,0.0
2024-02-29,113.6500015258789,114.7699966430664,112.4000015258789,114.5500030517578,114.5500030517578,1159200,2.231146748693267,1.4707015552757963,1.2071091173806032,1.9523316024958404,1.9382587499815807,113.38600158691406,113.01800003051758,109.12899958292643,107.82216669718424,101.21700004577637,113.44167366911802,112.86408121424287,110.09412403511033,107.04361443256484,104.54074941988696,112.57370881583091,110.58657057941102,1.987138236419895,1.9887294468143948,4.426014456353525,4.426014456353525,4.426014456353525,4.426014456353525,-4.426014456353525,4.426014456353525,4.426014456353525,4.426014456353525,-4.426014456353525,5.284996032714901,2.3109497070312393,114.7699966430664,108.30576034545903,108.77160034179691,109.2374403381348,,,,,,,,,,0.0,0.0,0.0
2024-03-01,115.0,120.254997253418,114.9700012207031,119.620002746582,119.620002746582,1789000,4.426014456353525,2.285701172359708,1.8300590756055497,1.7449566810146406,2.0104845809863496,114.7500015258789,113.59200057983398,109.65699971516928,108.18800010681153,101.46490005493165,115.50111669493936,114.09243058375907,110.70869685520529,107.45595503302441,104.83934849566309,113.65775403594647,111.25571370290517,2.402040333041299,2.0713916240597756,0.5015870760279162,0.5015870760279162,0.5015870760279162,0.5015870760279162,-0.5015870760279162,0.5015870760279162,0.5015870760279162,0.5015870760279162,0.5015870760279162,2.0299987792969034,2.2644493103027243,120.254997253418,109.68590728759767,110.14809722900392,110.61028717041017,,,,,,,,,,0.0,0.0,0.0
2024-03-04,121.0,121.6500015258789,119.620002746582,120.2200012207031,120.2200012207031,1337300,0.5015870760279162,2.294922743311475,1.6899428727101646,1.6285365236544351,2.006829187596442,116.09000244140626,114.39700088500976,110.14566650390626,108.57316678365072,101.71810005187989,117.07407820352728,115.20653433593071,111.32232939491483,107.87444835065322,105.14391587635694,114.66733052590902,111.91973500051984,2.747595525389187,2.206632404325658,-5.7644320702122736,-5.7644320702122736,-5.7644320702122736,-5.7644320702122736,5.7644320702122736,-5.7644320702122736,-5.7644320702122736,-5.7644320702122736,-5.7644320702122736,6.959999084472599,2.4074493408202997,121.6500015258789,115.273208770752,115.72609863281255,116.1789884948731,,,,,,,,,,0.0,0.0,0.0
2024-03-05,119.2200012207031,119.2200012207031,112.2600021362305,113.2900009155273,113.2900009155273,1406800,-5.7644320702122736,3.904556587222999,2.6586564635164156,2.057501759710235,2.1576948818897472,115.9460021972656,114.54000091552734,110.36533330281576,108.83616676330566,101.91840003967285,115.81271910752729,114.85807371403918,111.44927594463178,108.0520074511409,105.30522449099398,114.45543366277337,112.02123617940927,2.434197483364102,2.252145420133347,2.2949937797773847,2.2949937797773847,2.2949937797773847,2.2949937797773847,-2.2949937797773847,2.2949937797773847,2.2949937797773847,2.2949937797773847,2.2949937797773847,3.754997253417997,2.492999267578115,119.2200012207031,116.35361297607425,116.8351028442383,117.31659271240237,1.0,1.0,1.0,116.35361297607425,116.8351028442383,117.31659271240237,113.2900009155273,113.2900009155273,113.2900009155273,-2.6330184187550016,-3.0342780914373386,-3.432244070321851
2024-03-06,115.0,118.7249984741211,114.9700012207031,115.8899993896484,115.8899993896484,1235300,2.2949937797773847,3.892065045602233,2.741556001253763,2.0973108335311132,2.146974501919077,116.7140014648437,114.94000091552735,110.63600006103516,109.0956667582194,102.14310005187988,115.83847920156765,115.04569656414995,111.73577423140705,108.30899079338704,105.51482399393763,114.6761360822926,112.30781123201959,2.3683248502730123,2.2753813061612798,2.5023742696972886,2.5023742696972886,2.5023742696972886,2.5023742696972886,-2.5023742696972886,2.5023742696972886,2.5023742696972886,2.5023742696972886,2.5023742696972886,3.1399993896484943,2.49299926757812,118.7249984741211,113.73540283203124,114.23400268554687,114.73260253906248,,,,,,,,,,0.0,0.0,0.0
2024-03-07,116.9400024414062,119.9599990844727,116.8199996948242,118.7900009155273,118.7900009155273,1138000,2.5023742696972886,3.91987157357906,2.8084115585833174,2.1184612530268288,2.121566106296354,117.56200103759761,115.47400131225587,111.06366678873698,109.34266675313314,102.40110008239746,116.82231977288754,115.72647917349128,112.19088563038255,108.65263046952278,105.77769878446415,115.30903836432871,112.78797343079795,2.5210649335307664,2.3245180316351775,-2.2897560398516332,-2.2897560398516332,-2.2897560398516332,-2.2897560398516332,2.2897560398516332,-2.2897560398516332,-2.2897560398516332,-2.2897560398516332,-2.2897560398516332,3.6999969482422017,2.516499328613275,119.9599990844727,113.24040008544922,113.73899993896485,114.23759979248048,,,,,,,,,,0.0,0.0,0.0
2024-03-08,119.0100021362305,119.75,116.0500030517578,116.0699996948242,116.0699996948242,1383600,-2.2897560398516332,3.4904820972175186,2.930887700843112,2.177256049727639,2.133779120997308,116.85200042724605,115.8010009765625,111.38466669718424,109.50983339945475,102.65260009765625,116.5715464135331,115.78893745009727,112.44115105389493,108.89582290313922,105.98150672328316,115.42610933825111,113.03108648739249,2.3950228508586235,2.338618995479867,1.2233980982844948,1.2233980982844948,1.2233980982844948,1.2233980982844948,-1.2233980982844948,1.2233980982844948,1.2233980982844948,1.2233980982844948,1.2233980982844948,2.5800018310547017,2.560249328613275,119.75,114.42370056152349,114.92700042724616,115.43030029296881,,,,,,,,,,0.0,0.0,0.0
2024-03-11,115.2200012207031,117.5299987792969,114.9499969482422,117.4899978637695,117.4899978637695,904200,1.2233980982844948,3.5591528198617084,2.943643591137461,2.186870656395745,2.1380814952409475,116.30599975585935,116.19800109863282,111.84499994913737,109.6968334197998,102.90530006408692,116.87769689694524,116.09822116167403,112.76688310614492,109.1775991313566,106.20939763695615,115.74363064986932,113.36137621897598,2.38225443089334,2.3473460825625616,2.28104549655646,2.28104549655646,2.28104549655646,2.28104549655646,-2.28104549655646,2.28104549655646,2.28104549655646,2.28104549655646,2.28104549655646,3.735000610351591,2.595499420166014,117.5299987792969,114.11745147705079,114.62950134277345,115.14155120849611,,,1.0,,,115.14155120849611,,,117.4899978637695,0.0,0.0,2.0396170023980917
2024-03-12,118.4400024414062,120.3850021362305,116.6500015258789,120.1699981689453,120.1699981689453,1010000,2.28104549655646,2.015115697851503,3.004452734302297,2.2234540136455,2.143410738667398,117.68199920654294,116.81400070190428,112.39399998982748,109.89433339436849,103.17940002441406,117.9751306542786,116.83854425390517,113.24450343277721,109.53800565717917,106.48584517224306,116.4246102681887,113.86571858564037,2.558891682548335,2.3896552025597164,-3.361904782462858,-3.361904782462858,-3.361904782462858,-3.361904782462858,3.361904782462858,-3.361904782462858,-3.361904782462858,-3.361904782462858,-3.361904782462858,4.5,2.682999420166014,120.3850021362305,111.81990005493167,112.33899993896488,112.85809982299807,,,,,,,,,,0.0,0.0,0.0
2024-03-13,119.2099990844727,120.1800003051758,115.6800003051758,116.129997253418,116.129997253418,1399000,-3.361904782462858,2.7148622264004993,3.1830496644724415,2.3272186435072366,2.1355561198512674,117.72999877929685,117.22200012207028,112.92299982706706,109.95399996439616,103.42370002746583,117.36008618732507,116.70971752654386,113.43066432443146,109.754136529187,106.67681848078117,116.37928518899321,114.03344293140167,2.345842257591542,2.3808926135660817,-2.195811144986695,-2.195811144986695,-2.195811144986695,-2.195811144986695,2.195811144986695,-2.195811144986695,-2.195811144986695,-2.195811144986695,2.195811144986695,3.9900054931639914,2.777999496459959,120.1800003051758,114.48240341186526,115.01900329589847,115.55560317993167,,,,,,,,,,0.0,0.0,0.0
2024-03-14,115.6900024414062,116.4400024414062,112.4499969482422,113.5800018310547,113.5800018310547,1685600,-2.195811144986695,2.4644708077130453,3.208512266886626,2.3602872539457644,2.1552347223559076,116.68799896240235,117.12499999999997,113.38433329264323,109.9759999593099,103.64970001220703,116.10005806856829,116.14067830918218,113.44029900227812,109.8795747358056,106.81351518078658,115.94862621084881,113.99985470174633,1.9487715091024853,2.2944683926733624,1.5231584161328968,-1.5231584161328968,-1.5231584161328968,-1.5231584161328968,1.5231584161328968,1.5231584161328968,-1.5231584161328968,-1.5231584161328968,1.5231584161328968,1.6100006103514914,2.788499450683588,116.4400024414062,114.06840141296388,114.62400131225587,115.17960121154788,1.0,1.0,1.0,114.06840141296388,114.62400131225587,115.17960121154788,113.5800018310547,113.5800018310547,113.5800018310547,-0.4281637823090167,-0.9108035570640494,-1.3887870453338562
2024-03-15,111.7699966430664,113.1900024414062,111.5800018310547,111.8499984741211,111.8499984741211,2416200,-1.5231584161328968,2.3762208438805086,2.816360923373405,2.3845798647579426,2.164262895275028,115.84399871826172,116.34799957275388,113.58766657511393,109.97499987284343,103.86819999694825,114.6833715370859,115.36055470280743,113.33769896820348,109.94417879279956,106.91324752322885,115.31806809750609,113.84060609229262,1.477462005213468,2.1310671151813834,0.5096108203846529,-0.5096108203846529,-0.5096108203846529,-0.5096108203846529,0.5096108203846529,0.5096108203846529,-0.5096108203846529,-0.5096108203846529,0.5096108203846529,2.490005493164091,2.8039997100830076,113.1900024414062,110.3053036499023,110.86300354003902,111.42070343017573,,,,,,,,,,0.0,0.0,0.0
2024-03-18,112.8399963378906,113.4800033569336,110.9899978637695,111.2799987792969,111.2799987792969,1320500,-0.5096108203846529,2.137103398333232,2.7891127247369214,2.3632973218089415,2.164750290015949,114.60199890136718,115.45399932861328,113.84399998982748,109.97149988810222,104.09709999084473,113.54891395115624,114.61863544398733,113.20494411730628,109.98797616940602,106.99971784513119,114.69682666393544,113.65093147651517,1.045895187420271,1.914032729629161,0.4313405219307083,-0.4313405219307083,-0.4313405219307083,-0.4313405219307083,0.4313405219307083,0.4313405219307083,-0.4313405219307083,-0.4313405219307083,0.4313405219307083,2.114997863769503,2.827249526977538,113.4800033569336,107.02120307922358,107.58200302124018,108.14280296325678,,,,,,,,,,0.0,0.0,0.0
2024-03-19,110.5400009155273,111.1949996948242,109.0800018310547,110.8000030517578,110.8000030517578,1314200,-0.4313405219307083,1.2267663060417717,2.1591554364474295,2.364459805198175,2.1374228543803935,112.7279998779297,115.20499954223632,113.95966669718425,110.00899988810221,104.3167000579834,112.63261031802344,113.92433864540013,113.0497866292064,110.01460000161428,107.07497101753964,114.09731533898503,113.43975159319982,0.657563745785211,1.6627389328603712,-2.454867794577607,2.454867794577607,2.454867794577607,2.454867794577607,-2.454867794577607,-2.454867794577607,2.454867794577607,2.454867794577607,-2.454867794577607,3.900001525878892,2.9354995727539084,111.1949996948242,107.260054397583,107.82550430297852,108.39095420837403,,,,,,,,,,0.0,0.0,0.0
2024-03-20,110.7200012207031,114.2200012207031,110.3199996948242,113.5199966430664,113.5199966430664,1069800,2.454867794577607,1.777728890007899,2.180179790256601,2.4285013773849986,2.1375062206712236,112.20599975585938,114.96799926757811,114.12333323160807,110.04749984741211,104.58990005493165,112.92840575970445,113.85082191770309,113.08012275913285,110.12953103903894,107.20259528735204,114.00849707807447,113.44569567096772,0.5628014071067469,1.4427514277096465,-1.6384783873803932,1.6384783873803932,1.6384783873803932,1.6384783873803932,-1.6384783873803932,-1.6384783873803932,1.6384783873803932,1.6384783873803932,-1.6384783873803932,3.1199951171875,2.9999992370605484,114.2200012207031,104.7369006347656,105.3240005493164,105.91110046386717,,,,,,,,,,0.0,0.0,0.0
2024-03-21,115.8300018310547,117.879997253418,114.7600021362305,115.379997253418,115.379997253418,1271000,1.6384783873803932,1.6542274968076387,2.0765124226392264,2.435952156507721,2.1417672252377975,112.56599884033203,114.62699890136719,114.27433319091797,110.0938331604004,104.88090003967285,113.74560292427563,114.12885379692398,113.22850175876415,110.30167747229727,107.36452403915533,114.2194971050504,113.58897726966774,0.6305198353826569,1.2803051092442486,0.8667013553515891,-0.8667013553515891,-0.8667013553515891,-0.8667013553515891,0.8667013553515891,0.8667013553515891,-0.8667013553515891,-0.8667013553515891,0.8667013553515891,1.5200042724609943,3.011999511718753,117.879997253418,107.62000289916989,108.220002746582,108.8200025939941,,,,,,,,,,0.0,0.0,0.0
2024-03-22,114.7300033569336,115.7600021362305,114.2399978637695,114.379997253418,114.379997253418,539400,-0.8667013553515891,1.4885426973571938,1.9687895179904398,2.4411846176983127,2.1356715175706116,113.0719985961914,114.45799865722657,114.33299967447917,110.0938331604004,105.16,113.95706770065642,114.17451624355925,113.3027917906773,110.43539287495696,107.5034443008239,114.2441894355685,113.64757134253813,0.5966180930303722,1.1435677060014733,0.5507932055831302,-0.5507932055831302,-0.5507932055831302,-0.5507932055831302,0.5507932055831302,0.5507932055831302,-0.5507932055831302,-0.5507932055831302,0.5507932055831302,2.0349960327149006,3.071749496459968,115.7600021362305,111.25359832763674,111.85599822998049,112.45839813232425,,,,,,,,,,0.0,0.0,0.0
2024-03-25,112.9300003051758,114.2099990844727,112.1750030517578,113.75,113.75,771200,-0.5507932055831302,1.4953277517421815,1.9125050849450647,2.4418157722335816,2.1368107947305712,113.56599884033203,114.08399887084961,114.38066635131835,110.07949981689453,105.43680000305176,113.88804513377096,114.09733147200302,113.33164393321427,110.54406851840099,107.62713847308481,114.16816029163489,113.65515865049827,0.5130016411366256,1.0174544930285037,0.9758247123970155,0.9758247123970155,-0.9758247123970155,-0.9758247123970155,0.9758247123970155,0.9758247123970155,-0.9758247123970155,-0.9758247123970155,0.9758247123970155,2.4499969482422017,3.1417495727539126,114.2099990844727,109.00215324401857,109.61650314331057,110.23085304260256,,,,,,,,,,0.0,0.0,0.0
2024-03-26,113.4100036621094,115.0,112.5500030517578,112.6399993896484,112.6399993896484,893200,-0.9758247123970155,1.5921484918786504,1.6869107644939079,2.4501607927189397,2.140049747125533,113.93399810791016,113.33099899291992,114.34433288574219,110.05383313496908,105.68900001525878,113.47202988573011,113.83236200248399,113.28702170459712,110.61278756335992,107.72640304569002,113.93305861440619,113.57996166821309,0.35309694619310505,0.884582983661424,1.740056014819921,-1.740056014819921,1.740056014819921,1.740056014819921,-1.740056014819921,-1.740056014819921,1.740056014819921,1.740056014819921,-1.740056014819921,2.304992675781193,3.1794990539550825,115.0,107.29815002441408,107.92649993896487,108.55484985351566,,,,,,,,,,0.0,0.0,0.0
2024-03-27,113.4800033569336,114.7149963378906,112.4100036621094,114.5999984741211,114.5999984741211,949700,1.740056014819921,1.3715916716175838,1.5342068534639586,2.4468670396506096,2.1439125031500734,114.14999847412109,113.17799911499023,114.44066619873047,110.0869997660319,105.95680000305175,113.84801941519379,113.97193227005437,113.3717298832761,110.74351578994225,107.86251384625301,114.03566474667002,113.6555199501322,0.3801447965378202,0.7836953462367032,0.20070101221296893,-0.20070101221296893,0.20070101221296893,0.20070101221296893,-0.20070101221296893,-0.20070101221296893,0.20070101221296893,0.20070101221296893,-0.20070101221296893,1.6600036621094034,3.1439994812011776,114.7149963378906,108.00510208129882,108.64100189208983,109.27690170288085,,,,,,,,,,0.0,0.0,0.0
2024-03-28,114.9100036621094,115.8000030517578,114.1399993896484,114.8300018310547,114.8300018310547,1142300,0.20070101221296893,1.1218167829094043,1.3504383894214325,2.397209595762016,2.0986936399811222,114.03999938964844,113.30299911499023,114.48199971516927,110.18566640218098,106.25029998779297,114.17534688714744,114.12794491750897,113.46581194442311,110.87749893883118,108.00048390535798,114.15787045195997,113.74251860797831,0.4153518439816537,0.7100266457856934,-0.5921800002896941,0.5921800002896941,-0.5921800002896941,-0.5921800002896941,0.5921800002896941,-0.5921800002896941,-0.5921800002896941,-0.5921800002896941,0.5921800002896941,3.0500030517577983,3.0322498321533224,115.8000030517578,107.798197479248,108.42699737548824,109.05579727172848,,,,,,,,,,0.0,0.0,0.0
2024-04-01,115.2099990844727,116.6800003051758,113.629997253418,114.1500015258789,114.1500015258789,938000,-0.5921800002896941,1.080280090602452,1.2533535659424422,2.165351060761811,2.062017341907644,113.99400024414062,113.53299942016602,114.49099985758464,110.3266663869222,106.5084999847412,114.16689843339127,114.13195520993986,113.50995320774284,110.98479410561961,108.1222565315069,114.1566598479475,113.7727025278228,0.3839573201246935,0.6448127806534935,-0.3066127634188072,0.3066127634188072,-0.3066127634188072,-0.3066127634188072,0.3066127634188072,-0.3066127634188072,-0.3066127634188072,-0.3066127634188072,0.3066127634188072,1.8800048828125,3.0247501373291024,116.6800003051758,109.12905342102049,109.73550338745116,110.34195335388182,,,,,,,,,,0.0,0.0,0.0
2024-04-02,113.0,114.1500015258789,112.2699966430664,113.8000030517578,113.8000030517578,862600,-0.3066127634188072,1.0564236072397826,1.2419820159925796,2.1588805218006617,2.0322627388517285,114.00400085449216,113.78499984741211,114.54533335367839,110.50683314005533,106.7651000213623,114.04459997284678,114.07160027208856,113.5286661009051,111.07709603827988,108.23468715567029,114.10178957161062,113.77472478885502,0.327064782755599,0.5812631810739146,0.9666067175945625,-0.9666067175945625,0.9666067175945625,0.9666067175945625,-0.9666067175945625,-0.9666067175945625,0.9666067175945625,0.9666067175945625,-0.9666067175945625,2.6500015258789062,2.8092502593994175,114.1500015258789,110.02555000305176,110.6305000305176,111.23545005798341,,,,,,,,,,0.0,0.0,0.0
2024-04-03,112.9000015258789,115.5,112.8499984741211,114.9000015258789,114.9000015258789,777900,0.9666067175945625,0.9539682174828604,1.2378066921907673,1.7378456879337794,2.0347330146255764,114.45600128173828,114.19499969482422,114.6466667175293,110.70316645304362,107.03290000915527,114.3297338238575,114.22221868186863,113.61713935412922,111.20243720180771,108.36667357884274,114.22459141072882,113.85807862122715,0.36651278950166954,0.5383131027594656,-1.6536131424253893,1.6536131424253893,-1.6536131424253893,-1.6536131424253893,1.6536131424253893,-1.6536131424253893,-1.6536131424253893,-1.6536131424253893,1.6536131424253893,4.1100006103514914,2.8270004272460922,115.5,107.9696509552002,108.53150100708007,109.09335105895995,,,,,,,,,,0.0,0.0,0.0
2024-04-04,116.0,116.6399993896484,112.5299987792969,113.0,113.0,1294500,-1.6536131424253893,0.9708289004023976,1.1477963614638753,1.6973773970899655,2.031351366096964,114.13600158691406,114.14300003051758,114.68366673787435,110.82999979654947,107.28349998474121,113.88648921590502,113.99999710334706,113.57732391192735,111.26137368699435,108.45842261688546,114.03619273215516,113.79451724187699,0.24167549027816904,0.4789855802632063,-1.849554281319112,-1.849554281319112,1.849554281319112,1.849554281319112,-1.849554281319112,-1.849554281319112,1.849554281319112,1.849554281319112,-1.849554281319112,2.5,2.795000457763668,116.6399993896484,109.28059906005859,109.84599914550782,110.41139923095703,,,,,,,,,,0.0,0.0,0.0
2024-04-05,112.6699981689453,115.1699981689453,112.6699981689453,115.0899963378906,115.0899963378906,758900,1.849554281319112,1.3711665836512834,1.1834785747102112,1.6500638873503348,2.034057090320768,114.18800048828125,114.11399993896484,114.73833338419597,111.01483306884765,107.56009994506836,114.28765825656689,114.19817878235496,113.67491568134434,111.38690229849914,108.58974090839051,114.19831636380675,113.89047865639652,0.3078377074102292,0.4447560056926109,-0.5473953197185796,0.5473953197185796,-0.5473953197185796,-0.5473953197185796,0.5473953197185796,-0.5473953197185796,-0.5473953197185796,-0.5473953197185796,0.5473953197185796,2.139999389648409,2.717000579833978,115.1699981689453,110.49099838256832,111.04999847412105,111.60899856567379,,,,,,,,,,0.0,0.0,0.0
2024-04-08,114.5699996948242,115.5199966430664,113.379997253418,114.4599990844727,114.4599990844727,640000,-0.5473953197185796,1.366037122046835,1.1621783209016134,1.5751710208020948,2.0359144826073203,114.25,114.12200012207032,114.79366658528646,111.18099975585938,107.78809989929199,114.34510519920217,114.24578247364909,113.72556622348166,111.4876595701704,108.70598364455054,114.23857524390921,113.93266535477254,0.3059098891366716,0.41698678238142306,1.7735442910484764,-1.7735442910484764,1.7735442910484764,1.7735442910484764,-1.7735442910484764,1.7735442910484764,1.7735442910484764,1.7735442910484764,-1.7735442910484764,1.8999938964844034,2.683000183105463,115.5199966430664,109.19259689331055,109.73599700927734,110.27939712524415,,,,,,,,,,0.0,0.0,0.0
2024-04-09,115.5100021362305,116.629997253418,114.7300033569336,116.4899978637695,116.4899978637695,833700,1.7735442910484764,1.5324443295077215,1.2647833839278295,1.6032789530956069,2.042620947813349,114.78799896240234,114.39599990844727,114.89266662597656,111.39399973551433,108.04929985046387,115.06006942072463,114.65382163548915,113.90391665188734,111.6516706617638,108.86012253998061,114.58494795465695,114.12209739247602,0.46285056218093246,0.426159538341325,,,,,,,,,,0.0,2.4962501525878835,116.629997253418,109.61739624023438,110.15399627685548,110.69059631347658,,,,,,,,,,0.0,0.0,0.0
